dataset,item_id_hash,source_content_hash,n_models,has_duplicate_scores,join_complete
xes3g5m,00026608b976f2d30d1ea6010b2217f4cdd673f9ed11e5ee0457a510d0bbde29,4aa560ab2f0c70fb3fcc93718a92eee2eb0fc6ad947023cfa0d8341b48d87916,2,False,True
xes3g5m,000a71d8294c161f97eb8f73c355526778dc27bc0fbe6643d3a13e72591232c3,e907d2c32a1b8cd37ca43927c97fffc70f77b2d4dd002531aa2abe9e09fc7e36,2,False,True
xes3g5m,000e72acee374b6a37d19f3c476887a57ad3dc838236b706a6c5266c89e9a761,23ba1b152547bd8983e1ac4708dc0b4b7697968216e0b8f9fd5e3cf5c52f32cf,2,False,True
xes3g5m,001c460f64ade24287cfb63bc96d654f7bcb7abbaddc4ded7b070262835ba6db,2c02cb701cb84c1585c972533d6f0bb84edb56e3cff4bb2fd738e92384c42e7d,2,False,True
xes3g5m,001e669d5c0018592993e920855522d51dea8de634fed6285c7d1c70c5c721bf,7afa20c1f1052779cbdf19af161d6b9807eef832154c034ada5784e5f7d96438,2,False,True
xes3g5m,00488addeaa0d12715c9851143d5500a9231c133a9d6c6b104905de4c5a33243,625a097775c74481cbe734345c71cfc907c18293598c29d9038de330e02e843c,2,False,True
xes3g5m,004bb6f3124df430ed031a6cd8684ec1f1ab7fe1f8b7cb39a2c61d2181678c3c,ce65aee204602d830c361e2c6ce89787d451c2f67742fbfc362172225437bf78,2,False,True
xes3g5m,004ef1dcfc684527e9e08d17a634859b1ef52dc9c1254595b357b1aa32f7e043,d0de685cc48173c077973c3c2e5b8c789702beb2897e7b0abd3f78b934e555f6,2,False,True
xes3g5m,0053b0b5f098746f5b876ec97df881e8f2937c0b2caf779a37892f22f9e22a88,2317728d899eb84188f7e4c0aa4e72c0b0a0b8925f7b979dd232b59585f26be0,2,False,True
xes3g5m,00577239d64c7f3e0f5bbae566397c42eed090bd06327ac704129fdc368294c0,5a597337d9f2a263929f01224e0ccdc6436adfc6ad01edc094b3466bf381d738,2,False,True
xes3g5m,0069538772fdc31c1f948f0182864a6b10d87eaedb2c1570872bbf8697783417,f8f22a99f4854ef7af06d21e39b3e4cd4e6d58abc81a370fda6dda6454d13bd4,2,False,True
xes3g5m,006bb942bccc46ccd785621a1ac0f450ebaa5dae0632cae689ed6cb670a6151f,21f31d8b1265d542d6b0032707ef4c17a5d85fb671fd1320296d4a553dc0d464,2,False,True
xes3g5m,0081d20c9a60f370a1aea090fcbc3ee54cda3b42777520c90f26ad9297a623d8,eb98829fbd591fa5d85edd63d16441af63c8a1e5b1ed28866fbf88827625e622,2,False,True
xes3g5m,0091f3a7287fbeebb36331b740754615cf89428fe174acddb89d93ca962ae72d,2af717aaaf3a75976722de451ab8706ce34e0a538048a66943247f18e1082925,2,False,True
xes3g5m,009fadd25b90a08e2447f0809d0073a20303b7ec56305c84f874b8b10998aaba,34038fdde3b12620c61fd040f702196cba804a4d63928e803ed92d501d31a3b5,2,False,True
xes3g5m,00a82e424d0e5f014090d3491703a547cd9dee09134e27f33cd983f045a7b9f9,51bb6e35b6027fbcc1abc9375456efc6e7bf7d99c8786711c4cd9366161199aa,2,False,True
xes3g5m,00bcd624d8a2608a47f4ccfcf2bb191d9818b2dbf305cf997f2bad57f6210ae4,0c0ffc7804600d0c406e89df9a0fe7d204cbed2d7e9485faf8dd32565a6b414d,2,False,True
xes3g5m,00bf564fe013eef9a15963af15c97088bc9ebc688c45df85e0e7091f6106d7eb,216b1a2d314c6d7954794cf8f4a1736d5afe68c718a6eca9df82845411d0a2d5,2,False,True
xes3g5m,00cbbc0070070ca30b06e7b79fc4d6ecd2636fb40642be436bf658b4f2aff5a6,a7d97bf886683a3ba1cce96349d920af68bc6a22c2ae967c3f3c92dcbca2f76b,2,False,True
xes3g5m,00cd96466408e600acf111d80ffce723716cf695deb74b7f325d955ad1bb0340,fbcd9ec02788ea49d8cbfd6d8ff3b8699c8681368fcc397ea3f33cb5dd0d3e54,2,False,True
xes3g5m,010cbd11579a035e8436a766461f37c18f75f0dabf26ffec6ee0a85347521792,07f6a3733b10506bd5b562e4edce568de0932b93fb19fc342f619b21db57e4ba,2,False,True
xes3g5m,010d183895b6fa363827ff85a3c7d3967fb71a6c7948dcb89e2cc98c30aa13e1,06fd8b630495e1bc14b6642e6110a7b85e583ed4a52b827e2dbf6867b70d0b92,2,False,True
xes3g5m,01112b8818bf631d1aa839f80835720d10599632062fa3d78ef860b6cc7d258c,001b9e89ac85f315efcc52befb122171fe701606bf6f64aa473a70e97c9f10e5,2,False,True
xes3g5m,011a3e18855e9c4b465fc8f73ee4ca4c29058ec8c7126bbe02d219b90c6e06c0,8a18295ddeaf6d451740962743bc51c65384a0290f68477277c7c1b0ae3d60a2,2,False,True
xes3g5m,011e9b942ef19f84835f351aeb0f3fd03e49bb511f625f5296b4a3f506910d47,f6741cd554895159e265c2fd957bf501f8d3ccb6914e5ceb3eec0029a414fe94,2,False,True
xes3g5m,01545df3177f4c91eb5c872c8d78f8af5c555ef72da3c0395b1f2ac2b70663b7,a7bdca79d24c31b3eabf378bddc3d09d8c8eea97628bb5056d2fc3b68af08efc,2,False,True
xes3g5m,015bb22e147c6a48176173415925fda7be919626903a538813cc273f29848c50,925836414d213ce3f1b4baa1bdd4aec1766a353f18a4b22d42ecebce3a3f1d82,2,False,True
xes3g5m,016c4f5a704f1ded90b530c2db4c0d33db6bc8454abd7396522179582df27002,25964881f75be22b471bdb64ed2ce93daa853d6e76195ae0fde2340292979adf,2,False,True
xes3g5m,0172d84b65f722ea5bf3f576b9ce836a145289d074937a795513fe4204451998,a2a55ea3a911efa25590acf9653a6c455316997c78ffff1b0cade72374e11e5f,2,False,True
xes3g5m,01842b4a02eae1192b396b26d1286781bc6b2221aef3327a34ac5839ed8a5446,843115f4122d7e773e7cf2bb824a9828983261e9cfe8c13ff35f0133aba8be18,2,False,True
xes3g5m,01903a718e82f5269f2e3e45a55a3ea961795657164029cf8cb7a34775814472,0d1db107b9364e23e213f4c602828a9a6f4e9249212eacb30f9059eb4701963f,2,False,True
xes3g5m,01a02bae666f470d8f8ebf5c95364cb3efd9bd7b7b44eb249b155edb98314600,c784bc650bf218e921bd83124dade44de2f71c5650ff5dc3dba93c79ddc6115b,2,False,True
xes3g5m,01a7ac816a7a7b6e59f47c092690427db3d933c9b1229913c64eea580f8386c8,e1e6b5c02ee194ca02a07fc15aea9cbeba8849cedf7d165febd7b6705e70f678,2,False,True
xes3g5m,01c3f2ceb0142d893203c5851f7fd3e938d6bbdf55078f877f8f0811265db4bd,c68d37cdc869c175cbd245c42d7e0b7026f6f775e02ba893cf0bf09830bd02e0,2,False,True
xes3g5m,01c7d96af58dfd6bc726e4537a337b94219a2d69a05d9d54f18fd06342f54b98,704cc31bcd2a91b55645e791a4ff5bf65f0ae68e632823644e72995f55b36575,2,False,True
xes3g5m,01c7f49ee32cc474232ef024527ca15cb25c1d80c50b5c2fb9c63058477d355e,dc6b30d749bdcaf41b39f389f60233e3739cfc22575d3b23443643f3b303947b,2,False,True
xes3g5m,01cc4b71b6a1b40effa4ee58be6dd1809dd2278ccd498040d0d36847604f0bc5,2311bd49f7225169719ab6e6ba638e9a94d7366f6add453cdc6f3740f25b0e44,2,False,True
xes3g5m,01d28098e64e4f0a545f881da2ffc5e09c7e52451e3b62a27c934d5788c3ceb0,c225077cf14effee54783f16bbbdd6d8ab6c87e60cd7b7da361072d766fa4c3d,2,False,True
xes3g5m,01d6b91fe19076b10dc9799e2ae099648e30bd166e0735f4c32fa3f71cc0dd31,7e22fc94cc886f122ba5feeb09cf70be76fa697ce778c1b862141f1c7140551b,2,False,True
xes3g5m,01dff5f67b1b92bb9eee3783e84f74d05d77271a1792e244ef9b54411619ae07,8353a1d771530f4ae2e0715c37134deaa91fa0d9c22fddd2863a3adfa60902a5,2,False,True
xes3g5m,01e1aaf9d4d56d5e0dd8f85114ceafd9ea34bb3f44e23668477b30930553de66,43351cddc778b1f177a54009bfa07d881fc05d85ff5ea27b6b0052e1ee35f391,2,False,True
xes3g5m,01e3963fe21d0da7e72ddc881e578209a773593e4a9dc3e6c59433d5a3145f46,19ac7bd407e5d9477494148d3e02a784cb4200db7f838719406a7b200d6f6043,2,False,True
xes3g5m,01e45dd797aa3a765b36212566d09f6f726d576f47bc852f30e76e1370ec8528,def32040169f2ce81c104569aed6c26649efcfe3300d9b3ed62f313138110fa9,2,False,True
xes3g5m,01ecac5fa039b26ddb27b8a8d7853dd586d82b962a570568435af056db03ce8b,19d965098b421af7586af4ff538460bdd96c8901675646f8a7ca4b5223d716aa,2,False,True
xes3g5m,01f2f1c23df497eaa33b25fedae0768408ad06fa79c061f66d768e4821f420fa,30e27fbbcc41fe47a92f60fce2752164fe3f45916dda7bf9ac04031566bc8599,2,False,True
xes3g5m,01f5e85aa049c0dab49c6bc638dc7bbaa72ee2501aef4b117817f19e172e82d6,5cefa4a7d176dede3ea7d6f5463aebcc99b3fcca5c6c14b480571674c27916a2,2,False,True
xes3g5m,020de25a3bd6f769e7b607f11be9f4b3ad22dc3a423a581972aae987afa04b6b,c1c8af9d719a425d96c932c036e626adac7d9845c4eca26841ba263f8d8e648d,2,False,True
xes3g5m,02231557021c137599e6d5b118d469aa78c2968d473a7ecff42d831083fe6f0f,72e59da68924e2d223fc7995a0dc18dec61948278d3a898493cb6d8800f581c1,2,False,True
xes3g5m,022bc6495e86293c9d95f0d22ede3871300862b9c4eb053130274b7cf6a811dc,e51bccdca784a4cf0aea1e739948181a369edaf1c8f9612e6b832d5baff02372,2,False,True
xes3g5m,024afe4fd8505485917a49017f1295df68b57ada9807e8b92533ebb3de089c37,a96de680eaf472de6c9141e9cfcddeb4c1b53e4b3dc04aad364fb90d3973fff4,2,False,True
xes3g5m,0253612e96416335627a3ffaa8b94b1821625ad8dd254ac8ec312ef31f9fdadf,5092d412241d9cf2d8d78c03902b0f3f59646ccae2ad55622ec521694b543bbb,2,False,True
xes3g5m,025c505c14739bdff688de2afc454e82b26bb0288f775b5a5f0f3f54f902cdbb,b9f9f1519e2d8fe307b64bf51bec4c8f73140ac1a7e44e7059aec4979b8d10e1,2,False,True
xes3g5m,026bbf7e51451329bf8567bce123c188dfc4111fefc99f78ea71dd40ad531ec7,84725e3aa9c1291ad1b495ce1102179eeb99604cdbe7e7ee4e18bc77a450741d,2,False,True
xes3g5m,0270ce1ecfe6e60a00c4e36003d5638332d8ec5f75435d1b51b94f448c939edb,00bd8036bbad03b3489f7ae03aee7189b2c7b862e47a0d4d24eb811ab57ea50f,2,False,True
xes3g5m,027173f495dbf847f5ffbac01ec1b6e291458f0a4dea6b649346bc1211b2c1cc,783c7812af7fc228611227e504d61bc634c911f4d53e6ca23311f18e63d635cc,2,False,True
xes3g5m,027a899dfa58ab7574b14e806b2620491c736c835a68a8c83e86e06f6e0cacad,3c8d65d5bf419fc532863be6a14ad74b6e5755cc97499718967c8ebb420652a6,2,False,True
xes3g5m,02913e5e5f9e9318cb2765bf8e418102d6695969d3e5b2ef62061cd7d03ed32f,bc758bf96aefdfbc018a2fec8a085ccbd78756ce42bfc884b3fc12ed9b6432a1,2,False,True
xes3g5m,029f3c3a8cec73a2e2132e4925a9f1f8f1dc4eff5d80e031c6525505adc4052d,926d7162239dfe6855203ae1886e390fa90818ad6659e62c132506c7176a1f7c,2,False,True
xes3g5m,029fd6fb50e078d89f98af19e00f8bfb49b551f9f61c77ffdf19a9ad0c122b93,cd6609ed44c4de65a6e5b6c5bb22501cc69d0fdbeec053b88803faa7a2172084,2,False,True
xes3g5m,02a1099d5a67ecfa30cfb95e84108932620f040f872e293cc93876199f0032ea,8c71be622d2b15c7eca6df31ce9fb919415d411b3a8a632666fca3a1cffa47ce,2,False,True
xes3g5m,02a1c50e1231f91cd7ce52bec477a1d12e30f2587755fa4656edcbfdfd5e8fc1,c57cb9b5e6c6da0d5751b45bef1f9f924a5228e6ad839013789f185c0d98b5fa,2,False,True
xes3g5m,02a4651c2c6d1fa0ad22409ce0b2b72bb08248b0f610073450fcde1251299156,3555c49d08a0fadf0a6b808fad00c0a978f4986173e5231ec4ba3e17d5826419,2,False,True
xes3g5m,02ba8dde2dca8a1938b2ac086a576156a2d1ccb39c6020a2c49bb2f7bc9f341b,d4daaa82440451a9773ce718b87d881f6133d8e293950c4d33828e08f260b3f5,2,False,True
xes3g5m,02bf3878cb36e704f3c3927766048165988dd44bba13c4238d12e51fb23b6174,6e953e6d9e9ebccbf83432fd6d89ca49ce108081ccf68f6415ea7d0839af733a,2,False,True
xes3g5m,02c07174df39fe3f96dde61d6f27011399cc3a528bd3de61863c0f22db098c2d,b5827140639ade58b2a67dc1075270c386e81380b80753e052e3c2ee04599161,2,False,True
xes3g5m,02c304917eb7afc0265eb8fafa1867be47bbcf83e0999465b73e4c864d53596b,b4d7c55cd18d8ce8944322181c7ffbddf902d69b0ccae70d60be343399966071,2,False,True
xes3g5m,02cf59fa40698988f369a7f154b58eeea07aa177049d85908d64d60379ccb1a5,0aab77aacbffc27d661ad31d2c78504750a65c85d56b29e3d29068e0bcbde234,2,False,True
xes3g5m,02d12286bfd7c850fbf4ed7ff4810b1f1926773e2e4f37127aa18e1f07c26852,acab591cd01d94ad26b5f08dbe407987ad2497fee1998cf3861c0a4170ef51f9,2,False,True
xes3g5m,02e7f5e46649e51e7611fb153c78cd3c5d47a99f517489731fe185bdb3ded00a,ab126ea12f03f89bab6c4fc979af2dd5ce072867bb0414f8701c0360996df6b0,2,False,True
xes3g5m,02ff026025e1da8b3fb2fc48d73d0c2d25d6949c5e30698f2e90415d1b50c515,316cd345a1161b7bb009c9af1950b1f9a84f7d49642bb866c18dc28265598898,2,False,True
xes3g5m,03028f49fb255c0ea86d06eb32e33a95494810124f70231983a441fb98fe0c05,af05e487d9b45b133b5457e5993f8a7a8660cd19fdade1b730ff3d928d4ba12e,2,False,True
xes3g5m,031b94cceebf7f4675bf147759bcda9375cbdb899897f4859005b5f3e5a0dccb,93fcf1dcb0898196f7cc97d27531f0374d0b3b6906cebfbb53ced259276b1dab,2,False,True
xes3g5m,032597cd3c26a873e4acfea1027199c0be9b7058d42aee4866d51597c507b019,c859ca179c6cbcf83423f79b33f22964c55f32bcbdaf2db1f1fd9ec69d144db2,2,False,True
xes3g5m,033e76e0b866b58b3f0e71ea73a928e1715204f3bbe60b582e562e9667cf3493,f2ec37ca8e9e949a48c0240f60b96b193c940c1c0b75394885babcccb522e56b,2,False,True
xes3g5m,035d8ab486dc8f8a6c440c08fea11dfcbeb50c578fb4c599c7c3e9d1fac678d3,adb6da92cc6d928fe0350fadc222365bf966b875d0e82c5afc325a3612666c12,2,False,True
xes3g5m,0365b8be45ebd6feb5468bf1c88b4631c7f18a9364969dab0dc1d7f87b76213a,c957a913ae2cea20393bd44eb666f2f4c62a24b70574a6f2588104ddca2f5fe9,2,False,True
xes3g5m,0375abeecb8fd7f78642acff23a866ad0f27300f9d86e0a087a86571437caafa,63588104d4c7499ce4f7dc5e3b539f54c7f320a9319070bf3983f0c31715414a,2,False,True
xes3g5m,038e05d4c834193a9372928f67cc03bc022cbf7e0060f21881ceef283eccbba9,fd186912b989666b2ca93964b481e17700a5e61ac2ef98319862eb4e6e7b0821,2,False,True
xes3g5m,038e1a002e1703a27612c1bda2bab04e0d3dc32f64f3598957637b719d992c93,505a8cfcc96d8e2d1b4935e75f10ee633dde5978a7e5dcb8eca4a58bd5eb29fc,2,False,True
xes3g5m,0393d5dcf5852bedd35d08d46dad8fb037f17b555ed8ec355abddab99b2860b5,c983e46f06255ccbc4ebcc86c464dfce6ed50311f00f466c151f0aab586f278a,2,False,True
xes3g5m,03ae15d48aa0bea963d2fb2e074f8ab6525aac75dbae8221f384c932cb2d007e,a3b47addcf55dcc9dd7a51322203ca5520cb822ad52e686c493a6d7565c043e4,2,False,True
xes3g5m,03afa30141327e2cb57e93eac18b1ea58c0ac14e0bdd8cfe47744de21a8748a0,90190a4d92e7680a86b230ddb7560bb583269456e2a5c796da04abbd2aad4c40,2,False,True
xes3g5m,03b52b2c2ef99b2d691c8313f8d72ae352a477521eba56bbb1bba95a103d7b4d,b464e180e54d831a9602005dc34570c0a28dbdd621595d884251fd6bec7d102c,2,False,True
xes3g5m,03b6669aa11be8cbdae6ec0fb53f9c4a55e40d1a8724661078202a71ebd5d02e,c983e46f06255ccbc4ebcc86c464dfce6ed50311f00f466c151f0aab586f278a,2,False,True
xes3g5m,03be5e781029451ed374d427ac857a2b8bea3b4f180c0bcc242a26193e3bae0c,72f71d17fea413139214c66c85475d180d5d42db0f1c610acaccb4db8ec2c32e,2,False,True
xes3g5m,03c8f31197e389fbd7b8ea8de12a0d521bd9d9554c25d03247dc23cad427474d,9ffaf14b199425c19f069ed43f0cd9cc59bdcd483e2f32014da34d74cb8fe171,2,False,True
xes3g5m,03e1e1e2810a815224ddba592dfde9db584645217600e0efee37752ef1d8fd89,74040c6f5e7778ffeb1a07991fe5a866a7ac6cafd124d82e3dac884aacf473a9,2,False,True
xes3g5m,03e2024cfcd3967a9a6b95cbcb93552e3a423d3bcac7a3682b9a56fa434e620c,182236a16f01d499c518261c4d58420ba2549e5f828b96f3643da85fe3c27263,2,False,True
xes3g5m,03edc49bb9178d51f98f7f469d546928d5a5173c0fdfca83ba30d8fadddbe380,b00441d4fd7248377197bf4b5af2f4d55d2a4931e322813b5e54f6ce1e9d39c3,2,False,True
xes3g5m,03f3b3bd2e11f21e589ea8f0fde9ed28b5c88c8c99f2be099be3964f6e83b8bb,4eef87840340c488d822be3aa2d7b63b79e19ded0b8037f7e9b27116af49058e,2,False,True
xes3g5m,03fd14a6f9040cab04710276834cda3499d73497226f41ed86430825e27adb8c,919741d8fe545200e562bd8ee585cd51b2881079781cd63561438aa52110b7dc,2,False,True
xes3g5m,040bbe3e8c9075d957ad79043bb5bdc6e297a7296e3cdd3d0b4deaad06c56b97,f833ad465c13c87d54ecfa7040906cfb1140f854555c663dc28f8aa230e6a964,2,False,True
xes3g5m,0424288e39f326a52bf270ae4b4d7f403dd770bb43abb257f420482116209e3a,1ee4591e4c84b7c8ab9b2f16a208d64e2d171775cfc8100004099cbd570f1381,2,False,True
xes3g5m,0425e8f9dbb44008905e7662de3bcdfeb54032380c3f26e143b98c4c97845933,c02f6a6d592df549bb4c04bfcb65c579f6b8f03006166b4479260243f3d10c73,2,False,True
xes3g5m,0426cdcbfdd97068bcd986a041edde8e424b1489bfeb6fc3229a9dab1aa2833c,16bb0237008e65ccc32c22942c4741dcbd9eda01719df7c9a15987b12f431fcf,2,False,True
xes3g5m,0430cd9caa3ecaae1dbd9d4eebbe1d3cf228932f8baf1f6e72ffa07d7ff0eff5,907272b77eab4934eb48b09e5ef820a4794750cd98d368beb4c7e345ebcde706,2,False,True
xes3g5m,04346df2890cbb9a7e2ee753d19a22174e71ac3aa5a84c74e48ed5f67587cdcf,465055bda02d960521e0ba387b6c3c759344f6d7361540e356ad93edf39fa32c,2,False,True
xes3g5m,044afce9ce64e2e81836932d13b61e9cd597d52f78cd9d015df0d7cf1a50daf2,5ad9f97aee2c89cbb27c318463ab3d27a8a3869cef0a403df59eb319b26346a2,2,False,True
xes3g5m,045b989648886f294bddcf8886a9e32cd8fe3fed86ee45a54f3ab070a548c4a8,2d97003f9da11daed2b803f146d90d098df5956269b4505726036dcd1b7f2113,2,False,True
xes3g5m,047332222792178894b46f8e6db044a15265aceb0d4ef5a2463738bde553b917,63ff8dc6397c9b9720c9bf6e353ec3847a99645ffa78dbba7687af36c905b84c,2,False,True
xes3g5m,0478661e334103c02934f4b67668013508bd334e43f46a8e73ccdc1af01644f7,229f8de4c74c7aa30a405155a92ad4dffea27f01460046905064975ba4b0d201,2,False,True
xes3g5m,049a2b7e48562c32886881600e2c9f7959481af25022f8af6febeff948410793,2c84c700a14495bafde5fa56917342c4f39a3701ea10f190314b987a554fe419,2,False,True
xes3g5m,049dcc95bff43328cbcea9648dafb0ec3957e53a0c5c2b521e657a66bce8bed8,11407c2d5401c8c427f010fcf94c8b981a433c9ee7ab0dd59a93b4cbc272e034,2,False,True
xes3g5m,04a040c2ea6e9d8f6bb79f74a220ecf8c047c5ec1399651b8a89a5b657f9994d,2375e08bdd247d100b30079ec63f688bfe2c0d1ab691389782684f0f3431d56b,2,False,True
xes3g5m,04b90ef4658c1a7c885e9e8bf6d5ce224ba1eb15abfd062d5597a7d7308ed41d,b640d2d8f6d50da07ceb190b4c93064d5a73241cc4c24d1e39eabc350697a174,2,False,True
xes3g5m,04bf299725c0bf60960b0dcb3ffa2692f0d175f957ae34876d68e6be847b1fed,46f026ff4caf77866c930507b3bff3d2808663e53c9d716b0a9790adf419ae19,2,False,True
xes3g5m,04d7d5df0c9c057f3d9f9adfd09be06731893c910ef6115111b4446c4d93ae76,8f7c8b4e57a6b20b91286a63619b22a28991d6232f7d47028125d0cfa8a4adf1,2,False,True
xes3g5m,04e87bd22a6341afd84080c8756d1885c506ef3568dbebb2a8e842f62490b61a,a63b4ae714120659d7dac7d9a93dbcc59aa55ee995175c60a7c941058c1a4b4b,2,False,True
xes3g5m,04f0264196f63417dd20f913b718cb4b8a3f553bab6e86130f0df9c13ea95d61,1e4f9e520569f623630ddf13d02ffe3312c8f13308a6634dd461ded0d0766329,2,False,True
xes3g5m,050454c5ecb025f39a204042910883ccb4fe35d82b59ea5053767ea3228fb54c,43d4c3488a640635bba48d8f94bb8c2c23cfffe88551a8f975550c05311980ca,2,False,True
xes3g5m,0508b77967fc7459b3a6642a603356bba68c38cc23fbd126244448dcb73bb865,7972c30d451b12eb2f019406da5e8de46c67756b62803f54ac42430b6a4957aa,2,False,True
xes3g5m,050dbf54c1ceb13d361afd58f4d26f7e2331439fe6397beff94962d82ecbacdb,65f701feaa16a4445532fdd008e890b0d7f7d418a66d2804fcc1275ea2df46ed,2,False,True
xes3g5m,051560550348a348b05809c97f1672487918dbd09d0d8089220810677b1caa7d,3b636e7b71d5331d7a501d12a2cee07a96a2d7c15e2f8d90981362277036dbf1,2,False,True
xes3g5m,05189f9fea305eb4cdb10b1986e0277ca05afe81d33200343e0bd93ec400cf32,9af55c42385a063ee4e354f5e4a5efd277d8ea2a864fe2c874768442c7b92723,2,False,True
xes3g5m,051d1693d881a28cbd17797300a36951960f0f4abce1b2337b5d81b225aa3ea4,d9c2060f5ad1cbd61beb962a020c9eb1966531f8e3bc3179872dbd0ffb57b43b,2,False,True
xes3g5m,05248ed014d5ba9d6434f1b44ff2ec7db3727620f103d5507a01cb47809bca8d,aa5ad98ba8fd13afe8d6861642c961b6a7b79431b6e2e71410e80305f5c7a423,2,False,True
xes3g5m,05352c0771ce142ea3082b256436604f82c7e5297b15eedd1afff4da8af8e0da,89d928276ec46bea2692a7f383404d10479b88d1296a34c21a6389f72ddc908e,2,False,True
xes3g5m,054b37fea9fcdc51d2c821498ebdb29d5302c2bf2411f7798928a3e53575ffe9,d25a444ac1dd74db83349427ff5633bd208afa28847fdb9096b59cfecc82d487,2,False,True
xes3g5m,0566bf0626545ed2adcfca40bf3a60722855f202012a1dc1102f52511af015b4,27050a22a89af5c8505f109c671a8a9dfe4a086745bc7cac3c184d2ab776505b,2,False,True
xes3g5m,0576b82ddd12c80aa6ab1016fed76459fc3fe037c74c6cabdb887e19a951ee63,0d89a28c878a0d49c7157e9f9af4e9c56f2d03efc5e2bcce45e3f27e25194a5c,2,False,True
xes3g5m,057835f3fdbab21b36ed5b9199ad0fb41540bb12ac8fdc80c94ef5f361744c6b,88519d0a3c7f876d6a582c77940affb2a96af3da85fbeaf3433190c99268d776,2,False,True
xes3g5m,057a0a6678ff40782b7c0471dbcc3e894ce7d4befa6e6a5106ed9d577e2a4289,db55d251f5080c9c347278032b34ce132468e412a0c84885499bf803a006dc4c,2,False,True
xes3g5m,058932bfb96a0dbba0454d03b1d5f7a091fb8022868595f7fe3a997ea9965d31,adbd9220bdcfa2e7e9ad2bf1a843a3cf25c87a2c9a4836c84a96360c3926e16c,2,False,True
xes3g5m,0599b8dae93e345da7be02e2dc5f4857140c57a3c42fad09d51a741ac028db36,e5707bcc36d41167e9d73456df18d5a4f4fc5f3aaf395b1596afbe31151caeff,2,False,True
xes3g5m,05a1d4d280dccb94b1beeabb8a9d340e2f03a6dbadae9abd008ae0164e2392eb,350aa6600c3c74624b72891ac4858419b6b6ec5c92a031bd9e8287b70fe188d5,2,False,True
xes3g5m,05b8447db805b20e7758b963c9b4373e1bf702f7898c43ded8fb9613db9b2e7d,77cea1f1acc059890fdb35f3ec95ade3b47d8f2be6e431440f2fb557c9d0dc11,2,False,True
xes3g5m,05b873119094789bd9f721bb13ee6fa2a050892e370a47795cd7716b268589fa,a24ba8e1d48b97b77a406fa3b3a7e3099cd2328e9233127b65494f2512424fde,2,False,True
xes3g5m,05d362593dc2392689b56f1d38de0c6582c2d58291eef8828be3f8b5d6574916,ea8a69d689dc17a1039d38ead0210d0d4d84b925f41d418d324066716a13bcb6,2,False,True
xes3g5m,05e048aae414d0b086c0860736c47053abd60c7e925f7fd2649d0e885330e816,9df70d66935b4b395fd0b209bc268f01a608227f100ed0eb5d4cde37b097451e,2,False,True
xes3g5m,05e3676b575306020141c897e217bf3a4034a864a3cae612bb6bae2c32956145,51c92663b9199b7120d2b82fb9cac6558ecfaca53e256cbc6134e6e8d53c9301,2,False,True
xes3g5m,05ef1b5ea8f964c9cc587aabab1cbc072c9a84f06e04a4a45ad37f39f2ee1796,41bb4b08063ea7d48a9322f8fda1827e04cfa202f0a468c2d1f64b6e0f5fbbd7,2,False,True
xes3g5m,0608f8da24a660ea1739f31e04e283db38a32fe264fa83f4de1a3f1be234ed27,deb0df0abacb7f8ae4fa45397c20d3d223696233cb2ce39d6caca6985df68971,2,False,True
xes3g5m,060ce238a04ef6a770a3da66ff943e3290a3f2314d16a1b25e4b1bc6d6b4a5d2,230c053ee63fc27b9acc2b948b0cba0ae888358d4ebb8476a113e93167e4d999,2,False,True
xes3g5m,061e9eb508d9ad38540628fd97e07c769fefa4f271b312923cd0be74973d85d1,e6a12a42a96d7af50ae4a2316937e8c15ab58e28aeaa0e36e038e17ef1857743,2,False,True
xes3g5m,0649e94e49153053296062b6860b1ddb30fa9aeca7632430d666d6ff252b9ad3,9800b93b2baf9883e6987624869bd9f8c94b1f3b32c406546c4d2665c5e584be,2,False,True
xes3g5m,0656eaa4bba152d154244ebf157ebc7acdbcb6d33af190f2294b3f08fa526809,c513b46addb1e22b2c2f26e6e246bf3bc8f4e5b9f82ef3b9d7c5603baf0842ec,2,False,True
xes3g5m,066cdb295c66b1531c8a3d4d7e0f3905686a7d9c40781a1fab225adb7fe925ac,9bad7234b26800a8e068177d823efd08242bf29bb779d277a9ac89a1b0e907cc,2,False,True
xes3g5m,066e3791b6f45655d5eebc80025cfe54b430e76c2301baf8d43dd9fdba87b7b6,87b5334a50ee74320a40dc2a989baf046a468389d2693e5ff423901353de448d,2,False,True
xes3g5m,06709685d2593c0645e3a6d38544856f2845b962105989762a2ee0fbca8dbfe1,569b4ac8cd4cdc16fb404f9bdbc125324b596cbeb59f3615d339fa4640ce3093,2,False,True
xes3g5m,0673db1fe772e1e73ce1798caeba4cbef81741cd25dab3fa78f256fbaef4e01c,853bfb40eae1f284ac82a1ceea07a598f658a0d5617834e00067546e5fc0d4f2,2,False,True
xes3g5m,067ba7eb9c052ec5a5a57271e09ca0eb85c23430b58ccae874c29f74358bbfbd,2b40c90ba7ff84c19ca629ca16fe50dd07ed659b22cad89132869438167c28da,2,False,True
xes3g5m,067d289f352782b5b664a52c1ffc8a8d4ece5c90b3cd452ed0183fb50c8ba485,0a1c4940b5a95e0d14a34caa5d7416016066ce2c30b744cba75e43cdc6170f7f,2,False,True
xes3g5m,068f79f50cde955ea3d7f9d9775e68966f060fa896ac9f5562c7635a4f67e790,3dd739c673187e4c2e602ceb1d76ef73ef7cc7b3c6c280942d5a8fdb1b466c42,2,False,True
xes3g5m,069bf462e75e1e78b8405d9bd1f7fe3ddf6127b3fa7864a547bc43f71ed6e704,7569447aa699c25a1f87741bddd16af2e989b28d6491e3722e7215c15654b764,2,False,True
xes3g5m,06b44251d623ac51aaff858bdc85cf1cc56f5d3670975b0fc851388b11d5e59f,6e127327b6b3b086b4a89bc58e0a4375c78f40bf2ad21fba720dafd453a0969c,2,False,True
xes3g5m,06b5f1011ffaa86d578659a1b34d087224faf96ef8b89a1e2f94786432d121f8,1056211d4589dff651579994bbf0deb1280af2d6c0ecd154796436df9a694f23,2,False,True
xes3g5m,06bcaef8bc0550455c7b2d2063570af3a457a3a68254bf28e09bc6d568964cde,b992b2bd008d4ce75a83841f0b7abe4c2d1177be1cf4a8240098a34f8f07c960,2,False,True
xes3g5m,06c498765fb9b0ca4cb4a47de88759da04ee32d418def5ad44b66a5d6f1dda11,23cbfd9ff1340f0855bcc5b9986b6b627a6ade9cf6a996ea513ebc87ce06b775,2,False,True
xes3g5m,06da04f53a6178186756454e85f62a31bde8e42caba2058781ff71b822722c12,cc2a2dac1a361ae381a3ba63916b6b387d6b2e8ef7e951d7b3da783c404ac024,2,False,True
xes3g5m,06ebc6b2434235b3db5b1974a0db017c1d7e92b10aa3bcf996415afd04dcb78c,cb378cb39b011ef3df5ae91b3257e3d6c078532581c9de9834f9aef4abb35dd1,2,False,True
xes3g5m,06f7bf715d0496d393708d425c783227d9b1c24372b4671600173958eb7467d9,d1cee933cad32fd7fd0eb2f97e726fe3ce829023633522c0195ac7931d4a4946,2,False,True
xes3g5m,0701b9aebda9760bea18fe14d7b15060eaa61341f96ea941660e21935f24a78a,793e2b3fe64a146f0a026f7ef2ebfef934f34e94828ca4fcde665b06a6b7ba04,2,False,True
xes3g5m,0708bebda32ba8b7527a11eca3f73735c10280b45eb4300b34771c688e519493,5951af60ce05aea1e4800ff65744ebe7580effd54bb8bd605b42c48a9d75e5cf,2,False,True
xes3g5m,0717193417939a29e4a576f8a44c93c9cb4bfe96a44700565ba30b6b6eab0b7f,b1524d5922bdad8cbf0a54145e011d274bb1acfbb0d69c22a6eddcbdb220e333,2,False,True
xes3g5m,0718d494966bedd0746445179ea8da1f5f3220ee6246f1252462d7edd8c1c807,8144cef4ccbadd915ad0ed87f80d92d072324a7c6eb37a2895c1fe8cf660c58d,2,False,True
xes3g5m,071dc62e5bf7fc8a66e23c2b54ebae8dbe951dfd5eea3714d9db5c72afbceb01,3519e4b929f754f164cbba0352953218791924093c838930812c2544238749a4,2,False,True
xes3g5m,072fc8eb6ec705ec159c7f7438fce7de34818a3e358e26a1cef96aeaeef76e0b,c46dc6e985396714f82eff66bf7c18f3efefdd3421b48a746c3a291d0fa2d904,2,False,True
xes3g5m,073a65a404ecfe05a1248fb2f01e1e62c49f5fb9947b8596dd042f1e3b78a324,695d6f484955639e42439b74b05a1a574bf90dd63a67675f254611b42c6f0af4,2,False,True
xes3g5m,073c018d960498b78febc9966a12eb4b7a44a3fb690e0942e38a48b8a3428d14,0680c3730a8205762007c8251f977c84ea04145e507e4e05249522a5dbd2816d,2,False,True
xes3g5m,073fade7c02db34c28caad7ada85936124c0afa79086b01cea778d33e868b827,c5fc5a5d308a0682afd35f4ff6fb040f7afb8499def85be226dc0ae1ea68bdb6,2,False,True
xes3g5m,07422095cd55d5b214911bc78ca401ef92e50d37e56afd5351465960eaec2d38,a2b2d16eba06ba5b278eca8b87950ae6ec710ebcd564d7cf2c11a23da71892ce,2,False,True
xes3g5m,074f596c35934536bc3299ce0213f893865dc1fa590c46dcdb0b428c8f98d1f3,2db97e9580b14afd681820d4177dcf12f4b5d22a85ab1d2237ccc837aa49c311,2,False,True
xes3g5m,0750dcb1e094611a27aa70d7efb275bf19b6927a4d33b1952b841312f574f67d,0b5ac4c6c5d0043633d00db94a2284a3fa45248602029d67bdac7104dead9319,2,False,True
xes3g5m,0759a83913667831aaa1edff30a06d4fa31b677274f7b3e6fb7181164d0c313d,e2662211d16d9216156a97fb256a6fabf6af7f14705696306f3b4a0c6f142215,2,False,True
xes3g5m,075fad245ba2faf81d3d5bf794de3657e58c7b21dd7e5085dffe0985f0c5de9b,65ac38194e1d6207618f96d5ac7c5e92e04cc95c19cb597064bfe725d694182e,2,False,True
xes3g5m,0774cd2c065cec47cfebceeb26a70dd74e4419368bffdee878dfb867ec6de090,fc1e53117a44c3a1b7302d139627ed4f0fad147603e7dd5b30b82eed0325c743,2,False,True
xes3g5m,078a688a74cea2c6bb71601201d82ed46351553380e86ace84d1c02f06e48d17,f05f3e05f898341180f1760ddf715950d8fd492f4579847da6642b2f555f323f,2,False,True
xes3g5m,0795e36dd6a26c03ff3cad53ab12a33c030d72df419e000110c78d86453d8311,b986507eb6522dbf11b572f8d4ad2622eb0abbe1fc30bfb01648a28ae0b609af,2,False,True
xes3g5m,07b07ec9e7b37568ca5728fee4f23edd6ae2764d3408ee4416d96798f07883bb,a2362ee774035684ac2ba1de52d69c38bdd0a3b9f64de328e2730c35a366054f,2,False,True
xes3g5m,07c04b228e6f622612800561cbc074747e7f6faa046c391dbeb978e8caa8e1cd,338d5c443f53974dac2511a986b09a63f7a88f4ffd7080e2036a9105dd8036da,2,False,True
xes3g5m,07c3d221c77ee579383c85b0044f65702e75d3f32f97d3b8624dff647c465db2,eec14a92d9620baec94e277f82a8952fc4745d5e4d23c36a05b5e51e5cf72314,2,False,True
xes3g5m,07d2bb51d1ac48bcd3f7b2812aef2610e7570c1f24a63526bbc8ea14ab759619,2e8237957d6cc9a92dafbe9f85ed1a6d30e24292970ec2034969c94601be07f8,2,False,True
xes3g5m,07d8639c9035e1abf15dce541a3ded57722e0a814e20c1600822be77534c45b7,c306af04ee5652d5a50d1ae5672af716ed9d2a42301b7e41c1d949443e6cce10,2,False,True
xes3g5m,07da28a141fb6153d68942105c8810bde7b54a72ffd8ffef3fd9cb72089b4af9,ca9cddaa6ad46551fd3d3c278d1ca2c148bd88907229c287324cf238d6a8bd8d,2,False,True
xes3g5m,07e9089feb744bb3fea2bc3e7d781aace89c30a64969db862e1e4999cc6072e4,e4762acd6e974fdc0fbb97a851789321a680acdb3741d81992ca918030da8a10,2,False,True
xes3g5m,07fe2539bfb2301870243c679da439fe53910c4cc09a9a7e0707f849d47aee93,251eb4a653cc769b85950bcaf0c0d12cf7d9bf4beee25a3b9e7adb4de4bbe8fd,2,False,True
xes3g5m,0804116e2e7aa0f77c33ddca41e3b7e19d3156732f3220d06f94d47db53150bc,eeaef8478f43c341ee8e660bb1ef961e0db05ec57914412900a543e49fd61563,2,False,True
xes3g5m,081b045549c5d4ab9d61daf4faeb9a0d8ef235f3340c2ea18b8f2f0b4ee8b3b9,522b9b6200cab63c3c0d61b522d97e2e1db22f9956d9c115d7e73a0734c5c308,2,False,True
xes3g5m,0824934ea63e57f2f0b3c05f0389ba6781506e54af572bc41adaa773eb046ce6,ad7d6ab5233085b1fcf79895cf339c84d09f2976cb6ac266a0a53653f7a9d134,2,False,True
xes3g5m,082d0bc3c4576fa7b96ddf84a6c43e6fc784795ecacece0a75008364386e9e39,0fc9f145d4739ffad0c0eec286df1dc9636a7084f60772a138a9610446d1f4c0,2,False,True
xes3g5m,0830e264dc943fde46a529e693c59d5efd0a495083c55bb8ffe2b7d234d09451,ea5feae04d4dd77ac8b13271c5b58396972b74f4f87ea558c99f71d12a04a3e0,2,False,True
xes3g5m,0833cbc93e2b480dbfcf728714476f8b291f3ce5abd9a76f3517056e649718f0,47d9c940bcbdfe95dc972703ddb85a1c45cddda8224f248d3cbffbe5a3bec78e,2,False,True
xes3g5m,083ccca4187a665e8e731485e2cc705151a37ecfbd1cc9b3237914c3b100e1e4,5070b3a2fc2af2450b12a9a23df48771d62468aef28fa1025f60a7d041998a67,2,False,True
xes3g5m,0868aa3cfda0e7f64a8c4ec100f67fd574460285b9621413157dc56c66a50919,1c118eea8c0e39e067a7e069b99671582e38844d5239b6351b126f7aaef76cce,2,False,True
xes3g5m,087839bcc0980b81e0f3954816c5023440f772d356da432a84721a465738c187,2358604d54fe6b299d76e7a892bf0f3ae227195e83d1937a2234d5d189e1e1fe,2,False,True
xes3g5m,087b8e56e60e27d6be99f0db9f3c7346c484a4e05071d98f41b179757059fb33,49cf409a01ac3437dc4304772a26c4a926e27f6aa2ae707394c8d60876e8ac6b,2,False,True
xes3g5m,087f7f9a9ea3adce4b5a60bf0d249154421378d5b0762841756951e4ff60214c,54f5ecccbdd9aad3e9a179bd9edbeb0cbd867c1e18351932665df5411b34e2d0,2,False,True
xes3g5m,08981dca82849b578d9311efe0ec99854a08302b6f1df023e72e6a6774ad947c,8ea5070ef747bc8057b0c2cb9eb889db8e2a8cfc4aff63bf3e72333c744fcf15,2,False,True
xes3g5m,08a06bb103f744f22b2bfa1585dce956d0da12428e575afe104a1a5c7cfcb158,af032b4b8b041b5de72fbb0097687340c58ff16164f962d7ff96190f69c359da,2,False,True
xes3g5m,08b2a449a280ab5dd91516d0038b134a54302e4a2fa598912df9f8df95ed9f21,aa801303b0220048c230147c9dc4843834eff0eccb9b44c4b11b2c0356586bac,2,False,True
xes3g5m,08b4b056aae56fac164a596c06e7fa9c40b6e24e67387dc48db572c86c3cc2fb,03aaedaa01782e5c426efb67f10a93e57804c3f60f09cc743d1f5b19ad6e1b39,2,False,True
xes3g5m,08b970966079afd01711b49445475d7bcca40043ef576d7c04746f45831efa51,bc87baa630f8baa3c60d12e94969f60964f659b7db028736bb1e2cb96d3842ae,2,False,True
xes3g5m,08bd371c04fc1ad1ddb14b6ec036e4d12b6378f6e390fce1d1b2d01195d11f36,fcede8114524733a9cad70d2e8c2c31128e855242bc39c238e086405a03cc33b,2,False,True
xes3g5m,08c4d53a62cdea7db49648c5f7ce75b827d00727a3c805c96b23ae570e6aab9f,b85df819c568a1974b658944bf0608651ed948685af4694247bb7bacbfcc55ac,2,False,True
xes3g5m,08cc18198e09669900387d86f5f22fb77b0d7a6b77edf9003af02e32ccb3270f,42c1b892d7775d6760333de55f1004d49d7d0be04114c8884c08bc27dff7e6b3,2,False,True
xes3g5m,08ce507834c921bcaca015d2cc7c886ff924421839b69a0f3163d62940de80fb,7d46eaf04915111b79a926591a62cb1a3b743f0a1b733e22e76df00325d8c522,2,False,True
xes3g5m,08df292392f0100ca4b4db134035a321f48fb5d37cba135ae0b9642809a6f44e,5f43d6cb167ca5fee166f433eaa21582692168e896e38fb6faef61117ee0138b,2,False,True
xes3g5m,08ea4571b45bb8946247f0eb19c692d433bf1d4cd6032f4bfaf02c7fe0857b8d,f229b665284fc2d414ae4bb75863793d9888041eec808f12bdec402b322dd5cc,2,False,True
xes3g5m,08f69425882c2d0defd4cc63d768ee881e6ca7b54f315556af66a85817dd245f,1d9554c257260ac472910649b3696ae31b7f2ae206131c925e31dc07c0369946,2,False,True
xes3g5m,08fede718f6b2cf9080c051c124262d96c7e06fe611754afd0022b1f51ad88ea,c422419eb83472038aab3c35772b1f9d718918d2822f445a4bd8d109cd718116,2,False,True
xes3g5m,08ffdc261e09084fe468700f2ebc2f7fef336fe0429d29882589e49cc57aaa10,8d914653f8503c4c5d46306bf50f7a4938373a8c4bf53b16071462ad4861557b,2,False,True
xes3g5m,09012cd46bd5f7e383179f315ca8ff51e79796a8d2d5973c1463e5f7b9aaa750,fe64eb0815408570bff3a63336e05f7322effd65f1ed2ccd6ddbe53167340fa0,2,False,True
xes3g5m,090203cd6350c01983daede6371610be18ecdecb8a7a793f8620c27343f7fdf8,2f1330931f0b5920bc8f12ff44c18313fcaf4389df44dfdea13796ac96b31e62,2,False,True
xes3g5m,090806def3b1d36430e9aa93ca103d3cbf165bdd1ca982ef40cae31c09311c1a,9bd3e38791e14f180197802357c6181bef3c591f5e15cd2c0af8ae538757cb16,2,False,True
xes3g5m,0922c09a9997bafe05fc40ce5666755cef0eb6301a5295fb8f0644e315e6136b,f978c828bf893b4d4afff84732fc0d214f02c3b7fed0f173e026ca4aedcd268d,2,False,True
xes3g5m,094114523efd24f1dc4d30bc4162286c89709d5d31c13b3e45bf7c87d53a14cc,3fc175ce378d4d655d45e733ac6a68e287a2d7726ad29eea325e39f9e3ef2dfe,2,False,True
xes3g5m,094ad390cdff8b6d4d29353577ae7728255c2f2255bdea64f5505e0e8da4a59b,dd71e367d72671c69d7e06927eba19381016add962df26465a8067d90ca4704d,2,False,True
xes3g5m,0962b83efa537e7d043c83bfa38dfbefdaff58aca2e157f6c150107c5f3afd53,65154a7cba38707fcd55da5b27abd4849fb4d0f9ff6dc93ff785663ad3ef24a6,2,False,True
xes3g5m,096f8349e179e88bfe827533717d02263fef2323dfa08e16e6c69100ed5b9728,9cd9414100f2bbd77ffebbe80b29039871164b3ebcebf3dea5e9208a941804ed,2,False,True
xes3g5m,097555fab418c5e8efae7fb8980fe9f31788fe5311d146bcd8f4607b7a626b02,0421dab6cd227c550a9347c77b40b75f2878c0846a3bf963c9ad1f37b1db9f7f,2,False,True
xes3g5m,097899daf2c82ded89b5e21c7f17f1aff0906e23edf3250278d8923866115f2e,884a70e1158fdf88e0db933e9a08cc3966c3ea497f86d9099e689cd985d58de5,2,False,True
xes3g5m,097d8be403ee7a995261aac3916eee9c39a8ffffb2c22b9957e18239fd642698,831d1c76989dc8eb299450d3af3fc09e70adb8b19cb990aee7b1db0eafddc301,2,False,True
xes3g5m,0986c931b48e5835165fd89ccd7a96956eb4e7d9803b16f699a03c28363db530,aafe3270ad7b20253c2065442c5290076e9fb975773e3578caf2233cf2e398bb,2,False,True
xes3g5m,098abcedf1942e8b614d7ef015d401df581923b8ca1b166731da1cb78f7eb309,6467a75ada1a4cc5b78a0183e200bb4aed7d833c05ca6154992cbd3148b97701,2,False,True
xes3g5m,098bc92e057c6573e10af5c56a84a7f3c737786baa37221b7ac013566c1b1531,fe744ff6f43621e379ef399fc348594b8f009e753f640be571689788356081db,2,False,True
xes3g5m,09af2d94c0cf4c98ad5f3a4f1e17f496ac1d66100500a35a938dfc28bfba5d05,5a0f67e51a36e069829873a610b627ab6459af4cd2f613d66d7e166b21ea41c5,2,False,True
xes3g5m,09b5ef3fb992100f44c29c6b09337775309be621d51a81eca207d66bb350f00b,83b27091882b0344c21feeb54a479ebc2778e3d8d424d2c192e5baaae9bbb4dc,2,False,True
xes3g5m,09b9ce6d769bacb1ce4e8384a201b8283f676601c39cc250996504dfc49d9a69,68e7b4524240074d7ea2d0f0996ba01312ed99a193cde02fe393a5b16c434e1f,2,False,True
xes3g5m,09c87692da2c84353f03f8274acbbac6589942e80a24e542ee7b81d1751ae866,456b6fe26edc5e1eaa19fe7bdeb757492827d8d44179ea2cc11e5a413f742233,2,False,True
xes3g5m,09c8aec4c3c338bff961d72f4dff045cdf929bd1569515b294e4d2f37166f245,074ac209e1e5d0ff95fbd7473f7dc947b9ec038637b45bbfacb80ee67dc27ae4,2,False,True
xes3g5m,09cb8b1feac09e7f8b814e6e8911b3c1d4b0189c4c9567813955029a7ecace26,1aeeba7762e3d98bfdbbef5457c0eafc40b82802d2d35f739492b3f2d42f3c19,2,False,True
xes3g5m,09d04748f3b6b9240271deb8a4424491f848e08ad460b2ee02cbaedae10414e8,2ee2b958aa03b22351f124f2cae67d48d9959bcd0d96840114be1f0eff3ac9c5,2,False,True
xes3g5m,09d7aa27dccb53f8ed9504cf275ccfcb3be6b8c3f9d117003c6c1aa12ab664c2,ac31ad4f0ecd577fdf7fea51deeb11b4c8d31aba2f45be8e4bbfd44b22cbc7cd,2,False,True
xes3g5m,0a08110f80dd70bdcf35b50be7701ac85322068299277107b103c0e321c3b046,5ada0918dda7436b1bcce5df3bf1c70050afb74c77e7d0ed18c240008e3684be,2,False,True
xes3g5m,0a0a7bad6e8562ba7208489ef07b5fb5221a8799325341db856df1527d1bc143,d7499477b92b039bbafb82054e2f93e96fbaac4e3eb4c6df721d4f84b89f6d42,2,False,True
xes3g5m,0a16fd6734c5fddef25230026b09dec998a4a37631159f3577900496f60aa6af,e949d891560c2eef1b11c68c1abbf5f2ac1089608b704df8540bdce61da216d4,2,False,True
xes3g5m,0a42917ef4042c9ddb01d49cca8737d2a72b28d2a63881f57d76a9e8976cc1f5,46c040849e5717c9d08148f42d23ed4865c46a235e474ec4207713acc93712c8,2,False,True
xes3g5m,0a48c03791de0e9da2d0a5b1bd5919881fc014c3cfddf0470402c59f465cc06b,b6943a888fa7d599381bd1152c5895eb526f7b878360596a937a50a1eda07e3a,2,False,True
xes3g5m,0a697c1e3b6a831eeb9e0556cdc067656e7728b5dc768a03e199182d1b039377,20926ffed31731e3aaae250befdb08703076307aa3acefa037fdc363cc9de34e,2,False,True
xes3g5m,0a6f9e82f0b97c798ebcf8447f08e58f8abb61f2dae271fbe6f1a37b9b26c18c,651853511652d84353c52d7ba3554c0936843ea5cf6fe185f66235078ea1f36b,2,False,True
xes3g5m,0a7b5aa5cc55e955a53e6db5bcedb60b5c17e7e6190ed71249a69a6a46a642a6,67e3224b6f2645b8a9fb9e8f6dfcabc624a0c0ae0118143e11fa398047de8dac,2,False,True
xes3g5m,0a83122876097706d80e4bb63785642cea754d2788ce91322b29dff99e307259,0de72b3765fa0d71e7ea5140b68aaa49167429623fa897b80537c7601c9ed131,2,False,True
xes3g5m,0a998addead1d459abf02989ca3175a1b0307b6ca5ff80be7219b9657839257d,48ba39195bfca69342fdb7cafc3ddbfc359c1b19e1c834515925b2c35c1331ab,2,False,True
xes3g5m,0a9a1f9869177bd764954635751097a492b2f6740f211f2859634dd7b42b6393,a066785423afafffa9bbe3760c3517e4653273acf7b39c1f4a41a485266dcac9,2,False,True
xes3g5m,0a9c7b6c7447cac11acfa917ebb4e6c10d35d0b35a308d0e89b52d29a5a4d073,6e4527a84b4bebdcb5461150781f203a03448916f20c38a0144f298757ab016a,2,False,True
xes3g5m,0a9f2f2b4c5125769fa108744617b80bf3d0ddfca6a7171bebf4b10baca803d6,f93c200796a8f9dca8b932ccad8048db3fc24899bb338340c579513ed4a699bf,2,False,True
xes3g5m,0aad7819878a5b8d9cf33f41757a75361fd8a8843072d1520de9ee6672bb7d17,0096e0a0f6b0e884be0b94b071528eb72cd6a6f1142e12a468740732622c880b,2,False,True
xes3g5m,0aaf5bf2ab42a7ae1dee43a0358d8fc2f2ef0f42d5420a18055a8ee779c0e704,961ba3333e7776becae3294f69a4e72353092af720355572b0afdff41b173189,2,False,True
xes3g5m,0ab17c355e75d0ad37cb1ae8ba529e310e5ac6c4ca121b6e559bb3f277fa1507,819e0ccc9fb555bfc4bbf93469200f3e4d9c1393efc7b237fab7d3ed6f999c0c,2,False,True
xes3g5m,0ab192f4e06421e31df9b1af74a652b5639e60ca0ae1fa515bb43bc7beba54ae,cbf705fdb5e7a4e2f2581e15efeeafa228678d8d8485c98a70676a184c7298ce,2,False,True
xes3g5m,0ab9a4f7cb470b3401b47598c1057e813a9c84af453a84cbad885096d78f0c3d,bad5b5e7a01b13163c3505767923d7dced1218b2c103797b6b535ea019cb06a0,2,False,True
xes3g5m,0ab9ebaa59239937c21ad10110c37b87b71ffbd0a3ad6db906929d7dd0ca2d04,7b279a2543d127b470a9db6312307cb465499d16487288324ab6ff47254b9631,2,False,True
xes3g5m,0ac1cc3b4d179101b00670fb7dff531dbc589a2969689171f3e5aa04e5fac903,1efca126d2b0a0606079ae9ef51ccc6f6ac2e609816765d44e93fb2220652e05,2,False,True
xes3g5m,0ac57b1a8db904cbe9520909c26df5a210eaaf5bc2564f472d9a3d6aa4b2deb9,9c80825c9b14ee283f891d34b458c34a8ed80d3a3c390b94e9d5abac31676843,2,False,True
xes3g5m,0acb0db57f7202cb821dcf475b09a51d112f4043ea07e4428d08ed20d1cf8fd9,ec6bee532d69d536a39cf7d41c514ebf3e8699f8470f64f1f54d5029da837797,2,False,True
xes3g5m,0adbf11afd87aa97194e61d0de7c8fef562052e489f06630e7d046cfe0e82b9f,4b114c686eb043e6944765c6c04a9afaaa303341ce9e46d489569b7831f25c0c,2,False,True
xes3g5m,0ade418bc9b258e7b75501aa7b936134555135600181723218443243b7644691,79ccaef200edc628e625dbe8ff55cfdc01afe2785d13eaaae8c965fdbf5039ab,2,False,True
xes3g5m,0ae417957f7343d7f1ffb3349c6c65e0f45709dad5125dcc671f64ef494e3643,d46eaed368314c858d432c0d170397d38a6fdd3798f010de1684fd2bf1d878fc,2,False,True
xes3g5m,0ae6cfe76e6515facc9ee189b1ada6920caea4de3d7124e0f81896f208550523,ed92eb1948b3ba2eb42a1dd05130034cbe2707ec561d5ba4fc934cd1d2906cec,2,False,True
xes3g5m,0aebcfc90070302e4d9c62fca3c2d564cedbc2e2b417669476bf1be2b318bd23,b4e745db7ed9bd956b35ba3c055ff9b35443fbae64db9ed957f60b9fda01ddbc,2,False,True
xes3g5m,0aec2fbd09443e3ef6a8dd4ecec2781c92a1c8fa5cdf1b6db844abd1a755228c,32b4e1d3734e2a63f9c1d2bc307b98936f83f1155da54e9d1b9873beb0007a69,2,False,True
xes3g5m,0aef2d1cd6db9da26350d7d8a9b37b7013d575ec8afbf67336f7cb8b1657a02a,9530493931660a093ea7ae43542cb40d75cb2111e26779dc106aac96c9150dbb,2,False,True
xes3g5m,0af4167a74e31def613b301af3dd7b4126e1149a28d8e1a117978dedde91f4b9,c4271bb042eef6c193a508c09ebe1849d60be12340c322dc6bee368daaa393a8,2,False,True
xes3g5m,0af51935f8fd9a0812d836836b8dbea2c4b9f4d31e479dea2f2160c9cd89dc89,4c2e9c5ac4e65dac00076aeade448634326e4e8f758a435170abca7dbdfe372d,2,False,True
xes3g5m,0b094d2eacb15a1db3f5f513efa6c824626c53dce39c17ac1d5d8750d868eefd,b06219a9fd5c6ed8e6a3fb1f60409383e4fa76712b44c9e1e68f6a15fc923134,2,False,True
xes3g5m,0b0a9781617fc822ae6875ded2e56c1944a01573b0cfde36853b7aadfdb26b6c,1c0ff7b77d390543c4e00b24484fd8bf21e1ff3f44c7b348f9a9bef8bf569475,2,False,True
xes3g5m,0b0e2dd1b0874d0f6731a0592c2c73529b9481c0b0f7277f44ad7663c6cec699,3bc991e958229ce2b3f2ae6f8e0447490a07f463aae4afcd58673a5f8107be94,2,False,True
xes3g5m,0b22703be4acbea2b17c797572077de1750e4c762fb2abfd877294c72c4b3ed5,0d7354e6d8bd55af8f83071df661da8e9e293d6f5b495660f5da699a8532cb62,2,False,True
xes3g5m,0b2517e7fc60ba1d81590fd3eab6d69bc81647f12f8ad9db8f3e5b133cd1cae4,1f2d97db1ab075746cdf38823d74b3cbda5a853423110f5522dfa27e77b22fda,2,False,True
xes3g5m,0b293fa405977d310109b1651d0626425db4db46f4c51f51de36ded1ab65610c,99ce29c2072688972125c7755049ff1a47540308e5ee4a0f6cc5cc0f5c868c20,2,False,True
xes3g5m,0b30469954f58d6f41a152596252f45587b2093d2e1a81368f7a7b2edc71f983,98076e393420cd3efff58bd5896064610a2e9a381e24f7181fe7099bf9bf68b5,2,False,True
xes3g5m,0b410803ee1bdc47e5b3f3b4860a6f09103f651ee134d00fbed23d577782bc22,d29f2211dd57e26b5342a4eca7a60941a145cf2f88691b00cb717a965b6b426b,2,False,True
xes3g5m,0b50c4fdeed60ec0c6596521e84c6649501a578fa019e579af5ec4af00d6195d,25c84af98114fd82d6a9c6e5ab1be1f1bef888702b5c6a03c0ad1b34a042712d,2,False,True
xes3g5m,0b5189ca2da2aa407343720a0e0fc16993f25527a175ce5e63141c5784b2a733,e16aac59503528ee5555a2b70294377077b7a25eb92d9a9314f1f1bb4f7a90ac,2,False,True
xes3g5m,0b649999d940454195e067ef067ca3271e1996b78501fea2b1edbab207a49201,2ed78a4f75568099dda13484221979ba9c26589f90bf56fa39431d66fb6aa291,2,False,True
xes3g5m,0b69245c135f44f1d24ac5f601bce65e4441769d85b3ee99f4888ec236169813,6d4b9b9ab3ba37428aca861d134f2657ce71c5d86afba80d01126b8874442f9c,2,False,True
xes3g5m,0b754be7b1b3866927d68d565044cceac9942eecf786d270770d601325b9c20e,0e6f87d221cba379708a1409a161fc55989ad9a3bd506b989949073ec8816b86,2,False,True
xes3g5m,0b7b2f08b80f6312d6af80ecf132786e9b70e3af1e48c719c0a1e9de22c4131e,bd62a5140aebb4a06176088933ac3ccc39d172878d07e3de41eeaf7e30c88045,2,False,True
xes3g5m,0b7d27e5c9442ddf663ff90e4b3c6c5d8fe00cc9a6a4f760b859cc6c901b2006,8aa0384206abcf28577a0ee3ea5e2713c8782230bbed7978b40c99d84827c11e,2,False,True
xes3g5m,0b85f5f88b369d5b287f73f33dddc6355c46207b3c45abbfd66c07062be275e7,236a5515fdb9c7407d1321b993988fab52c320ddd777710c0f4f0812945d53e8,2,False,True
xes3g5m,0b996d0913cae73fcd20cfa725c764e9e98f02c8408720574951228859eebba6,1e0dadbce5390524b485965a812f8da6d73d982751c4a75acd62bfb16070e7e2,2,False,True
xes3g5m,0bb77363a230248831914c33f37b89d41eb23dc6a420bdca252eade3eebd740f,7191dffee816be7a6439e6bc1660bb6e2cb09976c96e7cb7af01ac1df3f6fe2c,2,False,True
xes3g5m,0bd814549b4472766522fe6e9ceb3e1a486d8abb3c25bc2468e26d6d669381c1,e242e50b60f8a7b9cf47580499c332bbbb3243092cc40f874afecb2ca65d8036,2,False,True
xes3g5m,0bdc85189b7650f30699da1188571bb9b7cde700613eaf5a01b524594281cbe5,f639dd07dbb6e22ba787432d4e3414254d7c36fa0486b0534057cd90828b1531,2,False,True
xes3g5m,0c0b6c929446b3aa084c38955cd1eac3c773d2b29c9b80bc1ab445095ebe2724,5d57f5d8c941e80f42d4bf445ade370c565ac5252d4940c99145d4046bd9376d,2,False,True
xes3g5m,0c0d4be08ac26df3483b745ede73d35cd06e273a68e6384f83d708ea05bd7d6e,b57651867993c41c235b4d9f940be82d93f0d88ab60ef1f3c8a48a20a842310f,2,False,True
xes3g5m,0c19d37cda3c4bded00b1c3e66583aeb27dc1517118ec3626b8e7b24782494fe,7161575cb4271d3d75dc1fe7e0411ff925c711c91ae03b112330d1f0612845e6,2,False,True
xes3g5m,0c39f494588bb6e71d2c07ba408d9e6a7f4b8e425e04680830797ae57038aabc,e9fbeea82551315b9d6e8f6a342dbe74db1a120fc0989f4ee9c19ec1cc2b5431,2,False,True
xes3g5m,0c3c2138978816b57451eaef559fc829559a920ec5e943cbadf75e80cfa9ce62,ea63afb91f002cf83a8bb46fc01b8d72c40205170a10c5de8957f0400b69fc5c,2,False,True
xes3g5m,0c403e50f78669d22a307ed990f36faffbf54953ea89e6b47685a13796ab45c1,f6d268ce3f46f66b23a1d34e0887ab12e6f3a35c9e89440f7c8240692c83c422,2,False,True
xes3g5m,0c41f386f2c520773f80695cf645f3e797b0d2935c0560e07f15ef43ccf42489,bc6053780120cd95ad71f5ae484f305af4a0cc1f7d9be8a2cfad89bcfc6534a6,2,False,True
xes3g5m,0c551dad49e32d8ba2f91ec83c2d29f0e2fc87763cb3cfb86b2c007b137f7575,c6ded4be4be96d23ee6cc438750643e2e4b25692b9ef9a40412f722ff7f28542,2,False,True
xes3g5m,0c56d07bb6e3f523aeff07a055487ce77bf793a82ace003cddd5f10f25f1482f,1cb02f3cb42c1aa83743036c508a108ee4aad627230b0ff85ce9c1dc1d30eeee,2,False,True
xes3g5m,0c5d0242ccfbe2a3297ac382bafb106761e1bf8ff5c1713c4e66e1285a249e91,d3dee176a10f04239b399e99989465d559d912958bb4b06c9d7440c15e4ce8ad,2,False,True
xes3g5m,0c8f5fd41b49416cae9f33868b82a702fe570739f8b7d5c1c1cf1e28005a7a22,474356c1fb45885b697c7423775d67e2f873b6b7b771466a0b3df56502b0ad66,2,False,True
xes3g5m,0cb23d63e2b08a04d76f6583a0da705f2815c30324aeba93123d7b379f71f73e,97170bc296c264138b6ad742aa55c1fcd0789217a888bced302b179dfa0c481d,2,False,True
xes3g5m,0cd7445468f94230be6f98e99de7de03b04f9c53a42769482a022b64e9e95e3f,6f62742fc24f57774371445ffe2ef8dd46b2fbb233cf3975dd5324128db613bb,2,False,True
xes3g5m,0cdadc4778581802c036a476c12184b8e465183486ee6208101d32086388c010,8d013a190af9e99178ccaff7898e0180598647393ec760a7b2abd259f5fd3f7b,2,False,True
xes3g5m,0cdf06910b5780848fd8683c829cc47d4384472d31a15fd497f76dddd83c8079,4858f9cb70836e94e0af7e9bc9512231e068d9c325bde899d39355d5977798d6,2,False,True
xes3g5m,0cefadeefd57462e27e9205d9cf9c940d43b79070e862fe0a72d57259cb429ea,573a21fac40065d3710f24d392157a1bc83ae6ee47765b30e6df209d1598daca,2,False,True
xes3g5m,0d348af3f81f3dd0c996bb6fcc36ba262699e9b870e7e6220533c86b11401bdd,b93194ab1e783ee21c36de2c10210199f3f57d44b46f6e52ca9b7551cf82e6cb,2,False,True
xes3g5m,0d35927bcf9f2d6315ea2b0328dbc225e072a7379a36ec219993af5ed2fb93ae,3b229816a05e08ff07fc02d0638dfc4806e8e9573d8e55b39622eb686524cd42,2,False,True
xes3g5m,0d3caa52d80a181b39a13560ffed06fc08b82fb2eb52327168272874731354ec,f81266cab13ae9ecee05b12f7d21c238da80b9e34dfd1dfc75857c2d970c2813,2,False,True
xes3g5m,0d49efeb5a6acfdb9729b9f401380615ea8cbde3e7fbe7f6d9ba40161389c81b,59a281add5b936ca31078b80ff64323a3514924aa4e41c630681de34654e338a,2,False,True
xes3g5m,0d55d02f2484b8da8b3c1115a57e1bec8b21f80f8e173e5f523f492e19bb0639,4132e90c8b8ac334f421807244dd172b9c01c995f24b7466ad3055e0176a89a9,2,False,True
xes3g5m,0d6a93f16a1f83bd3eb15a2fef847163e032eeccdd3a7ee3bde6d657ada1c4f1,fe2458c3ad32274dcd78de542081dc2673e7c065e2cbac2b84e20923054366d1,2,False,True
xes3g5m,0d9454cedf7b85ce4ed79d45304c8d2f44c467b51877f26cac9e9d0efc7b5a07,fd973a80bfbf076f3149fa316169b807f9c3d6a5e6914e078bd79c28e3afc888,2,False,True
xes3g5m,0d952ec88855260220bc75f5f15f5a4c223a0d7b9bc38b2698ba8c9c96df428a,c75f49fbbd8735e44e42bed3a7ed6a3261abbcf17ff3dfc48b7b918829d58164,2,False,True
xes3g5m,0d9b1b365fbf99e660853ae2524cb9dca3c0d91e685c17ee25150a840d22c33a,486c6b38a33e2208d50ec42e983bde448fa5a5e8a139cb84d106e31321593aa2,2,False,True
xes3g5m,0d9e01321811041721b41204433c863a2f1fc5353569010bdac618437b0c4ec3,9c9e0dd766d8c6a72e66a64151c9db3f5c18d7c6cd4f6968cc7d58b70443fefa,2,False,True
xes3g5m,0daa9ed09af436b3131ae01f1c56afbaa1f612673ac4fb171ddec146cb0f9a5f,f2303d0afb7d417a1b32976c30245487998b793e730776ba5e62054313c88250,2,False,True
xes3g5m,0db61da8f809e13a36a8e5962097cdf33c89553ea60931e4623e614dc2f7e03b,0c7f2db87329312303d26d183b626bcc1cff9b7d43ad25aec8140bf37d322a74,2,False,True
xes3g5m,0dc5b239c985b62eba76bf7c0f6654224b284cd8acb62a5f9d809717890a131a,55d1f64064c22e64b06b90a9f113cf4e555c7cb2c0f8e9a9e81612bddb69f1d1,2,False,True
xes3g5m,0de1afe23ff949ed7ef7aa43e5b9a21f42a6f4623f1caba3afc77b0dc1aa9ba1,24b26185176fcc1cef37146fc1776fe6a65e24c92fda83ee2f0cfc9e2482a2dc,2,False,True
xes3g5m,0defbb001d0983286c8ae2d4aafc7bbf7ed95b23a078d1d7a73c2a57d426a10d,c5fc5a5d308a0682afd35f4ff6fb040f7afb8499def85be226dc0ae1ea68bdb6,2,False,True
xes3g5m,0df0332d597706d2e87f9dcb0e70132c14aa96e7c8a15d6d8cad33c06c1fb318,57516e7feea27ab43685238524fbb029d7a2abc0260f6edc70114a7287846784,2,False,True
xes3g5m,0df2bbfe0ef7f59d1e72be10d06e3ff202024d862f9fdfadc778290b1523145e,e7ea74002f0c428ccba209cc08fc34bef4171f9f623eefbb787bd66b44d0e67f,2,False,True
xes3g5m,0e05ae3dd6bbb8474aebbc88f5dc69a4eb2c5ac859ca288a60e751b7a75970fc,980bb705e34b1859825e0d1e0dad25352a77b7146d7295e9ef1a1382262eb2a7,2,False,True
xes3g5m,0e17e9c2a2265990fbfa6deb322ee3e49baebee000520ff65416080652eb3625,f26fff799dc762faed8700ee470d0665231c49c6fa6c9fabfa9d93407c64c823,2,False,True
xes3g5m,0e26a646a5f7db04945d6856cd231cda05e5ae1aa4a402d7dd1e21e8786011e1,4c386034be010c8fac50951fcd19caa57b8049f43c293f3ff0d31c5d4222ba00,2,False,True
xes3g5m,0e394eafedfa96d9b6fc1364f34ef530654521e056765b740d61d908ffa82a0a,f795c5c20852cdced516edac5d20c7f94602c790c2110401ad371b9cc4ea4711,2,False,True
xes3g5m,0e3c71bb3e261b4e2df234a67c597f40a3c189ca5f425977515a002013d49ef4,d2960226567d5da1eae83a222100e272698d963828f166d0bf758956e0fa7928,2,False,True
xes3g5m,0e3cde374f12b3b06a328175ca27d578cefc13b17c373c05afa338d870401889,9912c8738781cbe64ef1eeca84ccea97201dec407eac65841f863a4288c80076,2,False,True
xes3g5m,0e440af2809ce531e55fb0ab398bd38931e3c430fdfeb033a8e32865b873ac17,775cf4a58aedc00b37fd551157cace4fbbbb26398273879c2fa432a4716337d6,2,False,True
xes3g5m,0e5f9aa0a41bc7c2949e122d31a066f104ba9f98411bcafde0d952b429e0d8af,1628f1035ac5a06c4c9ad164b1f2288be7d27a96772f5f0a585b13a63c9c02be,2,False,True
xes3g5m,0e6f65048d469ea9f492d22c1f41421293feee1282d276ea2b1f433982c8e6ad,41b69a4712b9443f0d24b9db1aa129a207a225a90b0853c5fd7cf17d0ccdd9df,2,False,True
xes3g5m,0e715dac34f86b068012eeed2c1bdafe127106491bdd58f4768992349c86efb5,7c57bdcb2c67c5fb9cf7d080cfee45aebc093ab316d3ad3badddebe8e50a21f8,2,False,True
xes3g5m,0e7ecb673e2f00a4229b624c8132fd9574cb253903649a007d83b324e4863340,e2d71d10ef72505ebf75cd5255bef099fe109bcf53ff50781a8a6d41a439b509,2,False,True
xes3g5m,0e8657b88f4c6d386fa288edfc7aecb68bd58e2ff896f21ff3ae062e3085c988,5e7282a89474a1ee046a1d41a817ecc11da1ae6cb3c50f2b1cef8778c729bed3,2,False,True
xes3g5m,0e92f5e260441affbce956488f2100ddcc55641e2c0705afa5460bf335b57889,4398ff277a8d0f69872571536811cae93636264aee0f7908d48e403b9b2081a5,2,False,True
xes3g5m,0ea3767d9687346a414e94961030eba79b9ccfd3990c4be1ee653e2da02cdfb3,25c73d8d7533ca0e03c31095d1f350ecdafa1a96694ffd40829c6329b320b591,2,False,True
xes3g5m,0ecb45786f88bf532dadf7cf69e08696260eab28e958c12fbbbb598eb9c4b4f6,c786b01a16037c690fcdb116875dff72ed2b624b6c5be1d94c3ddc7943301d6b,2,False,True
xes3g5m,0ecd1d94caad82509e36dd8c926950c341924b99b97934e9eb02c139a7f9b2c4,bb6bf42ab789e07de0e2861f4abe88f3b34b19cd00a95637f0297da060f72d9a,2,False,True
xes3g5m,0ece997bd2effb4647a3b0d9e1d0200db2db483b11416d5541787ce6714f6679,2e7eba188ed37887fa7b3d21db535f0999a59f2b3cff48257bc908a761089572,2,False,True
xes3g5m,0ed769288c1950161fc8ef8b1de5488b81923f9aa100b365964fc07998c679f2,747243a21425c43289a3f21b7ac2e78fd5ab8af8f3951e27c431505282c39760,2,False,True
xes3g5m,0ed96b6c1560338d72ea82ae1885521aa8cb4c983874557b8a418fbb8da44472,dbf52c453b5f8fd2a49b91cd3b6dd4c37581aca9fbe31403c5a870598161d0d4,2,False,True
xes3g5m,0ef13612db109f6f7a2b96fd2983ee0e8f3076b2181e52281ced6f7cba50b872,d21f2dde94e4a371d383d733ffb03c0f71555ea35c72da0eeb48109819445592,2,False,True
xes3g5m,0ef1ed911e6bf3e7e5b9dbb289dd08518d745680958b03ca0a56df757c379311,03ad5698f4cfbae8aa7c4ef0b83c157645b559054c8b89c283288a36b3572f2c,2,False,True
xes3g5m,0ef241c6e04c88acd53a134b67be59219a9434a77692b8e0cadb94c39e4cdecf,985921c2a19d28bd6f871d54198d1fbb1b4acdef5ff065ba250e743316c0c54d,2,False,True
xes3g5m,0f21e4527005660c7b1bac2b8df5d8073d54a88575b9df09861a6c6a31da01a1,83a900f8d9a62a3470be5dd81c6d2cf58ce6799b28b0e61f552416f1ebdefe58,2,False,True
xes3g5m,0f2456edc5320d0ecb8f70292a6f1f9c99203aa8a41434f29c6ee4e348f245e7,ad7cc1b995115fd19c2a6eed70edad06de7df48d3d8407a5d4c918ab55043785,2,False,True
xes3g5m,0f25db41435a60e3916d91317006daf8489d0b40db4301a1c2442d3627bbc191,24a0086d6d0bf1f8dad797f2f096eb862a4115860c6ab6964fd12882a316daf2,2,False,True
xes3g5m,0f2d69d30615b04319d98d5198dce79cf093ee471e54d6f53a1eb0018b1d05f4,73579f090dcacc268b9594f1c2d125105817ff0611a881c51ce7fc170756f2b5,2,False,True
xes3g5m,0f2e5fe481b9beaa19d9796cdb23db6f19ed1e89ecca6e41d1104274669d3dda,1c0d065b28251ab1ba7c0644664ca001698b8f22ed58d2d835bac1b4eb402af6,2,False,True
xes3g5m,0f334d718ac6d1cf566e5e362d6556fe181d532105d5c4c40665b3dc314c4638,06ed2545c6efac8b88abe8b73efe1d9529ae93030cd92875f4e4a97a441da246,2,False,True
xes3g5m,0f4aafdc03c5a366ca8235964aaf20b4da367c1aa0c3dc41cb490a2c3e150871,480446d769251375f9f985d19424b837acee9299a1869ae8840a8b34a70fb65c,2,False,True
xes3g5m,0f500f81a484ad30e8c3d440787f7fda33847fc0b4c0361b1243eb050b97652a,9815b7a4dff8b3ed7f2333cdeda03d774545c25cc1696de12c3851934d67c000,2,False,True
xes3g5m,0f56dce9463e357e61e9332199b5fcd35d17ebfc23d1be850f673053ec1a6bd5,3a2bae041e84c3f6db55dee948826bf26f38a4549d2b20cb171550a5d381f27a,2,False,True
xes3g5m,0f65944b8b0c4f34a5be8626cb4d5bc70058b25becb1969eead9e065224a5d54,6a7ca69f0c84d3d51ae1e72fb96170253eb0da57ba2284a15ab25075386529c0,2,False,True
xes3g5m,0f7cc22f51a90d6e84b33b0ed162a26538b8f55d50c1c681825e1d1aeae4417a,164975ff398dd12b96af070e1f8b493fc28a547a4cdfdee9b10a6949446a4429,2,False,True
xes3g5m,0f81b0cd49a48d8eeb07685b4e2ca654dd4b983b6e8c1817813f51db59b698e9,434ccd7dbd28d76a87e4df684bb2f1ed3d1edd7d09184fd13468ff8a7244c94b,2,False,True
xes3g5m,0f86090b9f88a6d5f4cdf1a7beed797c8712d0a67e9a706b4757c898de3cc555,2977f715de65ff75477d92956a2eb89117f719e94f588862b8f2badbbb98c68e,2,False,True
xes3g5m,0f93d3bea8c5b7a7eef72d2690b079c6c9110aed07e04915c403024d2746809e,843921f037193c39332e8f50fafc0010efe588ac90f41fd3d56718bceca943cf,2,False,True
xes3g5m,0fa78ac9e9e0fec854e729c75e92882ec0850405823e7b175507afbad9f27772,1d62a5d5ff05ab56f108ab09769d782997963721a762528d639b61198b8c0c71,2,False,True
xes3g5m,0fa822389719d378eea79202bab030424681f31f26cd9e2774fc54ac40369792,a0d47d84f41b56bedf3402448f288e7ed42ac93aa7dd56f6fec6724cd6cac993,2,False,True
xes3g5m,0fb41ab5836c1a9ffdeac3ba5f6310388361e29a05987282eb0e2cd2cf2bda00,bab5d437f2c3c11efc57f3ac52b3d28e3b4747b8beb81b796b3b7bc03e4f100c,2,False,True
xes3g5m,0fbff90496ed1765936f452aaa5969407205800109fe77de0e4b8ee48c2a4374,7bc03f059b237a438a740954233d324ebc0249a94528ebfec41195c95444b199,2,False,True
xes3g5m,0fc96ce6870f6b3d3ecae06cb94cf1a02d1d13a3ff8a1505be9e35eac192b939,1a85fdfdb33f708c3c7ff13eb3b4ff7f1d69aa232f42b3226ef42fbe270363f5,2,False,True
xes3g5m,0fd41a20a61b930b5b9642e9367ad529ccda2f18ea687b82052de61e33e62b29,e324d2fd9c2d3ffa6f7b8315d2e95d5948372019ccade918936ca44bde468a90,2,False,True
xes3g5m,1012fcbc0fd38d845993933cba7058e13cec382955475d301ac638679139e38d,ec810424e55bf111cd13c6606ba6aa1a3d611b5126491f372c86906f49044433,2,False,True
xes3g5m,1014bde13fe3759a88d8e2605454f998ac181b0400100de9ec2680b820f167d6,6e02e68cc7df6ce00d51d691c9f0392a50bb72b12e032344fab350f5e87f1e7b,2,False,True
xes3g5m,102c313046978876de7ed4177766a588713a809b96aa2cdb93aef01d322301fd,0dfb56e87108e9f62048e314efed1876c1c6d158c307927a521ef5351fbb961f,2,False,True
xes3g5m,1041e043ed942f113479906bfcb9eb37f8262ecd599a33d03d3487a1c8d13bee,f52b7ea0f530f6d33556929ac06adf511d0c58ab2bf024f748590214ee5e880e,2,False,True
xes3g5m,1049a45a3b150cac220bcf356c64068a11db6aa3481bcd0ae562400cea565112,1d6021f72b567d61d8f6763b2b55bf9c700064bac48d2cc96bf361ae74a5d74e,2,False,True
xes3g5m,105109a7e51875397b02fada931669a07fe247fd822f6d18f6498ff80eca8c98,212c21501087c30ce78b780851b13844ccb449c026658031714760b355fccdfc,2,False,True
xes3g5m,10778b3efd6bd7e5d40711cee9f4a8b2938d93fc6dbdf2b80bf5df5f1b88de10,15d98dc4784883d22be95ad133ff3b4c62bce5c57ba71a9b1a3fb73be43cfaa1,2,False,True
xes3g5m,108426df32906ad3a1b6b911a8cbb037df3d0a52a7b07a0a837b2e3400cf042e,9b7a4661548f0db15dc86b47b44285275ef45d6a579cd5ac214b0f9e250e1f76,2,False,True
xes3g5m,108d36bf57c6f587e2333b3f2aad74d8291fd793a83589a94f8c398f92f86379,fff024fc59abf1ce972028e77040ca8ecdab1d6c7f77dfa62c157ecbd5297b60,2,False,True
xes3g5m,108e53103d544e5d5c4b89e9bce3256054c13c6f954967135a128fe4f3e6f6d8,deb68671f139e4416ea12b094f4dd730019a1ba746a7a31992c3a5f56b121e00,2,False,True
xes3g5m,10b0d75ca6c01eb173c33f9acd3ca11863e7265c0a3a661e7f8885a3de81c743,f9babcaffe30a78346c82443250aa0c7b17bacabad1f515688e6bb5004184841,2,False,True
xes3g5m,10c64c38402b23278502c3560a6b8c01fc986a95142970b9b6c1ca1574e3b6ef,bfbfa72fb3f4326ed3f80f6a32b17182096b7711caec12249d54c4e95ca12170,2,False,True
xes3g5m,10c868b32bc60f762b707fc95690fa6e7ec8dfdf4b42930fbe65d72fb1c01854,c88d24ae3b9760b14b25292bb9eb56db772a7d2c539aeb7c8a3f73af131747f1,2,False,True
xes3g5m,10f8d0416cece330e4ea29d9bdac03d38264da0c3f1ddeeef28bf69f89db06a4,88fdaafb44e510f019c4807ea294ddf3d5d2977b79833f64e0cd02808b38e4ec,2,False,True
xes3g5m,110569f8070c6802d732d792365c085e60ac62d97146e13383b414072856807f,e5ec2d7689d959eec39cb3feab9fa620ed546707ee8ea87fddc9c02a513fe4d4,2,False,True
xes3g5m,1108be5138e6e8967365b8e9706248df0429efb1dc578edafd9b2a26a71e8898,a58bd7cad4c443a6f43d79ec0fa965abb6c02eba879d0e12ef27475cc34fcf1a,2,False,True
xes3g5m,110ffb91f364bf0caaf29a118504e08b8a636c1106628fe8a8041860499f9e6b,6e424912369021ab53117def01e8470bc12d7ea68709feae7b4bc957f6ace394,2,False,True
xes3g5m,1114223d2aad3b708d6b3b293e42cd2f8049c090d71342e5f19b0a2a0fe9e208,9c75a81fb0f0032993789eab2a675567b40ca0328d85ca9333e8633970e3789f,2,False,True
xes3g5m,111c7d3c901f93aad2113cb8f0928aad1bfb7a55c248b564d0a1ac274fa6be90,34aa7aab69e753f2073eefedf7e5eaea474148d552d7d13138622799d8f92e78,2,False,True
xes3g5m,11304773682e5390d4d86f6ef22e6a703f4aaf6e95bddbfaf8c9824322aa8382,014606257fa26eb7e8241392338a006abd61301dc171de096d78b202fa541078,2,False,True
xes3g5m,11430fe6b616bfe879d989ba41f7edcc8107b08332131c06f8894346ef6d09f6,f4a8af69780d971896f476682767bc99b31d4f64cbb5f265300f565cda18cd7a,2,False,True
xes3g5m,114a84860755a7032076cc7f1ebda4aaa2801a2563b31baa429bd3eaff880654,baffe6028e46115436f73c539c4f745ca47f6719f1d7fc808f23b2f36179c32d,2,False,True
xes3g5m,1155d347b58e905383fd6fd61856a6638c4c885471a6b98aeafbf03a3b136338,882d276ebc7b6c4f7e8ff1dabc82566b7ba786c9e44c6e9a1d1bc80699c1066b,2,False,True
xes3g5m,115fc3f0d887019de6323d24eba6613757096140c8502c24b19f8c0a0b5d6915,8ea33be3690df90711fc53d905495ba5f4277172a2a6038ef313c77bbd72135e,2,False,True
xes3g5m,11642646ae2eabfe79a92febc40d92ea1cb0233d492491853cbc68d9e32e3fa1,dda7d2165c7e7b0c1c1c89b4c10b22b0cb75ee428979c7809b3da3f96b99f075,2,False,True
xes3g5m,118cf25e5ef3d389314b4c95916a917c4e1015ac87d9a165f798f88779001dd5,728f3e58e2a60a9e53e9952b4fc94f431fd200ab4b5005058619209bc2a0ce37,2,False,True
xes3g5m,11ae70444507360bc4154a6394bcd627f0ee4f4a93eab5e7390d10eaa28c57bf,7785e6cd1d95d4cb4db82e4fa7388a8c82a8fabf73b9e66abf28b20f54365321,2,False,True
xes3g5m,11c74f50c221cac9497ed4eaa5102083dbd0c035458ac44495a18b2ccb684414,b77712845e7e90d0d9e2ebf5073df24e0fa9cbc45295ab0c1a15e84ab4a81222,2,False,True
xes3g5m,11d0bf60d19740fb396aa316f12550369c47daf0575f29eb2e33acd3bb621a1f,df26941897a0229b25eb5a8f90a8e612e7d7bdc757c5b482e68ceb594a200522,2,False,True
xes3g5m,11e2c5799584d351ce07c0bad90cd5ba557e0d4a214d5ca56de449dcea594b77,38a326dd83097fb9b1e423939d2a342057218fa98e3d92d36a45a7f69f5a8e84,2,False,True
xes3g5m,11f68b8e26ceea38ccc99f628c831bf06ee695557f5f3967d7bf3737a7dced58,2e04da080bd80e54d431d2659f7736bfeb1b85bda7395ac785ff2d53d761ef28,2,False,True
xes3g5m,120d4062efa2de575baaae79c7a83a922fef0ad9a5951e326f5e43a53a107be7,ba1f6df7106f888410fc858b4aa18a83a7e13b9e612a9abe77e604fe3d45eb3b,2,False,True
xes3g5m,1220cf01d72b6e3d3cda956bb367497df8fe98707e832f420ddda8573c241b38,a312187ff7bdc37586461f09ab87d40c5b04fda027e4bfd7c7f40623b0538702,2,False,True
xes3g5m,122894fde0e84367e48e24762c1f17d333237fdf5127cd6444f4f8c2db1cc866,fa95e4a604bcb44cef6226394d9be1a0666d3e73da0cd81c218b14d5f13ee549,2,False,True
xes3g5m,122a4e2ee5c270e7593e5d6cd25c012a34e40d39253716b7894c4b315c74c883,38f8f44b99979e4fe0e64d5a85288f1eaf1f825a8a77ee2ac2de032cb258fc3a,2,False,True
xes3g5m,123c615fdeb38401361ac47b6b7b15abb2532cf3111dc5fcec3043a559ad8283,a955f331a2118711a7c6dacc59b374a6fef4d1978a9dbadf097eb898e53894d4,2,False,True
xes3g5m,123d563d3d8938b6b27e4816529ccafadb9ee1640ddbb8b41726400d56041e74,d522fd97de4fb1e1fac4ae5de38c3551a81a4a6dcf648ff7a74cbd2f0dc0bce4,2,False,True
xes3g5m,124df56efcc210b769a24ab4a10d6e0010fd15dbb42403a3aa8a8af7e9ddfdd7,ec3cb87967f0bd3a24afb96c26995daa2ef4e99757dcca53eafc430c6af978f2,2,False,True
xes3g5m,126c04c3cbee6a928bdb3d8d331baaca0fe06c9011b184798cf0d109e3971f7d,1e52be49836cbf0bc8dfa7e29a22849c1df3438c6449eabdb5385bec74ab63c1,2,False,True
xes3g5m,1273bff6eeb95fc748853f51ec996af83ea6dabdb1979234de6f8fe4f589a23c,d0150783a74b6a8f828fcbbfcfb26cb1f104d1f1d94c56cbcba48b5d2f377b0f,2,False,True
xes3g5m,128ff46e30a72678f6100f85c663336401ff15b8a80abfe704327a737d3fff57,31393a12b04f6b13b6f483d435df1ea0ebef76dfe53d38ed315215780d00485d,2,False,True
xes3g5m,12998c7876b028f6eb3bdcb358a5c5a8be61a61dd0b0581a0e8d444bdcc241b5,12590d17d6cdde28a2b574a34aad75dea7b10f884072938b2d2a48f9b3412adf,2,False,True
xes3g5m,129d41c3a89d49a3b6358e1d06a0dce4734e7df4ccd7056bd8ed2046007965a9,5b73cd4b347ea642c44d344d1f40851bc1ce7fef9edc9640c3f9b5546ec6f76e,2,False,True
xes3g5m,129ea503ad1fc5dc52af0558677efee5a3724ab82e2ace0a47724c574adf7ab1,4c67cd843eeb824d05365e1462a4cd08de70b1582157ae425d5b9f015563c81b,2,False,True
xes3g5m,12a55be3ca0ca168ffa3456ca9b249a0bec0db9890a20127e854fe55f185581d,c12f0b3e3a0f07148ee4933515afcf36dfac9b1aa0d58428b85d168db336e0ae,2,False,True
xes3g5m,12b1c2efedcd5553b9f8fe25a7a418f6fc71f96825a0ef33210e148f4c7a332d,b8766874f8ccfb9b9e35c861bbb502864720dfc62ef60f4c12685ded5fd08918,2,False,True
xes3g5m,12c4bd5a070aa4c1df513c08323c17df24d86dd974878f2f395f5741fa3e835e,6781f0f4dd7cfb8dfef86f8302c0ae403c707e37b3649c965101b651d29d7b90,2,False,True
xes3g5m,12c9cfc500ffd30c42d46d8e1a0ac8354e98aa6d4631c5d2d603b07ba86f19b9,a8729e548b23daa5a6de82fabede567f80d37aaed2947cbd436a4cca39d1eb22,2,False,True
xes3g5m,12cb35f4c4c970ebe0edef9988f2d7e42d16729ef75def139d22d1dc1b1bb6c5,75dac66580c70e42b19f77eaea0e3a14aaa5cfa80e36dfd8f26828d3da0f4b19,2,False,True
xes3g5m,12cb9a68946bb18773f7fc232fd655ce5ea086d5fc57595bfa0dc243d39d239e,79766e29ba958b36fa6462178647a951c1195f6c834a83b8f4ec7c9437905e20,2,False,True
xes3g5m,12e4e8b56d56250df3355f5c02f8cea6fce59c1befd9d767cea97659b9893222,53c4c913a1538c8ff1f2371b2e3b4ee711b5132836b39becede9c435c0b215b2,2,False,True
xes3g5m,12ed2eb71d6fbdd88f3dd8746b5d05008d4a62a800928176ed0b2739eb1512e7,071162d39b572a505a8972a0d2be4233a29baa228ee13a89f93ece7ace25d66a,2,False,True
xes3g5m,13003313f2434dc91874ed881b88300b005e584b8eb391900f962f189d000045,c1fcd609d87186cc7cceda3bbe2dde70e4985b10176ad0e187950608628b8675,2,False,True
xes3g5m,13085262645e7ce65f4fee2cd378faaa1ea3faeac4804a04de6fedbd003af9cf,8470908f3b801a39e04e313b332038e282aa67aede674dd0ef028d4de3ce367b,2,False,True
xes3g5m,13172f5c2a6568eb90b92abfbadc17ecf7dab4280f51a10b95b9c42fe8e63d02,9e07cd773f661bf9c69a6032003905a3d8e14f37169d79f17eef2ddcd51f5195,2,False,True
xes3g5m,131ac2f26052f402d11ab2a260a2a83ed2c0e276c50948ae982934b7cf142fe9,78d696c9f8ba5940394debd3d4383e30d57d10d875901d2b148b718a039b1586,2,False,True
xes3g5m,131ec3de48ee61c1afe19d409c7ec23dfff589df590f87467d4fb45cf5d09f61,1aa75bb6216327fda42f5a6d21f49bdf83f7dadb0a76ffdea04118dfb0ff2bd1,2,False,True
xes3g5m,132b3cc67b0db44c5c2142b7d96b172eb808c1a876235ec59f21b0cf71829590,d262c1c6cba3d3edc076381432103ab5434cc4deaa9e3e6947247c560f2527b2,2,False,True
xes3g5m,132b597f1e88bafb63a84e6983e20e05bfb2106208b46dce93b80634619d24a9,b05166b510f0cfee70b3f882ae4dd4f4b61a7b4abbc70240fc7373b3081e94ce,2,False,True
xes3g5m,132ce9bb79c2278765def0b7539e5810d760870df3d2c2f0a92cb01033bd2a20,322c069e953292af4f0fa59b22041b4386acdcc532b298eca4efe2e0e1736c97,2,False,True
xes3g5m,13351b4eab747a43ef3a6db95cc43b7afdb65d92d6c0f45d918de0944021b800,cfd0849b256efc0914f51b766329f0e0b9de33db3058e948409022ede07c8be4,2,False,True
xes3g5m,13522073fc8b1a5af803dbc63f74a7f6131d25f72b1ee7903aed26a4655795f5,363af0175dae80888bb7e3313dfdc199849267bddb6b8385d17c4e067eaa204a,2,False,True
xes3g5m,136e5bf139be153f3fb04fa529a50a6ec7e325d208c6212b23e6dbba623c7863,f40126276cf370b920c01842d573542521b5b3813a31feb0f3e3849d154b134b,2,False,True
xes3g5m,1396bbfba3654f52a679fd471eea568f98d57fb46824b1df9fcc63869d1ad316,d64f112968c9604c9da2a1298a873f7afd1e992f27f9744c67f1fb5f011eb725,2,False,True
xes3g5m,13b209bc5fbab8b8dccf02f7481008f27832d0a0440370f300d84279cc693e2d,3bf9eae16f1b17600eb7847cba31644b114cda70c6232269b5b3b435edc701d9,2,False,True
xes3g5m,13c911bf73c162f321e2bec8d4bb9eb42a573aa8e25a5d09a59a2c1c3589003a,4b785f6f146da3e42fc80314feb724fbbde9a251cbec243a2c26e8a26292c98f,2,False,True
xes3g5m,13ef79b2b83978961b7539fbccce504563afb5c3a61c2efd22049845d380b3bc,5ef91c37061f70fef47d85cdc846e52d5b2d1957c7102f56bb591e18d378b21d,2,False,True
xes3g5m,13f17c897646fdeb9625c7ca1db3ffb4e1887c4d90afe251830be729110b60db,f0271feb1c4e246f9f087ee2105a8a325c036a3f2005ddd83f10c0bdf59e0e16,2,False,True
xes3g5m,1402462d2f10c6045bc5d0271598753481d790c4a771ff40f41414b1b5d24ade,736d14ac935ccc60ef63c19c546245e99552c4f01f241def6fafb01d29f11c0f,2,False,True
xes3g5m,140cb738efbaea86cbb284d32d09855f7175f9403355ad97adfe3f38719e661b,2d83758f84ebc0e207a04b174f10d970610c95da226486ebb001eda48e014add,2,False,True
xes3g5m,141f013c715bcc1e2026ce9c83b2da83aea643a8f9a2f04beed35ff46e9ad4e8,c80702d7120fc319d03ecbaebaa692f809988f5c9dc9a60be53464b87d2dc29e,2,False,True
xes3g5m,143b2eb7097b825656be1743bb6ad8ff426b7a3e37cd957d736523075308f992,4654c8df0be897aae19d0bd1e01c5d37a6487e0624045d3f65c72cf459164c72,2,False,True
xes3g5m,144cf59859a93ab29c05e2239f6f65f7717f48f26d228c76f8c574401efae3d7,c513b46addb1e22b2c2f26e6e246bf3bc8f4e5b9f82ef3b9d7c5603baf0842ec,2,False,True
xes3g5m,1451cd477c12af935abbd01d355261518e4b42f313e828eae95e6b0c31b02824,12f8fb225f353d439deb87fb6030d4a0b9bedb585aa5552068dbdc00e65ce14d,2,False,True
xes3g5m,1452515f24559ec76a36ee309cafa9522b6906fcb8bd73826aa17118d4ff93c3,6fe4e0de3001b9e4af1e469dce99726e976c9b8aeec5d54ea4b41ebf11924b3c,2,False,True
xes3g5m,145468ccc2c1dbaff08a6964c7fc2fb3176c3201549719c30d0289499814196d,c53daa352121ab642b637445f0065c1c34b3b03cc581341eaa93c170395c3aac,2,False,True
xes3g5m,145b8f52540969996079ef303435cf4cd2fd1fdb8c1783a45e435af90ca8fce5,f2c0711ec7a28cf469978b4ec9f6a40911272444a638f37ddfc8df1a99ceff12,2,False,True
xes3g5m,146b8588fcf5c2260924376eb298d9b633fd2e10c666866ff35a4a528b0fdd28,61f7c342490b9b45dad7e2d6742e9c3b5e9f56972bd531926d73ac5ee4fa1317,2,False,True
xes3g5m,1476badf823af295c16c006ec9f2f966b85dff324b60cfc601ba3ec8d61ca06e,1ed364c1a9cfacf84d4341556ac03d49aaddd94a48c59d5f21cab4c7f26b8bd7,2,False,True
xes3g5m,14781db702c6b4c71315f8b6ea22cddd04d7702a8049b61a2a926edc39264c80,659e7e960255767f7ee2494607ee412ef05ac9d970b9c832907ae71a409f9a96,2,False,True
xes3g5m,14798b65d99dd73a1da1da716cff3a3a34937b634586e8af86516043b6a76bb4,94ac45383829e0e97e43c41f642817e9a8ff0e9b4a8c9fa92db7fd4317444681,2,False,True
xes3g5m,147b2b1e09f1e2632c1162b2c88ef560d58eefe9f70ced484c7fbbd55e98bbf3,9815be2f3a9438e7d2ba1da1470bbecf0f1a4545fb674722c10508ab806f2de9,2,False,True
xes3g5m,147eb2ac12579a6f4eae0486141d3670bc390738912b7bb0c865c00ca0c3462a,3f6430fd77ad9c40801594359a53923e869c71e79ea3297015b2b4c0d3112e95,2,False,True
xes3g5m,14859f4673f62563fb553eee963df57681de27dc0afcb35cc48c4ac60f3ab6fb,94abe4856f1f68e0188bf651b2c2e9e5a82cdae0965a5de91db1cc1a13f12cc3,2,False,True
xes3g5m,1485d5e505c941672019004487d17785489b7e7a00d561de6ff579cf09ed1721,af12a46a51b8321090ac2a3638dd1bc2bc015c2687a496b860e1de6c6f309487,2,False,True
xes3g5m,1497225202cc54cb3b1ffa58f0b8d0bdd95dced86437b17b620a16f0ad453558,4e8ebd2b42189bd647222d9387875df4c27ba557a5117b91b00bfc97a8b8678b,2,False,True
xes3g5m,1498f24bf6e57f5be8049daa0783b64e45293a590afb8bc1bddd5346e268d6eb,51b3979e22aa20d5ff6f4baa420e728ce9726bb3c015245989f8d678eea20c45,2,False,True
xes3g5m,14aa8be2111982ecce3b8e64881a530012f83553ee73ce954599496cfd59e0ee,45ae9b7533a14b5c146d016f4dbaf1fee1331f09d1fcac4a325c16ded45ba27a,2,False,True
xes3g5m,14aad00cd9ad1460c4919f50a03f5ce9e597c7518c3d72da1492617168f515ad,7b2b6c0c17807080297a113c5f83862d8ff0328034b8d2f375238d13a1924375,2,False,True
xes3g5m,14ad5a36d4b51f64ecc684a53e5debc566f60a2cc89ba8c687f8e45c98c08e63,bcde202aa2f2bbfe67e7f03de94b2b5653d2f65cc54b50946f598e96bbdfe394,2,False,True
xes3g5m,14b06c5d13b515e814509b231c11ffe2378ed0ca48392fe258b47b94e8c03ccb,401ed00f46cdd6b4419a4b25b27640796d283d9efd5d946b12824cf082e80b27,2,False,True
xes3g5m,14bb4dfa535ffbc465c5ec99d325f55c34846676a7f461b68e49a1432ad49c5f,f06271be5e1d0616d6d3e09edfb487b8fb38dcc2f2dd3beb2f161f90139d9320,2,False,True
xes3g5m,14c1494b1d311085dd5e1d96695005b0c6dd797faf1e28b70ca9bd3fe3a827d8,c0c3d131c2da6f163144caf4f4a6a6995d2ab1c9eb15abadbfcdff828855a07f,2,False,True
xes3g5m,14c4a70f19d6f48d5f9924b7d26c82e33e1be113fc103d5d7550f37d72c2cb14,af009eeb193333c9db1608eda4f24a97fa398341b6d4e587d2fca3c65a98ce64,2,False,True
xes3g5m,14c5f3333bb86295d1103d6919449250887a5aafe0f3be287d9f74d28d5cb99d,1ec9eb4f1e20c3f19d08fc50bda60ff4ed1b07338a000b8fe015e02b7ef7d895,2,False,True
xes3g5m,14c92cf85d8b19f584743ae42ddb8b75278e8651c52aa37d96018704d6f21e2b,3a6fcbbf45a064e02c8e0791ca00179a6e7ea92eabbd201de69bc2d2fc0263d1,2,False,True
xes3g5m,14cedddf9e898cfcc700155036af55294192cf81b0f93f594303733db2c30a65,8b78adb96b2edc9ef5ea6e87b4e72f1c6b5a085a9bfc6f26a4ab0f0e114005ae,2,False,True
xes3g5m,14d14a510b37f6485064768764f5daab5d6b1f854fd398d9158894ef4c32a3d3,b517ba03a132b93dd6e8bed1e1c105d44cf411d84ea4ba89edf84a63ca797996,2,False,True
xes3g5m,14d781d9ccb5794ffc91cdecd0898c0c7b6db4f9835007bb1d2f3c3d2032adc4,f77803d746e2b061f053248ea0555d8902f22d849b40ae0b593eac57c538c37c,2,False,True
xes3g5m,14f831e959403de879969561f00b6d0c2de0959fdf78598e516d1f47a6fdecd8,7c2b87296a6711c03d3b81d8db157b89295fd6310cff7d38fa27bca9529171ee,2,False,True
xes3g5m,150666afa026d8b230448ab212839a84cce7d93fcdc9911881b8c5b6b17fb169,ea813f94211baad386c446d0bd5cdd6d632be51e13d73c661e234e120a47d93a,2,False,True
xes3g5m,150f45954511736e0205e43ba81b1ca31cf5721d9e268e2ded86908e163ab21f,de4874259d2104584cef70bee17d2c9127fd7ccae49edc2467376827e6e79f5f,2,False,True
xes3g5m,1518f87acc5920d2534dc1eb71839ba9de08d5b66678056fe9baf798586edab1,dadc075dc5b8abd73cc20c9ab579a2cf5c8bbdfe64692a4648cf92fba50ca766,2,False,True
xes3g5m,151a41170ec6a7a260a67cc10241a37b653aa4062cde37dccd9efc8a9fc0bdb7,d7bf0f17331abb068878f9b5d641ce73a32208b8935d0952b5b06acf4fb1a0cb,2,False,True
xes3g5m,153093bd70bb379e19b4386d7fba6084d8568253a14e4f3a7427fcc01e732fae,a6b48918b9ca73a1adaa4ecc0317123476655e18e7b204d026103792cfc982be,2,False,True
xes3g5m,15495b5b016437cc0586cb04eb78cc6e2fcbdb66e56746ae4abec8a93d788e68,59be70f183d7540c2d23c1d2bb57408333978ab0c474334c54212f983e7091aa,2,False,True
xes3g5m,155da41304358aff6bb06b2f1ef04bb106baa607768999bd593261d14b4642b9,1d2888afee5d4abd2c10d5a02ab39607ac29a84cbffd2c67aa9613a3d74696c8,2,False,True
xes3g5m,155df7014808fccf17ae95b1e6ed6851f5478c92167ea9380eb7f7687a326de8,d5295fdfe92789b8cf52c50e4fcd9d994ac5ad88f5fc62cfa768b5b7dc3ff08f,2,False,True
xes3g5m,156361eaa91df27690c70a24a970bfe8a7652cc07f919f91cd4fa043e7ac3fe2,3fe5f38c2a092a1622a7cc90dc410e93824623dd0596885d1aca3ce797459ad4,2,False,True
xes3g5m,1565e085d9864cce7da98b0f7629f737796285ff5084f5502010b4f05830a3dd,96bdb51b8f5742cc62ccff047e6f9832fbbc5d8ed7d05fcfb1b6b605ed5388f6,2,False,True
xes3g5m,156a6710fc8584603eeb24bcde4b3dfb6fb65b303d78757e8b18814797de4ed0,7d0417fece5b9c96757945f1675334157f24439b86cd5b67567b2573340acc77,2,False,True
xes3g5m,157623b6ebb2dbfdaf90778152bf924988cda47ed4783b87f6e50c40ddff6416,06dd4c440a7b1f29a09d8562d0267165a78fdb951ec5ace6dd5b903bfe019522,2,False,True
xes3g5m,157c443b155e6c3c6e9046d6ff779ab68162fadf8880de1a8611bb1796b6c462,cb88a197d13804e0f75134d95b61c5718d8d958ab4d9074a37b7e47452ccb8f1,2,False,True
xes3g5m,1583d4b25579f0d602109c4c326f40493ca4b777219485479081d8f8dbe03c3e,3a02a06624eab9fb2b2d0b88d21fe997d12dce0db8ba4e326dccabc7c8071022,2,False,True
xes3g5m,1585b1ac5c6203653facc35aec14b39ac8804723567ff20a2727d22253a580ca,a34345064fcee6d5dac054aeb2647e93c777d41bb3f61cbad9a8801fe79498ab,2,False,True
xes3g5m,158f29797de3e90f0eed5db49d86786518894ee37169a68397706cf68ee705e5,cb0b443f6ea4a435ddce1af3094833ab72782a6fa9ad473ab16747b4f1096d80,2,False,True
xes3g5m,1590e12100494805f82f922d86287abff2f9e30bfa3a101b8c5aaf451d9f03df,90cdede8ff1b595f61064b714d922b192427af57280c3cd943e53f6b5a64ca64,2,False,True
xes3g5m,15a359ce4c1c843fa09a2c99539668bade2a4ac681f3798ac176447bf258ea78,470d69bed5b689cc30ca36b4d6d99c611e3df1efcdf9c82f6afb95ce26e508a9,2,False,True
xes3g5m,15bc2608a162e9e59c031f6d6150590bf99f9d408badf7385bb890612a183f09,5c8f54103cd20ab2316e25f9a35c7f9d5b29dcb2d499146fc14be610c651da80,2,False,True
xes3g5m,15c77556e3f3f2ac2c986e2a9cb9b7526b2257a6b2422397a9ecb54e4f4de9d7,65d304751f56bb05c209029a610efa5dbd388916a1913622e4c1a783b42fc91d,2,False,True
xes3g5m,15d8c525586990d2c36c51a63583ff6a05268c0e9e917610c763a544f1e745e9,3340889e6b119cf345637fa532265b5406d5b74ebc078d4f2b2510c68aecfa67,2,False,True
xes3g5m,15f2e30c7cd57183a0fe439bd663ed2a3ca625bd9854767d33fa7c69c018b344,8e416096efc3b594d609133a95838756b09f73aaff406509e3a1b4973fcf56b4,2,False,True
xes3g5m,15fc17f566d24eb973da60209d7e326e39ec26575c92a541548eb7d4a05407a5,67972524cabcd0e44e23f2dcf34ad21f34387ec61e340930d6bc128f62970078,2,False,True
xes3g5m,1611562cde4cdca260847dca57d1c412414ad44a69819da0acb11dd6e0886614,7dd8119b05ac9d69603597a9c03a0e9ebc836f8ac78c2557d78bcfbe2d8b1474,2,False,True
xes3g5m,16117a313b5c7db62048b95756f649328d6314809b088795aff781b816dc8218,4e56ddeda43a1993960709ede16cc4b8eaea0e2115985840441b043ef584cf9e,2,False,True
xes3g5m,16243db8fb6bcd682afab28d95b457a464717443b97c3e1b5d0f5e7a843e5a79,f493e1061c8780e68e5f273dc954138b4ae116cf435857c562665ef2352a33d0,2,False,True
xes3g5m,163552e811e602d7a81f2e6941e756a1f233b9d340f8dde3bb4bc3e60f0f1ea7,4843757cb5f8484251ce3c45689cd636397787a612be112ef45a7b0e8d7c62d9,2,False,True
xes3g5m,163ac3761991a893156050cb298f0ea2e5d15d62f7168cb19b15c55ac17a1ee3,78108733c1363dc7d149ac2d8c00d8bb16d8dcc51e1391d47ba1027bc99ca32f,2,False,True
xes3g5m,164fc9a5e6c315a47864c8dc9b57d74ec3641608b7155f0a377ace112bda2dab,a71453e12e87d707339a9d44629036ba0d55d62a8f9de6e9d8c0a876ad03749a,2,False,True
xes3g5m,16579c877e729fff2d3a8ea527b425c1c29703f2b8b3c9941160bbbeae930d2c,99dab51c8747d2de94adcae329806f55b5bbdac5d629bf3cd7624be4a771c92b,2,False,True
xes3g5m,1658ddffa246bb041767ede4a723c130ff3834bd358511a442e270791bbe38c1,47ebaecb4aa783b85c4ccfa867dda4b1f0e0bc2da2514b7da1f9329a558516a2,2,False,True
xes3g5m,165b514e20cedeb48f87caa18b53a1847a2d795a02998664cf65fa3f549d491d,381d5b67a80f903251c0861fadcbecfa2dd57820b5d13d0fa720adba1f45cb43,2,False,True
xes3g5m,165dd74cae13efbec8b1a108ef498a6feee6f65c463c22102407ed1a9cec99f2,c846be64f09d83fe28b0bb16c0653e26af2a26a418ece37a62178816aa70afa3,2,False,True
xes3g5m,166ce5e49eed8cfacd83112e204f56b17c8ed1d21ed0030ee7458452f442a418,f127481e9c1f34ab81102c3e8493bab43414f577a2285a779961acc2e20b888c,2,False,True
xes3g5m,1682115c0de25f4f01007162c5395fc1aaf588a5a930d8d0a1f6e1ffb304c3c5,3231a02652dbd00a683318745f92eab9df2f01875a02f5b840cb7428eac151cf,2,False,True
xes3g5m,1686cf83feba6e6e191e4c2fe753c328abc2a7ec72823ee26594bd2c35ef3d8e,a7be84e1ef0ae64e9b6932e8a42a6d8e150789afb316f3aed78115d0cf215d8f,2,False,True
xes3g5m,168fa906ac097dec6d12a58d8fc5262398080e5ff5e4e3f2212d4269ca7b0b39,800ca96e905f224222f6e3ffc7940dc542bfd925bc9b844343c87f3b1960bf0a,2,False,True
xes3g5m,1699e5cd7e4bb53214143a94d83df7bb18e7468961f27251e8f4baa92f712c79,939434514929e493acc27c57a57e88c45588782e3a08c4a9fcf8a13edff07969,2,False,True
xes3g5m,169bc10dcecd393920bea3e5813db4c522ce2cb81a5ddae2cd3b0a804196180f,049074c6316ce882a5548226ed4cb0ac6852d0ac2339aa266fada014375bc7c3,2,False,True
xes3g5m,169cbe4efb368fbc0395d614f2dc048286c5a588a39e52fce0e40d944d536133,26be0a21987fee00805ac31bae177d8650434406bde1bf4b24e107bb1628bdc7,2,False,True
xes3g5m,16a731743ceae1869b82fea081d956a6792483016b785d13bb486f495efe2373,60f6c8983c27297e1b5235c22b3dfb7fe58a837a541237d8fb764b31d284f5c0,2,False,True
xes3g5m,16a95d35512641b111a0fa873393f976dd00ab6bc2e5ad1f5a74351571eeeb85,56c74d6f41f8c7b6fd1746c57b195b682ac9eba17c761b3aa8ad4acb4df93d16,2,False,True
xes3g5m,16b1ae7bd13b657cd7f980d6b9ebe8a627a4f5589ea7f719efa38c8a656751cc,25d86b9279ae001b7fa35d49f5250da9515ae9737fdd5fd9f9e6d33ae84ef0d9,2,False,True
xes3g5m,16c84252ce38a54a071f14fac8d2305c307cfcb1df8521ceda5b41b06c22e393,d69b41ef0691f1103aef43c9bd09cd423e57675a264758c49eedd973ae446f61,2,False,True
xes3g5m,16cb05b75be1e050d290a2b683c3db81e913856711f9940d8083a484bebc52cb,049eb4b9b51765b0791fbbac9de89c7226241d7480be53395f947baccbd175a1,2,False,True
xes3g5m,16cb70e1435c3afb42de3e991c08dc0a15209cfd72e882687453969e526c7697,022c4ef20f9338ac9bd478116716517303247950cc4b8b03b850982f1909d24d,2,False,True
xes3g5m,16d54709178ade234914123307c7c1d4445d118d314d5fd8d0109b10aa7610f3,7732f7ab4a21a637766fab83b8310df979b546a51eb5cc34cca3bac63fae0871,2,False,True
xes3g5m,16dcdd8699f8dd6ab585f30412d6e862ada99ad1963b95357cc4ecf9b9a32719,85a8d12a2fb7779ea5480fd90b981b711abc8d7515a97c2c1af64237b79d6666,2,False,True
xes3g5m,17177615e905c417413d76face26dff667e7e787a1302fcf74c7cd7c129e2398,05a11c9552dbf7276e0f8381015ba64ea4a2480b601cc3740c2f5cb3e42d2175,2,False,True
xes3g5m,17264eacbfec60cb90b878550fe37cc79907cc6d4adb2300d7bddc8f6df17ce7,6cb42311424a184b394ffa35f0dc2842fc1a78b7b85dfe83bb93bdf76088884e,2,False,True
xes3g5m,1730b8047c828f7b18448c1dd8e1cb4269f32a83b9f8cc1aa51f14382739ab85,2bfec40b07305aa27420ba5e8990f92512ec47e2e0b2ffe1708ace90362b0bfa,2,False,True
xes3g5m,1733c3e106b712e84a26a33c36a620f73b8c28cf8e0b9925a2076a16659dc006,36ab431389da097a45d3f37fddc1d368110c074d4ca533e74625a9499f2d3a1a,2,False,True
xes3g5m,174ac5285a62f29cd5e312a837e70f737efc5f597b6e6b14099ab719f6ddafd8,3d723eccdea9b30ffa17f187058c77348d8702274d699f278566c4d1b65b2975,2,False,True
xes3g5m,17517333d56078f84c705cb31db5d0fa97698fe94c22e39d9a4fe3e1c1fc835f,40378f2a9219b81f9dc02cf633fdc4fa48c68803435bf6652a9b38a152fc8fe6,2,False,True
xes3g5m,175d04a976efc40f1fe10b7af4f11239412dcca3a629d3b9e0ae2b228dbf885c,6003beac9591cb22c47fc634d27586d6f6c1cad59f535cfa1cead63a675a3b0b,2,False,True
xes3g5m,176a084c7685019604ef9c937b5aaef5e6f7d5b065900931d5379654252d2a3a,ab5ec8c083ead87f9df14e235c568e922dd2464b9505e0d8af5f6b0fc602db89,2,False,True
xes3g5m,177ad9d4b33faa30ddf0856ad91e6d7b511feb6084c86fccf9b7c23766cda749,e93dc193495f2527479c0489709bcabcfa9a0b78b014fcec07ed147b8e99108f,2,False,True
xes3g5m,178df6551783d872e992f982acf997645f9eacdfab18df455ee08ab54f6815a3,004f61087bcfa4b2720f95bd4090d599ddaf51f041156f9174aab98b22c76667,2,False,True
xes3g5m,179a606aab5a65abc595f4e6595f4c96ed8f697083095f81abd0c4e0592db6a8,9a019d8b57845e19b106c7f06b0f4e83f32bff76313c872782d135f02e799019,2,False,True
xes3g5m,17a96f9296f55553caf600c28c85dde19c46a3057ced916168a7e43f34ca4ebb,1c3bb82e45e6b65661e9de7880568902719176c8f0766ae30222bb884d2e4b97,2,False,True
xes3g5m,17ab035ea93ba714942f14b51c9c0320bfb1fd9268d595a8e784a092d5482580,0757ce59e3e823d4647191e0af345cd2775d8a7d8602f3dd3c3faa6951ebb317,2,False,True
xes3g5m,17b5356b893520377e9a445b21ad0680da997730476927305b1018a33ec9d5d5,3ddebb6a58f53ee12cfd8d9a1ad3d43de596f61e6da15801890cda8380327afa,2,False,True
xes3g5m,17c37d97db91a3ae3838068f04d537ddb77e73d431b90282c6ed474a5ee5af4d,a384dad862c19d76f1c8759c2a693d34154044ddafa712f38b30510ed06af2f5,2,False,True
xes3g5m,17d3092f374cd375102db677311f684ff9f5b5eecc92c552e9b01e19f06afa9c,39cd8e24ca320b362f483271fc3c8eef6e6acaa5ba0cd738dd439d83b68b2041,2,False,True
xes3g5m,17e39cd029ec3e84ae4a89e951dea814972357d47acf17f0e36e2666de958f56,6f96a20c9f1b7c6bdb269a875ff5b6273ae9ddb51ee1ea81e06a9848c0a78e3b,2,False,True
xes3g5m,17e783f2218ca521b754d04e8aef1b01f01013dad34e54e5e2534964dd95beb4,cbee2874f6f0c870e7ebc97a42d295e1e7aef41ba92361d24d712ae68919eaaa,2,False,True
xes3g5m,17ecc48cb925631cb94a2ff74ce7c17725304eef2f311e59bc398a550083ded7,e8574662a10e1b5a2cd37c15232aa164d43737e23d89caee27f22e3e1693bfe5,2,False,True
xes3g5m,17eeffbbee4b4a754d703fa46096435a6eb890d6f34dd80395c33ebb50f278f3,b199069f5a15889c3c1f4859760336aa890b2b99b970402a5027cfc92c6fefd5,2,False,True
xes3g5m,17fedab55e050953c7468b50dab8881d0984f0d21ec3daa6a47379337dc5a698,ad25dc9a3bbbf90a521b06049567cfef6697bbe9853e95947aca00f46e101074,2,False,True
xes3g5m,17ffcbc47ca7166b0a7ed3e256cb50992d1f9325665be916a19f7fc3c85181d3,4c46ba2e371f7a73de598c71b12b74dbdff29f8f0f5c1d3d1221024f01a5fb93,2,False,True
xes3g5m,180e2978421abcd355c19eb1249b069a220f2d6069edb9ef61572c262130fcc0,725e26e149afed3e73b686b0b8d680abfdd3c3a0e7a4d1d1e3720120cab59fa5,2,False,True
xes3g5m,18136ebdccc3feb06b01d24c9dc6d2605a4e167d846e2360e386736f0c1c0ab9,824aad20e929460a823c47d897dee6019f37463a0a93b4cdb6a6efaa0ef7dec8,2,False,True
xes3g5m,1833ee884dc54f496784d39041762f3f47c4b5dda4a67bfe1719898bcf644e1c,10022951746b8ffae71c77df903bc46fbdda808fd8d7480974701e9f71678079,2,False,True
xes3g5m,18348ab6eba2134691b38bde2735819c8f02dd92b43c37b85f8de90f682d3a9a,842ed52feef9eaa2b31d2e2150cb6c77b567622fe1e5061f2af32885372bf297,2,False,True
xes3g5m,1834ad8369033f794d9d48599d47e9c1a21924580af63d269cc3b21d8f9c6d64,bd0a843007c969ecbf49d9cd552bf676ef66c262750b40b2fe60a04396f36b83,2,False,True
xes3g5m,1834c2bac526a56e17fa4a7df5a218bfdc898c8392aaa32ad2bdbf4e34cf3aef,1c7c975aae6aabc03e9c5c00898ff363749010fbda9be32a6ddecc0ce6a75374,2,False,True
xes3g5m,18392154754962715528e226daa69c2e1548a62b830645722ebda0b5f04db7dd,f8f413519fc8d44404f343e56752978bb7c14a034f47c38d4ecdd2917861f248,2,False,True
xes3g5m,1844cc0572657596198d3c95bd89064f33bb6243c923da3b62cf75e51fc2e527,d23fa603f8537470dd5267eb54568751047981a32e79282c0d187491185d38fa,2,False,True
xes3g5m,184588f21a493e0662afda47ce9f4ff5187a66a61793db9d70365be8ebe51075,e2d71d10ef72505ebf75cd5255bef099fe109bcf53ff50781a8a6d41a439b509,2,False,True
xes3g5m,1858d1ffd2851af681ecd2cfe55f9637f559c738c1042d50c11ccbbbd09ff42d,7a897d895e6690f554eb9b1d71d8fdfbfa645feecffe979a66bb449884df45d9,2,False,True
xes3g5m,186cc5c430c72d5111f5ecfa513f6d2278281b1fae4de839a02639c7202a7793,8f00a9d5fc32ec607cd874daf803e1920806168ad7870113e54dad9fe2731af7,2,False,True
xes3g5m,18816015cfa1094a797be2ab339a0afdb7fb23d5a1b1a171eff26ef527d777f0,b816dcd6afb92af84bbd3ff3a7f727a10709887a09114c9a60d407712fda6be3,2,False,True
xes3g5m,1896158a7a8565f15e5390168e5c4b8d66e09b23670ccfd33e376add0082e389,d5783325ab356157c78b1f085faa23420635f295e3c7ba3ad4a1f55a9ae98ec6,2,False,True
xes3g5m,18b4cb8021b0ca85f860e2f21876f9e813a3952911cf5460c898e7189f0f5487,5f1fd9c28f28652dc0b317a2444123308d53635aaa263f048a8308527dfce6fb,2,False,True
xes3g5m,18b5bfdd3752e80c9538ffdd365c264a16da96af51437f585f71f8fa9ae0fbe4,e98691687ece2f893af2d0caada74dbaa90ee0fc9d389454bb8e1332e6d25f1f,2,False,True
xes3g5m,18bdfe1d5d9c64cded25e015b4a67aa1e47aa8e5827c1817b4e74de0967b39c2,b0c75de69ea6ed87e358af189958074114c592d7a5eb8251a9c1f5b76b07c8f1,2,False,True
xes3g5m,18bf48c536bcb66dfa975fa44805431ddc08970ceb7ffd2d114948a8e623c5d7,0c80c42c27a94b4d6297bdfa8caae909275d95a0fe51278ea1961da05250c273,2,False,True
xes3g5m,18cd56a8dcc49bf02fb950be0fc6825d30cb468d0203786f14fd4babc155ae1e,56ef1d612620a81e95610e01aa54439409867db93a75792df13349f85424be8a,2,False,True
xes3g5m,18da2c88ddfc1dd2deacb170b3ba0ab43d9d6c88116ad16556fb3e60e94cc4d7,17caf977e339f2ff1c8d6e863ee11fcd62b4f4ca4a8aa7c9e7ee444b0142cd43,2,False,True
xes3g5m,18f5058d1b465cbd75d7584595c1c6f7d8287652497e1d516f46788756666b21,7257bbd0b26370f37a66bc9af4876e7017d9609b48240844edc83bbc8a05528f,2,False,True
xes3g5m,19037dd553a7974ce4d3a32a1d552c963bd298003a0749a26503d9e74239af0c,e6d7dbe259fcd642452b96590c7fe44fcbc945e8a80eac114cde4400831fbe88,2,False,True
xes3g5m,190d4698e0f249ebbc3ec3c64c558b4a528e1d5591f51f7f99f2051cd1c7184c,8514465498130041fb88683b53b9ab8f0dc7b4bfb015510d79dd11c985d1cb28,2,False,True
xes3g5m,191db98dd432150d65cca98d3dd8c60d87b27ee87b2646da255fb417f4198bf6,1340d2b5b2fd4b48f42e6257abaee8a4a37a47c66b4826f1e32d243b9ba746bb,2,False,True
xes3g5m,1950826851c3d5be0a96ae8f6015c6d201246055fa8f6e3edafa5750adec08e2,ac000a0c08a6a397b101fce718c81a9c90d2ccd482454fbcd874f9610728c8a7,2,False,True
xes3g5m,196143da7b5f041216578162040ba7a45d00f864497f470d30463d593ac68e4f,eba02d91885232f69dea736aeb9f3d55c10996c6d02cd31a7f97c0f528aa283b,2,False,True
xes3g5m,19629982604f310f13cb9c92943bd4a9e073060587a546df882c1c1c3282515a,715eaebcfd945af5fa4f5b7b49d5095732be6ba53697ddebfa0e8ca18c084a64,2,False,True
xes3g5m,196ef04eb16ac0555bc6513b730238d6b69f73409d5c1a5f6dd21bf69cc97b20,489439a9d838c51b9485a76739b954fa91c0f3c1610911750cfdd9c7b694d518,2,False,True
xes3g5m,1975d88c1016b6d1e1cf15d85e6e61ec81ee77899a5d39dc33542ffb54f19ac8,c9cba6373abe01daf98c4c03df527b8ab25de7b099aa61ca5ad08db3fd7ed53c,2,False,True
xes3g5m,19835b7d9f439a9bbe440c34c2fd0213e5dd8333c7032483887082dddab96297,842ef08d5fe5919a4bb1cbaa7209e8a164e6ad4f82a33c5de1e267920130b9d4,2,False,True
xes3g5m,19ac61facb1e1d63bfc69df8431fef0e31b0221016bebe4c84cb7438ebc6bc92,1aa1407bf4a91f683a633fdbc473c7f5f9dc763b72f7096d84797fa39e70b6d2,2,False,True
xes3g5m,19d49f66aec2618d9f0e6f1233258e0911b00ed37080fb59ea4ed6106942da48,c32675665ff31fa3942b41a955ad72b3c3a26622e2cbd9da083175af227c4d37,2,False,True
xes3g5m,19d57b1c34b06a1bc2f652cb59d74b00b3a38159dae17e744d9458796930464e,0e69b332e4ce1ad23e81a52a80189f086dbb931cfc87c28ae8498a136ed94a22,2,False,True
xes3g5m,19d588ee689a8f4bb9790a3127438c34e57d6c2c4c0356228eceef806fcf13e7,4d73b92c55d14aee7ea267319e41323c471a2f790a0f59b1d08d10bfddbe12bd,2,False,True
xes3g5m,1a06f3f8dec0835d021f11603af9a19844a379bd4ce2a7f53bcbca788cb3eb33,9114cd6893430667779d4a9c98ab29549f0924ad6fe2af7756ed0677829c3023,2,False,True
xes3g5m,1a09c593e613af5838b629b7a0635f9974b54768e40f74cf0c55a36fbd4b6536,6d3e4f8fdab736cda57ed7097db8aba4e575c3ddc9523637b38837c9968f1b3d,2,False,True
xes3g5m,1a391b06d2010e36ec4098f855244d73ef752af88e0af2f97f5712b99d721289,7a6a3bf39f729577a2ec0bb90e3857d0145850de1da182c79c0d355e951cd186,2,False,True
xes3g5m,1a40908063f0e55246206d62a0923df7c67e5f1e79b123c1497b615df9b568eb,199a001b73a9919c6ed2d264a8faac2986ca1eee921b1be42f7a265ad99af85b,2,False,True
xes3g5m,1a4be7941fe733c87ffaa71192e7b6d0412d280faf65b72efa71287c276ffb0c,c68d37cdc869c175cbd245c42d7e0b7026f6f775e02ba893cf0bf09830bd02e0,2,False,True
xes3g5m,1a4ec3f362a730ec0deb4faebd0b56b9dfae7f5d23b7cc52a56040cb7912b444,9230c43f6f379aad47921b5349020279c50ee56f84eda43693b93b24be91a341,2,False,True
xes3g5m,1a621a260c25b9eb9e141b4c0ee970b2192a42bd3c8daf78fa6be6052735de2e,b2e765234866bf57c306afda1dc1610c96d9ee073612156167441061f2ac101a,2,False,True
xes3g5m,1a71a920f1435c985436de7ec2ac979f823f74f9fa36640742969fb0ddf3f326,7e02dfdae3f8e4a7873d6198ab17e0b4197d310ae89de6a3f6aa84f6e54aa0e7,2,False,True
xes3g5m,1a784f19147a158a0f0d2d48a9bbce15a605b13f61ac8e13bd1ff8ff23d3c605,e99b9fc400b08558b18c6dd05e135c280844453928fc4d773b4bdca9f958fa9f,2,False,True
xes3g5m,1a8797801347c7a87d96d2aec7f85a696457157ae911953cb2d93bb21fd42033,11560b1b135c9ea596eb44aeb2d61e1581fd040983af9932bbf2639ed38c59b4,2,False,True
xes3g5m,1aa0e8156c730a739624b31bc55c11fa1e5f5cdcbdc285f326a3395888af5bd3,e1cd9d3aaa830c25e6fd0a09f0aa6ee39cb8d9a5ce480bd339668589ae7c4126,2,False,True
xes3g5m,1aa388d9a8421796bdf0f6302294e023cfdcb59a453f5d9e5dc9a0e7414a9a4c,bd7898d9d8433a782508327c97ff240b64fb53034c2e444e6f7d885c903c0461,2,False,True
xes3g5m,1aa73bc674bab9a475e81022f6cfc64fd185f94252a010f0bf58687633f6ca97,ae3b48d2c7bcd703730b82c188df7f750d9a743dc10e59512efb0dee0293c694,2,False,True
xes3g5m,1aaaba0cfe9ef088e86b5506e89c3593ba7d13e06efddccccc5b6e03def9c0cd,eae92331b7a243f7b2f725c82a35380215c4c9a5e1513ac245e5450c37102478,2,False,True
xes3g5m,1ab387bf22d12b00d71775df57a31327c665514fde2402637fe3d279972a9425,d7db4ff7d44f039f7fe65239991c6c190963c425b174d26e503bdfdf50bfd9f9,2,False,True
xes3g5m,1ab560c1ffb187ec458d647efb9750409814ca08227ee7f5dae19514c9a47f09,c33b59a32b5c5b10779902dc82456ff590ac75ea4b08b19b0bef2204d0098edf,2,False,True
xes3g5m,1ac999b7fc3b1330c53cc3aa1a135a22f1067bd30c4654e00c895ab56dbd734d,2b4eab88c252a5d2c475e9042df9028d85bda92b48124dea8b057724db8e18eb,2,False,True
xes3g5m,1ad7934e1053a0a47677898c4b023268a7f7f45ba56ae9c16147884584f8c8fb,87bbc8ef404294a043c7578c509f9d49b2abcdf649f87b51dae5c962c21f7ede,2,False,True
xes3g5m,1aef6777465f02710a9b333f739ef19a8ee6aca232fe82351cb2a96fcc0ae68b,275e303245ea93b3573492e4d3f0370548b144d13a5cb982dce4576c3f326a0c,2,False,True
xes3g5m,1af1d29c5bd3b0d6f552f56e86093d6d1550be355e4d2bcfd832793736ddc288,7f6d6eff45edd2de3988a3e114b58917743680ee86ad7caf4ebf63f7d1a3a207,2,False,True
xes3g5m,1af7248ae126ad35706090515c0ff03b6912c49e32ee0fab11f58cf68a12c458,a250d8a18ea9301bd8c969c6af06e74b329db59e4bda59ea09666bd23857a458,2,False,True
xes3g5m,1af76dba5ee1d41bba6f9b258b06aaee9bab5b92e0ebb65b95b14b0e312a5b62,89434591ba55fe6d61a08256ac7ec65414e8a67115f4bbd7c3a8026da4639b19,2,False,True
xes3g5m,1b01300c849f4466de11bdd5bfd54d7b2f15031703a9d27fa3a9bf3372aa985c,e0717834cfaf8d3fb0dff9c9af2485f8f1b5f1268bc1687eb7497198fa694572,2,False,True
xes3g5m,1b0d5b038eaf86fe2046cbf122d31bbe858b86d55614cdd301f920d6bbcf078d,63bd33b4187a0f4d153d2f634af3c20658cc7e669c0f30fdc1372132748c7401,2,False,True
xes3g5m,1b1551406d098259d1a94eb9c8c6a6c63b99d18a22b7de6d38668fec7ab6865c,978beb7af4a284d09b55c7a2f7f732dddd1e8bcc5f7527e51756c0b8591ff648,2,False,True
xes3g5m,1b426531b65f7459802f69ec0625f50457f0724c3895bf663000284776993c38,0837fb194111e502f312bfba14f95ebad5af4a2761123d3d559ffef49c44f179,2,False,True
xes3g5m,1b4ffb37701fb8b8a3c6c65eaefaaf3db37ccab87ac7d9d00634ce6d49c1169b,3c4b0d24421158d0edce0a6058cfbc76dc48006f8488feb297cf83880a1bc0ad,2,False,True
xes3g5m,1b5195b54a5cf10fdb882a4ed06b977364ab9fbceed28dc8e374f8efd347a709,2bfec40b07305aa27420ba5e8990f92512ec47e2e0b2ffe1708ace90362b0bfa,2,False,True
xes3g5m,1b5324290e935634787abaeeedfff74ab13c8aa66e971b5b25e59d65ef82a9a1,62da5efc9e946e490328916114a19fd99ca12f03ef4733a2c257f887f54c4533,2,False,True
xes3g5m,1b55150ff84609ce554c01bdf901c6defb2adb35cfee8740eb71287d1fcd0fe0,7f996caf6abfb730c7e6110dc153afd8a439f35b516db742d260590afd350b7a,2,False,True
xes3g5m,1b567244a0a955f57207cdb5381283f555dd0b63a263b26a7d153f714020ebf7,2baf0e56652faaa7499a7090c9f4183b19d1fcbdde71c1f7434f63b069833b2d,2,False,True
xes3g5m,1b66f7269e39ab0cba9d39200c6a4994a480e61a1451b2cab4f8d9778702adcb,2cb940ca170e728c0396f6b91ef514ad7e1f855b92f51a86f848d524fc093c33,2,False,True
xes3g5m,1b6d69e2d44bcbd033ccd669ad89b7c434b23dbb810fff6da86a022aa9807d2c,fe276dff754c168574fdd2b40415b56fd5322c13620dbdb554ed8d43ca2f05f7,2,False,True
xes3g5m,1b84fbba554eb3bd04d9c8bebdc007df045ed81c195bcb684eefb4f1b260c3e4,6690101b71c003e55eae8b6f3ac0f11a8b9121c4c925b9449c90712d4834461c,2,False,True
xes3g5m,1b8e22000d1fccfd34d1d5668fd42107f16dbd69ae5ed8448fd004cac30b8823,9f818069cad922a824fe3f15463bc9696d5b12686f09cf3307478e3b62733f75,2,False,True
xes3g5m,1b982f54978cef04ccbe99c6f3cc257a741c832b7897d01db7d8b3b82064ded2,7fbc20eb4c305bc9ad2e68322c67ab486c9f9a44d33b4fc60237714daab185fd,2,False,True
xes3g5m,1b989df6c75230656d299ee2e751aa822c46ec193a822b9ff737760597d513b3,5a182b6fbd9d7ffe62c9cf04b3377c9d04847d00fa350a391b441ea429ca9802,2,False,True
xes3g5m,1b9a534b199bac6104b03f77e54934b489f3b0261eee7100eeef4b016f0e1464,baffe6028e46115436f73c539c4f745ca47f6719f1d7fc808f23b2f36179c32d,2,False,True
xes3g5m,1ba391e27d4f13e85314e6559b8b8e40e9e8b37daaa37476200b6d1b962ef20f,4f31d8a6c1feb56a4248963cebc33bceefe61c8644476143ee3d23fbab531df4,2,False,True
xes3g5m,1bb3aef109cd4a5be3fdad51e21727cd605102dfac81958d14228d074eff1224,b12e7a75797d96b2c075f79ca8641a67c341bfc89f7c59009994bae45eb51bae,2,False,True
xes3g5m,1bc6fdfd8cb65ecf5184db60944ff4c5e6674947d53e9eb4ff001b39ba44a94d,f53f43dc627475ec9a14b006efe966b5dddc588847ef4a220b61b9f8962a8f22,2,False,True
xes3g5m,1bc9afc648da28c783095956c08a3072fa80ca62e0251b7c661e83c852ef8ca8,9695815566f94c698998d3791dd0fd7495d1f84214a3779bab9e50d284547dce,2,False,True
xes3g5m,1bd74482454aa8048a483c45b2ee0719b088391811af94124d94c3f055f787ab,0684e1c70c690455640b99c8584f71a755e11125fcc10d4da76203e2c233f2ac,2,False,True
xes3g5m,1be2bb6205f46c5a1964796b5a4a6bdbcf2f5edf84597249ae1e356a4474a9c1,31f5745520d0ca2896330404e1105d1b08f0486803d35e91feb2dd6619a2dc69,2,False,True
xes3g5m,1bfec63e745fa9e99f52062ad8aa45fc8cdb6721dfd12883e204b34ccf0cb4af,cacbc24326d92d23339796843a30e4673dfc96768252f17d6a05cf85cbb6e4ad,2,False,True
xes3g5m,1c0723dd84eebfcdd824528daef83edac06fcad64e023a91b528e47a7a73314c,ca94e1771ec92a77c771eea1f55fa2fef43342a2bce90f1ca132e4b881975444,2,False,True
xes3g5m,1c18461b4e299729f06955c3d1b7caf145bb5998c14995ca2056582e9ae51cee,c7e4d27410b0c1dddbe103036cc218b375e682095b21663f550dc72bd914220c,2,False,True
xes3g5m,1c198fe5b7863898f1c935436738148b82e19db1db38162b426833fe5aca9214,40fb25817d7b584071dff7aa4dbf4d700d73b63e634b5afa12b7741e7e376c30,2,False,True
xes3g5m,1c2470a306913debecb46c20f103d38548e888e610db661aafdc0f09db6df7d6,ade2a722a9c3ace34a42ca5e0bd9c99ab8d70f814a593b33f9bbd53a662935c1,2,False,True
xes3g5m,1c2729f79783d856f1ca1302c4048636c4509bc62c918395fd0d475d83b60872,9e357a4a223a23c126e718734348692bbcb9cacea737041996825fec2193892f,2,False,True
xes3g5m,1c2837bfedf985e0fa20e5d65ee815eebdcc22b5098915f1048a3325b7abeda0,672133010b510672469a61a087f1afa417111c2e1f1ac7a8f8642c02e82a583e,2,False,True
xes3g5m,1c37499e160ea311a8a6c3c3513bad9c4208e04b99eb6ca3e78e6ec1612cdc0d,6545eba90024c93c529e39251297d0ab614c37ea8d8454a96925764d8e3a7a02,2,False,True
xes3g5m,1c422307ea6a43b0d55f1899e981fa6f4a47393bd00ceb9e026f5aad24b72d57,54732b831135080e45211a7c9b2100ac3b5a4f9d6a269a245909a9776c9c2318,2,False,True
xes3g5m,1c430df5c43fe3d1182bafe54c9327df2466e4534378080cde5251196fbec6ec,5c66f0b30181ae9155c54ff8994cd42a662450db095304d5ab431121de1b644a,2,False,True
xes3g5m,1c5b915c6411427c4a236a49bb7b7c3baaa1422f1ab32e577086613c8782fa18,171b271541df7f2e718b2ec2bab0198c8a90b632adb414fe9f0b1f7f9a3d2dc0,2,False,True
xes3g5m,1c60df7662e1860c07c18605b222372296add45986b6c93334a7d2bec45a2d33,cb5f3e389ed5b2ff8e1e88de89509cb421ceeb82983f33a9a536b683df129cf7,2,False,True
xes3g5m,1c695222fd34d0eceac8b779efd7d2126ca72b3a0eaa81647b587bfb9fe0b109,5a04ab99da4c486a74a702a0d9f5ac35dbe8ea42083dd792298d2e1ad84f7db3,2,False,True
xes3g5m,1c78116e7c7962042607ba4096c4400e0ca6690848307230a95074c167bd35d1,91a825fbe2d24acaef1bbb83a6010bfd58ca3dc7f835e47c217ac16cdc2ac952,2,False,True
xes3g5m,1c8eba5377a268d91be630114d5a278f49d55b59ac8b39b7fb53caec5791c8b2,7e683bc5e60e564bee78de254470da830026daa2c4bf533902b5c193b7a383c2,2,False,True
xes3g5m,1c8f004130c56bc27a45a3a580052c086b54b819fd597b887b1ba4a4f7f626ea,f013a99bdb3d3cc6249ce5d29bbde984eaa0e65006140575923a89e5c932bcac,2,False,True
xes3g5m,1c968b5522438bfa2b31491fe5050f1ef0319f5c1fb42f12f1bb0b47c809838c,d70a6df50d33dcc29b177b4b068c7e63623f2c17f766284649b2e0362d080af1,2,False,True
xes3g5m,1caaa44c022c86a444670cadb56027305f71523d641511d0eef8a2ec6b810490,4e19542ec418957de613338b635fda5ac40f2ae22a36f5a98d111d30b6f6bbc6,2,False,True
xes3g5m,1cbc7cdca99a1bfcaa07a515515527158d60712d15134af91c6e29e2134b2252,500ef97160c681e7fa6036925194453b211abb9385224bfa04e5af7a2a2d008d,2,False,True
xes3g5m,1cc46b28a514a54d11905eefbe2a32035a977a355dc165c706ae20afb802d689,2995d867e546ec08553854441012c7eb193b35322048030d9e9439da7cb4978f,2,False,True
xes3g5m,1ccb17c11f319c2ef6706e4deb2f0429b2bbb09b065d3a2970e45bfe35bb5a97,5c67fc446118af2661dffb96b84d396ccc0230da8d73b71ee1f46180834086c3,2,False,True
xes3g5m,1cdbeb0b196408d077ce823bf864061c066bd51024dd0f15fef0e13cf42c31a8,8c7cb4c51b1ca722b28a36c1a04c7244db8aecff9608b6de50d1a6d451ec83f6,2,False,True
xes3g5m,1ce1ae8ea8f46d1544f1df874d2c9be0e797f7c912998451d3b54817bec17a56,07dc5193a1588c5ce7ca132d857b86afd4166f903d670ef9198773e545904522,2,False,True
xes3g5m,1cf3ddd7fc33d47d7c2793484a270055382b0d488a85d095e43a4cca4ac99740,98316a96db3fadd934c72134ca0b7ac4d76a7aff7650cf09b102c370b11a0db1,2,False,True
xes3g5m,1cf445d6cbfd205d84c866103c9ef0fa8cbb484515fe06bef25121d7a1e38f13,a04b5b0f6cd97bd4c2a3bb880678b13a5dfbffd0c66a8e59e6614f266b555fc6,2,False,True
xes3g5m,1d0a10ba30c292dae6beeb871d4c4901e177ac9f551effea84197455931c1978,fe660a3d843ee9d5a6de2493138461eabfae2c99f4fa39275a99d0d124c15243,2,False,True
xes3g5m,1d12429c165144061c9a7c0bc69bc1de5ab6b67b544dbe91473c34421174af2e,10b0f4bc1de5ba5e9d52f5f39ec5e4181b7b4067c46d4f5e7e6dad01d5e91a9e,2,False,True
xes3g5m,1d240f6632150c553b507ac9f2bfb3392387021680829b17ea554d685d26e3ff,58f1412a21952061df6fea2e41f252093f472d3b4a9d80bb41fede2d0b769f91,2,False,True
xes3g5m,1d24664623351efc3cbdf865dd0193c631a6607c87753ea7acb378a4f2167438,71e3b5838831952d27cd11325dc405aebf63d10f30cea73137e94727f8cb988b,2,False,True
xes3g5m,1d4fe94b05ea2903f24b8dd343468f197859da7b6817d601c62b9df8011447d2,9e9b0e232497bd6a2e8d1170defb46331073f269ef7b5a8ad39dbe2e9ce83b7b,2,False,True
xes3g5m,1d7054aabee9dbb43144cd9f5bad3ec26f8a7393168849ba75c6644cc1b41c30,0cc6d1452a8f6471d666a548e599381c4f9232bd29a2354f1acd8ca385bbe641,2,False,True
xes3g5m,1d7672e093c0963d4a20b0bb444c963ae228fcc153f89859ce266407767bb2f1,d17ea8d779b995b2083f31ec2af13ccabe0b4c101f2ed628a52b8656204c7aa8,2,False,True
xes3g5m,1d78879a29a21c0a7b0ef10b58fa2428cc76de0ed3dc4d0eb0361ae0fb5f0bb7,81c33c1e04e3d7f4fd4e1044919a5a26f55ba029da4a739ad14558aa791518f8,2,False,True
xes3g5m,1da91108abe4ef8f801977fc915a75374423934c46aeeb3d06b8ead306f9d93a,f7440c515c5e07e551a038eb4a91353ff1627e16dc4bab24699e45ba5d75e002,2,False,True
xes3g5m,1db3f220905e934a80ae56a75c9ddd2132e693686a278fd5e5d82ae3c6fe618b,91718f59e230c9c00ece430ad52824b231a13faba04805f8ecfe48f6619fc14b,2,False,True
xes3g5m,1db5417e5807b0d98f0702e10fb3eaa344a0a3c9014d4e11431c9d96e7aa1770,e24f68f24024137e9dad932699582923ca1dd553582db713c2dc5dfbf9dec436,2,False,True
xes3g5m,1dc5df4ab515fc6e85f34df2af1a161a50c27a9c787733955774cb10d207bc7a,be9f3a35d1102eea7ce63473fd0ee3672e82af794aa97e50ca233401b6e401c6,2,False,True
xes3g5m,1dcffb9383bedd665c614fa5d2b70d3639e1c740e50f23954fe7fda5855b1423,b464c112f65554f448730c20b0c04dc4a723e0e5b32b842c21510734719d6451,2,False,True
xes3g5m,1dd4b7b4239d8fb60716e74efeb56e4d7d1966fba3223cbeb8dc059d6daa5f51,1aa2ff311e477b900fb2ae6ff3cd42723016c6907fc10fa1563ec7d5d843f250,2,False,True
xes3g5m,1dd58666e4a4addafba9d4828bf3dacb3d61e9458589d3c3546d08b827f5dabb,fdcd42ded08e61213d5c213422bbebfa6262da2f77c8571ab61a19ff015fb17d,2,False,True
xes3g5m,1deefe75b471e3553156bd7d20df8db545c9f26d6f13255e270bfa8d7b5d71c0,5f99bf6d09066c980e7e8ce8eb9e54609035cc64677921de4e2962f9a081bdea,2,False,True
xes3g5m,1df81688213d5297f06e544b38f8b56ac655178b0f515e3c01a798c74d4ab4c8,9b81809194dea67b5b8453a48b132b0ad65b4e8c7192f043b81f3de4c2f40493,2,False,True
xes3g5m,1e0523dcf95eb32e84ce35f0b00f4420cfcce9212e67d4e4fd90f74cd4b08b45,ed393c4e5bdd147b2b683bfaad9475a564ffa2a00c3e62303c30aa518b72267f,2,False,True
xes3g5m,1e0b87d09683d8b4f040b4560eaade5a2b816ad256cb0046d9b9471ef07ba8ae,501d9aad6be4fa950bbdd9f612d5e06ba2371188cc182565c4aa4b394917e1e8,2,False,True
xes3g5m,1e10a38f5fdc0ebc46d853c3a2e88f5fa8aab051a05f4614bd17c7c2e730885e,8aac412ed98776735c4c9f832924983ffcd0eafbf7ab3a2dfbda694d1a6c6370,2,False,True
xes3g5m,1e1b548b93719040dfb475164d52122b78277e5b9b1216e6a8e24e2911102c37,ab55c321df0a41967eb9d5869e338de698c94cf132e045e450e06f8031521368,2,False,True
xes3g5m,1e2236c993df79d2839fe261450c89d63756e3f1a929529cba494d7e1e32a3b2,c66022fa83daa1f362ce5507762a1bf2912426b7138a1f97dd69eb6577d16802,2,False,True
xes3g5m,1e3438beec0c0b012d1047abfe7ad9c035421fbeb8a95c602402421949761fd2,2599fbd52c181dd540e017b5a49c223da1d2081e07c8069dd22fdf18873ed900,2,False,True
xes3g5m,1e5aacfd91f2abf840e7701b2e525dfd2755d5b43241bcd38cb7e1fee6bce6e4,4723d267a0a3633d97ee0b223b57894d41fecea1ade64daca3cd29b9e3020416,2,False,True
xes3g5m,1e5b375d6a8ac5e1ee97b7be24c5382fbad690eba330a7687294a583eed6f3c1,df6133ce4d59be2864382391947df7d2786728fb9ac997532880fe075641199b,2,False,True
xes3g5m,1e5e0350f11ead550efab4556b7ba50ba2ba8670b7b83b8abdc8617527cd8c8e,24a33b93b44f341e3578e777dfc8719f7c98dbba28ce3e1f6d5ef99d0014ac72,2,False,True
xes3g5m,1e60b5d9b6617480dc9748f699edf8b2cd2ed79a7c2e1ba4dc96e804176c0e29,fd3233ae43d8b09f4969243714e213b100f66c010af6c210ec4e19d7c2188e94,2,False,True
xes3g5m,1e6d15161746c194ef91d3fccb43aebafc1e61e0586aa132e0f5126f629028c5,91bdd2113ca6afe793a308b25826d2cc9034f62f91b6c911748ab9d5af8188f5,2,False,True
xes3g5m,1e7c791b2e43357991b3f156d35cafbd9ba29d706005e027e9a7450186474542,12069fbaefcf6907742645dba6aabef87ff8e57872290b75c94c49b8d6bba5ea,2,False,True
xes3g5m,1e96cbe0a529c612e479ff6d5658e0e659c3b5472b19e7d6c77060d4ee13b3db,a38b1859acb135506d0fecbe4fa87c90525b4b07cb6d17d9404f8a5ae8eab369,2,False,True
xes3g5m,1eadd8da9c7d1f6f33e3150f0cd623cc452c4199eeb72bf6038a28ddee516c40,17d0f73477917a9fe414994b175d9ff26d0597e5d99085fc93f6afa0ff933e5d,2,False,True
xes3g5m,1eb9603946d585c3e904a66ccc37b26f3d7d69ad0c4c7065ea730f9a6939f0d3,e7e54c4b9493640be70aa639b7647aa8ccfe7544a361ffb9c2ec2544727920a0,2,False,True
xes3g5m,1eca092e2095edc1a6aad86f1688bbfe71ba57feb5215d094fb5d27072c39bea,771d7376932fd7594dc37a24cc01cf7571c57e7ffa5691af98596e139bbd7921,2,False,True
xes3g5m,1ed0b52213e8d7a39dc3b338d5287be26c2b42b7c24e8e1f7fa596c6596aba83,732f29e42c5b2f634aa012fd1d085c28d3650be5bebeaf7d21792164d16bf4d9,2,False,True
xes3g5m,1ed5fd8a09cfaba45353fbc93cff405f4549e3c29ecfaadfa53447b781ac086e,dab43ad11e7136a5acbc389931e646c122ef05900d0a610b5aa9fd03d7b6c5fa,2,False,True
xes3g5m,1edeff437a7e8e11c0f302b1d7ba064e75f54bbb7f688c04ebd2766a7ea9db0f,33ae8751a26e61d15116ce8207809d260b6445decd23438105b38c0bb1858ab9,2,False,True
xes3g5m,1efa731e9ec53777b92c0560ec639ee1035aad5bed978751ae74c43de749affe,20859b63273c384ea75934a2707f90b7ab55610578b4e8fa2ebb53b625691b5f,2,False,True
xes3g5m,1f0aebc3be7589ebe4ea7f20186d770691c66d6f2e7eeaf3a161971b9c12d1ab,f63d40cad42eb6f93fff4c479cf11ae6c6936728ff4a337aea68bc5747ff542c,2,False,True
xes3g5m,1f15532f9c25b8a6d7d4c38019521123ef4cb0eabd96306e7730318245b3fe7f,226687ee4eb0f748ee8b95b0a626907e6a2b88be4f147c6fb4f276988acb2d2c,2,False,True
xes3g5m,1f1bf6e977b856337c8d97f207e6704c0a55241028f0b28522621b7e18e06ad0,a0b97f8dd39befaca5b9962d4eadc2c339635c4c7dff7c6c50cd845648cad988,2,False,True
xes3g5m,1f287ba3e5e791f61dce3e3ef197fa1f991ba5ddf10fb982ebe94754eb04d08c,a77a3a52e9175c40dd353a674f046e2d5ee6d9094f1d4c3eb069b0cce95ec9e7,2,False,True
xes3g5m,1f49996815379e06f7fe1bc1d6cbe7869a5c7f2157dd45293e9342d1c95b6ea6,04a111a217372b94f548d7236ae5b05ed51f93e4e0c2a3c214bbfcf81a23b7ab,2,False,True
xes3g5m,1f4e10ef19397693c1ce63825932ef3a96cb933ba0e5b6bec10bb12c7662f18c,a8830ece678d858dad3a1010736f3f4622d93dcf0ba2c96a028a086794f68f8a,2,False,True
xes3g5m,1f55475903ea1915d3efd422f211357bad5c3dd492c551115190fb4308fe5e61,f928d8de245cec91cceef66e8a524a3d03c2ba6fba9f9fed9d76a8a47d967263,2,False,True
xes3g5m,1f5763791a30aa90c7eeebcecce0b4560ecb3c064a8d6583b85be8433cef507f,ef2ec315307633080ee555aa548df8705f206c750ac87a304b3b7ec876c74d37,2,False,True
xes3g5m,1f5feb81091ea4f059f02c791fd1d60807374701fb4e540645d68dd2b0995217,ccb8aadca1e6e2aa9b4306afe5b01f583afe972db9420ba8df493556e024e65f,2,False,True
xes3g5m,1f6fab418d02179a896f1ed52bb19848b204c98d4792e004de57e9f5969169ab,b13296fb1d71c1676505682c9013d99da153602afe9922ad5f3eadbc961a9a89,2,False,True
xes3g5m,1f751ef9fba513a0f88ca3689bc599ba2b2fbee532f2d188416212ace20b3117,644b87fd50664f77354addf12de0ddc34bea9ad17a596a8b04fa7d3e17822076,2,False,True
xes3g5m,1f7a3eeca4ee6cefb488312718bfe992e45f87a41cc2cfc7365283db715a2f7d,1a0583c3d9905e15325d4fe39ad00f87b74508bb141072b92e48dbb34e5af551,2,False,True
xes3g5m,1f816b6ad6f461b40199bc31fc0654b987ed2bb4f71b8bda589a4faa41da469e,49d00b866f5c1e6afa9cda7fa392cd3299534c2ca705b66ecbe2be2165363f11,2,False,True
xes3g5m,1f866baeee6f7f2ad8945e0779e17b238278b0110aaa4f22fba470ea1a057ccf,a39c23a4fba90ac08b072d4bea7420f65c6a4ca381fe7895576db93b81221887,2,False,True
xes3g5m,1f86725e5134b273669a3795eaec52b7010da66f6d8bd0878ab7c5e9fb3eff6b,2af2adde1d3275138dffe93eccd7ff1df0b4d1a52992e512695f0213d2c3ea0a,2,False,True
xes3g5m,1f88b3d1b627904cb6c44f1fd5e33b8f3da593f75e815370dba50d36c32f0780,7dc5653e04c526917a3a84509b1e7e10b7c10e1e54d2efdb5048aa43083213e4,2,False,True
xes3g5m,1f8b9c2dae468b8c3f981a0784bfe16aa59ebbed8449dcf3c09d02284c748e3f,d34d419eb272fd54d703a5ccd1993723fa2c5946af78edee93e087db808162a1,2,False,True
xes3g5m,1f92ec4495192789d5f282caf3f844f0dfff29f958aaf334e37649d5d93ea79a,492e8440d39a24026070b34d386d7455b6cf9c887ce187df25163f6d22ff0c8a,2,False,True
xes3g5m,1fa6bd7440fb3c11e9d3ad5307b85bf19e944fb5ff5a8da86055e8dee5155c79,254f120a8f9326efe7268800f9a59d8b07ce80abeec291f54f5f5635e53a985d,2,False,True
xes3g5m,1fc46f46f63a552a69e0f53a67cffedd1a4b50ca04d5516eb4f84e839b2b05d4,308d60574fe943cef58cdbb9449157fe27c9e551ca071146ede630e99340944f,2,False,True
xes3g5m,1fc89da918c8d8ebe86c9cb70a255dea4fc90c0037daf2acd2a4e6dcf1110d75,0878ed61e4fbfaeb533f0bc1c4330b31b0a00e8441aa162c7fdd84aaf625140b,2,False,True
xes3g5m,1fcbf7877b7a7132dcc9cdd21cc7862c43fcc83ecd378586c9bc7d30eee4b64b,08ecb081b867cb664976cfd1c0d8df74ba4e7f4963e0a31c11676b512beb8ffb,2,False,True
xes3g5m,1fcc0a84bd5f66c884d577fff18ad4cd2dbaf15e0895594652c29f91044e20a4,0574afa274cac4f1847ffff236798ca5fda5c2b9c76afe6a337c65eb6a7a7d3c,2,False,True
xes3g5m,1fcc1b2a8b4b5317910dc7d3b6214365d44a529e59c810ebb0cd55d5ea638da1,f04b6e77dd4e7ec6f85d1fbf0bbb3c3d36d629df5ba42665bcd33672245a433b,2,False,True
xes3g5m,1fd561d06062a541e51e9406c369c180ab333fa11d79333909c416967d83d74b,f49729bbb777c3ba1aa6af787dc58fde14c835e6a21055cd32fe176623c283b7,2,False,True
xes3g5m,1fdbe53e6ece857d57e763760356c1016db798713c2b7ab9a1c4120c952acce9,ab5349efc28d858bcc0d417c0ce25f71adc0336ef31d49785848c870ae9b21d2,2,False,True
xes3g5m,1ff278407f883941e3c90f6975f2c5c2c10f5e0da03dd7becebd1ac5aa163952,03f720eb97ae35b057e6ea50d4f3c42fee3ee60d0df385eb93c15bd23c9f0702,2,False,True
xes3g5m,1ff5b2df56cc887fe980152f1a7ea23fd02453e1792dfb6d34b9470473c705c4,b3072116c17f297e56ed97bb52c2ad3032d1deb8eb6a59cc7cb0325571da26cc,2,False,True
xes3g5m,1ff82fc6a6f17ea72457cbc9dc83f19d4d3e53265452c575090f17a87703cc37,8a10aa49778178429d549a2b1b25166f396b2cedbc92464f5049c6bfc57802bf,2,False,True
xes3g5m,1fff189fc021f40b6b4fa747111de809fd4724345c3296118d674e3d6c5d6b61,25e28b3949385c7c291326282df4619285af14248adcf72978c94fd6b5639f10,2,False,True
xes3g5m,200a8c2f8e9f47b9a79a53f3078219b29d3e2a4809888c50299db44f77c615c5,a0975ec00d15a183a95a1b3244e2fa43db772e94cf5f79839e8dba3c0c5ab2c8,2,False,True
xes3g5m,20185353d01c2ed614303efa385f28bc204fc0b803b86b147fcfc7a9ac5eb361,b9805b3076db2355851e526d6deafce78362f32d25d01e15c6111994a1c0381d,2,False,True
xes3g5m,201d8822af01ecea0f9c668be140c533f43f17d45a4bd27f119f595e235d6560,22250bd31e33d67ab6795cbebc77d04938e26e9cb0e1b2a5305f4c7f05c1448c,2,False,True
xes3g5m,204095669af4fb0fdd9ba660946ac5958277722e0e16d8ecdf32f2767dd1f9f7,55119cbf90ee2ac95e3a746b0256a27860807e75d1b7190eeb04ec8d839b07dd,2,False,True
xes3g5m,207ceaaedfa3512682fc69492c53438795a2a7be8da7566c4350f267c3dfc506,b2203c1f7346bbe55ab8be364025ecefa1d822b55a32d46e7bd04fbe7699f034,2,False,True
xes3g5m,207eb3bf4c609b01bdf44ef726dfe36b4c31593cdc47cb4e5a2d17da7e1e7e6d,cd4c280bef00712da86a2fe1146d2a6f9a1ef194c998e1894f7ffb7617cdbd01,2,False,True
xes3g5m,20890fdaa0afc979fd6d77ef787f29135ba0fbbf49472b4041f2f5fafbe27f51,4c8f8b3ca3bceb429cc2ee12e5d90202d6074be2ef07abed3d35f159fc178255,2,False,True
xes3g5m,20899620bad5e05e2574233ae65c57c6015a5f9c80e86d2618deaa9f8335db4b,dea23b1c46dcae5c0ee473544f4b7d2d66d8c2170a66d92169e90655b6fb38b3,2,False,True
xes3g5m,209ec8a1cc64649bf00961112d72b12e80106b28e1833fd77f4b0c77f9b63dd8,3c85f59fc8c16e29a74346969a1fe0bfbe1a1f823a8bad9daa35c533442ecdf9,2,False,True
xes3g5m,20a05191b03d1314fc8269fe53ff4546a54dddb7a72aa0362f6008ab195aa0b5,74872e845eca81fcdaa064609606604124e9116f838ee415fc0d642390b402b3,2,False,True
xes3g5m,20b2330b626086e739dc76fde39269852efd9dce9b5877cb5b7466cf88d0bc06,fe27c1ab606673eb2977e3e52540c5d5cff472009fdd3c4d99929be004df55e1,2,False,True
xes3g5m,20b34dc6bca7d1b015d887aacd7b3399f06203e3ec71d87aebab8515f74c740d,2513c7a84e5d80988f61e2fa2eb7fce072715c6c25e247882f7636050aaadcd5,2,False,True
xes3g5m,20c3c85e8a720867b635756ce58dab3d8498a66f2f3dbfb2e18a9774a3930692,6f424bda7b538b13d31e2091c5eb15b3abcf76f401e7de241acad0cd9da5ec6e,2,False,True
xes3g5m,20c4123fefc0a17a005b17a3a8e8716e6dda745af8794d272235cbfbcf809a5c,4153866a9af72b2d212a9f97fe360031f62554ae98bd83cd1a673cd3157abbe8,2,False,True
xes3g5m,20c4a2045d73ed9ab7c394854fb3d3f92c089fa9293586ee04f7dfce2def7fef,af5a65b518a2127e9ac37dd4821bd1ddd482c34c0e1c50c42212b9e77a9245c0,2,False,True
xes3g5m,20c50f6a13cb6f07e830835623bd7e288d0e85af9a1f4f2ba7a61b80f0a86d09,a25245501d32b928c1d919bf95c9ec22e826b3c51bf9b6d6dd3fa21049dd28a0,2,False,True
xes3g5m,20ce09f24811d7f35e31cda52d15a45bf59eaf79e27e012a31fa3a2a21995e5b,f0855705788b895641a6a87b31fc1c259ecc6633b5c48c1720ffbcc0789c11eb,2,False,True
xes3g5m,20d0fa73e21e43d42b4396750131c27051aefa235f1487d80e8ca1617ff46f42,011505fb996b7235151298bd689ec27d277a90c835500e8a3615e1750e5035f7,2,False,True
xes3g5m,20daef0b4c5c5f41c069e1b96e701dd70158170800c63fa050764610316fbd4b,1e9b11bbe4ed1e52e9e70abc30b756aa99e2ef7d40474a45232140aebc3decd7,2,False,True
xes3g5m,20dbef448c5352ab674ed44890c97b436b0124a9e21597bcf4a86e778f8d1fff,979bbfbe2b1241dfa131a621fc5e4ba99bb314bf3df9f9166616d1f8e7134a90,2,False,True
xes3g5m,20e8f0672f63f405d7c030ad91ca903003f8cbba988242bec83666315aceee02,9284a802434dea7b81752de477f7a4834ba295c0faff960dcb878a5a23ac80f8,2,False,True
xes3g5m,20f4b3f4b34268811381261b72e996fa5ce82a5815ff798585bc25cde8cb9107,98407f5382201dc7044cb85d3642f2e2ec2459c5790becca72c5c5aff44f63c2,2,False,True
xes3g5m,20f944d6ccbcd33f49557a45ea76dd618fe81433d56507bc20378a9d8424f98c,dabe1822c5647377a9350cb8df84749e10e09ebc19f696cd6b9bfdab8bcb3ca3,2,False,True
xes3g5m,211060951162ad5c647511fea3de1b0adc36892aaccfc5d2e9f6ce4f7fa517aa,fce3b7118c943662162e9aee2d8293b64547178c0bf2fbb70513be2e7c1dc8b7,2,False,True
xes3g5m,21123226949282380d52e3fb219c7d760914e3c84c8fd65658d6fa62ae954e34,44d7a61947c5eb7278255b3073afe0cf622833f3c3d06958ed049f3e497feec0,2,False,True
xes3g5m,2122a0eb000c2ee7c5bb8d3ae55d6e5a4524affd51d046627f8195c255a9569f,6c9807ea6f298bd223aaf53cfdf7045e446da3c4b8225d479e34185730565a8e,2,False,True
xes3g5m,213fa706ca9b9cb317839cc275765fedbab5ac5700ba7f6c8a78f1fbd5e4595e,84f5aad67f7acf7753b910b3627111d95bf9998ae52dbdad725d5b1ed256fad1,2,False,True
xes3g5m,21690e66617692ad1d0d264a1c3991fbd7e97c7c16ad16667a6a0516461d08ee,f4548f4bccee92bc325a75101d34ff0363c723da033d7fe2812e41c42c6af5f9,2,False,True
xes3g5m,2180abb691713e854ed99388788cd1ebe5e89a2d3d3c3cf547616662efb77327,08757d316a88e860590e17b991534f9bc0eecd94b3be9d065b6aed2d3fd3e875,2,False,True
xes3g5m,21d0066970053c33d37269c094de423d49db626235744214c4b1205979f749ae,3327104b4b8eb73fe63c7cc9e3754291f2d7f2c33ba233830cb05bcf4a39846c,2,False,True
xes3g5m,21d22e9f46a3413806310fd4a3eb117c502607b4cfb4797301a9178a86b95acc,a54b754183e6c2a9248b9f539cac9563bf1c4fa6070ba80ea811f71d73db9758,2,False,True
xes3g5m,21eb0ecc644634049886dbd96e37d310a548c02440ac2b68b4695bad576484b7,295ad3bdce746a6e50cadd2ae2236fa79aba351af8626d17be9e90900b748238,2,False,True
xes3g5m,21f171ff746a20b28677d2e7a5dabdf62b6485f59f6221147f41115cb0507e98,48e7c5ade42d9093fea3420ad28d9bdf71cf9e46798ddd9b95005ae24428c6f3,2,False,True
xes3g5m,21ff205897e55b3d9dd8d325702330edd42ff88be405d9afb65057993434162f,3ab1b61491fc05a45bd1da1535b8fec9f5a741c3968e8c13feb1c255e906fbf9,2,False,True
xes3g5m,2207a029ab345306e0e1d0ffecd3e78682cb8f972cd0c5e876be751a47eea02a,de9f388ddffe66a7453ce8b8ba853f1ce86c3f6b4de85b8a41725cd2071418f3,2,False,True
xes3g5m,220b551b81bb461ea7660f3247491d4af7873c52f6aac9c31641598440db0573,6ef54e4db83fc632c0d7b055e789a023254d26fab9e771e54495cbc8d5dcf770,2,False,True
xes3g5m,220e225635bf8f5d8802053b27fdadd950a27f231673c536e9f0734d2e57ee35,05d4aa7cdacf499b31bc12cc3348517a05149931716471d17e35640cdfb55195,2,False,True
xes3g5m,220ee687cc1a1d0796035b70e619019d88f46a61767a92661ae3453ca8183051,6f05711ccb8ddb1b802daa4813dadf2716775242aec3c55b52950479cd5b11af,2,False,True
xes3g5m,222bbcacc9bdd576bf21a32ba489f030c08ee52d687eaddd7e899b9d0e8cb2e3,c8aa5f252fd93e22e4d958ae15bfed8071e29b6dcdec5fa4207632d8f3bcdf63,2,False,True
xes3g5m,22314fbeb4ba31f9b5eb075fc333213af8690a20d50ec68c68f6f5a7cee41093,1ec1ee7cecb699e9e04c66b7fdee65de9c22549f1996a69b92553bd338cbd309,2,False,True
xes3g5m,2238086aa58b1c208c4c224e9aba901493e6b7c1a256436e0d4922af6b68d3f8,50c73aefefc7a33889017558737a9f8a2f0d916ebae3bdf0ee087556733d42ea,2,False,True
xes3g5m,2240dc3aa1f1366c06b98d12aaefc62228ca9492a0b95b681da72154a9a05b49,204694d4d5d6fb6136238a6bb21f3cfb30971383608fc344573584a287a2bb66,2,False,True
xes3g5m,2241098b88845d2eccea8e4dbb9161960382351744c6af947917416f15d44000,c755e07511e81206388c364c8e553f74ca58ecffccdaae59237b2f55bf6d09b6,2,False,True
xes3g5m,22488477aed16ea8343668877a3b09a36471dd21c3a22d467972392d68a31d60,b0001d43664d63a38c8b2bf92a7566de02e573ac75d64a1c89c5a6de47ecd92f,2,False,True
xes3g5m,224a8fea5a73e4c3cf81debe53949311d7cff0e447e84672b5990af3a3c4f258,10b07d919fe5f1f3c639b04280da8e1a33554b1a8bcbdf691c01bd0cf9c9c5df,2,False,True
xes3g5m,22513d55b90682998188de7cc69e840f7ff41e83a7a99934d8c58ff47c810dc5,7e059064451a9b41c7c5194aa9b0c72aaa96a2b3cff6c9e2838019f0ea12427f,2,False,True
xes3g5m,2252375a5b9095c166652c3d90b88ff912ea68b6762570aa7eeb509d5ddd1dc8,66fd56d96abe42dd61f9c245e19f103eec66847b0cccd1bc6d5665c003d77c80,2,False,True
xes3g5m,225c1364bcb9c6d66240b6ad9bf86bce27b10eb7aafa8ea957ead34819760576,efee453c9fbb71c94d5597a5aa7ab8481dd64331f0cdb2779ecb30ef2d3e8033,2,False,True
xes3g5m,22a59abefc21ab5a86013734941e2d1bedb49a358da29a46d279793b5a85d07f,5f2c1791b18bb6d445bb27e3e9f32ca4a49be8bfdcc387a0ee24718e86986d0c,2,False,True
xes3g5m,22a836ffb039f92c0d3415f20f4a5fd6f49993673a07ac34600e3ef50db08db3,5957be60cdefa66a92060d70109805f2d9d4ffedbe12d3b699761d3e84ee9bf5,2,False,True
xes3g5m,22be97befe2f2caad74da1afc0a8a0d655737bb9cf1bb62381e008aaddc830cf,2065f2d5351426524fc17744224c6f1a9bc57af625ebbdbf1fd438d430bd4fca,2,False,True
xes3g5m,22c0a54295ae8642b060d837fe116de504a2770b3337eeb7e05cfb5ee6563019,c9224142d6e5b305632efb115941e0c04ae9d640ad517a5a8488a845c5b6d12d,2,False,True
xes3g5m,22c0ad2d55e9704cfb14d69460c645af56edfa3768906acfc0e0501392dc7f6b,1208d11e10c611a329cd857ed3c8f84f0412fad4cf6da9cd8ff3f676a5e6664c,2,False,True
xes3g5m,22cfdc8a5f1c116140817dc76ee34959e39fdd6427408e14098a1eaf05c27e42,e7d019b9faa0177dce86892375d6e6761f5de76e90faf0169fb8147f9e27e855,2,False,True
xes3g5m,22d92c69751500860c69e3cedde15975985e3d3893dbd62dba4408acef1da06f,297d6843740135ebbfd4d5d41b5f0e57853a2cecc7eda6e80b9d82630e75f924,2,False,True
xes3g5m,22ddb1b8a811560419675fbf0340da209ead9b0a0d369b579b80f071440dd119,95dd4369c66b047ac67356fe36953e0b656f1d4ddddfb8180207ce58dbaecc38,2,False,True
xes3g5m,22e3d070921f2dc6ba1f9129fec7a9bf60acf5931bf30f407d8aa7343c9efb92,c338cfe3e5a3415c387575bef13796f4159907056fd6ad50e1775101be52b500,2,False,True
xes3g5m,22eee6901f3e30bbdf565b607bbdbb5ce8bd1a35ad5f656c8bd5062d362d3835,05b91acfa8471f6e6a0c82812d6943d83dc02f134495c272647a48f506faa93e,2,False,True
xes3g5m,22f3a368c6e76d1196a217c26d9a461199e98682fdd9b3f2d4ab38519756318d,e1583a170c1ef5bc87480c9bc87ccb0410a576bb10f8f171e8089501a0e274b6,2,False,True
xes3g5m,22fc0e58095dc797264b34078a919d3cffc978c8795708a2ba0ed3bad2c00c90,b88d6db40b98286b9b2597f3f36b8eff8478ab30d2b08f5877c254e1f3fdef5e,2,False,True
xes3g5m,230b079632159253f8377389b71f4b0e4fcec01ba360ed08333070b89cd638b4,a047b5b08b2f77b0490e85fe213a2e4a70089732a9cbf0496af41bf7e0e8adb6,2,False,True
xes3g5m,230d75d29072850fdd4b4ec7f49ece1df59a511fbdceef44d1c0ce6d53793b98,4d6f9c2eecf27185167a9c8e22687ca262bdea4ae35f0fffc2a60aa7c603283c,2,False,True
xes3g5m,231a9cb8776681390b8bef18af6b49cb4c87b227a61de02b87c61e9fe91063ad,37b28ac14c7169da1f5d0c2f88d6263057330d4891649a4ea334911cacaf2c0b,2,False,True
xes3g5m,2329b511e35a64429814c2f768ae3064dc0c6720b463aa31f8056db7b0ead3a3,72e59da68924e2d223fc7995a0dc18dec61948278d3a898493cb6d8800f581c1,2,False,True
xes3g5m,232a4b769b8571aa6527ba387fed575b0ae4fe2597f85a1d6e27f8f66753b038,085a59cf275b37dfe3bf9199db2a1beda16d9b67f38efa158e24d18fd4a991d9,2,False,True
xes3g5m,232c52420d0eee09ef0540d6880900fb5e1b53eb21ee4a268dcff6d13518271d,fe4796ad453dbafd46f86c9c1006ea3ec44fe25b257f1532f267d641d71a50bb,2,False,True
xes3g5m,2338f223f5d0781250bbb7ebb86472bd415cdba8a63a5ce1f1cb791b6ef814fc,598c052c66bd2ebec4818656f65632e557b8b3bf980db97894c6c49a86e755b5,2,False,True
xes3g5m,233a1298bf714eaf9568d01ebe722efaa21726ecf3c3b30040d0671706e56361,c7800c115590e2bf433e490c6c97976fb7b0dea657caa0c59a794e2668d35928,2,False,True
xes3g5m,233d346ab395fa548792d82cc9bc3a5a55cfe0f9a4fd6c9a83d006afd4a6ebde,dafb89f7a053250b43b16ae9549fc623df22a6838eb86337a0ee366e5a47ea57,2,False,True
xes3g5m,2343992fd9cf82787470432fe984265847f8ee5f5e35bb608ee586bef525f77f,2a19483f98ea47227bfec321f7de584a81ed08e19e2bbee682daf71d2c4ebeb1,2,False,True
xes3g5m,2356803bc6bfeeaec428f852b82870ee9d79ae32af9cf878a2f930b12360470f,1d707d0af06e0115651c222a0d6f3cc9f2988f36893c20657170ee4a4068a69e,2,False,True
xes3g5m,236654d9e2f98d2168303c785f2fdb440d6d8b27bebfb952bcd935cbe308913d,002c5ec258591bef52b565da124e56457e16ae3ab8364f014cf04cdddb1e7ffd,2,False,True
xes3g5m,23666dfef45bf143d2100fb18da9e68063a1169ed96ff017074d31e6301a93e5,32dc05df632ebf2ab94314428acdefd891d5d1fa48c42a605cf393a0b59f116d,2,False,True
xes3g5m,23a8f092b417b87438879ce9d52b7b73b8cb3994af4f65ac6076fb18b27a02ae,f5886fea633ce676c3e73b58c148601cdeac86dc38bf50c1d3a18b3bb2d6bc6a,2,False,True
xes3g5m,23af53ee8bbfc8b2f36b4aed10b085e46dd221ead7247d9ae21322d0b0ba8fc1,d86e2576e57bd65fe37a9e7ebf9d9fbf6a0442a5caf08d3c69182ac7f6713ebc,2,False,True
xes3g5m,23c392a18bccdbfcb8658c7c7573e130ce671bf374076327eab2519965b0ecb6,0dc404a098c706d1db5ed9fe1aa57a9f848ad85f6a3c4b7db3d97d21f9d552cb,2,False,True
xes3g5m,23c49f56f21809ddd2a77ded6b894785c282655b421eba6ac63475b82e503e9f,fd3700c2e7c4ee8533baad8ba68f864e8c5e7ea29c73993ef746742d290964a6,2,False,True
xes3g5m,23cb6fb894de9f0157cc2d1d34886bea26208bba52b4e1473652411c62002b6c,5e26bbddeacc748a04812ffb8b8fa347376fe9345d64f6dd3b097f171d32804a,2,False,True
xes3g5m,23d429bfd98d53fca4f1513a8cf5aa1260dc545f0af7e0c3fa5ed6f39f843c6e,34187e759b2455bfb7098ebb7a5b4a246bcf5c23c5a3263c6531a3aad8f695ad,2,False,True
xes3g5m,23dbe66f510ff98c1b244f345bd387f2f57aa622eb3d3631547ec640bcf17d19,08d4e7f3e82486e76294980e8a18dca7d68dd789c2d441f916557ee87ef1a081,2,False,True
xes3g5m,23e053c500a7def718609e7979652992af443cffd268843231b5b3153d2c53ec,8053622c51012de250d6f1d43a3ef3204048feecf7b318eacb7a91e589095947,2,False,True
xes3g5m,23ed6e6391c76a7827080d2ec4755571f5bbf7f7e45e6344eaef212b1d056ffb,1dffca66b770845faeca55e7ad7254c627f8fb5f0d5761ee2caa5be9a942c69d,2,False,True
xes3g5m,23ef0b29ad64cb5523727d4c5aabd47d77ee113baad7463cf1a7329432d07a48,b83b7f2f9411786969cbcee00a4c4dda27c886c2dd6fda538207d7ae879eea91,2,False,True
xes3g5m,240dd09f63184d2fac76044c3a21180a3aec87b713b92d288a5e1cf5297bfa6a,5bf6d4a0fea3d479034adcf863a26dffea5216cc8c1bdd498c0a3a12504381e7,2,False,True
xes3g5m,240ed94f6841d04b1463a3ef617b10b53324ed71b7f9ec1a18947d8048dfc823,e857d5569435e6ce5dd71775259ad8a6a63fd8acb7b251d813459faa301d970e,2,False,True
xes3g5m,2411d7bdc2c25f4cd1737714924a1427d79ee4674234b301754459ef148bd284,85e5bd20d3821bc5c06aebaeed0a596a618a98cff476ce0d15baad25388a3276,2,False,True
xes3g5m,241de39d1405b7e4afaeffe64ee6eb91ab422c57784d16d3ffbd727df08a5739,4cad2dd762076bd29f4f8c23acd7ddfdf170e6a0de3ae5cc5c7bd5d58375bd27,2,False,True
xes3g5m,2425f6aaa767904571afc1e5599113b3d6b0e8f531d452a7479c3bf081fb3494,a7307ce6a2232eb3e0b56dd6384e5ae7db4ef75dfb936017ef8050cc66534112,2,False,True
xes3g5m,242d0737c10693d76ea2bc97e46a30a937761850de4fdf30b97120020747042a,4abba3c33014c1d4d806bfa410c90be64e7a5b8d156a1d99b478f8d3ce960e80,2,False,True
xes3g5m,24350373cba29e66325d5bdcc1a1f3e22ed0bf420d482140ed7bd0f5275d6468,92f037dd47fcac34558a5ec287b32e629d5eb9479a44a16934148def1a7654f2,2,False,True
xes3g5m,2442adb8e6e95d5bc2b20ae2160c9c1f219c325a4d1484d5aba73fb69e69bf76,7041c9a74908b1353a7f665b71d62bca4d485ca0bdca827d159fab2e5f52bd54,2,False,True
xes3g5m,2442fabddaeb8b191b30ca371f97bc0a069250795d85fca62e4a167c5ec83d0c,eeb15cc10bde53d2ebc38e3db68e0acf838cde01aec97c4cb226b3df955363c6,2,False,True
xes3g5m,244549cef9daafb5a0e38338cbe0880e83fe06f5e652a94f28b0d771d13439bc,0f7f420ba8f285d9e48d45baffd04b8658ea1749e89046f63c2151a55defdb31,2,False,True
xes3g5m,244765e0430074b4b7c163e0af1026daa8514d0fb30f1e0f31d407a208d71ddf,2cc9f4d8c1c8051a9e75c661d996e921cf280fe99cd54a9dbb99836cab3afa6a,2,False,True
xes3g5m,2448802fa8294aa9fe419819b715bb15e727910126ca4484a7054ee7784e0203,6f71a1d31bfc9696eb11ef58214726ef869d4eb3fe4dbfb3b7ddcc83360bfc08,2,False,True
xes3g5m,2466c85002da54c314a6bad5648a7e4dc0e84fa1da579bca9a31edb7fcd6f9be,09f7bd0dda8ddf911a9890f0dfedf06bf32c8a50b4f5980f88234ee1f7dd4165,2,False,True
xes3g5m,24bd3c5d7d6209bb5ab10708f4359854a25feeb088eaf015a10b5bdf1e0c9357,9d31a9b6d68f987e5dda3c556e77800447f8d730ae440843e0852b16d9b6f8c5,2,False,True
xes3g5m,24c637625f5e82c7c82b5856f15007a779dba1cb4d218cdb12617f1fe4665efd,2d21017a3165d0057ae84a0c061c7d971a2b6061e08f3030e1a47c856eac4da3,2,False,True
xes3g5m,251a76550065d87a74a4141966030ffcddba450eca40e749eac1f7e16e4e0115,760f2d88b22d01f3421a8bf95050e147b3b960f7399e479f88fc80191c94ff3e,2,False,True
xes3g5m,252406b5bb9bdc2135f66680ca10cd80f57fe9a6e7f3dce2c77094c9c65f6d6d,9586cc57cf4eb7562071270f168fff1e36507767089561cccdb7065d890b80d9,2,False,True
xes3g5m,252da5772d274d19f1ddbe2f2d509157068db7f67ec2ea5ddb21eb480a28125e,abeb845b08aba20ba0bfa75801fc2352b6d93d52f7affc15ec094c0d722e4f54,2,False,True
xes3g5m,25336682fa33b6a738b3eab66d627f4df63d5f442f4068c331ead38fc9750ca1,c9aa53c257043c3afc13468354474bc43514849bd8c1303a0cdf64bd77ff442b,2,False,True
xes3g5m,254dca88721452da50d211ad4606a1d430c786a611bc2af81cb409732a2f7b2c,5965e55cd5c6a51c8e498dafc1cd845fc5f12f71cb284c0dc70c22bdf8a401f3,2,False,True
xes3g5m,258a4fd2004104e72a913413626c8c76e96e9fa32342b8df4a9e11fa1b130118,d26ebdb8d8e7a23d03af6c1c553a45da9c7c295a8c27510a398d1edeac1b5fa7,2,False,True
xes3g5m,25903db416b9b00e1dbb47151412b8e9d3c5ee53c3f0b15815a8c1cc456bf2da,4b218cfb8f19b8d643c2777e1d6e61914bba9ac849cdc1157ba4ef085b2eaa60,2,False,True
xes3g5m,259813c45bd905c7e77fa6a7c4f64e609d11880ef2ec3daff3aa61f19441f943,d4a3d2901a40d5a95a6077052f1249d464fd1ed56082c72fc75edb7eb0ceede0,2,False,True
xes3g5m,25aef59c160216a30481dfb660aa5970dac308db52ffbbb2b504f961f0052df3,9bf36fdb37b251d849a6a62f6a2fc0903f6417ccbb958eb1fada395ecbea61ae,2,False,True
xes3g5m,25c01d8b0ad3e7bb186eceb774ed6f9ac8d7976fd3905410c18e11e06c21921a,fb3f7ef7d6a25ce07b71fc35552bb7607a095354f5b8d6744258ea5fae302af0,2,False,True
xes3g5m,25c282dda561bb69596f92f4e40c43df029d9fbadf0abf1d577c9cc7066bb771,aecdb697f4096b5bf5aeaf2dbcd8bb59c027d6fcb534bf18729deb2c25b63e82,2,False,True
xes3g5m,25c2fabc6949447d310243b89faee605063e877859cbbd6619b57b3f4a3eaa64,06b812ea022e35507f2569c6a680a7f2a4e4a2fa411eb99cebd6bdb655015ff8,2,False,True
xes3g5m,25d12b44fcb452b920e787cbe6ed574265774ef0657a8944e66a9af78f42032a,2e3743de115ee036c971ef887b50d1d363ae4e689a52144017fe57175994fbb0,2,False,True
xes3g5m,25e08630b5a0b5c9d0aaca82b4d051940d8bbdd8ab9abe833129021bea1f8959,b0d7344ea6fcd1599b8b97b5067cc7b86e0d73b68d502dd3ab5238ad58c4f0ff,2,False,True
xes3g5m,25f46de39eb1fd6d36ef79b856ae2f0ce717f616870edd5e3be278f12d58748e,3fce5eac204401b97f1599f63f3049267aedce24677645a1f90474c97b81ab7a,2,False,True
xes3g5m,26002b30c40225471a094a3fdef813bfba07dca5e32f5acbd53e006b1fe801f9,25f2b61a9175bd90e6a7f4aed37d42357f61aa9fda3612021ea04c20f05dec88,2,False,True
xes3g5m,2634d32fd91f5c2adbd8c5429c7651a9c7ed3395c3ee27e1a385abc78305cc13,57f6f82e2b7a8bc61bfb2c4117f3e201e0d9d3808e8fe35a26990b8c73df14db,2,False,True
xes3g5m,26458541934501fbfe88dbd252155e195d8616f073bd63800c6c283344c7ecc6,1c1e23e5585dcfa088e84490a6b0f03fe84165d2440aff9fb7e0faa379f74d76,2,False,True
xes3g5m,2667ab2c9acfa17395522b093cb029819e81b754a6ced7494f78627680072655,833d046b6e7e8c60890f092e0965c0d4b829a10cb0da76d8311cbca605198402,2,False,True
xes3g5m,2688dc88d31024df6ee502b132487768182a8aef1210867c9e480ecdfe964b52,43876e606d7b27ae2d77a7c9417f36808ef8bb8bce84d05e7755c2700b076469,2,False,True
xes3g5m,2693ce8cc0f7bff1b49b82af30bce6306b69aca368bc6e85256495d494c8a295,3d2e72f48e07a0ea08c9f633239a3dfeed2c6620ebfbc4d796382bdaf18c9281,2,False,True
xes3g5m,2695d6d8c96cfcee919c7e1c02224608cc4dc892cf2ac95f41e60102736d7b81,bc758bf96aefdfbc018a2fec8a085ccbd78756ce42bfc884b3fc12ed9b6432a1,2,False,True
xes3g5m,269805590b31049f402f2a9a8ef0e474d8a1d715979742fa12c09dc59d556803,66c0e43113293be5b20561326f1bc5d57d07f99e832496aa51e59b7747ee8cc9,2,False,True
xes3g5m,26a493d1c262c8ad29332352b4c63126df94a41053f25802186a01e8ff3b0752,dcddfba7812063394f7ba23cc1c96fd802c509279b8f4d89374060067dc54014,2,False,True
xes3g5m,26a4a8f92241bbbcbf892843e302e4598f23ea72e2fdf492da10331fc17114c5,d94b580ade043ad3e6ff32e74c77525ebe0036c17f5dc98fed98fc632cddc8d3,2,False,True
xes3g5m,26ae1246c23b69c8f71f6c0b1e2b4dd2a0da90e490df0056bf86cf455d0640d5,72815a32efee98a79e6a3c4c3ed4c7bcde2ccab5ed5a60b00840b85dc4ecb73b,2,False,True
xes3g5m,26aecd31a94831142256adadd056874e453c4992a5885869a67befc4947ef151,d83d4c4e25a3906f925f21d9fe21c98c7caf389271f50220d775b6f818c807f8,2,False,True
xes3g5m,26b60ba4a37a59af3b65476edab043e26f727d7bbd2f49e2d409a6f863b66bfb,32143aa9224a5dcd3e2564e6dff06140038d730b3d71553298092d5031821e0b,2,False,True
xes3g5m,26df3ed34eeb4a2a8338cc3a04512b44c1ff550918bbc1bf730038f688ade59a,be6bacfd7d9deb1bc0ad3319455ebd522579036fbd05331e0f4116365444eb4b,2,False,True
xes3g5m,26e3d8086f267cb98bddd0182fcaf53b878528fa76ef811226f1d159747152c7,9dabb936797c9cfe707fac2622011718359058ac1d5acf78d1ffe9f35b47f17e,2,False,True
xes3g5m,26e50f723dddf4e267aa7ac460d2071389dfe6c5e9a996a47afb8560a9314d03,2af3bf323606d03f76c5be3bb006340dd910c1e2e7a1887870c4f5861ddb1e03,2,False,True
xes3g5m,26f79426f2ddb5e604b90f2fb91448c796dbbc31fb2041194ec1365e2489eb5b,2c2e2b4ee4dc501d473e41b3761995be54daf9f98ca7c628622db830bfc9c374,2,False,True
xes3g5m,26f9511c2b4d2ac8f64cd7f92ac574f55cff9cf67b155612b9cc51ee47bb6d5b,816411b4e2b9362ff120fd5842f68d5506022bcd2c0b9985300c5a7d53d315e1,2,False,True
xes3g5m,27066a88e6d63db9dfc84b5a4e97de349fa6dea26728ae86c302c8636651727c,f1e9def3629dad950ef4e9c740dbba0fd95d59ef4db364b2c3781a184cbda779,2,False,True
xes3g5m,27266ace8175b09f055fb61045685007efb40d65d4aaf8ca70b5e64971366a6b,ef023979c885eb21d790f3c5e6bc0ca0de04ca4cc3039d4ea56022403a4acf54,2,False,True
xes3g5m,273bfd089b6b7bde93a3dc01704424e206772f0c6ae1db5b6697f73db262b640,1185d1ca40a0ad203b5d3ae744216475b379aeea1705b24cc6e22d047e67399c,2,False,True
xes3g5m,273dade14e0b6eb908a4440b390e964c9365cc293e70cac0a312c65e2bf967f3,b26c5fb5725bdc38ad2dc63600ee558032b562ee6493b4bdcd879e816ba8b2e5,2,False,True
xes3g5m,273e959f377a483a3882579b60a8b98dfbe15e7b4c38252b94010ca1d41e4781,2d9ce0943145eb2d0f61f78fe8ddd5d9bd978892704485d4c10b212a488e34cf,2,False,True
xes3g5m,273fbe57c06c6e99d3ecb45ba73e4d27bea9034bcb2d154e4805a4183574f383,ea6f72425894ecc6b4044aa9c0ba09ff2de4157df481d091a98e362822b88bca,2,False,True
xes3g5m,27528d57cd6ed8f8e5eb9b2410135e52d86ea80d505f6ef670f462e5f7b6e10b,0cd4eba42af5bd0ae72c2db04d0a60e42af0ce4b28af9a09f47314da89c5aad7,2,False,True
xes3g5m,2768a9b21ca03a0fc420b4e958d5275191a7387ab5c563b16268acf419225678,9e5c2220509ee71e871f71c6353e4998bf06092f0e367050f8780bb926583f19,2,False,True
xes3g5m,27778e9b7fccd8ee97ffb43ae5af8eeaea56bd4b7acaedfc134ca2a874d8e6fa,79e4eb9fdf22ec60374cc5fa831fa5a3d78d568a7645c9846141336badc2e51b,2,False,True
xes3g5m,2778f5547236b18f371b9384a2753baeb4dd8bf9e2abf6454a14ffab25b8261b,bd4581ae4d953719c88474ada9af50738e3d83c738001261b762af7e9ebd2a65,2,False,True
xes3g5m,27796371ff8ca1dba48ff151e50b0c4c3f0a29fdea55e7aaf21d71eda7fc152e,684e5fbec1b32b613ca69f4547806469400900fe3c4f8b4f00815a4d3aef3771,2,False,True
xes3g5m,278c26c5698f794c6448dcf1ea73f739cb36b2307e96c1de2c57122259a9bc31,efaa37f32425808b72a5e448fb1c0c61469e6ad1d757ff1890b3baa719687817,2,False,True
xes3g5m,278c61628efd23db7d6d7b02ed8dd127fe2a35fe9d8ab2c0b08a0d0a4d480463,315757bec63ab35d373e356d3d665255b5d4558b9d0ce5eec18f61bb759fb49d,2,False,True
xes3g5m,2796add17d6161579a1eb7d61acbe99d9ac2860039c22afb6b93cb882f2b4d34,964e05f9a64f20622b12016dfa2ff1ccb2f65ba6677ce925990bd2a14586c096,2,False,True
xes3g5m,2798b09eec9584a84a87cc8465d26f3c4a1ec5094adda209a4b6ed7b9be31d0f,64c51f83992e32d2dc47085dbbfa9d71fc33fd450bf1c052a9f53812bf88d715,2,False,True
xes3g5m,27a74a93bb22dd0cc9903c8a38d88c69fa468c0325d26ba405a5325cb4734258,0d27604dc08cf6ae6db0a99c5c442f57a2019493e57000f5e988502fdc024dae,2,False,True
xes3g5m,27b7e49cc349c65ab83a9fb64c8404853a760b87df722f4dd88ac5657e9298bc,1822cf42e9474d16c97dceb4b0e50207585df3ad9067e053cc49540009990031,2,False,True
xes3g5m,27c022a6c4b7d4b800d23b1d6c06cf19ff547a7dbb950b5048330082140127a4,ee7bcc345866e02205f5e236a4e2eb5bf60355e12a89bf0f1e1b5e0dbd9bb45a,2,False,True
xes3g5m,27c133a22bd572416a58a116d06a9ab945f4bbe85c9519a4d9320d76312ec765,d1319823752e121813e1ff62c4c132d140a5acfa00d8b2f14beae50b24bd9229,2,False,True
xes3g5m,27c3eed241697f8a5c6b7d86687025c15c69b2cf9d33f3481f735c7bd583a30f,24aeda267bdd9659b91820f6bd797e2d14ecb849d7c318a71de60cf0c0c919b9,2,False,True
xes3g5m,27c812470bef1c81690c843fdc3dd9beba643abd0409aaf9e0286292c95bba53,b37e6ba9f2ea4c0c78d132470299f4a5571ee53b3092a840a85dcbb2c2b78d30,2,False,True
xes3g5m,27cc491114011bdda11e3e7f5501d08f902e264c1e39fd487946e67ba4cc69ba,ffa1a7313cc404715437c80cdf7342a2f5a3063af6e8c2a960b8347b82209db1,2,False,True
xes3g5m,27d106c9a4b955a2aec0fa9c185d6786c6f6c4cb562d8a1aa429676e63b0b9a5,4e91621a61294661e9d077a9acff0fade22f6b3b6557104293cd81c8ad73197f,2,False,True
xes3g5m,27d1f666f713cad19e08596f4049b14816af84f35832cfecb9c0c2eef9a0a671,aa22eb4643695767b1737a85adae6733163f4a3bfe27a59d2b6684eedd975a0b,2,False,True
xes3g5m,27d566828110409a2aacf652cf432616a888f713a37fd7a107c4820212ba2ae6,f00f5b4d5fdfba3bad4c783ba5dc97707d03621d6042dbad16cda11e26bda75e,2,False,True
xes3g5m,27eaf2d1c4c5fd9417a619c26a3cb6c30b41c4e1102eb943b2d224d269313a11,76c8e94ad055259155ad04f6e41c1c531f49fb7eb1da810fae157859215c5da9,2,False,True
xes3g5m,27f3d0b1f89ecbbe4c472a53cdcace1b0ce9a35898f38cd1855df32627db84f9,2956576f56df4e4d8bde08d497d70ece130aeee5b02e960718810e4dcf5cc6e5,2,False,True
xes3g5m,27f7e6a4fc5f36e70d07d9d8fb833316c49635a6072ae825a8d93eb05de8901f,26db671c4c860bae1fd34bd802cd748e6a3fc2b43ecd43dcae9187d26228e1a8,2,False,True
xes3g5m,27fe3100d4cfa8aab5b899d76e10c096a23b021fb338e2b51af1cc6b335e8f0f,1a42621a5eb7e7b4f67215b6bc30bc1a32df1842c513b48bdbf2a177cbb16690,2,False,True
xes3g5m,27ff827a5756e0b7155fcfffee0916237148b8d4ea268044d2a159b56415ffbc,8d3e6720b529a8140aef711dba43fc4f3461b3ad72dc0de86ffd4eb096aa394a,2,False,True
xes3g5m,28116a1880a3ab0967c4b8dbe825594feb5e4fd072d8b204711164026c47c532,747243a21425c43289a3f21b7ac2e78fd5ab8af8f3951e27c431505282c39760,2,False,True
xes3g5m,28191437165c182113d4ddd5ffb49dc6d694fa7be3d1acc3169e952976f92ee6,a88c14232ad0ad8f4e40537a6736f5e78ef5da6a6202198b58876be234ad4d4e,2,False,True
xes3g5m,28340c6f7c0ca959c3d9e3a1f9357f5abe8d6ba600b944ba79dea38514c5ee5d,3e8e7d53f793ef31f94f2b95d2632206de02b551c52b9ce2f6ef0f71f5e27f84,2,False,True
xes3g5m,284483348991f91e3ace513a95bd13dcd3916da2e78ffdd7328bffa9b8fde734,2e175b1f66d5682d3e6388aeda5a3defa2b83f9a8009eeb6d407fe6a0bb58a86,2,False,True
xes3g5m,284c6e9c61ef612159411bdbbb99a3a1c8f0ea049d78323646a444f19a79ac3a,78fa62e2ffb1a88765e65e28848e50e4e593dfd7546d6aeda1babdc0f3b4f97f,2,False,True
xes3g5m,285135721c7fd58a6aaea9a708a1228f40c7e3dfe6eef7b8639987e11088098c,df4c6e88087ad879cd2f2a2ee1733d67532bb015ab6746d2628747c434596d5b,2,False,True
xes3g5m,2851f0ddba69835a7f18fb105cba00132b3b845b69b7a12bf9eb0619c3b47dc2,a498360e82c88a01509343cd1c58cd044057764a48eda384f5f2e87ba8ed32ad,2,False,True
xes3g5m,286cb2b5ecda0f4c54b8dd62e2e4c8bf038daf7b5c11add5e976680987889f9b,8556a7a4f32a5d9a80098fc5bb0be28c703e8c896d4404026587bf3d72e1e74a,2,False,True
xes3g5m,286f5c9362b5dfad74ad236d07af2f71403a8f32bde52cc7841e4031a770d669,8baf1a3b859c7909f45c5e9017fbde3ea56e1bc61ba102664f8b8a91d4a92b05,2,False,True
xes3g5m,2872a36e6a4d53f95833ba248997787b68e97cdfade1d9a69d55ab4bcc7f6c65,e371be5465a45054097693b95627a839f86bac1008ec646e90dbe15ce27efaf9,2,False,True
xes3g5m,287a89a2947f5284857a71f52e08f630242a74799291ab3fcd3868309d6f4c5d,f10c6e15e34a8e100c652fae5fc94a498fc7c3b06ca0ccc25d0b86277746a356,2,False,True
xes3g5m,2881a7ca1fc7ca836a52ca24e05ab806fc9713d6dd0aadaa181c01a051ba1abe,3be371bcb30b1225f6a5032ed82bfa1eb1e0730fe064812ab54d8d335499d99b,2,False,True
xes3g5m,288cdf30d4bc80ba8cd28b023a03374e4f0fd533d613457e94de0e17a5907cb2,087cf419f9882e9080b3c62bc77e6b798af2954710e183c066fd05f0339cae0d,2,False,True
xes3g5m,288d3e1e9743e5f0372fc06c56e5caec808d3cc314d31d67e2a0e3164a15d816,51c6ac373396eae2d4292f64b193a6524c1e4d023022ece9f177f567b70963dc,2,False,True
xes3g5m,2892208d66757461766294dafea54189d74650f3ad1b1dd21bfe8ab5400e0cd6,bcf8566cac7156f6c0f05bb5bb7e93058b2b0ae2519184fb7c132011a7fd2fa3,2,False,True
xes3g5m,2893bdf89948e7cd9eb12f881ae5f2bca6e26aab8297df30f74155c9c967f0c0,0335b48d6ea4c5786ea8d4e6f30944d180b35fa23f7e92db24902ca52c5f63d7,2,False,True
xes3g5m,2895ff4448653de00c6852a19445efbb4f1af1ebc37b18d55039c2976242c167,b59f91409cc2dd985c13a02d589dde5007b207d47eb9a5d26591b6377e35fc69,2,False,True
xes3g5m,28a8e2c27be4622e34a64200807070d59894828f3f2bc6812a9cdc9c559a455d,88cacadcf2ca624f137b1ad7892cccb938f83ce0c66e33d2dc6171cfb7d068ab,2,False,True
xes3g5m,28b80b0212ae1e4cf192ea47ac1518ec499f09114757bd0dbd3ed0f094e0ed59,09f7bd0dda8ddf911a9890f0dfedf06bf32c8a50b4f5980f88234ee1f7dd4165,2,False,True
xes3g5m,28c76294f4fa937542d4ada0e4d498f550d790c2860fba415b23da4208d4808f,d1662514cdd6643870a644f54ee01c771bce6cf3273055cc2cc17de29a80a761,2,False,True
xes3g5m,28cf62dcf03792cb47f36508489cca4abb022b1c2f03abbd652b2f35a515cf0a,f6013cc23ca1f401bf0027da96c66b38736fb9d4a48a08143eac944ddd522e38,2,False,True
xes3g5m,28d9ec65a120886d0dde1fb82073a12a1bb0e1417ce6c47ff4998a87b66f98d8,023a3bc4b9b6d9a3d34561ffe0be465aca8c04b8c454c869d346e32b4c5b9f03,2,False,True
xes3g5m,28f1204eb5c9ae2de6190bd688b4ecc72a8bac17f1adf4d254edee4b7ac3cc18,9717187cda33c099a545072b0b9c8f2be2e05b18697cedd5e9235fc448eabbff,2,False,True
xes3g5m,28f14143f3fb9ac712ba6e8e1c3b03ba24926e85c05ab7b348ff02f4790aba34,23edb6ff9d47000cc9c7fd397a991ddfc79a14fd9c75059e265b386c5296780f,2,False,True
xes3g5m,28f3f97a481c5aae2283fe406d4d53bb8f39f7ff9aa45231d598c31f454ca80e,fb0d285fb8366877ec774340b3864e1b0a02fe1a6cb3551c46fd6430f7cf4e62,2,False,True
xes3g5m,2909dc7896cfc7ff2f49023fee3fa67d9d7cce96d82bb748705996b9f3c5e737,160dd4258f1e5721ea1780aa037de54238d646cb7790c13714a66af19dccfb25,2,False,True
xes3g5m,29163203db47916d9bdf04baf8426d644ee786449df27e01457983dad366b374,3a1b00781a9f0fe34251306d64e844026ea995cf519440feb088986967d5461f,2,False,True
xes3g5m,29239033913b31a01c76f33b60b1ef95f99c7774d629997c2c7b34d1fae3609a,1cfc93bd6a43efce297dd7336d77f19b5757e1ac7fd5bfde4783d161160a6163,2,False,True
xes3g5m,294850fb364bc39b28f57dc2478d9096175ea196f5549310dd0fd0490fe5e596,e9b5eca042cd990583d4f9726d72b128c46b276252c8130bf384228cc63646f8,2,False,True
xes3g5m,294f85d0c37aeedd9102d4a6fbfe79c0e1b900d24ce6af5bc91822ab72bc9eab,473c19481d2c0d79d4ec77ae0a5a2557b0e6ec0000e29a8297cb107c5bba732f,2,False,True
xes3g5m,294f8857a17855a88a03e16d31cbeb4d99c24d014ea3fb9303a4b326c2b230f0,b4c4c3f2eae311808db5db539fad99a2aa100bc725d52964f6279e41e5006a0b,2,False,True
xes3g5m,295c7e0d6bfc27ce2e0c075e2e3668dc505e9f77915c83d7afaa47a43128f0c8,282e7ce5cf8c08fd226bc2cf0daca8735814a21a41c9db5cbf129ec31a8a9b44,2,False,True
xes3g5m,2972c6f4024c8aae502360d967a5c83d89b252a7cd35bbca54cf919a32f2a9f9,9789ff90c8a48c43f579ed9c3db63f303206fa3d7076f13bffea91acb5caede0,2,False,True
xes3g5m,29858c6c9ff638cc35c14aee7d2758f244d6cf1bbc0776f660fc194a22bc7a69,9b4fb2f548009640373e3a4ec95bb7ae56fec909329f24c253f75ab44f442a6b,2,False,True
xes3g5m,2993a6679781aa3a23479bc970ee354d155693c03b833d9a8827290acdf22bb4,e2588051908b50af1ce507a921ad5f20240ca55e120e09ece9cbce7c6b91bcbd,2,False,True
xes3g5m,29a07a63400f53677800a11d9b19e44ee6e3864569d0ecd1071e59931bd0ee66,b1add3ca2d4a8e40a1cf3519b1c60ceac2def595487072b95da3109c5c2d2ab2,2,False,True
xes3g5m,29a565fbd26ff9996b3eaa0a140eddda96487b8c0fb70d29eca0a5cf75e36a2d,15c4932d3b8e5a227afbb99984e31a2656f3b5d0dd5d9a583fd804f1546cd2f1,2,False,True
xes3g5m,29acecc2fe1b9ff60368a812d21733d4440d0531d6758d9670fe110318f28795,5a55041ed679eb9c12026531bab9aa15109e46f6f006eebd7ac3a5956e66070a,2,False,True
xes3g5m,29b159539892a26efedcb1cd56cc35741fabd9926af680516b3771637ce789a8,6f179f1fc5e555ef17bb2ed13673c831588adce93bdf240531522eafa45b3072,2,False,True
xes3g5m,29b7fc7122e445b2ea691d9e30f95f6a9ac626ce8c701aa6379ca71793736808,59eb3c5569c84e580eb2520ad9e987e07c0bbf23cb2d5c865d57befa53f3dca6,2,False,True
xes3g5m,29c31ffd2721fc85d5f3ec3afed93f7b66e023cf2e853a967e763ab4c6727745,5fab680bfd75f4df1c959882d23d61bff457a20979ecf85e10f6b9c1a592b1a6,2,False,True
xes3g5m,29cebcd9dae2e4a1f694b04bd5b90bd05fbdec77cb21fa42b337edeb5d392f32,295bc5ce28f95778086cffca085d041d2fd41cdbcc740f84932072f761ea6692,2,False,True
xes3g5m,29d3322864450f49ff4d36a011a17d6aad6478f312bc7eeacc7c61fb6f8a2aa3,c01bd719705edcfe72ef20858f837aa884b656f818a1a42f788a82c6421f0e95,2,False,True
xes3g5m,29d3524443f70f79bb3147af0e0de09c1b68d48c5f9ff32a31d84e97aedb0359,efd92677e0ceccdef92140f4290d9d39e234edc34a4b692c4a895fb30aafc645,2,False,True
xes3g5m,29da7c9466f46f075b60aca615907a4970ff7bcca3b56a8d76615274ca4601fd,b70a232530023297066c9022e0810b11dff37c42beca93bef2a4ea16f76376de,2,False,True
xes3g5m,2a4a8b343279ddcda5b63a09eb2389b8743ff094085e26b3a8d14cbda2f0c9ff,372e16ba73630e8726f9190877da9fabbc3b2cf5fbd03d294985f153b157233b,2,False,True
xes3g5m,2a53fe0250b91bb40eacf5b5a1f94a49ecec0858b490aaaf66c5b17ccc37ad55,b8d0f2e5ccca364c187562eb08100f4f8460735d14fed0c915b31409c24162cd,2,False,True
xes3g5m,2a57034291ab557431440161f14574c825e0a7d9213511f014aea1899f91e5d5,101779ce6d5365b3725ec82d24f9f34ad24ea9b32ab944117d8250bd5fe6c3d6,2,False,True
xes3g5m,2a5ad5c5f9c8523ede1c387a7c36a8d46167df48fe1b3cf170b4de75d4fff4ea,06baf6fe17d037af0034178aeb301219e21d3ff2b5b4ed4bddd948d605e300b9,2,False,True
xes3g5m,2a6e626112099b168de2051b6989227357e88244a1d6a83c6b4ec86949a4adf0,ae3e8a4e730826c37692969256f9bc0f9c2d62807e384200292fa0406d4ff6e8,2,False,True
xes3g5m,2a6f83f76119fd34db607d60d0fc6ce42bdec0d5819f7748210f305a20cc530f,48f6063583ac939a769e369c0e5787dd9c6733076c5094ac167ff0c0b8ce4437,2,False,True
xes3g5m,2a7998857ffdd905f085c9721e1d32890afd63d5625b3aba8e99fd9e63ccf1b4,3b87c83aff236f13660c41f3e6df8875e8194a82035616413f7168c15943619e,2,False,True
xes3g5m,2a86ad5286770a1eddaa34e7048a19789eb2b6012f0da43f6c8578cd9b478869,716f7c8e70318c01cd25595963c26d7931ac2c547e98ca89d76fb04f8f12e878,2,False,True
xes3g5m,2a9000d33921c81b0ac740e4e327b6ea0f180f82e5b52ee0ad070a1d8f4dec5b,94d307914d91d30271add205b0bfd35137e43e5ed1d77aa92966fb8c448941ba,2,False,True
xes3g5m,2a9d960485c1089a69994b255136542424fa6b5be7f427b91d77a6bf846857ff,82f8d2558df78f1ead4f5f7ec4005f1b07e30d32c2f34ceae5091435b7f40d4b,2,False,True
xes3g5m,2aa12a9035a3ab75db942bcec6d616719829ca4b8ba35b41aca95a5b99de61eb,03971fcacae216aeecfb8386976bbe6d96d8a233cbf4568ea8b19dd95b68fcd3,2,False,True
xes3g5m,2adf99a6d50184e1826fcf2a89f4468239744bca4f26e58f8e4048107486107b,406fde51d2b516df65be70c35e40ce879a3966d77b96d16378e5826daabfe781,2,False,True
xes3g5m,2ae6d00dc86bd9b39cf2806d16a0dd06e030b8068651a7beb163b106e4284836,5848924e7eeafc456623a0ee0e2b4e7d9f549eacc5ce32b2cdb99d32812b0fc0,2,False,True
xes3g5m,2b05d8753efd7508b61eb81a7019816b6a3a93f2387990a4d98d158e1d9becf2,71d0c5cff662f2a3b89c2cf7c83481f8666be40440ae104b9dd94bf6774ec965,2,False,True
xes3g5m,2b06a09699544812d9fe4055dcc2a73c5b6fc96fe057c054641cb3cbfa43ec0f,ee3e09f6b3e7c1369696b1b48845e9d6c1421a1def38be77f0d198cb575c7947,2,False,True
xes3g5m,2b13cb474bda26c05a9e7df84d44d5f74439cf8e38cb89ed7efe609e2a7fbd34,2303f23309dc30339b3ca312a5a4ecb54ff45d9814a963391ffd5ad674adaa3e,2,False,True
xes3g5m,2b1fa323a327277180e49be13194fd8954879ad37c177e03328c589e4b3f8341,dd92b715c3dfd2294cad28ee34c2d34e4d7d9ac55713dfd258bcb9bcb656a739,2,False,True
xes3g5m,2b29f6a883aa651c2def849d40c6dd884c4271bbbf5d0d559afaf9ca744691a3,caf2bd1984e48fb24e5bf0603005c419b9af9bfa6a6e11d5072ad50e53c18ae8,2,False,True
xes3g5m,2b2f54df125c4855f5e3e3a2e8169b68642810deafea75a685cf4e8b87cac310,a1f8e50284ec96fc71084e8abf82794b917e377fa4907b944ae3132b4194d8e7,2,False,True
xes3g5m,2b5050c2bd5999c0138b5b483d87df489be58455d3e5abbd65ddad53a9ec81cd,7e5af53862daaae1a11591f5cfe65b79ccfebf0afd75d6e0e8a1eef155df68a3,2,False,True
xes3g5m,2b5930623a011e6a9c3df9e2cdc23701c01ee407248954acfc9869e9af452f6e,335bbb3e1ceabd877eee9535a3331b13ed08155a43ed8b1f4814fd702a3b8403,2,False,True
xes3g5m,2b5ee8d3aa574bf1d300bf09a692a7c3506fe5e249b2c7100e28f2f423a7c13e,d32a4e02eff81a30db26ebd3f443b607bf1358a7ff556632b59bd8c1dee77f6d,2,False,True
xes3g5m,2b83f15ea6cacef37284564c47112442f7c4329b8c1ea841ae9f46504ba92d5b,ab1f6f011f4952f76be29dcf5bef206b285bd354e4e78b35c2d4dc4b5a392f57,2,False,True
xes3g5m,2b89371b167920c4bd41f2316b02d786f2aaefe4313fbc2923c8401bd0ef4cda,a284081c079784e692871d9048aaea76dd07f6713402f64cd1ded6d7ebfe224c,2,False,True
xes3g5m,2b8939dc4fc2694a8cfa4ad277e6e031f146248f7ea716126ff15a01a01e0126,bd832b309bbcdeed673c740997e2ac7b775d3197b40cb1020ad5bef09a6bdd52,2,False,True
xes3g5m,2b8e8fa2373271f464549e368e6450c6f7035b51a4cbf87453ce3920ea158e69,4e852501674a3281a0c6eb589abef02b77d94323f0b26bf87cf81307bdedd465,2,False,True
xes3g5m,2b9157b5922c7f5d541f4c8134a3c2d14e89f00a2560efe3b0c603407b12924f,d1c8befc49500b6ec8c95936a708d0a63c564512751a1042263655ff0f15720c,2,False,True
xes3g5m,2ba015d632c93eda471b7e044649a04c9c5eb76d7fe8df6b2ebda50f7f35575d,43f55c93f59a27c8fb4de906e059c0c311f31341b104e0be8ef562aaf339c984,2,False,True
xes3g5m,2ba4687cd963a5363939ec24f4869978d899afb2604592082b98cc2c12a0a973,2f56354b0234b0ff5f804561bec3b6f8cc745555297bb63259dee421288e18eb,2,False,True
xes3g5m,2bac6de0ec7b26fc80cc472d3832c5f12d8c45cf871b9406faef476f29c489ad,3c0294649334584c98b10dfe375f92e5dad3abc1f92b22916f09c05a8603c5c1,2,False,True
xes3g5m,2bbf60b40e26937ff03747250b5a5797ec4611c27081ed4dd8b7318011907ac6,67a98472cf77839745e034682a1118d8ab2a6c1bf36f510e110816b4e42c35b3,2,False,True
xes3g5m,2bc97b43a953f24194b80340fdb2e5a79fd44df498de0c41531bb59289f5ce5d,1d145c98375dad43ce482f4e4d11bb390453029471c8fd0db4031fb1b3e6cb4f,2,False,True
xes3g5m,2c02c83350baaf0c24410cbc0543c5e6b8c46be720533236fb66d9f1b8a4fc32,51221ed578380b405afd41289e44e61b8151a91ff1da00b549740b29721697d0,2,False,True
xes3g5m,2c25dbc4f2ef13af0d791384ea5b7bd6a4c09a024d246e8d2e370da654708201,583d9dfa41b419a939ce517b275def719a7e2ee8aa2308c02b78a012bd0febb1,2,False,True
xes3g5m,2c2882720275fd14b23e744e8799a39b7cc51df2ff1dc55d375cf18c192a008f,3fc58932690163c9315cd3c7b926f126611b17dd3325d0fc89ad58ea617e0323,2,False,True
xes3g5m,2c30fe11803b3919b3438136826114e49f84e897907c0f848bfea78d844d3c67,c9dbd5f2a1b54098a6b63c17bcaf966545ec820016538a3e5619a7a5452909a3,2,False,True
xes3g5m,2c5ec2eba5b2173c91c273801f181a0ed9a3f52ab5edbe22c8b7b5bbc2869129,1ca6387341ca023d291b2e16c7d4d8a73e16cc77ad2c45e4808df82504096adf,2,False,True
xes3g5m,2c60a8a5d42884d73e3b2237e612e82dc54ad6755537fdbc87603c1eb5c2bebf,2fadb345ceb946cf821d8a205e5aceab2d9664d58a13c1760512200842633c30,2,False,True
xes3g5m,2c632f9d026cbaff6a2d3a536ca974d55acd3bf48e329451582a0a3e38459342,e8249e5a5ef98aa663e37c083b9a8f870d915b0aee547b9b8ab5296a549e5c36,2,False,True
xes3g5m,2c7b4621d86849a3f2be875877a30bd97f92ba0af965cb076b14aba3181b821d,d6382382177807f66ec5604f1f2da8fc76d55cb3c885a6c036ccf0243774105a,2,False,True
xes3g5m,2c864206e5a9fb7ce7aae5b5ce3936d9c64bee1e12e39b53572cb01639fdd0f3,8de750b584e168bd6b54fc50c2ef22a2f058c6c3001ca9879f4107d5602e7353,2,False,True
xes3g5m,2c890dc692a4c18ada972726d0aede2d7a8dc63ec00581e847a8addf92102fad,caa370d2552e046b2c9f6b55ed91d230d1ca340b21b016a65fbc1146d7c62f91,2,False,True
xes3g5m,2c90b4c6bcb61155add7da2ec1b1be996ad363490723ad49e3cb8b32ebc1928d,fb5a29621bcc0f3920818bfb3f7a25cd5e94f79c8e8233737d663035d1c45efa,2,False,True
xes3g5m,2c94041b0f0bd259aeb82d400b6e5199202251aa09349f2efec9789b02957102,4868a239a2d0b263dec658bd89b9c5aae8988adc981f2febf12fddf8e68d9659,2,False,True
xes3g5m,2c94e89df0c98c47dc64d3031acd15919b040e71fe167d3f9146af205e34a48e,9d5ffc0e5206125c60fa4bca3ba983b3b9329239ba287d66671bdb3d1a2c795c,2,False,True
xes3g5m,2ca4061382b4860166d7e424d88e4701f345ff670d43a478dd7ece72bbd4e093,87eff6ebd4fe0b6612e4fb0f5202eab8aa0a8fe371aa10ba798ae5f5dab2fa0d,2,False,True
xes3g5m,2ca42efcdd0b82c8c2a6a3604c8f2350ad3899d69418c99085053e43598e36cc,18652f9c54a5d2aa52d73973176fe246863ad1783687735746ec80790e039484,2,False,True
xes3g5m,2ca95fd04321d00a5ddaaed110fd276b92a2b1110bb7ae71490e502043cd27b2,fe49e932567ce7fe89bbe19ff9b978422ec07285b0dc90e8fa636a124d19bd64,2,False,True
xes3g5m,2cb35e6f01372d2ac30613d54f5d72bfb0b581759c0864cc1d6d8ba5d87880b2,b9c50e2697eb78685cdb466aa0ade899e6d552423c10a080c6ea9483fffeee3e,2,False,True
xes3g5m,2cc3103ec675f11ca804bd3b443f6ef84b1877864e165349a2304481a3b3726a,300bfce4c1b894b3a9de25a97644e21be4ca8bb397a5be9663a4e048912d5450,2,False,True
xes3g5m,2cc4989eb2fe4a42be1c98095e245a0d83719cbfdb89c35b55b37abb215312a4,d276e1e10e2596b0b4615fcbf4a49372135f878ad828b60c4fe8debb9eb0c46f,2,False,True
xes3g5m,2cd0bf6dc8d5bc5e80eae40d0fba84c570359787aaa3a329274e306a5b9aa2c2,73d725f3af23faaefea2b81151fae8b24b6a7a0e97670454f77839954f21ef51,2,False,True
xes3g5m,2cf62f72fa493b110fcf0eb11fae25afa9a81509f18b190377746ea892256509,bab300d7d19742151bf42a9bea9cb9c4f3e92c1235f1400b622d4032002f174b,2,False,True
xes3g5m,2cf7fd945f46afa0940e0628fe815106ec52b9c0af46ae899db0c2afe37c81d3,911d9d53437ece2e694621347a72c50037757995eefa189919ec1bee705ee38c,2,False,True
xes3g5m,2cf881cdc5527f6a07725361d17405bbaf9ccae9087f3bcabb3dcffd052fcedf,0088e90accbe2b4cd3424217f277f1d5b09c8439d4a59396bbb135248b6b1fd1,2,False,True
xes3g5m,2cfa7e2ca6bb2933349905e4eb448c724a1912d3119fa3b54d1228c9e63ef197,903fad3304b0b3b8f536b289ad51c85c3c69bb881c92b9e8a133b7532ce7ad47,2,False,True
xes3g5m,2d112fb19fdf5cb2b7fbb4557d5d52652fab3668632aeb90bc254f759bee78f6,e882e500733b555ef28dacb8941fdeadfa9cb6ede7c7406ebbc30622e4a4b550,2,False,True
xes3g5m,2d13fbb41ec369382a1514ebba990bb0847effd38cfd6cf45461b953a1c8d000,f519d000f094026ea9a4c206bf0f8d98dfe6171ee1ea4ca8a1daaa7b58781e9d,2,False,True
xes3g5m,2d2ea7dddecc861f441ac5466dee9bfef7f25279be7294be163459e07d99f851,ee468c99361bef68ac5d31cbf468e03da938289be6a5c8f232e5f390981c137d,2,False,True
xes3g5m,2d3f5feb7c8aa7a9d6f17550e194c2915d49d685980952bb7e80ae95aa71a5e2,b8157a084846c974ef240cdf3ea2a178361fee507f26d7aca0d799d2ffdb25bc,2,False,True
xes3g5m,2d408f500355988218bae91c6d258096ec7c8b43a3e5dd712b0fdb8ee5baa08f,ac60032f9ea52012de661acb0ceae486d99fa28b9ecc54e558b4eaa4a35eb5ce,2,False,True
xes3g5m,2d56100b7ee1cd26b5af272c3e7b3837249768853e385005ff27fb03d95ac307,93b243c4e0bc421f9658b714a68b1dc73643b97c934f40f68a07be9e942ee75d,2,False,True
xes3g5m,2d6e9c35d58f59afa33dbcac873e2400a791f27c2325d0b9c4b6f0ce43a6a64d,7040c71495f9022877c8b7c2c67079666ac47cd7f97f84558a72dbf94808b2d7,2,False,True
xes3g5m,2d7e83b1296b6c7c064fffacea7c293dcc7889b2cf5a07d6af6d893230a38b7e,634bebe41121290d29fa4de4f2bea777cb1e52278abacb1512413fee99a9b629,2,False,True
xes3g5m,2d8549cec1588da7b7daccf1ea7c8f9f17de9ec698102042e6fd8a09d4a7eca7,5db6f01c7cb750ed9c4944fd7de06bbf42e2f9c92d403bd2b898f09db1632a39,2,False,True
xes3g5m,2d9d860b38749185fff0d528d56a6fbbe42494c262388a678c5fc58c18c2de3d,52c927fdf779df71d563cad7bcb5da4788fc931fffc9f696489aeddf86034bf5,2,False,True
xes3g5m,2da37ca1184e54519e38143e56c5f77864e94356a70bd8c2c977e5e2f17573a0,c6b46529c93b72c5a5362bc922ea1cd55cbcb05302e22090f681932169448fa2,2,False,True
xes3g5m,2db70eb018747a6600136a7e1131c86b4933cd862bb53526fec71390e5cc3cd6,d8d6cf71b2c620e67de08f5f1fc8caf6d6c4995b7f1deaf831a3246a320f9e1f,2,False,True
xes3g5m,2ddcc1f0ed83b1b366afe7bf34502901e6d09b830c3b1f7d5953522297113a93,51d2b9dca987240040b180dfdbbb25bd53783b098b3c857836385f6093022bf9,2,False,True
xes3g5m,2de60f86ab4d7116a168df9c20455108d28ff9cdbc6809061c287aaf1e712a25,ff0df0bb770ec9dee154cdc47335d5d802bc6b1cfb4d6ccc78a99cba447edaed,2,False,True
xes3g5m,2decfd6108070274908973970eca3aa47445c3bf2325f24684965e6eb8b5ac74,ca795488143c123a069ee15ea9b6f643b055133543b4edd63422a6d4f7c54785,2,False,True
xes3g5m,2e03095e3685c1082a84688f0d40549152223d1b0d3557be924276993e113a11,04e08379beb95589a0d072549f48b695106b9edbe4f3a7b3a8675c1733701ae9,2,False,True
xes3g5m,2e0a1f96b1c805e404d45700c38d146a7b31c8a407fe758b3798f10af458d3b0,c6b6aee38303a8aeec817a1b64c6840f8ae16f94c7c4b05fd62fda8bf69d5417,2,False,True
xes3g5m,2e0a9e1c4cb5802c541dcda5f4b727cccf12a86e846f1de69369c68a277e7ea1,13faf0e63b6d59b0662f1f1837ca2b90a09a2fb87d8cba885e0e86666f748cab,2,False,True
xes3g5m,2e220b76b286bfa30fe5d37561d7cccc8288d3cbf631954209d8dc57c8068127,65b1dce38d8b2b68fe1c1d8f87668c456bf118b2863cf374a9470bae71c3aeef,2,False,True
xes3g5m,2e39f09958750cdea67364043fb11b4daca054fd9d5f79f864e400736306edad,f31085e18fd09f6103592b1724d68714cb1e1e60a22aa1ea4556d0c0132d8f96,2,False,True
xes3g5m,2e4f8e1b4ef8e5dc274ff346db64c91a23aae7a957a7819e23ae1b436d31a020,e92bd4a5e2f178b3cb6261682d29aa22428f7f38e6c30442bb67be28d0b42462,2,False,True
xes3g5m,2e85a79dbe79d42511ed08caf20caaef4066e901709e2af1563e707f0466efd9,e9f5cf5d16e64d5358c951ba6ec339cc996ce4bddfff2aedfb24019acb81c945,2,False,True
xes3g5m,2e932836083b4f185e6b60194d56734ed64046dc9c3e9a76633c95939e85157f,d8d0a98f99f84bb333f2a5165ce44bec40ccd788b267bd731156faed36f60a7c,2,False,True
xes3g5m,2ed6ade954832f65a8678c87fc28ec39672325e13ce4e41b3694db39924754d1,98e7d86f40937f5f582d18a9bbc1b78b025757b512694336998c5bd393f117cc,2,False,True
xes3g5m,2ed74cb5479645320f1e6716795a70f6a73fcafb3523b89e7c50855db92b52d1,ef2ec315307633080ee555aa548df8705f206c750ac87a304b3b7ec876c74d37,2,False,True
xes3g5m,2f297f4368260f81dcb805244a35f04c3010a56caddddc3accdcab6a6a87c1fd,c005094b0857eecfd5445963157445d194be7ff85af96505d3856e2bb570422a,2,False,True
xes3g5m,2f2f1b70666833f3967a17c1a822d7cbc1844e412e3b3b274b69cd3c9e53f8c9,88b09dd8e2d0ab1d08d39f0f19b85dc263bc64243eb3ca5e597907bdb5da23f9,2,False,True
xes3g5m,2f346d4e2b241dae1bd6454bf69a0a7f01c526fc863aa096c8dccb82e3bc8870,0e5e2508fc4d6f15f5da4512450de6157f5eac60c346ca86d9116bd3a88f2c45,2,False,True
xes3g5m,2f34a492d6f7ae9913a6d90b72af0e71b6ebbd04bee8b8420ddfc239a4beb340,09e7ca8e26f2b7c274c1a4c86f5b996636c27ebbb793d3d20011e25fa48d1586,2,False,True
xes3g5m,2f6bbaaf8b8cf2564ec998389091862d8b67dc6e008b578dce0fdbd0ceb37641,83166f3b805c1a5b641dbc5bbb493d91a341ce3d602a2610fc1e89c511da60fb,2,False,True
xes3g5m,2f6d0c771986c388033be23bc52548369fc53a73da15e5e98898795f6db0a924,e54fd32293de88bb3c07400e3079451facfcc36209cae7a00ed2b78a3c3dffd0,2,False,True
xes3g5m,2f6fc3d0624fb6d4b8a17350555d5e48e37f44550f1b1c586552964906f58733,3a1eef0465e1ab6e756d15a03136f852c0ac2a78bf7d323be31fce461f63649f,2,False,True
xes3g5m,2f7b8ecd35e07cf8cdcfe156ce56e8d1812168a116154efee4d27f72275e39c3,445c9929d1b58b884c76d4f04a6c2479db65e6fffe42e0526b0176ad75abfde7,2,False,True
xes3g5m,2f7c7686bb10f152b39f0b6da43c24a833709aa5df3f1489516b9426a3a484e0,93b243c4e0bc421f9658b714a68b1dc73643b97c934f40f68a07be9e942ee75d,2,False,True
xes3g5m,2f7d323ca398cbf712af1bed793402bdaef16bc54320338a1aeef050bfdc8579,45e9f545fe4f7283dd687241e4053988d2aca12c35827d15e06d1dcf72735715,2,False,True
xes3g5m,2f7ead8b7d58a1f4c9c7bc3ab4df6aa4da4f448a2b7f9f84443c5629ce313f32,f1fd2c4f22e18b102187681c7e974053edf82f7d8abc30892b59323dccf74e06,2,False,True
xes3g5m,2f8454da5a57ab25e1e8dc6932068e8b8d62a50c477ccc6f8aed40f172d95852,ad9e235e9a19ce892284b5adfd863aa6c8b91597339b37c77219bd919125f692,2,False,True
xes3g5m,2f87b4f83937e9fea206003205d4bb28a6faf054639212b24f4c46144fd85f13,73e64a15f5010875e269407a8b8e73e2c2c8619fed0a9625c7a091f429f42acd,2,False,True
xes3g5m,2f99779ec11624bd6931f80b4ec651edcedf47ff38c136031dcb934c45cc6d41,14201adc68724408c58f6c382e74df1efa8398a9ac2e51192225bf2646747bf2,2,False,True
xes3g5m,2fa220b2e17add9f7493f02f0308cb1a7c81087d93829161449b8ae8082fce86,e9e31c8ae09d2d21a2f70bb3bdee7a6215d888763ec9f134c2430817f5c93ef8,2,False,True
xes3g5m,2fa9cd993c7e9b6b9deb69483d1ad4ae95015d714e10877bb54cf10b0e2dd988,e2958b9796300bd12a7ede59bec55386f6a62861f24910d7c30d7fa6126a16ff,2,False,True
xes3g5m,2fafd1c51db76685923a18be5185d181bb7ac5cbee883dd8bf06d2cf9a555ba4,7f53bb38a3e9844e892d996e0b8ea0408c944549d46147fa3315f2a5b59a6f3f,2,False,True
xes3g5m,2fb9231526de54f1a3987abf9f9ee18bfa21653ff822e6c63d19c79c07549e81,a6fa4ce95ce605e02cc0cb6a61ea38d0a68e78768b89f70e670e0e4dbc09c003,2,False,True
xes3g5m,2fd00f6d52ea54b1209f2efdf01d472757ca4fa619874a92c95d1e0e0a5b350c,2ddb8045361222eb7573bb19b08e3ca3d3089eda3c94e5d9e711d94dfee7dae2,2,False,True
xes3g5m,2fd79b875df84506d539959ffa33550e9e9d25df7f1ef2f112d42730d8ee0c89,d4809fa6d2ea0ade50cb5779f61afab9d8734c745fa47792707da37d156de3fc,2,False,True
xes3g5m,2fe86b1ad64b00666e4f31a44802eec225b7f407223342cfefbbc5ea408a46ef,454345581b27b816b04f00dee41f47fdb71579cfde0537b450382d38e4d68315,2,False,True
xes3g5m,2febecf8551a1ee808c58dc3bc7b5c7dbf25cf557676ae0da942eff24a791e5e,2e33be6a25507f50a9de8bef96a0c9ece94a712d8bc646a3f10647a23188cf30,2,False,True
xes3g5m,2fef02c0d548841ae36e21acbcff9fcfff5305ce3295545d84ef0f082844493e,f50288b95a750eafbdebb16410a1c6e1927aeff3bd0e7b9ce80da62d71727b20,2,False,True
xes3g5m,300dcf9f822d91dcb7a68692d5e171881994c064ff3852c6fc93be44f65134af,f068f160cce1a5347b0a95cb51fb614fbc4951a21752260b373bdd1cac133419,2,False,True
xes3g5m,30279c712e0c4abbec71f810a30e1f7352d53c2bb5721b5e6d678340ab3b3e48,c57e7b9ac7950aec6b89898bcfc40d41b78653720ffef46961df7196abb9b0b4,2,False,True
xes3g5m,302c1aaaf2652345df6a40467929c995d3dd90ddb7772f3ef8942270b7fd5cbb,7b8a80c6b8372cdfbdbb7ccc05c8edd6177374e2fe3a8a52cf57148f781a280a,2,False,True
xes3g5m,302e41a3aac28a0784cf1b0c88691961c188e7c6070664f144652c12d2ab1a9e,9ba5dd24299fa1f2f0034653453879f395c64bce6815e36b0b28cb6e77bba103,2,False,True
xes3g5m,3039757a1880e60ebf114f177380150d03e360c9478ab68cf0045f059499a94d,f504d4bccfd56f32076be5acfd9d15996edda28177a5a493dc4a252ca5d64fcd,2,False,True
xes3g5m,303ccbbd35bd8a92f7e9ac2b6329f4aa6cafb021f661bb11d5d7aacd25bb1647,1b9c7b3dd98ef7fd4dfc51753ccfe04225a669d3b6b4508050b1bbc8095a2532,2,False,True
xes3g5m,3045826832101ed4d47d7a08ba70d91b33dc42423f14befdaa1e4648c84143d9,844f6460c3d8b14fa9653680a62bd88a8f405f32d69bf296ae8b95c9e070a3c6,2,False,True
xes3g5m,304cebbf7e7600677af9f1d30b629bfb56105087872ab37d4c079dab56ed8305,ee9d909cbad52a46129920f7b067ca49fc25d9457ad5b53dbc180ad2617d5ef0,2,False,True
xes3g5m,304da457d750af7c142ea0e8da8edea5644ee3fb9291fe75f6e7d6c4adb3cc1f,0605ecc28c66a2c79ab39ca4a71a6e102ded12a32d3646ac19c72e228f8a0de6,2,False,True
xes3g5m,30563714815a9655bf8ada97973b19af12fe9d31541e3e5f54bf737f92e599be,130b8891d762bf53ef3449d9b558ca766788266cbbb63f86f75c79802a36b950,2,False,True
xes3g5m,305d60865f3e83d10380a5ae6c9a7eabaac3a766ed189c8ee6e042a53efd9ccd,daf7373dd65cb5e95cc68f7a7ce60d95ac983e5fdddbc14bcaeedc8bf4bbd563,2,False,True
xes3g5m,30697a1c40fc97356cfc85fe23e1ff3125d67750274c9808d98a5eb16ba92de5,cb074fe1c4b44944ec4f5f760e0aeff0b154062a2f224e0de88064e15f0067ad,2,False,True
xes3g5m,306e0247d79378541fbe98aa0b9d6bcdbfa218f7841f9a71c18e28ea72239aa3,bb383f5a826176f92945ea6c9dbe5cdecf97f36354e54a6fa730d934b3237235,2,False,True
xes3g5m,309bde832aeb27c81d299c88be12741bf26b2f0855defde738821b9463da80dc,33af007954aa58c138bbe4693bf7d6968dc818d064db1753c293882b03abba61,2,False,True
xes3g5m,30a1483d298290e6f4cc4bb87d111ec8542954fd7bca7551973675e8b5bfa997,becad3376b85948fdce785e6fc97cd61ba79a59fab3e1b91d04de8dde22a1dcd,2,False,True
xes3g5m,30a4524f5e87756c58573d4073a7b69b28ca19feb15570ab52b1ddf605fc5a3c,6a2ab8fd8a6f3173c2aec1343be1383cd84cb22bc34ffb724ac4fffd4f1110dc,2,False,True
xes3g5m,30a4ac8b79b166ad7e4c680c999313d85079f7eb9df997b807b1aeab2ca80b8e,85cbe5649ec6f8f61dfd71f81f2eeaafbbe91b7223917199a5ae18fb8d144e43,2,False,True
xes3g5m,30a946625a85bcd50544686ed6aa8f875a8ee50d032e240d9bc809fc55e33e0f,15f7d0564b4fd297184c373de1d49898b831347d60cefd8fc2d061428ccffad7,2,False,True
xes3g5m,30b9ba5e81738d52a5e41837d8969382dbe9c3d200e9c676aab9f1fd9356a3d0,716e98bd8d1f190a9428504acb62f1799f75d137867ae7628f21fa11aac536e2,2,False,True
xes3g5m,30d33d55ccc82a510b452b3cd71a9b491c0d7b95f856e37a3342de03baaef479,f27c2358ba1a1e69e95bd98ed047ba29feadd67de6a1ec4c4f44472d67c8c703,2,False,True
xes3g5m,30ddd054f4a73ccbd18e5b6768de9e0b9dc5a87674fb2b800394ff86831d5fd5,bd832b309bbcdeed673c740997e2ac7b775d3197b40cb1020ad5bef09a6bdd52,2,False,True
xes3g5m,30ec71cc600e6f38eeeed127d79005f0ebc1b4284f7dfb07747a736704a9be74,d8e212b66b6c6cce3a7e78807b7da814b2b5be44c1007fa5ce669a512dd4717b,2,False,True
xes3g5m,30ef221969ec2e014a8b15c1870e2f5b8fd7123fa1b880391b5f93d2b214a981,357fd9a0e59c65903ab3ffabf2dd4ca1c198b8b0c926f2c7aff08070979b4de2,2,False,True
xes3g5m,30f264ef982364febe213012fee792608525e07f2ce7c233543d6bb4ce1862dd,ebbbd260bba54c2aa4cd8409eaba92b9799cb6687c007d199067063506ea92dc,2,False,True
xes3g5m,3105b705cb80d69814dd3a69b3f5ffdc85eff9f6cc760673c98dd77e3f0f4c61,abda6f30328865e924fb9f3811642a1dda95d46127b16ca9b3df62248f17fa1a,2,False,True
xes3g5m,3109be82369040a866c3de03bfeef228f24ca2ce56a38e61c0bebb4e231abdf1,c513b46addb1e22b2c2f26e6e246bf3bc8f4e5b9f82ef3b9d7c5603baf0842ec,2,False,True
xes3g5m,3126a0c18d84b91ac6904af950619dc0d4088d2107253557c87826f319d1fc88,4255bb03da8586449541181044ebdf2fa4ec8ac5d8d32272c5c7d2274cfd8589,2,False,True
xes3g5m,3126d89356a7c835c2d3676a69323a2cf0e868ecdc12562a1531502cb5e2dcf8,78927c7c882aa380e54009450b58b72e68f87e2531b4d66978e3add4da4c62bc,2,False,True
xes3g5m,313f76382044a08ab00dbe76324daeeca796e6a456a14a99ee6e95c2b8c9f0b4,6421cb1cf2a0b4b30ce2a4927f9ddec03ca2f0e6d4c9505d40588c2b2f8817e3,2,False,True
xes3g5m,314342d997270a173b9250b801311dc0bae7533b80135b455707a8447c3588a2,a1f5035b16c35cb59d1e57eea082cc66e047b953792fc98c4bffc38f13243dd1,2,False,True
xes3g5m,314b37517aea5ef4caac4b0e25ab942ddee54d7761b3268bf69a05c418a9bbaa,d7939db5ca7549fed5ef55566d054edaea7f370992f2896d7fb76f0f18994d9f,2,False,True
xes3g5m,315f37af3139902e8c4ab980fb134c520b77794ac65e2bed85f2b680c163699c,1bbc18ebf56cb6e7cb36b4196d140930baed79aa39bdd3bbcac252c00dbeab71,2,False,True
xes3g5m,3165a37cbb02abe41b1d52e2344972e2b89dc853693bf53127641db791e86395,4184f8af5ab79bf308d3853737f295b525eeac1bb75c98a021c8f8d0698ad1a4,2,False,True
xes3g5m,3166f95367767a8bdb9b7399d26f42c4d33f15f9a773fb2de9c19e57b086b8cc,b8925a2770dfd01adf826021c15e2e62d5cc80e81bc2038e2e18342177018c35,2,False,True
xes3g5m,318e9de743d8e1ddef10a947169f0f78b4f6d3b90173b1516f10e801ce5234b2,6df3e65a27a4685ab74c72de982c2a1b5591a01166e09623bb5a72d01a439d02,2,False,True
xes3g5m,31af806ea8487b8219b0ed784acad47cf126c9979b86b34a253972ed86774b55,9745cb3127e06d0a653861d524187b3d21d00861d31efdcb06c688a0c5eb7634,2,False,True
xes3g5m,31b4f3b7b05b05a036c00b27e2963b193e5a5bc3cfc37a605512aabd0ff4e7c7,360faf62e1eb810c1f5dfeb8cb5c7284f15c319cd860878eec125922302a710f,2,False,True
xes3g5m,31b786d271172ad85adc8c127151ea88e18b8af51beda3e99d4cbe1ffa9a63a0,e6699e55837f2cb411193640b706fc6ea459b4dca8cb0204f0f74044132eceb8,2,False,True
xes3g5m,31c1a11585b2c9048cbf9ec69b93a4c1f97e080a8103e496c96756bd4d402298,51ae2d1dcd7f50008546bcee6c7b6b237f74ef5227e0f15cc14c350798ea07ad,2,False,True
xes3g5m,31cc19bad2db902188143601f65a9608ac4e302cfe4369dd0f2d52acf99783f9,246d25b7a46d864e434e7552e65f9697b8cd647a35cd29e5a3dde108548944f3,2,False,True
xes3g5m,31deae835ef25d2320517c8bd30cacebf3b37d2578a440950ba805dd0a121484,d4b8f287aa38d8d4baa330c10158ad686c5291fab556bab95dd4fe3ed31a59b3,2,False,True
xes3g5m,31e47f53b9ea9ef78207f5aa7fcfcfe2800069b3543b12aa72843a8b90af9c88,2a63286733f169864b12abbe3c2c821bdc84a75e47ac9e7e04558c80499f2396,2,False,True
xes3g5m,31ed38d5d7543fabbb3fb61b859f90d99e94f7fd8d1ebc845fbc97f074cec6d0,5e796340b39d371851959fdb69d6c078f615ed8f5b5599ea71297ebcedde56f1,2,False,True
xes3g5m,31f0b3548d1c8def8d3cf3189671cf737519e9657ab38a042663b12f1c71315f,dce53f6d6575ff7822589a2f8277a8a40aa3c2aaa2b9d1408ba5c06eac4b926d,2,False,True
xes3g5m,31f64c2f1bd24d3c6c23f06923939f24f6b58b2f18f173954b3bca3c71171a41,97ec2d5fab2ebf6117780c9d69eb84226a4f98a9bc11a4403b8676f049bb1d76,2,False,True
xes3g5m,31fa568d1aa7c3f324c19d03779fd03afe6f2525b9972084f79dbfce08245c1a,2a78ec337b3caeee6d97729344ba1cac28054d09d029620519bac315fc0cfbdd,2,False,True
xes3g5m,31fe735ece2b91fa37b711a3fb63eb926f8a0b08bc99981dbc7beb22526beccb,09813d78fe90d0f1e6e50c18f0582a5cb9425faad9a009c01bcc73577ea35e83,2,False,True
xes3g5m,3217d63e933379393a69406d3b78491fb26195242f12bbc5538e9d1b8a085312,e4485a30d2daefd9854c14f5af3bd9f180e32f9503eca0c2e46354a64874c205,2,False,True
xes3g5m,321d5fdcceab2ed54e2590262647eb2ec513fef0617142021e11b2cf76c2b608,35e4a47c99da68977721a23d2d7b8deda6136fe5c7dcdec7b393170da6dfa730,2,False,True
xes3g5m,3221e473f5d7958d57e4b21e3b4d37ace66075803c75c2fcdd0fc1512fd7df87,6fb7bba04ae5c423986d80a667891a484160d0c5bb5c33f60ff4d10ebd52fded,2,False,True
xes3g5m,3226a8f4b407734832f313f0f50990ad0bc32b16e12653d95fe89f021f82cfaa,42b6ee7112a64ad5f357d372ee4efedecc7e524c7317e6125ec0de09b49b8241,2,False,True
xes3g5m,323f620829328a3b4ab419bc79531d7005dc2296341d26e97cf0b69ef460fd34,3b229816a05e08ff07fc02d0638dfc4806e8e9573d8e55b39622eb686524cd42,2,False,True
xes3g5m,3244332ac1a0d19c0b32c7511e217e9a5452c5ec565fede2c321f47c939a7c6e,d0ecc7d79d2face111fee4af7deed8805ee9f455bcf1df6a28ce8878b1ff42d8,2,False,True
xes3g5m,324549dae2735773ef33fcac37479112c896eb3f3d6a05adbb93ab1c16e2028b,76b2a506d1e4037ddbf61c28d6f120626c2977a42a559d5e84d44c9b2dd70db5,2,False,True
xes3g5m,324f24cf282df5d2bf21610dc45893400517d7b55fc40a16b4fdb3aa5c44b412,f3705a5606559a8c588bb580e4ab135402d4140cfa60d8bfa5fda9033a812913,2,False,True
xes3g5m,3258decbabdd97f89c4f5e4fba160860ec1a069e4cb52f3bb6c04dd0b41b1dac,775e40057938be6071211e5c2d2537a617458fd83721b8863339ac839e070805,2,False,True
xes3g5m,3262add196863fa854f5df514186943fd0261aba053928ddaf39ea8ddf01bdaa,1763b93d7c1b0e83d4a49a2fae58226b34d4d0f4b1917852dc3499cc58eb30b7,2,False,True
xes3g5m,326a02dd52576be42d011262b54c5c33f3afd7c48906398acfd7d7e24a8b9520,89da26988879c5c8a553d24ecebf8ad0b815f9415fef57321e8074bfc8fe17ff,2,False,True
xes3g5m,32925ca359dcdf180afaf7fdc0bf1f54782075137b5c630280f126b94bb95216,fcd6f4501bceedf7f84e6b3345c99c29525223047a60b0c1ee707584a84dbcec,2,False,True
xes3g5m,329435d6065c4e601da936f6e8310b1e2aedc2b8345dfea65c391a45a8d9164c,302e06b84bc9a7e08fd986858d9929cee018319822efc55bf927de90ed935990,2,False,True
xes3g5m,329674910e7148811f2fda80154a68c4189be4c1eeffc08fedcc5fb46b65c011,227d4c51de92b5cafc6c3ac0ba83b73760950a89562da44f51e04bfb55594375,2,False,True
xes3g5m,329e03982441b97e82986bf6ccf6861569ae6b0bcea2552638c721a73fb9d9f6,303b678822ac54f34bc02455052482a54ec7a037b5027c1b27b13f669fa373ad,2,False,True
xes3g5m,32a0d5f8358f7934bc71b515c1b80eb7a737aac5d7579864f396a2786ee3b12e,0f0edefc8b406f23c2722a90bdd5ac57b2d07e26a5617fe4d1661399b1c42d0e,2,False,True
xes3g5m,32b8983e0b8b2ab8c55293599ad6e65c540d3c403937daeb4b81ad3d0318452c,c76cce5c387e73ec72fca3a94d602e76811c9314695fb171368b06597b34ded7,2,False,True
xes3g5m,32cb3c7ad5cddc949ca7ffd619557bf144b867df1551e44b35527f7dfd92b545,11531c769537f662518c0bdce662f3bdb0408579e239fa3f4f761b6c245d38ee,2,False,True
xes3g5m,32ccad28b55315022fe1119e34e51236f9ba0384d7557949bc1827a6608d3f9a,7234cefcc8861545693309062e8a24529ad047b8ef309ebf9287b7b7c62425b4,2,False,True
xes3g5m,32d73b416f26da592644efaeb004ab39f3273350211238f5704b90d54408a572,43722927dcc3593c3302f4701fb4fc0883819f743e23211248bc618c6c5eec7f,2,False,True
xes3g5m,32e7e43ccc48a737443179c7c34b494d790b7ffb27d85450ac7851bff1a88e68,b1b936c69531c59684e51319f28d49e019abf7aab2e728eb8602d0169e592414,2,False,True
xes3g5m,32efd03d9ed7abe6175ec1351e70e76758e9c3771e725b34e40ab2990ac27813,4dc945604a52aa1d448a39d8cf924a0976e6f5dff9441ec8f16ca9d5a876dfa5,2,False,True
xes3g5m,32f78b3f724a88df7620e70311d60a13ed10d3559806b3568dbccce13b47e200,65af4103454ef3e2f3d582de3dffb78deab990eff5f8c99b96c282d5c25e4f08,2,False,True
xes3g5m,333ef1c2bf98b9caa243fbf1f0e84b2c1014d1704a1a184098066af75864f205,30cf58932473347dcb120f1d438f3a1a2bd21d8163a259b04a0c5bb8f0b77431,2,False,True
xes3g5m,334d4bdaa4d5ae4800880f8e3ddc3bb1d801f3de668238f11b83c32bbac37b0b,cf2dcaa68162a05243c12d7605898cfafb6cacb68841e786e20f05de7e786ce4,2,False,True
xes3g5m,335871061fc9a20d79239feff5d7a6da0464a6afb96f1d93b53bea00b2d131bc,788e9158fee9b8a2e8789070a5ec288a8023aeb34179070a775c5c0e931fd3d4,2,False,True
xes3g5m,338d38c224fee6fe6e0b0313c5a8541046569909064ab31883fd62ca2e40e3fe,dd67603672d3499197c84a81047b5761b30e3cb24d9a610c572e3b585b4e17fc,2,False,True
xes3g5m,339353931cab3de1aabbd693e20231defaca6982773639960b04802ffbbc6c69,51045f33952bf51720e83dd8ed8adc5b2ac6b9ebeb0ed6062d17f28e0b2b924b,2,False,True
xes3g5m,33a468eb52c36fc93668f600cacf4484cb64947142c128dc0e4dbffb839bc741,d4730e7b423006ddb4b87f709da80937c8966b3b50ee492db9133f25164d9234,2,False,True
xes3g5m,33aa49c880d6e55f4ac1bd180e6b6a7b9922a9833b2dd5c7422b9aef6be31aa2,cdfd1c2cde6fc4cb736ecffe541884fbcb499496552f3e543b30dcb3d8c894c2,2,False,True
xes3g5m,33b5bc9260d06b930f01bac5b51d64a7127f1145a3f5baad83f5ddf21473490f,5f227595939aa090223544f826efecbcc69f7773c871b21297fe9885875303d4,2,False,True
xes3g5m,33bd7c57032a22430d706e686995e5c7957dc22d5e1635e729fb55cf9630600d,9668fdafac967543a50f5fb37b36fd09275750c9e7b1a50554c59d9f4351851b,2,False,True
xes3g5m,33beea3b4aecc97e416363a16ab739bb3cf9da070d21b43a40afc84973ff66f2,98e06f78a12c80b63d930c1d767ff5ce6573812d6385c1823bc34ec04a28cebf,2,False,True
xes3g5m,33c4033dec8e98cdfb435d8050d9fe91732dc9a68d7a649a2336b84487de70f4,ffb5c00d8da0af53b066edf14462512f955c91c6f857267a13b173fe8b738ed9,2,False,True
xes3g5m,33d65817ca21912406a020a96f81e8f56ddf332228f018166cac075c72ade478,4488b7b0a7096cf399efa44bb5038a57346c9e4b8439a246643714e277ac12d4,2,False,True
xes3g5m,33da4c25543f7cb0d012ac700c002dd9304e4d97825796cf55e487f149e15a56,75680e78e92f861e69038e2fe84be12caa501184c9bab9354f6e42c64e1ef3dd,2,False,True
xes3g5m,33e33510f93355de3a070e1e66c37637a49924ac484c30d6a1971ce8472c78e9,6311e1055ed44f04d9ebe77ca3f06a06052b2f2f720938a5baa9687fc5bc9acb,2,False,True
xes3g5m,33e5129cb7ae1a953e160419eaf90b6235b568e92f3673b805c229bcef79bdd7,a28869b9d82399a78bbb53979eff6559621ed2c81d7b3a1d98aee6d2f94183c4,2,False,True
xes3g5m,33f2682d8ad55ea6f728a787ac46adfe6ac6f4bfc0cb724a1707106dd868b40d,50e3fcb5bcb54a62344e62cf17a41f438e6ca9d9f4717a0f93c95f30c991f476,2,False,True
xes3g5m,341eff80083da673405fede4ff63837f153930b4088493cd16e3d2272e2f5dde,0e443fd81329fe22f2666fa99d0eeaf19c79ebeb3da5b238be7aa7f0b74ea440,2,False,True
xes3g5m,3433b883756f9602cd41371e0a0015c1550d73c7c1f871214b7158b739a0e94a,6ceac08e1cfb3c1c9953cdcc27fb9da1222d4e6bb2679d9488ab6bf90fa8e8e1,2,False,True
xes3g5m,3434428e6aaedec999866a9de46745211c9fec383f660d926ecb41610d371523,61fb16c7c84ea38abb70b4fb10b13490ac3dab7bc20303ded4124fbc5d936ada,2,False,True
xes3g5m,343a1731d6202e4daf5a6449022623c1a08c871b5ef0badb1799db0cab52a4d6,6d27a7e546778ee1d6625482fa1edf79ec00c053310b35c3446e463e0f5e2fa3,2,False,True
xes3g5m,343fc4ff2f65a6738728b33e4e38c9fbf496a8b43b75b499d24c7b010ad05b6e,604fb2707cdba5bc83e21147fbaa53aa4ffda3084c673fa1f27e658ab77055db,2,False,True
xes3g5m,344f98a6dcffd1e899f760fa28d6b445e18fc59a73cbe996e3e31ebb2df32fd6,c15a39ef205e51a184079ef7d853dd2c03fc24a1537692389074db135ef52bcb,2,False,True
xes3g5m,3451269b1807e31038b37e2d114aa06562b56799ecf749faeb2d20c8ac9857fb,8cf2806af81cc5dcc12a0fb1eee8342fcbbb19ab40d58e9a20934a2ddb72d649,2,False,True
xes3g5m,34518ee3222518d7948eb641f294079317994c187f6bcc4887912379945bc154,f2e7b70b20323f5cd446be793e107d305c1a2af4abe0f4dc4937882ae5bee85a,2,False,True
xes3g5m,345ae449f1b7834d7152d9b4c70b00a8f8b91534003996917af1963de0347cf4,84b7890e7fc5d9e2c2d1c9ce5c672bc7d002bad76fa8fd93d66f744eb2e5f5a7,2,False,True
xes3g5m,345bbf6af83a41b4a40627fdc3caf524c329067919e3b5946cfb4ea374dbd240,1b3805d879333853f6446a0c43208813cb15a31e47cf80b340dfe02dbf1164fd,2,False,True
xes3g5m,346ace48c287613ae4faf9a399b299a62c769c01825112c1ae270ae9f70053b9,e24d75a960ca87cbfc44b171563277133848b03de49e425027011f63bd0642a0,2,False,True
xes3g5m,346e998c2e1cb47390d5ba679174232f4e2eda50ce027a3555a6f3c672b4a1f0,18b23c280e51aeeff8a7f17757b1c12cfe20372ae28cf1bea63b234ab95d04ee,2,False,True
xes3g5m,3476d15d57338be6c8b46a38f28015d7613367dbf9709195d3951d2bfe2081bb,f9b2c6e1ae37484154b8a273083c9f33b994a642ab9b69f5ba407ec56f912f69,2,False,True
xes3g5m,3498a404c7c6a376bc58bd1f88bbabefc7bc7209c9bf8e10e164530c98bdf316,d1b0bd5128afebd73644f53bd3fee88ebd1110c7562045dcafc177b72444d413,2,False,True
xes3g5m,34a0b18e3ac1d608f96268ab7653a6a4d1b4b54b653a959efe70333b06766c5e,1e530743eceeeb0dfd4de941f207191e1eba9935813e3bdf9e3f442bbc2a9cc6,2,False,True
xes3g5m,34a3a61c52d5c5ed7148e8cbc44571e2b8353f3481c252cb3bb73b03a774bbd6,7da6607bb3f13ea1097a103c3af908960534a278b5e0fccaf5b6e592079525d5,2,False,True
xes3g5m,34d23b6635cbf089f347df18f20a914193f1bb3d652bf0d25c058bd6c32e5215,b841d66ea61e1fca2b6115aa918774c139a0c06450c71ea0645887894b6ce151,2,False,True
xes3g5m,34e7e83c41202a061e7f9af995edc1d69fbd4a07155991edbcde7d989c27380a,6d3494a77123f4533094dd2d64d74e4ee297aa0e2bf32b50f13f7ab940a2fd2a,2,False,True
xes3g5m,34ea041833fd2cd7d13e715e5ef70450b8ea37150992d277541f9ffef197dfb7,f995e523a6c907751aec8aad7e67189c58fe5d345739f03f54ac68128f23ead6,2,False,True
xes3g5m,34ee547dfae4c025c516fa2ca387d9ba3ebf36462ec8cb6d5561c1dcdd3ce29d,6f05bca94245bab8b49c1cf949156b8fe9e30b464b3aa555a761ce90cbfca625,2,False,True
xes3g5m,34f5cfb0d0f2f0500268706ca7ab2fb874628ce160228bf037a5fa2d57c15377,ea63afb91f002cf83a8bb46fc01b8d72c40205170a10c5de8957f0400b69fc5c,2,False,True
xes3g5m,350117f4ece52ec59e11845756a8d59379b7488b7cc449e60ead2b8fc2668d7a,e08526e9f30693f88baefeea679a12bc2bdded02a3ed7ba24f7a012415125733,2,False,True
xes3g5m,3520e618da4db7347777917f467620bd583bb5e61a3985814a05a46342eaf7bf,4a218f2a9270d23db2e39c02593736ca2592e06a27f9c8ab9ee812b2f2057152,2,False,True
xes3g5m,352bb02db6acdc0b4f76b2ead3a9cbe1fe2685eae9eb1fda22994bff6ac99134,561f52faff33b0513cd575d14f49972392ee8f1c49151838fb1db0a8ec5dd904,2,False,True
xes3g5m,3534a3dd0624cff978be0c3f0ac58c70adaf5dffcde9471ff1ec7d8bd61fe80b,ee2a118b8f8b60cef0cc6c7354a4e68a5d80e6ba934b30d2ed52dc24291de0a0,2,False,True
xes3g5m,354f0a047daa8ccb21159754014e94726d363dcd43d7ee9f7d2c868c4a783e01,8976e4536516d9517f25a7450a3cfd4d60747194b9edb1bbc1b619e7f3a60195,2,False,True
xes3g5m,356495c55c5061a03c755373b675e66ab798e0f108db6e527bb7bb93f9300806,eedd36052aa30b8e5609fdb7137a141225938e69fc2aaa980ff85ce5e6c95d03,2,False,True
xes3g5m,3569610e7fc5bcf770c4e4df43b3ddbade3efeabcd2be08cf041dad513003712,e52b17e5859df4764ef99dd2f5e30600a3a98a6b2603fa7182e48492cf52865d,2,False,True
xes3g5m,358491a78989598848c76fedcbe68f546ce08b49c9b99b4a4d9ffab16216be24,6f33d2c015735f0c94432303361f2f698a4a41decddc9315a5d5e4317cf4c5de,2,False,True
xes3g5m,35c4fc61caa47b51cc31b1c109eb59fd68978b57fd3ebdcd9923f59b9c6b7cc0,c407a0f9ba0a92d70fbab7c28a0d8b696960c13a81ce88d6ffba070ec2b77ea1,2,False,True
xes3g5m,35c5ddddfdeac443eab005e1bb59c8245d4a62810dea2f203444300541b4f0c2,759696f0f7499cebf7db04d9e766804a4b70599fe9f7ebc1db50696f77a087ad,2,False,True
xes3g5m,35ca37312259a04aec6eb43b932250a651f7fe90055a409ca4afdcc8e389d361,45ab98f363e9dac2fceb3e4f3468d191e24d99adf4cbe677320c46f1ded844fd,2,False,True
xes3g5m,35d039a86815f0568a5b92790f7b3dbc02d776390478a7a6182ca68d70ecca28,8ea2c699f8e9ef2e65614ab4cfc9bd4299c0590da56a113c81913bf877ba2e16,2,False,True
xes3g5m,35d5227978548cbd838e68fdcdb012f370cd4c36bf78207928e55b168577d6e1,1cfc93bd6a43efce297dd7336d77f19b5757e1ac7fd5bfde4783d161160a6163,2,False,True
xes3g5m,35e08ee2b136abad0865d6325e882571d416186dcab2a92096366106c7089baa,a3eb8eca9f7e95e78a6752524c74c1cfa6abfa27e9a5245d67de2860743f948e,2,False,True
xes3g5m,35f81eeed3c3df466dc5a08168c41adb6bb82c40d82c48040779550817fbda1b,9cbaebace758406f00026fd8f80512aaf7316e5f090ddaced34d5afc94352996,2,False,True
xes3g5m,35f9f9cba52d9c6a1c4bc0fe717dacbb0b85bdfdcb31559a4fe6fae4a53f799a,4f1e70b9b29100f5217411faf0f4e41fc28306cf28e63b1a3dada9a215df6995,2,False,True
xes3g5m,35fd3df98465a64f5481beac3b619c53510726e8e29a48695df3a1279d9a54fd,0d348dae39202d0d4f8cb04f6f049a4d25358385a22fd466e2578e7edfd2db53,2,False,True
xes3g5m,361d4772305efe177c7ce5d5d67c862074e129627f3bc8604b3ddbdd86a04c4d,5d4f780beae1a832067a2651866ae78fec8eaf47a208c2863aa84fe3f24fe159,2,False,True
xes3g5m,36206799b43415cae60cbd7e73cc13c879a9e4eb25f53ca7dbafaa6d2675e282,82bdc7b8d849f37e8a4cb96bd31ead5da0facbb50476557799e30582875f760b,2,False,True
xes3g5m,3620b35fb43aa688afec5e7f439fd94c2564670e0de9792d6fd690673173855d,1272b53549e8515263d8ac61d3d5695987778ffa75c4a6fa0b349416d28a2097,2,False,True
xes3g5m,3622f8e9eb3440c6226055c1d2b0ddf57817ff8ed869f868c2f21c8a04ddbb55,21e7d704aab4fc051660e77dbe3cc9b38c09887af79300bb94464d04528b9d6c,2,False,True
xes3g5m,366cc6c957bd443614eb54099b5c0e80602306c43806f6ea3dd81fc2c3858a51,dda49da128dd39e953f0e11f101a2f8aa8767d744c5689410f05b60b3586777a,2,False,True
xes3g5m,366d414a6f760dcb701b72824f126051a6f7c14d6cfb9e7d8486f9b9ef2e0f45,ef2270c6fe95015ac59689fb51c477f2de9c8fad983ec7666996f4c5be776ea1,2,False,True
xes3g5m,366db01b0729ba4e4992bc0c25cd6ee70908df63b387646195b6a5f7fecfeb96,a21370a9c3ceff35e646ebdf56c0521afff06bdeadfb22b27e9be7622a07a9e5,2,False,True
xes3g5m,369235b8a46f7f5cb0fcd14ded8d4cb2c4f07fc791f93ba6aa39685b154dfcc1,d870ac9f77f64b17794172a367330ec1e58c7f6fee752a0e58a274d25c7e724f,2,False,True
xes3g5m,36995e1cd272ad266ec2a8ef3f9f02591d68adce879ee8a2971a794d97ba4171,daadd22ecf3f1ebdf34ede9328cd254d5890d347cb9e5422dfe5b50f85634a90,2,False,True
xes3g5m,36a8192782531a145a4579cca2396a1f95db9a2974a08ebdb494a6dd58d7575b,d5ca665312b99bf7675021da6ed4af7e8675ac7d65190fbe4bedd244670ff8e4,2,False,True
xes3g5m,36b4d0a2690c151d25ffc94b526fa0957f8c74b425f47e26fd392da8cdbe6c13,032fd42ad906e473b3ac0421c732ed93489ade16facf01ebed2a9ea446525702,2,False,True
xes3g5m,36b5dac93755baba83d30f5061fbd0de30a0132b79c73b66af28a0b2878cba46,328b09ca94796856b4731ec631aeefdc576eba62ffeffb77ca308d79b0bab3ee,2,False,True
xes3g5m,36b698124507edcc055e7d261ae67052ccead0542423a7fd58a02b0dbecd7e0d,448bd23b1cd98102096551f77ff5f4e5b0eafaf7a650ffb775154e26ff81ec7b,2,False,True
xes3g5m,36bc7ad61efc88c44399595be115248c2bcc646331d6cbcb1ea8e990d59fc0ec,c40e43d104d71f7c270458e1dae2d4d877b4ad8b17145013b657da648717f437,2,False,True
xes3g5m,36c1476e605f13fba1e9e38c0a845bde0be80b4b464a9b7660f36ed22f81d984,231929f16836ccab6027f54ecfe7f5c7f4564d735169708953ea78ce93a6e427,2,False,True
xes3g5m,36c64c59682fcb82418601e5c6fa0c05c15f967445cee08ca2051e3efd0950c3,ac6caccfa557546c9c4dc0e2046457bd5a7f5a9405efdb66212d082cdb2a3aa4,2,False,True
xes3g5m,36ce16508d44b4a44a243dc7d9425fed6ed7b7b6a0c6ff0e68a78efdccb6b72d,cb908d55b7e4de8063f0b40097fd7802accbe5ddfa3babb8f90fab6ae1c7fab0,2,False,True
xes3g5m,36d4e8079d5503fe5efa84fd331926e98a04b8ed536e4e2fda2761962c2e1630,42724a29194d455be155703660311507bc03ce268e6ebcbf55a42c8d7d561ebd,2,False,True
xes3g5m,36da7b898807ebef8231997a8101acd9cfce146095538e1d64893489199e809c,801057ba85cddfa1d89454a3b4b5fe2a2475156b14dc17253e89bba76cb22394,2,False,True
xes3g5m,36dc9cbd6d787652a42ac444d41f1778b156d46a3d6b35facf5f35d3ddfb2bfa,e86fc4dfde9cb314c2aceaf53656ed39b12731dd468a461bd0da5f1013434efe,2,False,True
xes3g5m,36dddabcc7f6610144aed59cc8907fdef26a47496b43933338593a9407eac18d,e5d313c8b0bafcb034d968bf2236fa51aa2936fb0aa41fff875a69cfa76cc57d,2,False,True
xes3g5m,370613ae779dbd10cfa441b9d4e3fda2e9e980aa96787f31fde06149cfe46a45,2725fb9f1288644fc84d1cc74f0f8f4686d2c5f88798b5891d95d70e6064091e,2,False,True
xes3g5m,370ab8dbb1ae1f1592f62bbf99f6091cf560dfe12b5f2088606fe62afd4b299a,bf254fbe15f657c35c1fbb9520ddd7110d37f31ffdb457d5301b4ad5e2da1e42,2,False,True
xes3g5m,37263122b6ccbf316648eed82341b543a0e15a7586adf7ca78217b2a969f37c5,c19e1008f5d5f366f0a049bad4f01380302c3cdaa7d3322caa60c02de2a8d916,2,False,True
xes3g5m,373a52f095de55f6f6318f8e29630339b0e3d7479cf0124ec2bf1e0a6e841791,b360f503c7e8a02f0300575011f0d6b80a4eff3d4a3f10346e9dd9c5ab3d1379,2,False,True
xes3g5m,373b02368c5ad5f9a2ace7c42c460dd005f8c3e41d6d656e8fb9d947558a6beb,e2b2fd1cf69513f12fb85fb31c2be67a123c93d6e053e74cd91daf524d23269c,2,False,True
xes3g5m,373dac8815b62d901107a438d2ac38187c90ca559cf5ee25b6d72e93fae7e95f,d0bf32d3ae274c47332a0fdc4b020e7b68accac3c7999c95724ad09595a819e3,2,False,True
xes3g5m,375f1d13d650f8bf67b37b8b914e3c2e1652d6353e8cdc64c5ff870d1f5c9521,bbadd1185af9e7f44b651074af0a42bc817368414d9bf9b9db4894134f013f2b,2,False,True
xes3g5m,377204bcf3175d5e06ad6bb87a01015c045169b1238575c298961d99bb2ba1a2,b746a9cae3713272d4c6ce4eab779370800dc7bdc016e790394ec7c28fb3e18c,2,False,True
xes3g5m,37945a4820f9adc3a0e92c320fc2ff5d0f05ea861bd886a19525e94e86d9acb9,7dbc4c04d78186d6fcc7a166708d2e9fe6c7a2ec4a1ce18ccbafc8b7aeb2cded,2,False,True
xes3g5m,37b84f609531c7c09e6db75e118d19cdce62372b6db4b6c974fd38e08383305e,a36ddca8040894d6adbf260134ded61f471599e89eda516e9a2006163ee3f2bd,2,False,True
xes3g5m,37d2f4a59de810a755c5c992e39621fa58e069e6fc40457ccb1eb4c563c06a08,05608dd2d7d34d4f00bb699916ae68a73e62ccc9895482f934843720ec4facda,2,False,True
xes3g5m,37d61fc0dbee51e9c3f615c37cec5392022148c98a610e883c692ec05df90a7c,50dbf2cfb1b73be62f6ae6f43fc5aced514d35bc6ba6d2811771514874e28486,2,False,True
xes3g5m,37dc65f3ce43a5a7c1f7c40a5e0d276d60d864105ee246e83885809de29012f2,93f58e6dc5f0b4c01d06f05db14c007c23a9f3176ce75731a0c6e1cd6aec0b44,2,False,True
xes3g5m,37e0284ec0609923741958a657b63ae8d91fbe45bc85363791b810791256a586,fd2292ccf63d7cd36a0c78d0f4315a33535f46093641b1c269f7bd92638d1dbd,2,False,True
xes3g5m,37ea101dcb9df7c87f5c5c6bb46fcf3aa4937e9d1a9a6b89f8122c1435352369,d6513953e7ed33361efd67b1aacf55d6e5e4f899c658f3771404e6ed490add7e,2,False,True
xes3g5m,37f08cb2a8a48e0e3db1a3ebfe7a52edf39aa0eb8b23d05ef664cda1c81096a0,0cd1ed77bb2dcdcf502808c0029ce5c32849e9935909692eb410b78ad863d8b7,2,False,True
xes3g5m,3800fe324dbf73a4074d09a9661c361b82d2a85fd00abaf4a232460e143135e9,d5f49fa0ea003550361a8442d0f0f5d5e5275315ec077eee3bbbd3818e8f3b8a,2,False,True
xes3g5m,380e116f96654289da48ccb0f15b29bea70399bdeac2760f914f46cab1c53146,fc1651ac6c843ff9fb9ee9e3c07f96ee88ce0e30e1ee7046c5bd827f42014aaa,2,False,True
xes3g5m,381fb12196e84b4562a6c3c95865aed754add83aa38b1a0ca082ae0457817caa,d8555d93d1e9057a10934577251ea193c660801cdcc3c1615c5beb1a874ddc9b,2,False,True
xes3g5m,3837e5b8038228b003791ced132a64e80fdffb93ba16ea7a60553858370fb399,e71299ceab0454728f46c33a69cbb30eb2d73ea1753b9ca0c765b50449b63e1d,2,False,True
xes3g5m,3842cee59cdc2ca636a274fd5468d2ab20b4857ea702ba81946e06d8847aca37,e87df719e7458aeff445fee67fee3be09144c90908c241d45cd7a3f322e26d9c,2,False,True
xes3g5m,3859ed1a24f15354ac627d4925891aba581245909e7acb01bfca5ae42f490b5e,1114f0267b6ba7c29c3647402076e9179a390698b46291dde5717d91b399fa53,2,False,True
xes3g5m,386238336b7626f6ecede15d65256a4b0ae0855128db5dbc771504f625733d51,4b8351234d9a27b2935e29823c116279419b584c86686011e120e2b0e5943730,2,False,True
xes3g5m,3864f06469da6c410baa649b0592cc0eea81f1f052688023c6a225633e0f2227,efd6769b8a92f1345b01def5c9067c366f348ceaddfc010ff225f70154401f39,2,False,True
xes3g5m,3865e0e72584abdae46917458d41b47a32d9abd772692edce0c3674437013f6f,14998945bdeb4c358378cd00926a201261e9b9f359b3b38b164485dc0f55da91,2,False,True
xes3g5m,386ce4bf2483f28c67849695ebc9f12c011eab7c3415334fcc870de47f01b50b,a22636055efc9041205e10647c8b31df82516c6be4754b82a0851f783843f28c,2,False,True
xes3g5m,3888a492689649c59475c20a3c2f106be1e09bf5fd6ab7207508e990ebe2fdc5,044dff4a2cb96beb6e7085275220ca9ed35f15889a77657d8776f9f09dffbaf6,2,False,True
xes3g5m,388c385bf2c6f4148e0c573027ccea99642966967699451ec30f690d7c85b18e,46ac796caccf2d830ca810b89600aad509f3d17e323c387a5954eb4ebbd6d5a5,2,False,True
xes3g5m,38986797f8529e1a0a37389607551594e4f1d0ec0ee7bb34f80e8176be6d34c4,19a0fc7f75b8ae19b045688f74d3214dbff82bf67fbda19fb1689f63d0efeab5,2,False,True
xes3g5m,389cb3ad92e295c369baa1828e1885b176759d7d618755d02bf128b8346f38d7,c392f37a81ab2a8d3f9f631c84789c3da9c7d9a58f74e670e9c1224269ae9a09,2,False,True
xes3g5m,38a2fe17b38fdf4102e244ca0905930cc2b0f6f7804ac2c0cde5f8486a3bf9e9,cb31682a595bf101fe16115020b840097451859d8562be7851b143cc902a8485,2,False,True
xes3g5m,38aed39d27f0796fd8f0ccc7be16c38af3cf90ea3793bb49c21dee08b67ba309,55c74505341ed326cf6d1665d86f86d5c52ff5a8a6c6a586151638379400a680,2,False,True
xes3g5m,38b1660f63cba50cdc3dedfee596472f5df9baa3c05d9bd464b39c6c988a060d,f1feaa27b9a415cb261ae9508f3a0570c697a25b1b5623b066e5b5c420437b8a,2,False,True
xes3g5m,38b4af6325cb025193091599275f215dd76f714f30d96a2686340bdc90f46d08,36b755a3eac7277ae9a783a38ffe224298a5a20d1b008dd604b5195a18837760,2,False,True
xes3g5m,38b595846efb4ef92b93af9246447478f723ba6ff8207b05f52340ccd85d9013,c33b59a32b5c5b10779902dc82456ff590ac75ea4b08b19b0bef2204d0098edf,2,False,True
xes3g5m,38c3a60ee2e39da5db7c01467cec32caf345310fb564685f7240ff1bdff6b4f1,0fed065b5969aad17d85a4b196cd3a465b933f608e411604f8de94b31425d7a0,2,False,True
xes3g5m,38d2ce91fbae389ce003926f68d6cc832d0f39adcb82c3d16c9ec6eb282fb20e,c04cea7f2df15a0594b6a4d22b4e519df139b8c87d78d4a63e92f9ae7f594c7f,2,False,True
xes3g5m,38d9b4b4e6ad13279346fb4f207139f0eef7692e52b27ee806b57c6ab7dce12b,5f555571ebe98b10c9247ec09ef0695333a70f9eaa8ec4ea2948dfb1a71feca9,2,False,True
xes3g5m,38ee6689804e587bd85efe6ae1d4e04cd2c5508e94663f1aa680aa327988229c,05118494d1ae8d7f9307e7f403622b51c487aff004f4c57fde887a3b656549db,2,False,True
xes3g5m,3901c5cafaec837574d0373a6b571cbd52457000c0a62db5dfdc81b07b31f969,b06219a9fd5c6ed8e6a3fb1f60409383e4fa76712b44c9e1e68f6a15fc923134,2,False,True
xes3g5m,390284e827f1293c93263e0d82c5c2a3fbc62db47a67528d17cf262436b5f83f,94dfdc164d05db1050842af699f109ebe5597339d91e607bc0cc0fc345de3d70,2,False,True
xes3g5m,390d98d1dbf61af488e9e763b73395d5f63481aaea7748e0718292051424070e,89c87ffa97e51046639eebf0c70140a24dd3e7cd9f109b25ad5f951ca06578d9,2,False,True
xes3g5m,3928af5978507d8b5b7eaae93421a0d4b284cbfbf35c2f4c4ebc68846535f7b6,5559d91f2e5d8530ef47de3748cb6856d1de1308260fa09a359039e5277a9f3f,2,False,True
xes3g5m,3932d161f54909e984233fa3892a3998f32ea966d684eec65a3303e50d6377e1,8d19b3d8d9434952dabad90209bd0af402320f8f141e2ea735c8218f6b211d38,2,False,True
xes3g5m,39400da64346185ac8e084dd4f72bc32e6d64f8f54c306e9d9077109eb88ba9e,e54129e5d2702826bc778ffc2844248a9433718e5277b17c64f6e5d4b898c161,2,False,True
xes3g5m,39503f95ce87ab57ea570a23f6c3ccf073a31e3665080465938bcc217535b1da,7c71c722dbf0bf8f2f2bb5ad8d0b63f3f76effa6ec43d7d1de540c2938d6ffb9,2,False,True
xes3g5m,39524fc67401c63150ae2bf147d51bc1aa83f71417d85ed64186da65749f41de,5b080cbf57c9e9653f3bd41e5920518fa9b9981b19a161b17e7b2313c090c8db,2,False,True
xes3g5m,395921bd4a3fc707a7c3426212efc9121ee8bb51339f4003d64b7b702c8a5a03,c7f5ad470d49859b1951d0705acdf52432e8015cb437bd9365d08d5e3461bdbf,2,False,True
xes3g5m,395c93653935772740d674f732be49216e88acedbf1ca2e9aea0a62ae55f3b28,75680e78e92f861e69038e2fe84be12caa501184c9bab9354f6e42c64e1ef3dd,2,False,True
xes3g5m,396602a953163216793e46df505a070b600f8d71d8dfe0e8e360fc41659036df,c80c6a71e5fe94c8f91d8c32473f48ef2ed9fd4590d546fd3d96f326b20b1f0d,2,False,True
xes3g5m,396b7a1c8d01515fcf7e1e7f7273d240530bae774c56a4f2adb5f5bb21917486,dd7babca376a026a490ff92b3fecb81181b6fe36f1cdcd5a9bab73a47af7835f,2,False,True
xes3g5m,39739f2718c48e4e6775c4f2b0bbcf995ac1112653e1ec9c3672f71be868f63c,aada0a6b7bad2f928a718dece00084bcd90f3391aab659f49264c9ba910b8df9,2,False,True
xes3g5m,3983aaffcf56b91f7b208d05b24ac1f904eefa355c9c2bf043023dfbd313761b,73d574461094eab13c55cc153505d27b356fdc30b87d6d2a35767c82626ac68a,2,False,True
xes3g5m,3984336f32d2f9f48f4dcf20882b04bd598877a607274113ce7df5b1af8b675f,2743c2dc9b1559082d793374934da7df3bdd1c81de0d50bd14b276c1d100e288,2,False,True
xes3g5m,3992f866ecef2a0bb0540c4e6b76b87298dd47221e592725ec23c7b069d28a32,d935df9be73bf58dc24ca528b6e31ebd7587ad3d05c85a3ba8141ed1bae612d8,2,False,True
xes3g5m,3992f8cf0f1fc9553d1f216ef8af1ae7022706e6229b6bba644e9531202ff429,602c35f15690f8af3ef3573fa13cee73cc1f1a15a0d81feae2979a44cd7ffe39,2,False,True
xes3g5m,399778bb97da3cbe14a5af5eb5ef6bfc764c16f482811bef47dde8adbf7eb156,e5c012eee96c3b081198c70f4bbea56c53f91ab0c3c41f635faf2293b633709a,2,False,True
xes3g5m,399d6de399e72d20226682282571044c0915ebad2cbbad1c81d2318086294ee6,caf2bd1984e48fb24e5bf0603005c419b9af9bfa6a6e11d5072ad50e53c18ae8,2,False,True
xes3g5m,39a5bd8942c60419f67c5192f7d4d03dca33ebb152b76dbbf969c644d89ba1d3,78dcb9ccbcc53c7aa668a10d3f8d15e23f019e9c1f0400de9d6205db6170a389,2,False,True
xes3g5m,39b263aa2867bd3c9e9e9bb57b51668315b483abfb836e6d8ecc5c1e34bd8629,22e0cac85774d2e54680e1d1b68bf5605d1752b0629c0364c5593d335b2264b6,2,False,True
xes3g5m,39b7f1c35b313c1477b7850e50b49b75204eebbc4c0d2397cd6b19029d9fb740,391c13bda377956ee05320ffad06b67db5f4445f76fb56dd61df5b56b5a279f1,2,False,True
xes3g5m,39b803dfd03c5b1104078e212b206d88caa79fede5ec7bd81127cf60ac7e81b4,104f9043e2fa9f95300532cf7cdecc01d68148c51f0c40231d7fce2248b8b69c,2,False,True
xes3g5m,39bb85fb34693fbe698c38d1099cda51bdac5b82f9badfc5853ddac643db9279,4627eb3af88f673ee92a18fba086d81a785f4550b761cb8caab0e7f56a300d3c,2,False,True
xes3g5m,39cc346c9785f4f80cdd63d17172b6da12ff24dcf703d4c401be24675ecfa6a1,16b19ebeac78ef31a757d8dbe2ff2f6db94c138ec9ec6a0e83b050d50fe0b9fb,2,False,True
xes3g5m,39d39a60195d9e0057a7c8417f78b204239de5c79e29d27c67f44ebf89a96185,efbf68290fd6de71602c68b6165d04045b70565cd49f8a8ce9e1befb6675fa31,2,False,True
xes3g5m,39eaa355bc834e6968e217cbffdd3281205de00439ea621be045007a11c91b26,b09cef2479f850b6cdc074f18a93889490656fe0d5e9552e23c4641581587d2b,2,False,True
xes3g5m,39f98f51f9a3858a305396171b7e79e94c4c7fde429d762710a490f99ea36176,7b1b6c4eb1a18b3ed8ea1e9d465ba3555946b774369953bde41792d0a4e2bab5,2,False,True
xes3g5m,39ff8e857b12ce181d616e44a52afc16b2b00ac587e886ca77eb3e9756804b02,73052173004b3ef4c93a6ab0f70e9f69e884ace55d5f3d058f62cae0f9dd501c,2,False,True
xes3g5m,3a09c13280fece0865b9d5ac384ee10e7e5a18ce8ec91304731a07e747760b9a,647726303c4de5654831114386df7467bda233435247e39020555a6374466343,2,False,True
xes3g5m,3a19bc212a61457990209c233bc34b47829b5230320256cb3f8518757fed5dbb,806b90f1f671c6e29a633aec8670053d93f3a20ee6147ab34e734e308b88f216,2,False,True
xes3g5m,3a20acf923029c48312fc92d22ff9644f1b189992bf987de1f42248c1762dadc,ef8e9b8a1b21acc377e492f93ce329a44fe61d510c2c1a480aa27c5f214556e6,2,False,True
xes3g5m,3a30bee0f87513abea66f1371a22c6b976ad39fd4c3fcaf120c0f029e15de54c,f433c69b64ec4282541eff5f4d3dbc5cc993ee3393bd14d79100709bab3d5b03,2,False,True
xes3g5m,3a3b8505196c8dad80429a0de2acfc2e74745aabe9e4acd313de4c9e92ee35d2,7e690e707646b7cdeba144294db0dfbe723ef0d8f224c335b8fb6d705d4e14be,2,False,True
xes3g5m,3a4000dabe729853bf37579328e5b852ce0083ed6e8bb8177aef8afa7529f2c9,0a4578352cfd1d9e3b3fe4b87d92d238a8d1bba8856421ae7ccba234347b0f56,2,False,True
xes3g5m,3a4c68afe6714b65e3ac8c38115f1da417a9efc1aec11fe0df80fab8d48f8306,063cb20df82d4b872f13ab42b3c9eb73abf4e0e65e3b01bff257c64d9815dfb2,2,False,True
xes3g5m,3a619afdd7330ed8ec9b24dd62d53074d78e279c710b752e98be3c6962a3aac9,a152befbe5743b69434717abee1722c9b0fc12f5e8b0bd199acbebe260e221da,2,False,True
xes3g5m,3a6bc57b1bbb80a1f42b6e13d592ebf3dae977a4b203c9d99f5d31233adbe72a,d3c25326f96114cb12808b5e95eddf9e0bd6397a29c74231d951d48c3ed6d779,2,False,True
xes3g5m,3a6dab955ee2a7a51b61c6156d6422a9fdc0ec5eaa917c18813c2c864b86ef76,7cc8f074b99426da4bfd7456d13c0dbb98777ce543c1767711b9f283a9d12245,2,False,True
xes3g5m,3a714c8c488707bf5146c54dbfe5e5e50b8f1ed13a2d0ebebff741c20bf9d5e3,93eedd28580c8237291b0686f6b8591369ed88ab40e4fe79e5e1cb2e51c5babd,2,False,True
xes3g5m,3a79c3e009af589c70069b17bc8672a964af85ddf57c8de8da8f244c4bec8a5b,5fa98a593038f79084742378eb26edef9748f8b7e07f6969c256cc41dd6622bd,2,False,True
xes3g5m,3a856b602e6358e16fd54b4102569c29da3a07437cfa984b9a30751ddf5d8856,6d071f48f571c8933162926d6ec7251051f83b71b420c2c71b26cb06cfbcbf96,2,False,True
xes3g5m,3a8741d647b39b5989f81d177b2f7170e2db34edbed5db7152a9e6762f7f7457,2f91d99f96c74e29e46a120fe45ae130393f538a605577d660646868674c8a07,2,False,True
xes3g5m,3a8b817ce1872279baecb492fdb437a33f7a69a8a575033b8e525e03cf52edd2,b9cc359f3bfe9f61ce2ca4248013cdba1123ac98503f8c1173389f46e07632d5,2,False,True
xes3g5m,3a8f5e7f08a55043d33ada9248455d0d25be03c545b9918a1e72b871de8af933,e19c2351c373a96dd2356629eca110adeebd5ddde6609ec8eb7b45533d8916de,2,False,True
xes3g5m,3a9911554c72a82139e4f6fc30e8345437a06bbca494ca5bfea8bca5765431eb,150c395078d77114293363ba36bb7a996cab1cb44fe4da66f00a8134c5f80b5e,2,False,True
xes3g5m,3abd19f9e328fc798107fda7538537c6182f09b50d23ed2f4a915eba18c6f52c,fdcc7300efdbb398a30fe118919979cdfe3227c34f79d0eaa74379066d26efc3,2,False,True
xes3g5m,3abdf0d9a3e77c2fb18eda8fe2a6bbb1319b0d2b669f3eeafb2974813c844fc8,0286c2437873a318f4a43f70deb2ca9e39a9a27bb68a36c8902a774e917b4c88,2,False,True
xes3g5m,3afb4d6a7a5fbe4e771f2e636076b5c0d7a0cab67fa868d3191d5f8cadca9cad,f7735cf7dd2edfa43b8daa8f27a435ffe114af2dfd3510c563a5bde23db48196,2,False,True
xes3g5m,3b1d372f620e00593f5b239706c796c8b08e7c6f3f77cbfd3521c3288bec94ed,68a27141325529974956575f73cf119a92aa91d32efa3ce5c045685e7b3e79f2,2,False,True
xes3g5m,3b2e7ca9a5787d5c2c224dc5c5bc7ae4c6adb01e55d2b14898434048098e84a5,4ead4a31a35f36e289a4ea03ef40b282ca48612c30cba06a29bbae1c9cc893b4,2,False,True
xes3g5m,3b3be5d4cbc9d5e385f868818710537b0df77c33336a587e881619af5998b536,39753ec937f143830ea0e00e84dbff358994b9463599b822c2a477ebb885068d,2,False,True
xes3g5m,3b40a0eb967431e16da3bb82aa181e9ed170a35269564f5e62a6c764aaba9682,6fa731430eb4a8386afb3ff221a5c60f0745be04e4f6e1531ff113cd1bb82e13,2,False,True
xes3g5m,3b488bd1b121736d5a30a109d0f919c15c02c27b1572a1f9b145e08609c3493d,a636dec092d092971f8dc719dbd9d0312d6d8d59327bb8e96d4680ef088f64bb,2,False,True
xes3g5m,3b623d4f44798f901c69550e2c9bc4eec3ec53a79449ee86637554cfacd76632,c85e3c68d51b9edc1d0c562d597967bda54cbe25b142107e966b068f7d71ef46,2,False,True
xes3g5m,3b8ded8b31122af386ef7aa097ee9811ce45c5ddc884c0bc6c67df26fcd6447e,4a0ca67af6cf70f81d6a689694cb2468fdb54fe42f03fa169e3978610c611e92,2,False,True
xes3g5m,3b9c8237235029622fa177e78122709496727b94d10cda218e6d9afa92ad342a,c964459937c0dd7f3690b4975760b1b8880d40fc302d8509ead63624d9f358a2,2,False,True
xes3g5m,3b9fa5a8f149f5278b426fd7d04a022544d584d20b710dd371708198fd5ffcc7,232b8c86669b351ea740528fb880f8a314799f7b52eddfaa44bd60df90978c41,2,False,True
xes3g5m,3ba23f21d03253947b92003d36bf03e12fd8681fd2d205c03b42c10993f90a80,5c68eaf8a6f36182b6e925f295e1ab6632d82c10e6b5df83a355e3632000c445,2,False,True
xes3g5m,3ba5a505f6c1b6528091fae689c728fe6e7c27e75e7e183001ed27535d2a23d4,8b183a74699f33b5899bd59fd6165c7e23cd7eb65697ffa8fa708b6e06ef5506,2,False,True
xes3g5m,3badbb71c182b9e96bb605c300d0e63c40d9188731492a8ffb9e3cf8bf68dffd,addf7fe3b2f91161d6bed6f6d67c827952847ae0bc161bf3a92eb5fd2a63b1dc,2,False,True
xes3g5m,3bce281a4034d75ff230c0936c7fada91a4b94c11276b6856668993cfad48c1b,a318c34bc19a778ee6c516fc82c8f3ec84e7be3082bb8659ea68c41f0634e989,2,False,True
xes3g5m,3be7e7f6f360f737c27c3038f1c24641ee539b0392b43490a13721feecfd3371,9194da24be61c71fe7b2105b5606b1f98122efae3205b58b41013c1f93fc8fb8,2,False,True
xes3g5m,3bf8c66c7d93055e7eef86d19cdbc34f394f3a22acee6756cdfe6b442697fa99,7f88a96ad3ad90c0a457b79ecf8a8d62f8e1c61a8d480ee043c7a5177f776c25,2,False,True
xes3g5m,3c059fb766597839352cb6517316137517226e37c285789d274116a99d155b91,7b1611b74325c68bca3270b7e4278eeff8a538987f267aa1ea9d2f54a2e147b3,2,False,True
xes3g5m,3c077615c97b52c3944ce8aa6dd6ba61d1a5b169299b20ed5aaff0c3b14d2f17,1d0554cd5d4e25713a106d43b88f2386373e8b250e1c6dd939e5750b4b8350d5,2,False,True
xes3g5m,3c081852637e8a4255cf3b308a988dec75cec0b042cda52ed2d48d40c0bcbeec,bd1ca1530287ab315a031351ece98a599d65c9e897a1d9d659d733448901291c,2,False,True
xes3g5m,3c126b229f1c5389230c2257ea4258dc97127c5dcf988ce2321d4f43966285f4,3fe2c49fdb9d58230433123104eba35f3a4382e8450172ec1770bf2bc30bf831,2,False,True
xes3g5m,3c18d9747e8516c278a7654011ff08c5c58d6bc82661b1bfb512c1b5ef2e8e14,ed76add0938fc91378a03698d2d5bade493e20b351b7af075428fb3dafba14fe,2,False,True
xes3g5m,3c1936febec6f1cf5b65e300de491f2d9d7a142437873ab0b1e3ac23aa78ec91,0c795635f0342a3e79b201c5ad3c35cf9029079a59ea0063778d269507ca3be8,2,False,True
xes3g5m,3c374d3b59516cf6254c488cc482ac03ee97b0f0348685658d833c38f6babd85,6284fd63a16b05e0171928edf7c94934accecbe697dc20197edf38a6b08ad49d,2,False,True
xes3g5m,3c5d96a0b2460dea4e9b4984bcbb0f5aa6024f0d6bda2586891f3b9a7510dfaa,509966ea3f3e11e34f6fbd9f42081b2e08ad185028231de5bf8bf96976ed8ab3,2,False,True
xes3g5m,3c611116c608c04abc2a4271f91307d8f60b50768eefd392134673802df6e5d9,78bedea70a51d15673a94025f51ac89428cc081e60f58c9a96823eadf40415ad,2,False,True
xes3g5m,3c6823a496a054126d2d6fd3f8c84e964e3cd665b592b7bc1cf1f7cf16886f06,e9a69ea0f01fcdb0d56490fa1181d9ee9ecae8b6e394d13ca4b72dcb1024759b,2,False,True
xes3g5m,3c6dcc2b9bf6d22768af044e2686a11b6f948bb3a21a9504b0c599e38a66f99d,9e82bff06b7db13507ce1269c8b0c986671edba284d87440a84a349f863c6650,2,False,True
xes3g5m,3c77521f6f954d9aca277fb91af0a0a87e7bfca0cd33fb71e5d2bc5601e08a42,4f539f270206c92733c1ee17e942ab0e812f80ce2e98678d23de8a9c104d0520,2,False,True
xes3g5m,3c7b9af3e157a6c68dfbb79319c88f9d39b6a5e01d49d1082c2e5016fb99997c,c4a170a7240f4e15a5478e1d9d0d662970a91a06e4032d5440b595203424e248,2,False,True
xes3g5m,3c7e4ef2c79dde40a9abd4ec6750d7c195f6b4830358aa5f87f589a8561d26c7,33a9dc7e68d238b581825b6c4f4c06387293f92abd73e770c9002a2fe18ddf31,2,False,True
xes3g5m,3c89b80b0edf80b8cb6f92eac454a70b2ffaa0a32f1b9c27533e9f639aa5a905,c0c15ebcd4991890b6790e04809d6ceefef9bf0b7b57c7f8fde2918733b01220,2,False,True
xes3g5m,3c9140aeb5f4ce6d9768af5b7cbee38322a3f13ddd3230b020f5ac56621b61af,22160d30a3944519f763f5d97e2bcbf685ac4f3aee6c4f3c536c6bee891dbb78,2,False,True
xes3g5m,3c9fa42a8556f5e5c7136d515993a6049b90ad529232373389c3913230e07eec,3781085dcd4ea15373d038e7af181d91a90d44c1b0c1c5d3a48ea06127da05d0,2,False,True
xes3g5m,3ca14b4f15c127ad20791fb2f73ad77d0b9e8499d85576ad7a9ba09d779aabbe,3ec94ca1152ff26f8fa127f32be8c4af688939a279a3ff6fe84e630795328aa0,2,False,True
xes3g5m,3cbdf23b71c0552795c79e4af302815decb19eed415b0b866a0c8ab29da4530b,b7d8f00140960efd7234741259807292be1b551f68e6479fa9fed65b336ebf56,2,False,True
xes3g5m,3cc0f9a0f0217a492be84d893455d03886e11dff04f79487cf40c34fb776b0a4,caa370d2552e046b2c9f6b55ed91d230d1ca340b21b016a65fbc1146d7c62f91,2,False,True
xes3g5m,3cc9e8bcc14c5d8c05cb553b80b6e2972f965081b3c9195b0689795b495fd09b,77d029cf751ea9efff017d3570af117093ef46e8d4411527ea51545d8d3e18be,2,False,True
xes3g5m,3ccd4a788fda45d8b95889685c77434557a383240201dfb12dc12bf028c808eb,ff80f715aa32b3461d4ddce7a02180d562d78ffeb70fc9f2fe32926f32493731,2,False,True
xes3g5m,3cd8f264866d011aaeb2703220668e659f7feda95dcc1a7ddf26d57774d4da31,78d29e8dab5db24e9f4f1ee1b06afbb3c9e53e061b869d72d32b3a1b2ebfe8eb,2,False,True
xes3g5m,3cdb6f8a8c7387a2e0078288495bc8a9174da7ceccb83ddffb5d02df77891fbf,6edefc000391e167a6b856c12fbe0cf57986c4808fed8ba3b831682a70d3ef0d,2,False,True
xes3g5m,3cdcf11d4bd79d69aed823619c008e3428b09cb16eee48f6e53b71772b49c1ce,500ef97160c681e7fa6036925194453b211abb9385224bfa04e5af7a2a2d008d,2,False,True
xes3g5m,3ce33a9ff891af7c4e3af64225c610f1478463b4d87ed9f9fb01227c1f1a29c2,b102a5dc40618cc93d9dce847b267dee1f01deeec12dac2ef8196bb53021ee31,2,False,True
xes3g5m,3ceb5391c1a79686a0b4c435299dbaebea368e29ef8f323d0ee9a2f476c535c8,00ee4f2d340c594ec5a29435de98bc2d3822c59ef22680cd58147ade80e8ea18,2,False,True
xes3g5m,3cf28424fcc7d052a5d7958037dc152a3b457fc0455cbb03f6f5501f87b85852,544b43f59f6192cd6de7798203b89c3dd39c965cee8763ef31da8a5c13cc966e,2,False,True
xes3g5m,3cf6bd99a9babeeef2548b0c2150f4f4c65068f1509e8c5474b2bf92e39df166,75ee429aa3eeb310d2573f627ab89e04a69170ac8c92cd5b9c84abde94b90802,2,False,True
xes3g5m,3cfbf94e2e21b23b6fc2d82af4dd098ba51448e764348f3fccccdcb5e932f99e,20c85449a00c868ee8519e28afcdeb8c09a88d8b165ac178a9fab0ae3e05d979,2,False,True
xes3g5m,3d000642eb954dae492ffcdc7bd3e26698d41527e56dbd1ac5aee263ac9aed85,0d192dd2fe8bfa911198d4192628fa1165c23b5045cf3ae0a36f25c9647bd5f7,2,False,True
xes3g5m,3d346aa46e3fac41a2f08ec38baa1dc5201b988185cd94e32ddf93b711bbb3e4,da312139eeb17a1a63bee9f9d601269968ec2e84d6e0e9ad84996fe2f1563fec,2,False,True
xes3g5m,3d3f433794752bfc9d646bd720444b99b2b4576e70c199d9238f7ce2fa9dd601,34a7a2758d318613346ad2787687457e1438eb830fc4c227836b2e6de1be3b00,2,False,True
xes3g5m,3d41de6170d8b09623d11f8b8c682364fe926250a95c168b478d02a4f65b562b,2baf0e56652faaa7499a7090c9f4183b19d1fcbdde71c1f7434f63b069833b2d,2,False,True
xes3g5m,3d51cae8ad1e453b48e37eb87d111aae441f858acdb48c76f0025c7755a93fb2,8d3fc8640f4f65b7a0e926d61ca39a47411d50179e968202afd411cda4dab43c,2,False,True
xes3g5m,3d54edc6c6f51fcf195ec0a07611383587d507a2af7c391c10f7990408365f6d,47c12e592851ae735c3c739350aa680ad253e6117828de9bb6082d67cbd73af8,2,False,True
xes3g5m,3d576d155d8a8f4492df774e636038742208501d50aced0af2d9c4ad415fe16d,ad82efbbf2a2c1e815018488b3700710484db9487f1b87376fdcd865d4144568,2,False,True
xes3g5m,3d61ac37efa663efea315c2f7e962f47e92269986894c625ee92efdb1469b0b6,78838ea0a10a74932d84235a27fc7e29802abd19877870a04aba81391121e621,2,False,True
xes3g5m,3d6305bee5e141eea82436893bbf9187edac27b3c5ca56d38bfd720f829ddb91,7ca9cf385b6c70d9d555c99763464931798eace4c7dbacf527c8a44048d94ec2,2,False,True
xes3g5m,3d680fc55b6a49504d637af9067d4fd610c55789933c8122a3c5d562259aa713,f1ddfd82099ee19051f14e3e4b6c28d98348c28829335428b19cc5113fe3a05b,2,False,True
xes3g5m,3d6d062e01b537b49331aa51968f988cd059e195fe64657fb60864f877043171,527ecb2fc683eed72d5def32435ca2f911f5c6dd0f07e8b1ffd1ba66b5502c1a,2,False,True
xes3g5m,3d724ad09f78472392b586a17220dbd9a4a327b73419b8b8a8c225ef3c7aa2ff,060a7d11434443e4d1adac03b95b0204256738eedc48ced1a02ff5fa75d16a5d,2,False,True
xes3g5m,3d9692142c5b416ae3c1d4932cba35643bc61a78ed136c4d4efc8e8f04e74aa9,baa92f772781df6f231e83d57a4d624b05fd9d951b3c98dbcaaf42ca3cad004a,2,False,True
xes3g5m,3d9694b2d540a5dd24ac4e50b62f90e44937bf53a47e9796e75a1cc520033a27,883b0a6ab1d252fd2c3937a039720315c552e7196b0de577aea321fd44a1293f,2,False,True
xes3g5m,3dd32e1786b048e18bdae7ec8e97e85e3275140db59939c4dfde0c6b6b5369f2,7a715cda4eff0482d4259a0e2401924c64951c15fbe6f42c1f03f1148f77c26f,2,False,True
xes3g5m,3ddb95dddfa94837755b861800b3d2d1a08d0dcac322653ae2772ccbf1ba85a8,d8d6dc78ea81042f6b71146f29b5f9e4fa01a5158e1f4cbca97cba53b30a224c,2,False,True
xes3g5m,3dde484a44069aa2a18edd4acd17c1cddaad5600bc48fc242cd2ac8a1a7d9124,f04661e294e4c1d0fc5a94870ec34f6ea70e604bb9c84bf713e8be117f59ae26,2,False,True
xes3g5m,3dee3916a9c9c8f553b3727956edb7ca9ab31a8153617026b32341151c9d9ff0,b43a28e29c2d186b2d00813a9e7823c4dd393b3a0c71bb47e4f044c2e6830083,2,False,True
xes3g5m,3df12828150952c32ff32ee13e7614d7907d64bb97e03aaa31b4cc1fdedbba1e,38b414d9f9e8cca79a5772dbd63fc9d7c32fa3cde407427c5de8a98e70a5571f,2,False,True
xes3g5m,3e0f70d97695bb1f028eb1ae31dea96b4b07aec6d5f63ee232b17dc69cfe76ce,fc2dc156c3d0eef5db0e5e6b42e1a3f2d0c55870c9bc81d17706d4dd87fc480f,2,False,True
xes3g5m,3e1c63c5ba0a3007021c47be0a9306cbb8403d4cb0ac1149fcee024e2bd05c21,fe4452383661aea2b9a64597356711aa07944d2a8f22458871a4b094ff9ae04d,2,False,True
xes3g5m,3e1eec450eccb708961c4a8616e6123566356dd17e94f174710e23b79c2ae5bb,5a18d10a2f144ca8abe1b120d49ce32ed2a8e9dad91ee943d933ae8a13f995e8,2,False,True
xes3g5m,3e20741ea4e43708d20bd645aebc5853de87eae5288fff468e8fbd4c87e325a5,37cb76eedf42bdc3d5955ba72bae917b4d55f0cb3de14521518dad780e6ef693,2,False,True
xes3g5m,3e2d8f3fe1f9b25b7f0803f3f97d9fbf94d7408352380bc60f89a401c18e8e01,a6d19ee5a48e1c27dbcf4d09715b5a69439fad48b29af8e0b3ff39a60baae277,2,False,True
xes3g5m,3e2e714dc58a00a2950677d903690b083269313a2312deeff51dddc93bdec7d3,2d3fcc739163b652107e564e3f7d8f7983a3fa14f7e442fff67b118d964f9791,2,False,True
xes3g5m,3e2f476238929438cad762a06fcfb3bea0df31d7e8fb8a69aff00f3cd4c0e38f,b0bf87f364ce6d779ea81e5e273e1348daa3eee6b7bb2709fdfaf1bee25004f8,2,False,True
xes3g5m,3e3639c65276dd1c78d49b11e3b1e2f6f8463e5e53d10245186976810ce20d7e,83513f0180cdf9fa94007d3810250a2aa790e508ec6e30c5d23e3a458a6fed04,2,False,True
xes3g5m,3e582da5643fc3df52d1547c0a3bac20f64cd54548c4934b15f6ec71207fd217,ead37438c4bec2e728eb158e848772e746b4561c9707d59fc2b74a0e1d5cbd1c,2,False,True
xes3g5m,3e5fc74fbea9c82be380e1df0477ec71040a4b2ee9930fd835c5258271f26e37,d83d4c4e25a3906f925f21d9fe21c98c7caf389271f50220d775b6f818c807f8,2,False,True
xes3g5m,3e646fda172e7ac609b326bff11b9a04cc4b78ff0adbdd95fa624dadaeb2d699,529e4ded21905d0bf7973169d9524879c5f924a538267f5acddf3e7f4b95bd7a,2,False,True
xes3g5m,3e6d6f63b0d785d1050accab38eefe2d08b729d1fc1c1e911904a60990688b8a,4bc6c8be4ebecc594f3fbce9cfb54fda81a174521f4eda2b068daa0ab4e688f4,2,False,True
xes3g5m,3e78717eaa0a58123662882c19f8943dd6a14b7003efa828ca2a56f0b14a9908,6753f5e486848a7dcad84b5ad9b57c3ab911f3f11ed1b5056b397401d7fdfa89,2,False,True
xes3g5m,3e7dbfbe10944536df0f9506213a2a3d0766caef3ea3d6a01546675d9c9f425b,bdbcd0dd9ad3dd5d771c8464e836ab75383b10edb5f5178b0692d4e19342eaa4,2,False,True
xes3g5m,3e831096edb423584ff29f9c3ad41f037d63cc936c6caf5dd867f73d57dbf739,e5f01b1facadc1b0929b33f78ae39817e81219d3b5eb2177717095362176431b,2,False,True
xes3g5m,3e986570274975a8037bdea7185a93697d1d2e3e31041d323acee898a3204d7a,5e635f74795cb35605a847c5e2936805506543c5577445768b0383c4fc32323f,2,False,True
xes3g5m,3ea5a475d2662719204ddf62136787de38f85d97861ca7fb86e073b6d66ae5b2,0d4584de70eb01821545aef2855e1e3611c80eb119258ccd3f5222c78605dae6,2,False,True
xes3g5m,3eb60f6c4926c690ae324871ea2d892de1e100e04fec86469932271766a7664a,e952cf7a3d913b67b1c4522828dc4ce2d60c5f89a6ec0827cd96cd760fb75499,2,False,True
xes3g5m,3ebb8ea8fa1e0f6601cfe660e1a08e4996eb61c938ed42c922a5c28b8f6adadd,4b774192fbc5f499b47b04018af5d8fcbeb8ae9a9ac4704a59c4876de2f42369,2,False,True
xes3g5m,3ebce7aa6f5a1e3c783272a2593c264ff4b31f5af546fc07a21d76727fdbe8b5,b270b661b96af92b4ad34d90f6af5ae87c065d97889f4060d14dcdec53d3258a,2,False,True
xes3g5m,3ebe4007d5a20a6306b2e3637e28a12e105ed8168b6b87ff33a65f515655d1e7,89b8475ccbfbcc3bf2bff78f348a4fd3c6a503244936e3ebcd147b00df02bcde,2,False,True
xes3g5m,3eed04bafdf996536d34a7d49e6b272ef852c62557063f302d70e58b542c8459,a2362ee774035684ac2ba1de52d69c38bdd0a3b9f64de328e2730c35a366054f,2,False,True
xes3g5m,3f1c29ab039c3a5ffdd3c896103ceb4b75281f0df370ea67754efa6ed7016200,694c7a140dfdf1cb8c6a68804a3c964565179366a8bb5649aee901c4780b30ba,2,False,True
xes3g5m,3f2fab6927beabbce8f06f3681273ae4e3ddf7a09751026b30d3f70a884d8841,37854708bc53c2fa8a44f78d1c319725d6cf172db9e95f6e219f1a01c9207b77,2,False,True
xes3g5m,3f3555d8301fcd0a0cadb66a618b090eb05b482dee6511c32ead00dda566b794,9aa4b29b1a623321a452774ed1739bb70c3b6e326051d51a2278bf0f91de5c28,2,False,True
xes3g5m,3f36d04e3f6c71c16bbc9e96a73158295dc4a2537677d2cac77f80abea344881,e800885615df33ef22ece91e60ccf9da8e4a85f8d293c49efb56c9e3e160a769,2,False,True
xes3g5m,3f6dc24cbbff051abbb6ef141ab4009ecc5455c1a1a52df77d0bbe0add824c03,a2d292fdbb289d3f37d121df2d12029823d4cc50b20682e31343885d2d494627,2,False,True
xes3g5m,3f703342a68a38c526031707d3fe5a849c15596c1f55d4eaa4dfb0fb56f834ea,c97f83657a07f92bd14d9f362930c530b79c3b4867389fa3ea63cc7f1c72040f,2,False,True
xes3g5m,3f90974cf35bc38095570f8f08579a677ec6a70db2428a629de7fd1e3f6b0eda,074f43acd3ae76dd3e0da791371cb0889402cba2af3c3aab48e2fa0099873360,2,False,True
xes3g5m,3fa48f525364a74b8182174b7c26a00e3e2ab01fa40ef397f09cc495c02eb37c,1fe94d35bb56cdfb23daf506fbc90fca2df0f48d87a93361e0dd36ad46ffdfd7,2,False,True
xes3g5m,3fa6559f81ad6f53536c870aa0df913e59a4d5c69e8bebc1fb32959165e50548,5ea826be0db7bbef609edca9ff40a438936f428a904dcd406659617f611708dc,2,False,True
xes3g5m,3faa542c08d6fd2fd26d0ee971c0bbfb3adc5cc17bf5c3216927b7542ea05875,d88cabba4ff9a7c40b9e909bfed15e064eb0b45975014deaf5fdc1907d03b70d,2,False,True
xes3g5m,3fb2073b3ad02a9ce7a46a7df8192abda90d4ac7db492847bd82c3a967226f1f,1ca6e3912baa64b3083f3ed00eaeb8a13c2a66653d1ece764fbaf51ced39e5a5,2,False,True
xes3g5m,3fbc0ba526b0a3fab8f9e7e4da15ca8a966264fd87eff6a52de3e81e69609911,2d0fdb2993ab65dec02787b91478e1d3b71627fd0827f62c477a76cec389686e,2,False,True
xes3g5m,3fc645bc82eeaa3095206861c6e3f3e265efc08124d88241374b19ac02d7dcc1,ec683f01dd52ce3e3eef79d8a19adb50f9b8d4375250210377c1da9af244cc97,2,False,True
xes3g5m,3fc6fc12f7ba894b8b5d3cc80e13bbf1e67f3a32763036c2b795d2f0193b2d63,30aa4930bd8bcb6144e41be693694fec306fd75c1869320bacfba27cc09c4c4d,2,False,True
xes3g5m,3fc7c6cc69ec2416980b13d9189c6473c6b8126479952db7b0e78f98f1adc746,dd5f0b9f41b3f409321921cb1a062a04d939209695c7eee5ebcc11d6fdd15af8,2,False,True
xes3g5m,3fcd290b000000a4f8d89e32b7bf07e4216f5b69c1fded27108952982d0d491e,1629ce9e00ff0dd0580e8eb0bc4500140e5e241186c2765a58c58c3c5e55e2a9,2,False,True
xes3g5m,3fed0b5c050c28f0de6c494884381874d7423f6797e6660b31ac09d589601828,42b087c9fe44af846f24ca5da87fbe998836e17c45c8930483afee60c278dcc0,2,False,True
xes3g5m,400434144fe3c5f7d28f03e43fc2ea6c645472f373415c4ab8c087ee1197d664,28f87113df52f45bc1960121e9b4e7d05df5e6dc61b706bf623424398726e29a,2,False,True
xes3g5m,4019b9629da94ed8cb6833c697f11268b477dfb76f927246b4405be6fbcd14e2,9ec54293dd806030ea1583e3940f3b8ad97d56397f8faf88fff26b1ad7623a92,2,False,True
xes3g5m,402a708da2fbb3f36a2920759f7b21177855dbe04b5838dde044bc764ee50c88,fe8d9f1e97b6ab2459db1bb1975c77343436b158c7ed3ffcf60fffe926c67e21,2,False,True
xes3g5m,4048d64ee41f6e457bb0cf7f306c8f8bb2476ccfac356e42f228d51202285f00,72d5d4181b3f149402dba79a420d4980ab7bb524ad60d7403711e7674f62270b,2,False,True
xes3g5m,40539b82fd33c1183e78d6796cab6ae996552a39c105dcc83181e623c91277ea,89ab58cab9f2ea8a5c2f2a77f472c91ff88742ce6705e5325d6994f341593290,2,False,True
xes3g5m,40582a8a72cf431be30a62c0a5c3f000bd084c8a61722913382e5a27318c42f2,90ed564895a367c4aeb1db734d0c09d1c1855e455946e8c67ca163b7afa8b329,2,False,True
xes3g5m,40616436bba014a26914a30f3582c8356af520b52924942d5abb057bf8124bbf,6a554a3c58e6253c1d5026e12e8e592db4563fd866e7acc674f6c6772807dd48,2,False,True
xes3g5m,4071a79f298b26cbda7fa1901d6eb9509cbf847912436f1d0bd717a0882abcbe,e0b170300dd1634f441f2ac1c2ef4ea23caac83f03ea695df368e39df78905db,2,False,True
xes3g5m,40758fada0f04d035870542ce5e4c8c9cf569fa323e1c206d87c958111913f50,45052a89a0218e843c25e5e2072b43af9ab1ef0f01307145200629bc028ffe3a,2,False,True
xes3g5m,407781184f67d11da55d0a82a3054882d55d30fc5db9ec92f60685cd8e2f6217,31e5f278eb7c447aa6516d2717d991639c8c38a2992331cd32b4f6e8d0c93f95,2,False,True
xes3g5m,4082a44c9de34d47abb1715d8ca15ef078b1f73510393a689c7d94a88561334a,a7755b6eb16f53c306f7f2c784b0d8a44aa2cac4ff21a7c5f7e7256234fb6f2e,2,False,True
xes3g5m,40880e6ddb7ab1aac23036ff33689e9f21e69509a3aef8ee198f71dc3a781253,6874e488813a48476309b631eeac09948c3fad90095be32c292ce0ff0fafba8d,2,False,True
xes3g5m,408cd93ef04aa0a6bf0a74a434fb317bfaa8e9af8bb6d44dba79b6cd4d32e9d4,34038fdde3b12620c61fd040f702196cba804a4d63928e803ed92d501d31a3b5,2,False,True
xes3g5m,409dfd351b981826292097452f1d910f2df406a1df68fbc29f41527d12e8e4b2,b0de832b949e361803c376f5a061f3285ff6e0d192c8435cf4c4a86d61e5feb7,2,False,True
xes3g5m,40a79cfb903e225261ce9912d76212c750bdf314fca432dd49d26236b812089a,882a9c5cedab133b1d9847c693cd84a282c78e1833dfde9094a0e75681e93bdd,2,False,True
xes3g5m,40a7e33fc80d50a977dc65a42bc1e0ffbf9e4d3f592a296506ab0923315e4f87,ca9213ebf6ee954353f10f8952fceae43caf6cc4922a742e3d34060cc4f4c650,2,False,True
xes3g5m,40b4170e0aeeac42a33fb2f2516707e8b819d0a63316e90e11ae06a75c96b413,c70ea9e38a121d66bae88fa30eff7c7f38613be0ab1743992331a03c69be2bb7,2,False,True
xes3g5m,40b9498b299085b28404305c9ddf4cd6e2b28aad9e37e7c284c2039f3254e4a8,2d3f36b451ff3547f2eea156f925f5636ad716026cbb2cbccff7c399883c95e8,2,False,True
xes3g5m,40c4086aa6683125543228d419aa82bddb75f8ca7f11398bc50cbc966d182866,06aa59706aa291985c2014e984f69f7f4bf6f2155828793fcb8382c2cea71cb9,2,False,True
xes3g5m,40dd3febb8f65c5c4f2c659267da8daa1ee92ece7bc785e7ea8a5b641dac753f,e1fb91809033cf5254965c40e9450a62913232b19abeef5e3755a107c24d5e6b,2,False,True
xes3g5m,40e7a7f64b596aff5910d976b866203ffba04d1f2563647231d685420c1888e0,bd4afcd758702882c682c81bd5e34fa97e24f5988fb9a44a4d98dd9261e3845a,2,False,True
xes3g5m,40f01c10a6c144eeb9560eed2857d3bbb20bea0e602a5b7c80c5b9f7c452f9e4,bd7f947e7d8fd16e2048987b2aac5fc1692ef4246d35bc85a895f1c7415fe078,2,False,True
xes3g5m,4109ea1c066243cb293975694a7590226328e0d73fd3a0a21592a0effa204391,42df3b2b5fd0c59ad20a2c8c68f93f2647b1a5ea619ba51b96aa9f7add58a908,2,False,True
xes3g5m,410d7f8c28f9992dc93d0e067d3736a04d8867fe98e80c62c1bc4119f5f2229e,4144273b20b88df4fe0dc3e66d02e7d84a2a34018a80bf0e18d5099c83a8c396,2,False,True
xes3g5m,411ad5eedc44fbd197eb380a50994cb41e6ea64f13bed12f76092117a624b98a,98c09ce1214ab03cab91440e80c15ea7f366ccf31ad43b05f4291e10994ad662,2,False,True
xes3g5m,41507d1395fdfe165099fafa823416360bd67ab84725c80aa3f22f8bb8cdd1fc,919c3f6bc82fdb98148091f46f9dc383a8ccdf9fdc4e127ad73096e1164d5aae,2,False,True
xes3g5m,4151a78c3bcbaf3c186d1c68cecd09b15b4245ddfc1c698e67298c6d48c6a6ba,5c7c58769b68e453ad9a16bc00af2223918680cdbf73eb6dcf30e263be3cb30b,2,False,True
xes3g5m,416a2fd044713d52e23560eeb7396d4f0fb1412fa6447f029a1650f9ed6674b1,11d98c523e81f1a00c0dd998c32ebbb24a783475ccb3be5c1172213f5db9f41d,2,False,True
xes3g5m,41754b86054c3e949471459e4f9551859e005ef3e9d6f6c627701a68105784e7,8105d5408482e24e6c9e3f82fe9b94943e8a45d13f91fc2b9d7a7b0c54bed0ba,2,False,True
xes3g5m,41822cffbd0ae80efce51dc3e1552a24ec3a404a32a9f5ab72dccf9f2703229c,4226e2d9529113fbbff4cc3e761cee5fcbba563ad077e3e30caf7db63a94fad5,2,False,True
xes3g5m,418719b9269773068e08951b8a1cda452d133f717384bdc9a057162b2e730c32,1f0e92ac84e9348a48ed2e42396a065230e00404aaa1c2bffb07ad43822b89fc,2,False,True
xes3g5m,418b54c924bec80600f26db259dd53f0f5fd62a967d1f261d77ce9a7bea41c71,742b2300da1276c3cf9dfd2a128840a96154fd2421ddad47b7fe66b171841a03,2,False,True
xes3g5m,418bf7689d31c2133bb408c40371f7dd4466e9260f1b745db39314b808a60d6e,1f086cc387b0d086a2a3eaa97a6eb87c6545f1d5c458132be4c5b97de086a64b,2,False,True
xes3g5m,418ebd351e83bffd7c33e25b361049b17e3a1f94e810fa2e407655b21edc621b,85262ef5c3d350e624ebfa14982b0e2af8a6fa0454a9dff25ea4b1f66f627be2,2,False,True
xes3g5m,419ceddc6f0aaccd7aa2410eb61f5538ac7578618d32d4457ffe8fe7d62ccadb,9694de688387f2f651d7dfc6128f672e84a0230cbedf2fe59105a2c35b138ad6,2,False,True
xes3g5m,419ec1d4a26f9af67e2f6215925ef494cc6ca688d33b2abb628bbb35e0e69cd4,0a865f64adedcc9c08648cb2ec7a84d40963ce3f9749ae74c7aba21dcdebd5a2,2,False,True
xes3g5m,41b80e1566a0477864a825904efc408f9f4a03846e889989b3d956bae5394c80,968aeb13f6d184e0049db94dab1d2828cec65559a756b12d5064eebfc235281c,2,False,True
xes3g5m,41e1592576aa36395f14bd98bb95e90296047eee076582d87dfe910ecb8ff975,6bbc9a29e61d35b223b39f97411bf641be327e99aa6cf79faaf0d1756085b3e6,2,False,True
xes3g5m,41e82baf98aea8fb6211a1d66f0359d862476b5d5c182a1b66fe66cbc4643e51,e51a4fead3692ef920bf0660754f68a6be5b0452f2dd3abfdecb248a0a2d78ab,2,False,True
xes3g5m,41ecc791e373e36d93180f4f355b7bc5161685776fdff516e3ec81f0ec460cd2,f65d20436636d3879ede1c8b4eb2aa6776d02586d3ab44cae22ca9b4114cb914,2,False,True
xes3g5m,41fb892bf2e9e00fe881cd0fd4654bad9d21d7df33537a35f12564938da01cbb,ded2a111f104b2a6b212b75fcd53d1609c8989a5159beb99dde9a508e487c2a9,2,False,True
xes3g5m,420fb10b7e976fa8f72ee89d9ab059c9b4b4fbe5753d121724297ddc2cf5dfc9,f06271be5e1d0616d6d3e09edfb487b8fb38dcc2f2dd3beb2f161f90139d9320,2,False,True
xes3g5m,421180bc3db7b5aba8f558d756ec8b6fbe8a7899a4161eed95818366b4f9a063,d3b934838bd1b69be92f3fe1e9b96d6846c6b6191aa143aa746ba33cd1d9ab55,2,False,True
xes3g5m,424e531ec4633573bfea6ccb4864f59664d7252bcfc7deee1ca4691f4455d994,c845466b0430a8e905160118d2281cabc3eac21e405104a1cb8d79d5dd397880,2,False,True
xes3g5m,424f501a7458c55a3dd5da42766c64a4f0dd067ac12f796238c18d3c103432b2,a1a26292d62acdfa35c74ecdf46c27f3fba2142239ac3acebf67708c37d19fe9,2,False,True
xes3g5m,425020df9ee80d674cbab4463e38fb2e3e5df0a694ef8e8a8c830b1ab7acbc21,5e6f8b282afe5bde031b0e896b53d9e750cf760cd16c7662b73bacc17329bf0e,2,False,True
xes3g5m,4251cf4162125c42b1fe5ae94a2c0c9768217e3b1cdce0d1c5f19acf6e11a4b6,96ee55d0da8a306071c58d32db15fc4e5ac0bf41f0e46119e075d2cbf0875ec7,2,False,True
xes3g5m,425cc4efa4a86a921facc7f285cec496e089acaa2d0b820cab809e9089cd0a59,2f4a1ec0aa0a5a59f3153236617e207b7e7c26c5e1370febbaafe4abec87fd6f,2,False,True
xes3g5m,42704f1af56db46c4f5eae81aae9eaa958dccc80cdeb71f3ab458ae17168dd02,83d7430c4f6deb6e158efb217a03cd4aae874112a9e8407eafa84f891744d098,2,False,True
xes3g5m,428696d63712c6ee0c5b09e466a73620936950e80e296aa5495df567de4bf251,2a3ca28816f263c9f1fa0703ff1adcb59e701b3dbcfb5f85bb493968fd6cd2bd,2,False,True
xes3g5m,428f2cf4b0869b62f8d9008fb55af9c88e808762c58e7b9411842b5c731e5bcb,e52a210640430d8d42c0c5104e3aacdbc185e561094518c4e90acfe503428945,2,False,True
xes3g5m,429d652b2fff61c2bf92a47c19558f5a32e20e793f8b7c6968824e4869270f8e,f6741cd554895159e265c2fd957bf501f8d3ccb6914e5ceb3eec0029a414fe94,2,False,True
xes3g5m,42b595756914bb9cbd5e1617b2011a43c20dd43ada3af6c1796a6283ac1a6323,c51d47854992484cc0f9ecb9e0a96924568fa9e9632807f3d6e5c0b81e7ac4a2,2,False,True
xes3g5m,42baa9895f907dcf6712912d8dbc2cbbf8a5e78866066ac6daa2f717f2b63946,ac5d100b51608756092dd2886e57351b5e82235179c53cb2d1579b53e359aba5,2,False,True
xes3g5m,42c19d31440a543d04d7d794b3df7468fbab72b9d68f229c574def6ba0f272ec,c89e9d20b972e84995a4c9656cbc95bac9f7386ea176772e41b7243318eff8a9,2,False,True
xes3g5m,42e2b3c441241343c6e5f1ad95704f27c0a88fc560272472ec56655682a7469e,880eec1233b407f591ed817f9bdcd70caf6c28e2eac9e449b7e8af2e75702ffd,2,False,True
xes3g5m,42e4544b6921594cd8766159c717f94e67ad52f9e5f329164560b7a22e286256,474db8a72263c21aee368eb9f6d6d404ca31a4ee7b483825408138e709e9df68,2,False,True
xes3g5m,42eabca6cf3a438754fd2ecfd83a8feb0ad1fc8306bbe9144087a1fd16b1e6cc,ce0b5ebc2c6da292afb00f7dd0f8ce34403f0708550dad9711e515eaa3daef68,2,False,True
xes3g5m,42fabfd733267f535c9c43c8539739be52f5d0b085b96e6c843b7c496cc6f59b,031a10c9b045ffeffe3a85570cc4a42a280de97dba6d32f7023a371bd3742275,2,False,True
xes3g5m,42fe2a202ee69b7f1d606d339fc53e2bd95784bad3be4e9e50b193f53324b14e,956d75f64887b0142dc19fb70f06fa36259006aa73b8f36eb85a506ae77419ce,2,False,True
xes3g5m,4301d9cdd2198fde27c985b75d5d11517ef07d083ac3401ff2e9a84e7222bdd6,9b51a74eefc5c0a8f75a03055d8fc6099efa5ceb9deb30321c08395455641727,2,False,True
xes3g5m,430676c0a700552e0426d28cb304fcd671f3a2b527e5feeca2afb3521ece77cb,3d2ef9c4dcee29ba1fa92ea6fd8e0fa376f9f559679285798be378861e33d847,2,False,True
xes3g5m,430969f6c8e460faa1ea6e961543097194df5aadc21235eff969c80814fc202a,9a7f4477a55e1fa382aa596acfb75d61acaebead47118a9ed3bb31ce04655922,2,False,True
xes3g5m,4317910b8bf49267c823ba8cf6095576deeddb819486f05645b88f5138899867,5421b1e328276f020d62f5bff94a063ec995749e6804b85b617b95d9db36928b,2,False,True
xes3g5m,431e6078791de84b94e69a130299eb6fc75ae24079ce5c006bb5640b05dc8562,bd939cba4a9272e8bb698ee23ffecc780b8b1141f9af509c53f74fd8c66ce71e,2,False,True
xes3g5m,43235600c01c3f92404f90d2ecb5e3c47ae939d4ada984d062bbc965d20428a4,e7cef079c7d57b89053075b1f6af5e5c85158f702fd62072b3df25296b82d5c6,2,False,True
xes3g5m,433198b6995ce4bb4a22d623d2bbee756f9141f44838f03c3d1629bfa84b9e65,00ca0389167719aa207b3bbab8cd2783528607b469197910e016aa37c31e493a,2,False,True
xes3g5m,43331d2e8b4fd7115f3136fd8e2b3ccf410a06f9860874b62b3401ca7890ca53,aa1d0322b0ebbc426838a35bbe5b14b2101c17453d0dd05381f3f782e29519e6,2,False,True
xes3g5m,4359a4e04311ab5c232eb3839e29b0e17eaa88345fbc447328a0260ca3857c1e,8b8e9d91d7c85c251153d95486df2e762a958979592d3391bd60ab62a83d9850,2,False,True
xes3g5m,4366c2d0e959c69f07c77fe2fe287f8c69c467770492a26d4f6be6b7ece125e9,2364b5f7b299b3e595345efb49da2692ede54ea530f5d047a041d9e23784eccd,2,False,True
xes3g5m,4385b288eb37ed8065c8194cebbed1e5a056132db99e70e23d24fc08adc58f1a,22adaec4ccbd25f129e08eaaa048b960711dab9e0c8d635c0586151574a30ec2,2,False,True
xes3g5m,4386efa90ac6c63f4c55b660dcc73ab3d8ce8fb52c5442ad683e6ea481a17c61,c2d20673de2f80de9ca2edb2b63b7d3f8762c8c5ede2ed06a7018c3ea487683c,2,False,True
xes3g5m,43b2e8621932c1334dd2d0bdc6735a8b3647b0d8ca977cde1de45307c1348043,13dae8d5f237f91c79489da2151e6d9011de8b1f39c8c48bb552d4ee6871ac92,2,False,True
xes3g5m,43bbfe1a54c84703d267af9a5482b26e08dd2b8352c18e1c31c4e3fbc4b71ea0,c69588ac6cd79a2cfadbf12874d107953341335e0fe65d8ac348bb3136a137e4,2,False,True
xes3g5m,43c2b128052b6e903ed50622d2a9125eb1018965955a9084b755583fdac3ef18,ee674f302be1d3fa7cce68edc66ec401d2b22954646923bb05389caeda05df1d,2,False,True
xes3g5m,43c5487a7a96635688b23f9a9450b5edf388a8a05cdd29873ad8caa9aec7b5ed,5a0491a9e9bc433e91bc61653ba5cce34e981358b1943faf7130da49944ae089,2,False,True
xes3g5m,43d6f0a577ec870c44b0e52456bec3d0eac78600966b6192916d7c3ac4f92522,40b08a6633eb63b20109a308d59739e3f7c71790abc2488654181d3d635ade26,2,False,True
xes3g5m,43d8a6a2fc7846967c8c1a8db965757198d75e799696c5359eb9569615e5d3c8,9e58829ca4a188371b5df21b87e79a34321a8a7d7f6021761014c9c109ff678b,2,False,True
xes3g5m,43f3d3ddd9619fe493fe54efedad823391c8681eedb7a8870828d2d442d6c968,011fb2cd21d2b603cd7fc451e86d7dda503fbb8c049adea29e943149a77985d3,2,False,True
xes3g5m,4401b78d375779e59bc04ffce66f229487b52e2a5115a64c6eee6f2698e98942,ae7a070d7ee95bb1570a3da4ea1f23d9452190bf6616b84933dbc49083e178d4,2,False,True
xes3g5m,4405f2f6f9ede78a31dd206a06bf3c979864dfbc2d123e1f9c6f748f95f42712,5e5362c8cebff4ab021e7bcd0e2bdd6b884f9a123caf396504b87b2f53920a58,2,False,True
xes3g5m,440617940c45e8b7fa100c3880aa341e648d3e977a526955b7e3da7d3dd67418,bcc74e2a75f641475553dbde79040c57051f9482d40ede2c627e4fe1846c5d72,2,False,True
xes3g5m,440f917f179af78a257b01c776a2c6f729e93af1a6743ee42e0e8783931d97c8,385c51cf5f3169afc3d22f92dcdb234922c8db557ab07a36034d0aa8b739eb76,2,False,True
xes3g5m,441e7531a0c83a9313aa4572d5fcfd8ff2a86e8fe4a71ac29327ca28812fc5a8,341f984792a92ad9868174b9675539cbd1d550a7b915b0e729be142973ff8ad5,2,False,True
xes3g5m,442192c552c8355afad586dbbb2092356dd524099bc741ecccadb6b342f82f14,04d9955828bfee5114f691fe8b6aed7f3033ee2bc850b060485816c7de7db53e,2,False,True
xes3g5m,44254eaa0c104a358bb278036c0de02e511f08d2902bff91ce37ccb19ba745b7,f8cbb9aadbbc59068f7377761600fc4d2621dd4ea3b10eca32b169369dec8923,2,False,True
xes3g5m,4428fda6e419f765c140b3b2653e7927930f974a801ccffd49a016dd3dc4ff4f,eaed76d87a73035461718802556e54f1999ca99419ca28064e79ca3fc62e9e5c,2,False,True
xes3g5m,444e3874d777baa0e20d19c00801ccdc45c35a875a4cbdc505facf5676b91669,3276b0b1fe9023c91bea6f6fc50083e435c0ec1cbd50ef5c7d7957c1428d1581,2,False,True
xes3g5m,4453bdd1979e4f776e407c2d1b37e56862943fef780207de0061cabed7ef94ee,8a4ac72a915b1bbaf4568b5b665d60e88a032d1ebd3a31d0c2d8a16198c42534,2,False,True
xes3g5m,445b13f2aba1b27cd9e031ba5d79ade544f2a61de25597fb09fc6b46a34b7960,cb570dfd032c0f902d8ec2d3ee39b975c94020ac8547d9833406fb945c5d263f,2,False,True
xes3g5m,44699959b807aa9985b966e582f535b151c74b0bb9a52dfd32b8e9694fc39305,6648ccd9fe201010b99ad36eb88bd0b89f623e6fcba0e87cee02c6f47b98f86a,2,False,True
xes3g5m,446fac414e1d1c16c729fae9d40bdc7fec78454823c5d52a2f54f1b3381f7333,c043c1ab6f79289b6f1cea98cc1894c596e7ef2712dec3ac5c7595d5157c7468,2,False,True
xes3g5m,448648b4e7c8ba34ccad8fa3ac0367fe889739bb6169c9f2e6dcc7833d8acbf8,98da9c6a50c7bb3fa3adfbcc86768b83fb3428c4d38c4cbbd1b40db1b67aa91c,2,False,True
xes3g5m,448eae3b71a15dc2dffd020f10e7e2673365564bbde2b955c4178884f1e6c67b,e50ab0c341da28cb70f49c12d2cf0d2401e76ff6a27c1167ed2db300aa8687cb,2,False,True
xes3g5m,449514f51e18169a211645d46c61392fb9bbd5b72f590cecfc95e8fa1f29c707,47a382cbdf1e47d64aa5d2551fd4781d1ff7eedee9b1cf4d41670051092525e3,2,False,True
xes3g5m,449cf90a92788d3af1468cf0b4302ef5135d0e92357fdceb6ef895b20ada31c9,5dc977f1d20e4a0ee784289e1c0bfa7e20444f8397b5306b78cc48024f18a2e8,2,False,True
xes3g5m,44a3dea2c3809306586b7530662596528e3ebeb7bb8676af39c0e4ee2bec1e13,548321d86016fa284c239c3be22d7ec5145ba6c66d06d0c2d1c9a6dff755e5d7,2,False,True
xes3g5m,44a4aa6dbaa0edbbf26b87a6667133bfa346a5d2168895b0d2f0888c6056f910,a2cac416f0efb71969e0e2f4e52ed8f71ab11557ccbf18b2d1060494c37235c7,2,False,True
xes3g5m,44a80e187e58d71da26e008731d449dd55be1b1edfabed573c3c89a7561de695,bf58f60553f16b912cd22d4cdcae97fd5d2bf2b00ebb432ddb603c669f3fd2ea,2,False,True
xes3g5m,44a9051350d660b7c1555c8d3c74b824ea58bbab79a445e3b5ec923cafa60a22,f946cf0d4c1d3a26c2c85ceb496100724c9d598c9c4975b59831e21d3093c15c,2,False,True
xes3g5m,44b6cc6ce2d92e2b92af9a63fc8581c1d161349a6a159c8c505c540a7c5d0806,465cac99b04b99f5b9f9fcb7fda240c9ec186c8e072f5c4671fc396ccf62f0a8,2,False,True
xes3g5m,44c8bf43d5c3cc2f271c5c0bbe4b2d761702c3bbc94bd4ff1f477a35b4ac72b8,a3eadcbd49e41c91113e4adc2242d042b62d03f678443a81dc00f386f0ed2fe9,2,False,True
xes3g5m,44cee94289644180b78aa6fd089881698c79ced59aec94a15bf573a0acb10caf,9a6003f01417058ef9abe8b07dc509cd5ac75f31a3c528729f2d94c38522740f,2,False,True
xes3g5m,44cf09bcdb70a61f5e9d2ea56c5e6bbdf85ef605501145710a355f62c354853b,402e71192857d22808cc458c5c525dc26d0f348877ade604bab8846d763ddd56,2,False,True
xes3g5m,44cf63b3da1915fa3e07e5d3b94d10f7f4489213e704b5edeb89524bbd8d9ecd,a8e9e0024efaeb0af397b405324c9effebd7a6400e0a33f42d4dcc93ac4fe961,2,False,True
xes3g5m,44d745a147f40875b3d6883d273366b85f7b72a0d49772f2e92cdde8914b0bd7,70597cea02d58c1f67b79352baafd71eb1cd99a4a992801346934791936e75ae,2,False,True
xes3g5m,44d84cd4a6a7768bd97ccf1fc38db97a34893b35b41af5dfd1f5022b4b5d87c5,3da822ceec7782bf1e810644d4596dbb609a089bf1e6fa2f8427915598dd5afa,2,False,True
xes3g5m,44da98b7ee244c300a2d7cdd6b1d1ff0f4773deccba6fdaa1b6d8da7246842ae,f1b0bdeed3ecf7dfb1ee4e78fdff9a9240e198df26fe3a3152d048aa49c66d9f,2,False,True
xes3g5m,44f9a9daa49bcb773480b795c63bb234cc04d28003f88bf56c2a94c7ab7fc94e,b5e5504e915ad8ea27a6889ce7164edf49edaac81a45ccd191c1a57f6940fa7a,2,False,True
xes3g5m,44fade68c7b2b26092bee60fc33e53c62edeacda30eb0bf093cf248096bc2816,7a897d895e6690f554eb9b1d71d8fdfbfa645feecffe979a66bb449884df45d9,2,False,True
xes3g5m,44fc0e42a7661ef4ec65a0f83b2ca73854483ac0629e9c4da63d1a546467b961,75f4ff08f1e177c7fbaca3ac44a711eb7f7d8e018e3fea6141221b6d00dfa179,2,False,True
xes3g5m,4502bd2b530e05cee220ff3d3f927e61a729adbc7bf7a9c25fedb87a126f7f60,321f3cce667229020fe64170c38bffa3a40fbe8d2a05c99748fbe4a157cacd5f,2,False,True
xes3g5m,451e64c8d43d099d9c922161568c3486ba1badb3b485a22123b8f306a8cbeeae,f621cc028fddc46d72599fcca2a55601492f82ac5393b0ab092a9164fa10d7b5,2,False,True
xes3g5m,4526f821478ac58dc4e5aa8b90ca01429569a9906615b1a71b21078bc2236abb,1dd436dad7e62a73d95e900a8b7b8c93316c73f7b3751a91bb0131c97b5c0079,2,False,True
xes3g5m,452e408a3c381ea427a7c4535a9e63a113ae25a2be4746363a08e8899454bc74,0218f05e45a54aae44dea1c42fdff73c2ac80b477618462eb7a8e89a679c6164,2,False,True
xes3g5m,452fe8f4e4da22cdd33762b32dffa965bdf2f4e6c8028fe85db4e0171f389cb7,ad676235e3cca17b39461857d65b3fdb5abd9af6a457a6a4bcc5ff91d5319233,2,False,True
xes3g5m,453911651f5c3edc4fbbf5305741e10485e002dd933afa65217d61e5886939c6,f030b71ad9856909ab2b16610b6637c34e11c8ea6084002a07336303413074b6,2,False,True
xes3g5m,453bbae32329ac5ff3bf7657ed0866130d52c7c3718c1d8b19ee1f778876d2ab,980171335984d27ce7cedc724a8627f7c4178bda40b3588da110ae55751583e5,2,False,True
xes3g5m,45870527c2d4572cd9b9557eaed3b390f0ce80e2a2ad675b38815e85fa981b6d,6e9af16e99a15bcd28d5c9364d48044b328cb8df2aa4d444e9bda3312d3d3579,2,False,True
xes3g5m,45a055a521b0c744ed6713b6ecbd6df13a2b4373e95529721cc501c2a4976ec8,3fb8986e4691264400fd319ae1aebffb37ebe29c849569bb2730191e09812934,2,False,True
xes3g5m,45a43e6f24613c682dc8bedcaab7a4b2ed9839b527d65e40ed6a4305786e9dc2,edbf5b7772475792deef83e8d50b4e745fdcae7db6c116f86a4f4f8ab82107c8,2,False,True
xes3g5m,45b0af4462b279d488512335dfe8c25c6cf55e72f4395660117d03dd57d004d1,aa2f258c5d4bff0331cfcf79ebe845b8394c18bbab97113cf03883f246626e42,2,False,True
xes3g5m,45b7f077b134c70e020b68bb80648941769e20db27b1f2f594e2b2e087296fd0,09680d6f1722a171e8a4e43a700ccd3f7626737c0b1c22cc65539b4ae64e7add,2,False,True
xes3g5m,45bef3b290a92e63439dd21d32456f8057b7c942916b490f1237cfb4ab8f8f1a,6003beac9591cb22c47fc634d27586d6f6c1cad59f535cfa1cead63a675a3b0b,2,False,True
xes3g5m,45c79e492ea510fefa9a91efc02e95c0e0c85d253cffd3ca588ec89cd729d363,59b95f1a0141bff8ceffddfb6a0e1e74944d4ea973cad4420529006251b0a5ea,2,False,True
xes3g5m,45d9d77b628e127d46b18b20d5d143540d7e69d45b7a8ed64cb1dc2de05b8068,fcf66d21d0d001aba65030446a8379060f51e978206dbda6fdc67cf422e75ff8,2,False,True
xes3g5m,45df0a954aa1a4628f9f36e9c009fc48598592200cdedf649db7e42f1a10f4e9,b4e2dd997252ab663f4da5c53f0ee242b089d04440cc40d092fa44494c6c540f,2,False,True
xes3g5m,45e34197a8c5744a82dcc22311c4cb5cddcfb11a96ccae8e9206293e57ca87ea,6f9097847d90fe96493c82236b72ab814cb62eabad8a6c16a9b1796b45189223,2,False,True
xes3g5m,45eb5857b9cc266c8bed2b3773ffd93476f70210cd9fcdbf8996739f90346aa2,eab3208b83f8e0f8e10d774fd743116933034c8abcb4f6ccd8688fce37c32309,2,False,True
xes3g5m,45f6aeb8adc0c3079d3b802ded4a83cc4294d099fca70c29c3795a64f1ef2e01,d37c8e45f15d990308fa2878b09e5cf07d15b67484e1dacffd90ee9e63c54a2b,2,False,True
xes3g5m,45fcab27a2fc1edcd7ec8cba75ab0dbc386abc9cf5212b879fd6720f3740fc77,6852ba996accadb42cec9198e4c9c6157d49d8d90463bef317c89760b8e52539,2,False,True
xes3g5m,4601fc9fa862425e816c125bb0d14cc1c7b28ff7e68675620a992b8f17112b54,ef4914f0a4c7aecb21ff666ae5ca3a67b8e958fffc3a781953c691f08a96e702,2,False,True
xes3g5m,46062b29fb164989ac41f263bba2b660696ab610fcf048806b2d6812e2a5d193,ac389544015c03ec40420ad0b17d3ae37dc65ec05ac3981f212ee4a5a6c26d31,2,False,True
xes3g5m,461a4641712bd798e4ea0e62b2294d264e75aba1e0ae7865be623b1f4f268448,67066ac429c7b92fa216f50cad2611eafa7e593670b7fbf1927e765d4d5d5c67,2,False,True
xes3g5m,46315478634d7bcab6f14e88da9332232e6e3caf8c4ec934de09e4bee6b10a3e,3b59d36216f8442fd2bdc91fe3d0383e45b571e96f072985abb431a3e9a266d8,2,False,True
xes3g5m,46372fecc61b0a43889e035606bc0b3292aac9af9140942bdb7bade9602ff60d,39e6aad05dc0148c6ef2b23f68ed507f30d52d53e95437d1552677e835613e8b,2,False,True
xes3g5m,4655c51c7b1749c107eb1b93a63af32c203fc2f81649d4e66377c9d2100d9e87,fcfb34569f2a4bdce3fa17167e61cbd7549e1d9408dedaad11307c0e08e5e1c5,2,False,True
xes3g5m,466c683157e3e07855fb61cfc30315d1ffba0c006919003594cf557731b76ee6,4e8781873826110acbf519266032af20aec052ddff459da1cb3727371562308d,2,False,True
xes3g5m,466ce3c6b9debf102fcaed9c7d8c77f5ae867606a028a0fbfe2025dd56d4f6a5,04a111a217372b94f548d7236ae5b05ed51f93e4e0c2a3c214bbfcf81a23b7ab,2,False,True
xes3g5m,466ceb786e0e6a5ae7b3d72d42ba6a04dab64e8017a66b5d6df9e7f6867ad7dc,f67fa43bcab4ca52f4ddd992d6c6cd34a076d66cabf56c4263fffd8033a09a00,2,False,True
xes3g5m,469030889e9468f7d593d468b3b7605771d636cb9cb87a7697da59b5cd1e9f5e,9daddd0b3e16fe34c8301ac5c41bbba74b536a2b2190d4265eb242eff8154742,2,False,True
xes3g5m,46a80eb3f8ae0aaec1a602cf6eab60c16f7111d6a885fe7da95e64a2dff2d6fd,600976fd897c0131ab65dd9c97ecdbca3ff454f19b96585571f08d7783be867a,2,False,True
xes3g5m,46b436db56fafd660e3badb1f6c2e5b092fd7e4cca2b4d11caf45c12576f41b7,8458f55fb19e438355093f2c810132f6dc03565ca1f22496a179959634d9efa1,2,False,True
xes3g5m,46bf6fe14666dc3c1b109ed707dc0e546227734b87597f8c88454e8587579f06,3b415b2b32ad37e3e1fde01666c63980e4984566de753d0d9bb099b12c890d39,2,False,True
xes3g5m,46e641ef31af381ad6c45ec5c769fd7de727a671683f0320a0655ab52d00b54a,d9921b779526170a68816a03cd430de641263cfeb5ae5d25e76362f0f0bc8730,2,False,True
xes3g5m,46e8cd370d4cc96979235ce1edec41572c74b7760e878b26b8b8920ac91783b2,e23a6cb7c55f9f21753e8354fb75c2a75f3d18ad7f9815b13610c4bc93aa7cf3,2,False,True
xes3g5m,46f7fa47b99378c7b620be3c6de9b3efb9c2a648c5fe9d7bc169b28bb9fed0db,33141906c2452a4a90979072f68d2f86f919e101d173235ae2155d1deacec05c,2,False,True
xes3g5m,470cdf96ab74f856e431a7751a199289acaf1a67b4ad194198f5732c42c43cb1,5a0e69b8fbf713ac8dd8965b8c1a16935093e3ff895c9f4db122b6a450ce59c5,2,False,True
xes3g5m,470ed4ce5292e993db984d89d528824c6f9f0f88e0d4cc9155fec26398dd8918,8e68a6218d6a4da37d21d8df25fc26ba750a5210e28f8a5950d9c8b00c2ce69c,2,False,True
xes3g5m,472d1ae19bb32fb63c2f2a63c7994ff577693df72a00c23aeeeca83450535d19,33514d5ad5109186e0f328f04a0f547c7c20d505f06fdfd0f72a488493954b11,2,False,True
xes3g5m,47393f0b048c10b97b0dc4b35e075591a4c204e8fb459ef735e582a1c179c39e,bbd4c3677841cf3f9ceb96f1029fdcfea504c90e03c1d09b6647b5a26e097058,2,False,True
xes3g5m,474886877b99d66709cfe9f2f6c218830d46a88168dd526d6b2c1a5235a4acee,2b13d7ced363047cc217b11ce461d5e07827994e5f69378c3b877babff95e229,2,False,True
xes3g5m,474ad0c398123370419fb34914d14eecc7e72c619de7d18b737f58286ef50bb6,0a90e7237c87695c9372d6c99388ad115fb8ec27b32a56b6ec732807bee99f3c,2,False,True
xes3g5m,4752e579d73c140a64704e3cf08e3bd69390986b31e6fea3ee6a0dd71424b5b4,35d3e90161b47eb518f7b8ee3c85d9c85e3177f3f550fa690cb78d77844b39c5,2,False,True
xes3g5m,4758c36b639f2bc17f86d1410a191ad2ca033482bc6133a98caa98e41b16b9d2,d2fef440da628442edc1be462f718d82fababe9cf58af3a88de1b71e1c23aee7,2,False,True
xes3g5m,4767975a803d48afa5fb3d947f76d4efb7b3fd52eb42462bc8b666f8eb303236,a7c3a248339a8c4f9e423ee273e2c8c177aad85a0d7e7893fdd7fc3f484c6660,2,False,True
xes3g5m,476881987b8ed440ac22ddacc06acb8b206652fb4987ad5f3937abf1597b7ece,7ff7aba3d51cdc5898d3acbea0bb923acbda78db4fef42cfcd8b715c0d9acb96,2,False,True
xes3g5m,4769c5528d13a555d4c40f909a2b842e33d6b2bd7dcfa6117330f1250a53abd6,edcbd4e3ad3e8adb41d4a16244ecdc7fe506a9cb68d72d39876536a22975ba60,2,False,True
xes3g5m,4778aa36124a1ea1a06fb4e1775db53e81278a9251c101af189ce180042b6ebd,c40c5dbc45c390c5fd47fe0e0515cedc4bf19ab931044aad4f7b408544ec2b15,2,False,True
xes3g5m,477d364311784ec79c1480638ce9e5b7bd2ce3f79863ba772ce278b3211ead43,8977342ea3e4e4104433c195b1dd621279077981bbe58acd9bc5ab1491dfc5e8,2,False,True
xes3g5m,479fa7413b3a37546c59ca52e85afd6087d65f6a7a791b18b3552f94c59c4b1f,4e2237c90a573def402125f527e69ed278f666a5d5a98fc130ff15f11ba6143b,2,False,True
xes3g5m,47b2a1e4696bb344068fe05ee25e09e92bc9b492d545c749368afac179f241a7,8eeeec347c5492a71a022923c119b80f98bfa1b5d60b7dbfd5be8aac52b8f864,2,False,True
xes3g5m,47d88e25b46d1e5ab6a92b9a04f48c93f7375454dbc199bfedc0084023477b63,43c282030159dfe4b370bd9f30d4f0923197ee623f8feb34df501dda3a7f614b,2,False,True
xes3g5m,47de842f0b7732e9df949db6b4c65ba9d72fd98b051a838979abf2cd7037bb3d,da72ed28b98c8808beece46c3f3a61e24f776b7fd97c6ce32ed3a3d972579e60,2,False,True
xes3g5m,47f3ef72ccb2a03a1ae4d28e0a312a1cdd5641d927a09b1c9cfd1289dc67827d,c5df6c8ffa0552555d824d473baf6cc9a1990808a5e5afd93d01439bfb2dc558,2,False,True
xes3g5m,47f8a315804a0bd440055001fd5260580c989284a7d3414ec87365d567a701e5,758be023e7be16ad040f4c8c5b47f1ada4474ced44dd53db12379ec3c6ff75d6,2,False,True
xes3g5m,480ca184743207f06a5cfe879f93e834ef6f73f54ce5f5d9ed2509b9fc75f7df,3449e445376349c2b23130c9bc29f120be8fff19624b8878c6c39c155f470c95,2,False,True
xes3g5m,4815db35cc1cafc450370afdf0f910ef77e18560bfc8a1f078e5179f80109d72,37d5fa4ecf7492417d8693491a37a9a625c080ea1dd564dd3010c9e3cf022d65,2,False,True
xes3g5m,483574ac2ff08542a58a3e66961cf9b5cfa95fbff8cf695e49d32fab2277cc59,20a8646dce8cb64c2bc41f0881056fde687e69403cb7fabb78750fff69cac790,2,False,True
xes3g5m,483ac984b922221b7e11add06ac8f21a334ca9bc7605e7e1b8c0e21a84f266d1,8962f9f31f801f109336080849ba138654e934242771cc50c15e81e33e912abe,2,False,True
xes3g5m,4841ca0f87ce1737376a7045b0e6639eb3458669cdc8763e36e9902929a4c733,cb4a5024ebb05babd39c37c60651a69214384710bbc5681ac0a6619192e16543,2,False,True
xes3g5m,4850e8e2a432e9840f49cc6e2a1a114af18e196c80556aa47d3a4c9a952b88cb,ef356e6abe724817b8240c0e62c92316d78f43af51444816b75045aa5e909ab9,2,False,True
xes3g5m,485a3c900c9600ed4d520ed198c7707beb6e14b7e422b2b8683baff565f4a821,515d4d40bbf78785155c463ab7f2f0a146fcf55778e9fc68a4e8641fb34c0296,2,False,True
xes3g5m,485d2673ebd7aa326666a1650e7432d036adc750dd8318410767b3673f378919,32e17cd73039986695b32540e2ba2f8c7d663d519984e5b549414a2bc4ac1987,2,False,True
xes3g5m,487333c7ac36042ab40b1f874b3292972b0843a314567bd291c638973c388b98,bf5103f83c64ebce4220d939f5a12074b68552f220495754b686087ab52e9d4c,2,False,True
xes3g5m,488c7afe5ed1141a78a87058a223e261b54a491423db20f5db96d52d7e71d53a,4e59bbf6455c49aa71e249febef9f475017cb3b21b0311b6549ad25dd743e8f3,2,False,True
xes3g5m,48a6e64ce3010a0e9d2cf9a15ea4a4da409f0d4ac1d608bee587299753f7ca2e,a500040be65748842ef71948d5b130588a63138422591e15da2a98ac7f221622,2,False,True
xes3g5m,48c9318d20959d60a7ad62d34d5f029c82bfc101ee8e3d5487057e6c1e8c3de0,031414819fd89bdfe9be232afc7ee82a0df648bd2cac4dd6d365e5c26a7dca52,2,False,True
xes3g5m,48f355ce3124d76369f30bc282ffad63a531ca920b19d472c54ab991a66504b8,f4474a5d7f67cbd3991319d03e29124967f4e61c62339036fbd32981b4f0e0f4,2,False,True
xes3g5m,48f8199db6bb9dca126b99c46af337814f8686a200871f344be0f3a95131b7de,1559fc815b8831df400cf6af112d5e3b8c407bf45264db0777ab163e5dda6c0a,2,False,True
xes3g5m,48f83165e5d5fb7b76b43b4b0130e1a8d157d8c1b6cef153cf2e6d03b5072671,58460b46b43223c19d92a37a4fc93a599fb273a7b7cb93c7c34f105abe5b593f,2,False,True
xes3g5m,48fb1b13aaf551d1f407afae660f2558ca2b27cdaaf9127dbf39925a1ec5ecc3,b69de471555889a68c46807d9b70f2a7335ef0ee1a96a9fc98d50edf66c430e9,2,False,True
xes3g5m,48fb8329a5c042b77524d8ef099c00dd22e64f17d2194554c9e73879f2f92ed5,e55e440b7275ad616b9cd9fbd8d1dfac4af0f6615a13f08aa823465a55c6c6e3,2,False,True
xes3g5m,4915461c08ee8b7544b54f467fd2ffdbca35b1bb5d847845b7296af9e9320983,ac479d305b09c34dbfd55a73d0d1f4d2a2af1018f37f4d3a73dc7e06e1ccd4a8,2,False,True
xes3g5m,491e3aaa034153b909e1195c152a13196579f4103424bcbbc3618ce10373682a,eec854b2c46d346a4c01b0f1a0c339aeaeaba5909f3e27f17ac2e69d9ae085f5,2,False,True
xes3g5m,492715fcc600d261707ee0ee7d9a5c1e02461a430369ff1436763e548019260a,604ead71c1d6bfdee78e6d222c7b1d2aa6e199417635718d977c8a1ae824b5ba,2,False,True
xes3g5m,49285b0041083577cccd30c9c731df9568ba8d5b37d24b8c713abe2f214abc47,185544abbab204b29382ba6e759228b859ea4942258a077728bf99b01a3112ca,2,False,True
xes3g5m,492fe4e072dcd87cac0c2907cde75b85a240b8c541085c5c018b975fad2f3de5,b917874fa498e27018a285837d81c25327c67b262f30cf143bf301446dda0e55,2,False,True
xes3g5m,4935ab457c37e0a0ab06b67f6b0a089fabeb2d090179043e78b51d7bc97b21eb,c548f2314f9b401282c881b69bd831fb315067ff6088009e278c89b109c0c7cc,2,False,True
xes3g5m,4936680a88c09689f31d8321efb38a5a076267d0ae3ffc486666890d883b84ba,23ba1b152547bd8983e1ac4708dc0b4b7697968216e0b8f9fd5e3cf5c52f32cf,2,False,True
xes3g5m,493ac4e1aea51f590abec50f0d443223098c7398be205ebc8618e50f2caa063a,0f5734480984b7919e9837cf97c2754dc93b5f68555aff567e7d95d33a7e9adc,2,False,True
xes3g5m,495fe1ee6e006ba7a9aed7bcb39899164a59b33cf1398d9433a92c628768482e,e52b0842e5bc61d8988ef1af5367ca66b3d704014baaf7b45ff724787c8ead30,2,False,True
xes3g5m,497dfa66e1d4dcc532e64d393c1b9f10dd3678f386bda578014cf63783a8cdff,3bbbcfcf7a3d2afc3fed539c298629d21fdd81acb6c1f616cc08755b8656add0,2,False,True
xes3g5m,499021c81fd95131daab074184318cf969273eb197f1c9cf0c7e3572b06c74ce,dafb89f7a053250b43b16ae9549fc623df22a6838eb86337a0ee366e5a47ea57,2,False,True
xes3g5m,4990c64adac2c29a8bd1c87b8f6f7410cd5c6ddfbca1a2920021ae922630270b,5150d443733cb9c3eaa5b258d9e0e9be3ed6dce2772624536dea496626b6ef25,2,False,True
xes3g5m,49933effb4b0c8b7535192d68c637785792d83739f1ec44463619eea842ae5da,ed9f77bf41a3e0f9cd451c0af996dc8bc73ddaf53f3bbc8f930c135189da8a17,2,False,True
xes3g5m,49951df98415bd5c074a44f0b383b750c742f87906bff1d686609a8cf898a65b,ea0b998a283dc962187d2cfdc207b2c11d3d1ca00c9e9d10c4a008f2ba27ac1a,2,False,True
xes3g5m,499dbaf8c55dfa157e6b2b6cb48c693a05e2050dc995f92019439a48fb98c263,bb80c46bfb0e5bd5fb0086e8b402b6aca114892d45d9c98fd393e08102e4800d,2,False,True
xes3g5m,49a1f969855382c5c863fce30c6482cfcf76ba95c78cb4c9cc355e04d20ba91a,f727b0c74ca7438e6c16a61032e0a9eb6e030508945f41787462d07a6c145dfc,2,False,True
xes3g5m,49a2a3c4f1ceea488abedb26be7283520b113674a1059469df1ec55795b92a1e,cc0bea6f6cf5942a2d732a514f3832c7e03d18a57d9f1ec62dc79bf6a8de48a3,2,False,True
xes3g5m,49ab4b703e0e19b7c2c96433f6d9cde0330fba2870fe9fee6688eb10fba2544c,4664df63a15615bb176a7f36999b6aeb8b1267bc764e3cf9ee616acc5888f301,2,False,True
xes3g5m,49b2274b9df891e7e7388b2200cf25c6eb16f4d6fa4f2cfe979cc0e71ea98635,de32a86064068b8173f32591fd5852101a34c596c137199b18bc131422b75e66,2,False,True
xes3g5m,49be0ec859e3f29f9a109d7a346134be6f56f32b6120b86233f8e52063a3e467,1e712ed945d806ee9e8e45babb434fca52ae0246470f9bc6977d25e78d37683b,2,False,True
xes3g5m,49c20cc172c13f55a6dc7265cfe602b5c8571ac9dc33dab48b77036b3b70a2ec,c6d0b871bab4cfd8c4cbd933aa46da1ecb1ea7e5f774d262bcd8521d9325c646,2,False,True
xes3g5m,49c2b38f456955794f7ad00b9042d150be66b4dd5ac146a33862585393521b68,1fb03d39ca03890b08ac976f9ea0294e59c5a2b538021ec81751446789adff03,2,False,True
xes3g5m,49c517c4cf303d38042812f5727bbbbfe933e60a8e9761e831ea758b90ec5f5a,2679eac79592e3cce2bce00c6778d06e025e23accfb0edb2eb44ffbd26c84704,2,False,True
xes3g5m,49c89737222f1bfd7c42b2c7ccaf93ec76a93c20d0768808bd48d735fe642939,d6307b8161f43a4938dd32771f0cd50f9d9de500cef4f5f9474d9d998c1b20c1,2,False,True
xes3g5m,49ec94b00541b176e6cc06f495f859fadbf346e7b16062341a67ff0cb84d68bd,3459b634ec91a1e0d69571e6d271ddf47d7e5352e496844ee4f072e5da6b9317,2,False,True
xes3g5m,4a26a4b89e73e98e3f04898fa5dd34ec565fca495a8febf99bec5ea0218ba400,aae1b833ea6ae9628bb08362921a8e4663bc2739c8b803a2d54b2c1e10b0313c,2,False,True
xes3g5m,4a27c56db5466787f4b9c0574f8457cc7aac015be6cfd7876ef82c6a97df3b32,1debb65cb3ba0cf04877eb0ac2a1b4107caba48c9403b8b9685e7052aa785c36,2,False,True
xes3g5m,4a297b70fe0f522f96d334e2576fa72b5f6d6cefa74bbf014e970ac2392dcea0,9f0033927d70a1f94a4712a605431e99607b2ddc5243c66e2fee5c85cf3410be,2,False,True
xes3g5m,4a48f87726591850a0e10af12e9e9e56adfb63d4078a6d1cc12d6ff7b277c49c,5301b50022736609df55a3cf3be4f1d99a69565107e942502164469b8b9e203e,2,False,True
xes3g5m,4a5221854844cffa7a10276c5f23424e9b8781c3001e455985da2ca4bb432af3,9e7dacf5d89e26cf42c33df39ca97583c97f7820be34041fb8664be0903378fb,2,False,True
xes3g5m,4a8e471bfc53d9080e3b62ea13c68742a635537f8cfe92bef7739fb3325b3208,96bb423de9cb3b0e3129c57abc9a98e9c733b7faa0f0af60b86d076894ca52f9,2,False,True
xes3g5m,4a941f832ce3f6e6cb927ed077b90f8e8c9558df941dd00a8a553c73bd65283a,c064a7bc07d62bf66f2c1704c70cd562dbd614f7cab05ae3601033d6bfdaede3,2,False,True
xes3g5m,4aa8ed05b60ec86251c64ca43a4a2acb07c2d107d931c78cbd35554f4bc169dd,bcc803eb6289ff46e1a1ed8daa74077a69813c3fa8dfb63f88a7d813c17b52e1,2,False,True
xes3g5m,4ac3fffe7890efcb84785d56800f6be1f9c2eabbba0e553f7864c5205a494db0,e7501e7c3b17564ea6146fb20f7a99fddb0972cc00894a283c2b657404adc952,2,False,True
xes3g5m,4adc1dff9fc4c069483b3a496972e08de427490f7f23594409792dd109674c8a,ac099ae560755156ba830ea2c28b7dca500410256222a7f23bf563d64efb9368,2,False,True
xes3g5m,4ae0d0b3a6be1fea4114877320497b4f09f8f1a309ffa2d22db19c0454d32a61,d797858823d3c747c7ef795886c1999f47245137ed26224abb08357cfd2df1f1,2,False,True
xes3g5m,4ae6ca2f4f00ece522febd80ebee62cd1df256bc14296012078f41e00e187b03,f1c5a34de0b1b2ec19efba852f070711be1fb52756cdd55c1cc1021c11cfff2c,2,False,True
xes3g5m,4ae9f556506a1093ee2c9d050bd8c3572db9910a8502ee9846f717fef0ba8af8,d944f4a2fb28f525125ffe3ba855ce2422d72866657a1d64b7c607c1c19727c2,2,False,True
xes3g5m,4aed87f419d59586d188e097a3612636ed86f02648f9e24df28a8bc20519783f,e3485d7578196492f464aa682da5275af1eeb877fa146b95e7fb04ed22599e65,2,False,True
xes3g5m,4aefd212927ecbc90115dfb638c36cfcedbb9a233248bd6c5d798e64f7816c93,81d959da158260f339680f6aa4e162e978654fe39c0caab1d057000e013f8c0d,2,False,True
xes3g5m,4af20fcd725ccbee5b8ee3572376e095cc4c51e80f7eaf34f95846f846006121,fdde3ccd08d9a9a228a750288d2c7a141807323e3b0fbdf9917f7200520cf3fa,2,False,True
xes3g5m,4af3c73162eabf3530297b744a00c45ba7535546924bb288fd26b103e22f1ac0,9c01e7d72e3b6c8ce9cb3984109e80d2cf7c778c174dc926272bd34d9181f036,2,False,True
xes3g5m,4af6c9010fc40e26f4aa71d81e74532a7dd1d253d9d362b7e69bbb7efea2b27b,f1d1fa818ff03ca6cb3a445930c442d4e8ff5e79f0cf0a5258e680c4566be645,2,False,True
xes3g5m,4b0dec6300bf3c3b54d7cb4071ed18ec522b9b34fb80568357861bed4b9bdf02,f0157b94b8fb37c8924dcb44f4f4bb658fa34257111403a6ecb036daa27e5426,2,False,True
xes3g5m,4b1e5c7675438ab1464878c18aacc9369eb546652bd8ac448c03c57272cbacf2,25c8708b9df95bb2121f7660e13ca58be119f074b567b7e5a3fdcfd2cfefb787,2,False,True
xes3g5m,4b20e4e052140d907936b55c177e143c67d8c621d77a16d05194d40b2438af88,388b9d41aa7cf2be8a09cd35b6b4e0117de36c265eff9cdd7eaa385080a190f1,2,False,True
xes3g5m,4b331f1d669925a4ec88f8295107725d9ee182b0274057faaf9cfb01e00b3a57,aea644bf26478a98889bbda40805a2d47e26b2be47b44a38944eea695eee4414,2,False,True
xes3g5m,4b3755ecf0489e45dbd53bd615190d121a77034e479e3c809dc9f10c3932b789,003d711e18607fd74c877f995caa621a94ec178f83e5a0b029841a181350daad,2,False,True
xes3g5m,4b3ae1a467d47f4ec21b36a754254b9cfa8cea97362c034b3a77d30b94b56022,77451747e9cd55d1f3545a30661addcf8ea258cc3aab99534a9c77a837e8948e,2,False,True
xes3g5m,4b44be59ce210037664530c81553cc7a81d088571190eff4095ddb72274ff65d,d21bae8fa3d3f63a79a74a3e9b0cd057eeaa76d7d9cac0a79ca7723ff1e5294e,2,False,True
xes3g5m,4b556764d6cbf06598c3067da4ceb5c439ccdaa64649ba6d5d322ff2559bf494,cfe6a07cd0a6a55ea984ae5749a42223e635cf810e11f0f909cc44f13f58b5f3,2,False,True
xes3g5m,4b6988dbf10722e14499727a189193998fafb841494ef34517cd20a766293e32,f8a7133f643b073c1390124ad442d0c441c8bbb6fac0da8ac24b194e7e0c72a4,2,False,True
xes3g5m,4b728c5257c263b1761879c01706df5cda2831264c97e7e6d618a207f2a3867f,6c6ba7faba39b1dff879ebea825afa4c2f980118cce49f20869ffabbeb3d460c,2,False,True
xes3g5m,4b8a8f4cbf4214830fc5c755cc5f4f5865f0c3930377778a1a42b6a8ea9b2ed9,e91a5574f2d8bb2f87cdf23bb5d5231343a7b6e29714826464de1e6fe8117500,2,False,True
xes3g5m,4b92e19603cb7abe06b6e75e1ca4e6a62afc3a6100d979af7584f0585cd19e05,1aa92cc44e83cb75422ad30508306f610c2261abb9a74d7f3f01932aea4440a6,2,False,True
xes3g5m,4ba44f61f79f461f8bf2ff2d29da14ea18dd660c13ef81e220c98e0018866559,f8234283f445596970ef451abd876705ccc430bce5563801638dd40f5d362338,2,False,True
xes3g5m,4ba783a4d358d6b4d0a697f8df553e8f6729fe607bfab92fe411b286654a90f3,d91dc6f34d6c6caad7acda7af141da866851b8bc62b7799f7b8212974ac189a1,2,False,True
xes3g5m,4bb2cd163ce23880c2c44f5b8c75ee168e180d187d3bfc1ef2b46108d04555e6,7b622b0b478ca49703008be20024e8c998843df45f2bea04da03ab57c4313782,2,False,True
xes3g5m,4bd742fc9bdeed5735f53e012aeb4b9daaccba18b8c0f481686f00cc1b54c21d,8225a69cd92949b2197b0d30958f8f20d085ef6835bd73c835bb46f81ef3cc03,2,False,True
xes3g5m,4bd8a90ec1fc53709e2f06099ae7390125ee2681df93e69ea26c933eb6f827c9,182a40e6289b36ad3c90d939197b1dcded6aa86bbb9224e784f92ab5688f4f35,2,False,True
xes3g5m,4bdeca2869124a9e211e9fe42180cda8c5283ebf7e378bdc07090b346b5a65a4,0c1686bb1949928f4957855e5b35702420676666ce1cc5f0491fda82eb1cf887,2,False,True
xes3g5m,4be7620e277fd1e2996a804a656885e1e001b85199548212393e14eb6fc17ff7,6cc1b08636300ceafa668d93bc162d1f9b57f2ffc3e7839417c826a956f6baba,2,False,True
xes3g5m,4c0f4f946438956e2b572ca6b8fff2ed5ddc20fd04cbd6e2c1d4e8c25b32cf03,aa544a25887beae7e75956aec5a84c17ff9e7581f3241793455707184b032d23,2,False,True
xes3g5m,4c1a35dc3248fc9474ffe61acddad89ef2db6f714b0dc6a1ea8c245df55ddbb1,c127c36da8b565da692be42ba1f7f25239e5b70fa4d9927af22ee5e58669f5b5,2,False,True
xes3g5m,4c33034d9c6b83600ecc38dec238d2be4de6c0ed4f60b5b18d27a6df33317714,993dd2c5996f19100298492e38583a2f2930f05861f3bf30d3c3a914d38cc11f,2,False,True
xes3g5m,4c4044accd0edbfc3cb83eb2657a9ca74fc913e24584650c4189c9b0acaace5c,17ae5c81702bec7928290530d70a03e69c16a07d14c5453de1275ccb2b08f662,2,False,True
xes3g5m,4c455d9a76b1c0fc1e5531106284a64d35b84ef9e2e7f23fbd8368d1850d6706,014983ea831030dd99bf52b7c877e7131a15737e8308d261e5c4a565d9f80933,2,False,True
xes3g5m,4c4c9c4455ee3bb07e4a83db7f7e9caeddfc7519fc344934006bcf3f39f1e148,8df64266a1fa042ed193093f3b7494d36ac6852beded896819ffc55f174c4e5b,2,False,True
xes3g5m,4c51644f7889c2b555f963e89f9ade812460d93e61062672fa6aa6fee6644fd3,0b50c7f9cdf09265708de8b74a49dc294cdf68959741ef5bcb906cf82cb0565c,2,False,True
xes3g5m,4c5a03f9d8775ddc9c61ae3cdb6c01917a41cd923941265557d92dcbdcf65ae2,7fa9a47cd2888691442290f095b7c81578f94645eb84851a4b09cd5742576963,2,False,True
xes3g5m,4c5cb03430c50692d4517323fe88b029cca54ee21bfba1be91cd055d35ca73ed,a8a1842ac384bacffed7137a5a0e21e29cb65a5ffab4489da8a352a906be83cd,2,False,True
xes3g5m,4c64d2add6819939799c4889baa6d9d5e96e41f843e5d0c95669d84132ee3d4a,c5dadad412c6a67b98b01e46709ed73cfba0ea30333e5621a425a87384d98d3e,2,False,True
xes3g5m,4c6f3b33ada0442e91c3ffcf69c65ed881dade37a49e146b309f4ab7f5e4997a,590613174a41ae4576d226018c5eaa893e426f103eff833f918011c05bf9b3fd,2,False,True
xes3g5m,4c84d296d4853869205be6569e47789d60df002284d9572581286b6030c8a002,bb80c46bfb0e5bd5fb0086e8b402b6aca114892d45d9c98fd393e08102e4800d,2,False,True
xes3g5m,4c86fc30720f5f45831eb78471f6564129063494c07940e2c4a642626af0d2f0,0daae8be54322c38c86507ebb5d6f383af0b2372c95bdc1e5402c74b03d607c9,2,False,True
xes3g5m,4c8d43c9265c61c3d2bb4b02d68c9fd912848562af5fca7999c2f58a21ef95ec,f14d3657972b38d1d1f8d9c1571a43cf53510a8ca23ab5dcd2aaf10267846539,2,False,True
xes3g5m,4c8de46ac932e25e4f9e455d7e0f54e4b957cf865ed7a25896445db3dbc18d25,39ee1806ad41a4f337af8229a00e0f9fd8aedc8cbd10c9618e2e4a01fab6cc65,2,False,True
xes3g5m,4cad99471864a327ca5234a676ffc8102dba5e21607be7f6d6e26beb89d4f9bf,11297723dcd0d82b976fa4f5a1e64c922584ec946252b6827773199199976439,2,False,True
xes3g5m,4cba38d937a22ad70e2bd3042ef970707e8496c79776d318ddacadf1f68262a9,0918c6ff30c011cd15704f55dc1a6e4e2e342db38198cf192c91058ddf711ead,2,False,True
xes3g5m,4cd1ab2b83120ba280bdc6fdb1d839644bd81c41105f1b54f90b2a2074949538,da931ec8714195cc1e97e86fb2eaebe862b65d0b69a08f44587bcbbc486e11f2,2,False,True
xes3g5m,4cd7f55aabc1cc5b8e58903cbb6f2c1b451ea510c0b30a959d88934c8bb004a4,4705b0835687e67ac2c16848780e4b0f96af626c2288b942529cd608a345f183,2,False,True
xes3g5m,4cdc532b705e11b1c9e3819cd22d09ba95bad12fae514508756e565945be2a24,ad7579e8d2dda3eb8c2b9e34e29d09bf3c65d2f2f5daf2932d0aed2839bfd23a,2,False,True
xes3g5m,4cf84e460a319cf7e4b5ce99dcf756143a44e6d8fea3aabee28c1faa630a0629,3ab1b61491fc05a45bd1da1535b8fec9f5a741c3968e8c13feb1c255e906fbf9,2,False,True
xes3g5m,4d050297c530ef45e384b5983aa2040bf92ec4cb94b92d5af6f918879c43b941,120f7b1f9e9f408886297469bbe67c41a1ec115bae589bcd690005f8fbcb5857,2,False,True
xes3g5m,4d13ec883ee455874c8de0d8fdc490a85ca8f80ea565cc97610850ce47554826,6162675c6d60dbae8cfc79cea7a2aa06325a34b55987c3c8d853b42302512fed,2,False,True
xes3g5m,4d1e32f6055aef3a223cfedbfd7f4ce894f5dd4718193a30323b3fecaf5ac59d,0e28ba9d396917636a1c4cce803f7df40ce41268d00e7e887f75cbecb8f362c2,2,False,True
xes3g5m,4d20c1ec9954018e1b2c06d60788dd1d50b89f5401080d41ef69bf52d7041e00,18f2ec4eeda572b3acf32c58472917c24297242d638d532f546a795fa2ad9625,2,False,True
xes3g5m,4d5723a4ec2a2634879ac6d680c69adfe7aca4bfbd7ae6171689cc6423f243e0,d5c284a444636bab57cef97299b912b8df2e0c756cc35925860b2dfb6ac99b87,2,False,True
xes3g5m,4d5895db2317ff3e530dc72645a94148fe9f85573d77ab75486966e524301846,eb3d8968d8b7e3f4400cdb81ddcce352e404b7664bd6a21a8f8855f7d09adeb1,2,False,True
xes3g5m,4d5d0956c0cfeb0c0e77681969e246792cd5544cded0bdb4a4b967946e8caf27,ba87205fc150aac8d3570370183f17c9d1991eeb99e9f50974101dd1c968763b,2,False,True
xes3g5m,4d6136b04c989db711fc99753160c17c41806776004a514067560aab91bf1329,0e186d38d119019d194a5a63abb892e3037fd7f8c3a00831dda81f1e7d2d61e7,2,False,True
xes3g5m,4d696fe54778dbb8024fcc43729d2efbef1feffe5ea439b5c46effb278e1eb87,760f2d88b22d01f3421a8bf95050e147b3b960f7399e479f88fc80191c94ff3e,2,False,True
xes3g5m,4d6ac79a594e2d9aca93d50da85296325975cf5f8d0978376810b1c78d39633f,27c5dbbc6145d5f073dd8c3a919fc57edb35e2529f9534610068688ab13a6f93,2,False,True
xes3g5m,4d8922e473c3a85173e132956787ea0560dc964f070baaf1bfe750062b4d6320,60944f0652fbf820613969d0d0286ce46fbba3f7748a2bd5aed900144844606e,2,False,True
xes3g5m,4d89ac8094cd2616aebdffecd1081279897cfc592484f6abd47f01d079699837,b53ffdc36c77de4f9bddbddd1a23064c24f4b834e3c20bb7d7e8600d198045f5,2,False,True
xes3g5m,4d8e006cd0cf2be1fec2b6b43b48d789e0ffb7fc42f1c2b68b640bb770966c83,13992f4206ab08383a8f164b9335e6cca2718ec64793a23ecbf654bacd495e65,2,False,True
xes3g5m,4d92cb29e499b4e7227f241f0141edf17adb896626cc8735f35feb7d9d06edc5,715eaebcfd945af5fa4f5b7b49d5095732be6ba53697ddebfa0e8ca18c084a64,2,False,True
xes3g5m,4d9496fe0336328a6577f5f107575d1c5e4427be3b3d9630d3970f3d2b434ddc,2bbaee663a7f2c3902d486c063afe713dfb3dda2a2c9101e0be8320cc8ec707b,2,False,True
xes3g5m,4d9bb9e7cc348bea7bc2cddfe8ce3135c735870f2eaec1b71b9312d1399f38ec,c3294dbbb698b371fddc7a35486c328e65891d5620b946807ecc36143139edc0,2,False,True
xes3g5m,4d9bf0d279d99d1b514703a4a541876b40a32fdc38804a8c85f1e61f6d30c2e7,263ad3ee3709dacb4c504c54da72e26e67492e2a5161c2fe6f9e3b2af6718534,2,False,True
xes3g5m,4d9d0455e90380e0a9635a226992bbc0730bb6a24665f208625e6f3a295347b8,bb130fb8492046beb125b9820b811971d634145f4ba21b63a75fa717ea39248d,2,False,True
xes3g5m,4da2cf8e9ad1c21631da064d226a38ae7f4eb2e2305abd4f9eb1890c3fdb3d4c,1b3554cb0a28585fabd522f0e98356c08c2fdd3c3f20b625e88fb521afcc34cd,2,False,True
xes3g5m,4daa612df30aa1ab1d3958ea3b732a006e5bf185a54b42ec203cc9485a293924,5d57f5d8c941e80f42d4bf445ade370c565ac5252d4940c99145d4046bd9376d,2,False,True
xes3g5m,4db8c7da4037f33cf4f4f907e4de95a35b56e5cb176f671adac04daef549f0c0,4262e0f16e90bc7be791779049176ed3fbeda0e06e11d122a0957640915c812e,2,False,True
xes3g5m,4dbdf5602e9c8e3d10163a9ef1d30c203f3e30168f2fdf9396b4af377e9d7be3,8ef48f831bf53dc9e00ba3e98fd2a0177ee6f02f6b23d6898377aa8a3590fbb0,2,False,True
xes3g5m,4dde5471069ffe8e7933f3833aac2d8019e571695895a4b9db496df7ae35a1a9,83eabac89608222908a939912b32864a768b519d4d179208785782557651ae13,2,False,True
xes3g5m,4de0a6434153103c4c4dc9cdb6319f7898968e4b512106b5a1a6502ae2697dc6,f0c858792f3d4d0f6b8cb794209c79c184b873245853f34f84a8f1f052d0c25e,2,False,True
xes3g5m,4de4eb09f88c655677d19c8d1c4b116168563c08c29a31bbb6317fa111d98325,70ed63354d57f28b8daf633ca2bd58b3763fa8ab0f83ff95cf0569239f814ab2,2,False,True
xes3g5m,4dea1699b2f161a1d1f3065fb3d2f866f67cd8cc6ede96194c1b7c213d9a5a22,3b28e6d8b5f385d490ba142bae86ce68736818f1113cdd05d9ac76a45e4811de,2,False,True
xes3g5m,4deb16f1c0c6c3a08638a37b6e53479410c4c3a394f2ce45f1b3e7a9f4bfe165,f147957a46e9aea690f593c6ffcd1a89700e188d85942ec4f5615f621437fdc4,2,False,True
xes3g5m,4e1453ac7bc5ceb4754b61629ba1a6d412ba1f6426fb62d92d6d2cb07f9c2d8c,78c47e3203e82edf330ce2398a5736522062e902a4dfcea13259c8c951be4599,2,False,True
xes3g5m,4e149243928131f01f671759ea74dcfd0d7c638f988909206f2d256e47c71376,e254795d478d7cc363f0847a938ecd1675473f32d02c423a59f2908b823fe39a,2,False,True
xes3g5m,4e1f5f73ce45ff51a193646dba3356903aa1194b659b89c56aa514d360cfc56e,f06271be5e1d0616d6d3e09edfb487b8fb38dcc2f2dd3beb2f161f90139d9320,2,False,True
xes3g5m,4e21c5c643873be6938e5d273f148769b6689e88d3871fb429389f774bf9989a,6724863bc52ac49b6337fdff8075c95b61517c2e1e5b5a0d299212a427f617d5,2,False,True
xes3g5m,4e2d1bb2fc1209c0ea8e0b301765b2dc6ce69b0aa039a47c57969d8caf38b113,041bc9f2418b33683b4425954c1bd3a81a74b7d94efd8f31c581185504679a87,2,False,True
xes3g5m,4e34b8716b26564a0fa1d8bcf5645ed0582da0c160047e76005c23a7cf5d9e5b,c11e27554fe79c70af5c973114f5af79e059689a11de0a248ec710762ed1f7a2,2,False,True
xes3g5m,4e4bf51278da6382ecaad06d522027da48529a847986ab0d03a2cb438d785725,46197ebf83ee2de6286ae9bdb50e11b4409a2410ba08cf1252fcfcfa28a14843,2,False,True
xes3g5m,4e5cdcfa7d00fa4d2d9a2198b2a37ae836f2e8e10964e47d0c55296329bfc25a,0d1a7de53896a999f41a33ab3608ca76c78639167c5c05d281172c871598801c,2,False,True
xes3g5m,4e6bd5f7add366bb552341a362c70532ee558878998a187b61db9286eda9cb2e,8668df9fde1d36529bf2568a87a6b429d36947fad8797269853296d599980e5b,2,False,True
xes3g5m,4e736aa82e6a311988319f70d62d852e53831269167404b870a02a3787c62667,e20402c84e033d3b9068126898d888f54f6a117dbd5208da8888c7fb202ed67a,2,False,True
xes3g5m,4e75ae68330d0811e1c83214b1d23abe68f8ba9b0d9b529c270c55998132bbae,0757ce59e3e823d4647191e0af345cd2775d8a7d8602f3dd3c3faa6951ebb317,2,False,True
xes3g5m,4e859c613680a87df3da3404090b5b0c7de2692e7895e71f4f6baae4ed3ec8d1,e74502be3921e0b1fe5168f94f5a4db52cccea79b451b9447491bf538db34176,2,False,True
xes3g5m,4e85f4f47ce30a337444a1ae4fffeaec4c5dec46a9a868ade15e68d2611c9061,e64e4077656c9c998334c9fc0c7576efbcbf5a50e408e34919b1141f18d5c40d,2,False,True
xes3g5m,4e8f93a3050b1cbc76d7842178a409f54cf355f9023f3fe41b8f02372c8c904b,9e10c73064baba2121b9f1494a5d3b331b26a59732b8871ed556215f923f3b34,2,False,True
xes3g5m,4e947c1a8d577d0fe8625a1333d45c0c863080680f76d35b53975dbb0d38bfc7,0b042cd77069e8bbcb9f34d8b885733c51be825e8e43e4c5d336968146241433,2,False,True
xes3g5m,4ea75ed6c0454534ab4c1d79bbf7f263db93c9d72670f4069ee3804e4f20438e,c356c98de0293b005ad247371aa27c876f8d4844084f38467f78aeba1b76a03a,2,False,True
xes3g5m,4ead26bdc7f190ba1a37e4b91e2b5f36c73af2cf13fc209b28207ba452563a2a,6e751ef6fbdb00f4226a5c793190e3bbf240bd4dde5e900524221bf89264a60e,2,False,True
xes3g5m,4eb144e10433713b74679d38a46bc959c9ca5b488cafe6891a17805c4596c0e2,9033d1325a8d9c58ae2bbc2e1abd0076ce59687ea3a320ef212219237050f478,2,False,True
xes3g5m,4eb9816a84ae6079ade5393e91fe36b84dbd85c8f5c8afd40f0f57d69ad2ef2a,4403048769341f447081a6e14794ac8e9225479ed732f44396d98957116033fd,2,False,True
xes3g5m,4ebfd4eec08a85ba82a2dc1763551148c25ece96209968c25f9a61638d6ec757,8bfc45ce6ddc24997288b5771fb3f4ecdbcc6befd766c3da75b12a4032ec457a,2,False,True
xes3g5m,4ec9b52ec3d3e253ac649df634f568638a61023d15b171c3515bcfa96a3b4b86,745c804e84ca7e8a6a4f1788eb5c9c8acd92a02035b63267ed2a11e75557ac9c,2,False,True
xes3g5m,4eda6ca7a169949f9aa6b42c2217451e4f45179aff9ba7459740c3bd7f3001c5,98d73abf51d345cf8a177ebf3dbe1943a38cec4531faabe5f17e233eaf9128e5,2,False,True
xes3g5m,4f03ec58920b66977c8dcb353f83f63cb1aeb21c8753ed1817a195fd751dfcee,aa9162894e074ee1e353c1ded7bc80c35c09504ce2b78bf315852192936d4385,2,False,True
xes3g5m,4f04e5c5f652e85db066cd121752af4ba9c4bd50be15e633aa25553f6cf042bd,7c1015d7a38a27fbc85c254fafc8ba8ae9abc9dd7eaa3e52997e807b9eeef370,2,False,True
xes3g5m,4f12b5c6df2a9e2138856753d17395d691773197dd9105734ab2e2b0d8a22097,02f2ebeea49bdc4ffc92975b8eb03ea4f6c32b3fa33310320797f2da800d9a8f,2,False,True
xes3g5m,4f21cdaf3437eba3f40b3f15527afaf52688c913c67e5816b509f922f8031779,a5eba33659549c64b7da2118512e9f0ba86c49200d915dfc0a5881540682a5ba,2,False,True
xes3g5m,4f277d3dea3e935b01934dabea53eccda7dad2ea9f7b4c7022c0a08ff95ad7c8,a28f646d4b74a78da97b67be9f1e999712e2c8e62801f172d64c7bcf0552219b,2,False,True
xes3g5m,4f27a28b72fd3190cb866cdf50cf8cfd2640c8a5e5a4b1078c32eb0ef982e385,b3cec4c41bdb30097a8dcca39ac8a70910c1be93e5c8db00d25ff16c44991aa6,2,False,True
xes3g5m,4f2dee371ed26334d7a032bd8150f00e11110cfff24b5ef8ba77674b180ec853,9b1611874f0706cf7e5e3be0190dcab93aa3d482bb12ad74af5a4cabb67a512e,2,False,True
xes3g5m,4f39289f87bf63ac8993d65eac6cb89b998a493bfee7ef9ae8d50be3a7ebd691,8775b2ace9224e995ea15e138929640c2b5121778cf202d0b729fbb1e26d1bbd,2,False,True
xes3g5m,4f40eac634617dcdcab2d019d92eaeabc014c6f0d7cb4180cae735175ca6abdf,62bd9b0d4f0ca4725114ea7df937875425df51d90b480e8f75427f2b2b002f0b,2,False,True
xes3g5m,4f430f6712071437665ac15901b04c4784c4774474b13013d42d66b0d930f7ab,d9794320b92cd6371fc2ddd25ad89da8df7cad261f77f7bca4811888ca20b66f,2,False,True
xes3g5m,4f57b130507ce1866f06dc3af88e11344121b30146b6f610b9d9d65d11d5b0df,6219752da081efa5d90c54ae977a9daed3cd48dd5dd0f144d4e3f5709575d5cb,2,False,True
xes3g5m,4f5f632c1a5bb676cd927a3cf79abf3e72e34242a80502035401ff08bbf2c51b,457f1f19350bdb79cd391c242636f2e9b84e6e32a7be286d90ea957401bf681c,2,False,True
xes3g5m,4f83ff3a8bce68c1e0c6f1837c80feefefa9f489b79dbd0d27912ce8e36077a3,ab4fb4e05c6370bc86b813efcbd2a48200a07600a390302ebb1cd1afcc851547,2,False,True
xes3g5m,4f8b32a149e0b10811d5f4ce7d8b9fe8c39e75c1eb7d9d7b04cf4ea41d219af3,0bc6d4ea12dc9bc8b096f3a83f8ba6b516ca010e64b66697bddd1d084dd29c1c,2,False,True
xes3g5m,4f9243272983fb09fb52f8cc45dbf0598ef33d22bec9d5c7b9eecaedaaad3513,8d423689ae3b61326f66c69fdd66881a1b028fd9c04fc329bd0d7c4241a52ab4,2,False,True
xes3g5m,4fa35559efcc82371157a42e0397a03b2be352c8031ce46a54a6c789df7636ab,b68eb1006b4ba9d0deb5de6676b0310839b71e691a55e60d40e5e98533be17cd,2,False,True
xes3g5m,4fb3432584ee9d3143d88c82e17bb60f418036a99c9d76ea6141e17a2766bd08,63c3119e1f0e500abc0b64247cfd77dc55238d9121e23d047aedc9b058846147,2,False,True
xes3g5m,4fb3e4f2f0f2bff6f0c6e00d0474de16d9bb8babb294b8ffa300accd7c6fb481,7463985f1ecf883a5a6104a5ce0097e5a764c41644e5b98bc808e84fa601ef89,2,False,True
xes3g5m,4fb63611132bfaf751e63b2224f1b6979afab397b8c8d1cf7a1fa9e4b56fb37c,29b0f1c5b6514dd4a820cccee607a2be097adbe201bb18b7fa871b11f47f5ad7,2,False,True
xes3g5m,4fba2f85c320bc08dbb7b718a036c42d425b87beedef0f43293122435287d2f8,b07438cbc03d6384571fca9b8b90e9437153a8a2642f82838f28a739d1f1607a,2,False,True
xes3g5m,4fd0088a11e9d938f643bdbd0b06980c9aa870ff50343a081109f45de9d45d13,33c6af30860cc766b5d6f3fb2137fa92a9da9fc66d1347353ca8d3f7e6ef64d7,2,False,True
xes3g5m,4fd167cf53f543ff1af001925c8b30764612e2632d7b350b67d358666f2c2c03,fb0f8f19669f77915861fcecc048fbee5549d46e30a4955be96e1b5c6393bb6e,2,False,True
xes3g5m,4fde66e209cdc59776d4509f12953a599806f32715cd4d73a1275f5a8180ae3a,d785ae44b4d5115cc8487888f2ce2c821ed770a603d616b20465af4d4f080351,2,False,True
xes3g5m,4fe5638d8e6a14771ea034c3db42186862fb78018491e5ac29226d3b17176c91,6266859c55de1c13ac7601ad2986681555a3e3aea661f58c539cc4f596abb8b2,2,False,True
xes3g5m,4febe60cee469055b31898210b446f1ee0bbbbf732abe6be46aeee3481ad630d,0fee5dadfa26df06bef29f3df2c41a730227c7614e76acd2bbaf478b4fd02b9f,2,False,True
xes3g5m,4fedd8e80bfd786322628b1018e8b667fc5f4a6311c3c2de9e82819f19bde752,553846015c41f063259d03984db3c87109a7dfef643bbcc9a252e67ad8e5391b,2,False,True
xes3g5m,4feed3f77c8f5b9d972a93fd774fc63901d447f63f5fe13e24674266ed30e5ab,ff62cbc5c2ba1ace653cae75ea2a87d8f7ce542537a33e8bd241bffb0cf251c0,2,False,True
xes3g5m,500081a8ec4c7c068140ac4f7a4ba5c51998f54bb3852fc5dcbae76fa58260db,ba6ae3958b55f78f8a6f4dc503b4a36beb20d7fa2f4a8586dedf701770e62634,2,False,True
xes3g5m,500adedb0f13582a1dcb0cb255f34914c9262d4bc8e234592e4d8030e27d32f1,801057ba85cddfa1d89454a3b4b5fe2a2475156b14dc17253e89bba76cb22394,2,False,True
xes3g5m,500c37baed58b41e25ab25f9b2c245f63289df76eb154aed9032a2fdeb894869,40674d494493e1063ecc54b5441610031b6eb3dacc1d47e84a0e2b31eb24e745,2,False,True
xes3g5m,50101a09a2599a11dfe925afa5189556a17bb84db4ec6e1dd0df5aa757bb1bea,4c131273beaea28925e59a40eb612125182ee1189c0d7d4a59ea19d5b7b7cd77,2,False,True
xes3g5m,50148dc1eacd772cd4a3d2bd825f9cb87b86efbf05fcf71a21feb0553fb88d8d,8135ab2d6a733b211d8b38cf74b0427ddd93c65cd4754a4d960951d7a03aa4b3,2,False,True
xes3g5m,503b7ecc015e54bd3b5881fcda2d3584d858b7ae9686ae7c0717858915126cf9,d55dabf9023bad6482313458e8bd3b8c0b5785df63b81f7050d28af719305e4b,2,False,True
xes3g5m,504fe6e8c6d37ebc092ed8574da4fb6edcc674bda15507f34d83a2285bfe2f54,341e937fb8609bed705567778c767783f453d754f413282b9c5d9ee8d6f84ae2,2,False,True
xes3g5m,505d9ec451cceca08974f90390bcc565dd43e5f7d8d51c7ceead4d62a0574358,bb734bf2266a39eba2e9111e7d0a0c1b991f53cc652cd82802bfdbc29b7b8497,2,False,True
xes3g5m,506ccf6935eecaf817ced6d56c1a04c52c0bdd68fcdc424ebb4094be93e67563,294eeebf8acf41d881afa6d1ce056ed6ebb5bc7a18f47661a693e5845602660e,2,False,True
xes3g5m,50771cae9b40727e3f43bdd7aa5c72106c9df72344bfe39d30a4de122bbaf9f4,46e6ba3629a62e8cd25f841112b37d7b3e048ddcf6cd0c618676e28893bf6e8c,2,False,True
xes3g5m,508318cab5ed2616068d039f3c7fcb2d1130830320d7d0594464ac5a4da45007,1d1420e3c0df5c1042af826cad0baeb955c8d48e56425c4a29f166302d62a07e,2,False,True
xes3g5m,509d77d67668e6d22810ee8bb83bb37d81d2f61ceae89d5c9aa3686dbfdefada,9cadbecb46580d9f71d57dd45aeed4a03b1d61723bc98ed83d6b10aae11e6b96,2,False,True
xes3g5m,50a5740d4fdcec216c7adb98e98ac02174ae7f2bdd0eeab584cef982d0c9adfb,44b0371866adf20732f67d585cf849faf3ba85bdc50c7af68e114b8ee844a321,2,False,True
xes3g5m,50a8e145c292b4718912e218eb235d11a1689d02fb28e14f05d6ec2327aa717f,be803b095d3be4bad2e428f11ca188783c8702954d9fd593918e1391f3da30e5,2,False,True
xes3g5m,50abcca33ad6d199d1911733a825ed27ca7fe364204797a6fa51b0e9a53ba907,e90d5deac9ede28a9137001d196486ba2898e7316caa3b77bdafa1cc1f833d58,2,False,True
xes3g5m,50bd77f7cf57f2cb468f37c7453972cac1a156dbedbbbb8a25c1bb1c4fd48c8f,97656b186aff9306df0f3476428fa03c893ea354d7965d38e374429955731d73,2,False,True
xes3g5m,50d6783e10e378aaf67db02ead9b2233c41b2d4b9e48d2adee5a975e2c4dc34f,c2c29826f57587f288e354f0e6ec855b5e24ebdd8379109cfcd1b90e750f0f69,2,False,True
xes3g5m,50dfa0ecf8decf8eae51399c81054ac20a62e4879476fdbc62a627a5b86bbfa5,5239d8d3fa608fca3b9e159a414176fd7757399fd5e800106e82ffb9d8f07108,2,False,True
xes3g5m,510ef8e35e2ba3852f30c7061c3aa99572601175656a2430a9d3632af1a22338,9e4c96258b52ce4fb1f00a75189e7db1624038e4e5e12e6afb2770d344580f1d,2,False,True
xes3g5m,510f5a2511b44ffb8e1d7da9b742d0f3aaa732c49de95c0d0c087cea4ef56fb8,adfb65898f72670a00e8de75cd78603be1e67e496563366789f1151d16df2d47,2,False,True
xes3g5m,51122718508378d784a94fea543a153c28110b7ab6788d408012a20b2b1c3a73,7b3ee2730c2276869666830830af1fd84204b7bdd6dac5b5882dc93ea5d65f5d,2,False,True
xes3g5m,51180dc28acf654040a1607ebea619fe40e98ff0c73f72a1341c4cd8f8df8537,e1f4e938899d5a5e6d655671ae5eb7acd7955fe49a428657ef42bd2583c2de80,2,False,True
xes3g5m,513145b091f597f2aff9d38a3e5596b7cf9c611ed3f584b0ebe65473850d6491,a5f5b0a289b9382df7480cc8345b180913c90d143bf985fae6773947dad8d0a5,2,False,True
xes3g5m,5132010a3b2bbc678bf5a3a86c1765df103f2ab8b03c9a39d459ba40346a736d,c332097ab9b846032c95bffb57780b5e8c3c8dc9b7feb441dc680ff05a2adaf5,2,False,True
xes3g5m,5133cc7f68f1124a0d1ac88655b504162af3d05ac1bea07465d24ae7ad71cfab,e7827f14a79067e05c96da5ea16710c794611ac5c8a4189a45d65a6db05a0552,2,False,True
xes3g5m,5168777c594fd6390d80e7fa1a205782ef8df9304d37d0a10e70b0f3c12f0bf7,745c804e84ca7e8a6a4f1788eb5c9c8acd92a02035b63267ed2a11e75557ac9c,2,False,True
xes3g5m,51851d0d006e74a3bc24aa4b01c12d4f225a1426105d620ab13fb3fbf9cd7fe2,0179e9bc362bd45b02eb995d1d680482970092dc409adeedab847e9da553cee6,2,False,True
xes3g5m,51a4f4a934db1a0899a08ff77a0fd8f9ee14a1eff2d4f1d76dfcf19ddbfad7ba,0c0f92e552d1e3835899a9df51f13057ea3fd58a6893de2ad7a536636e341abf,2,False,True
xes3g5m,51a8d4f56cca7f733e8bf5a468ba3c3405475aa8f94f3b55ad13bcc17a6adc23,58bbe2c6e155f778690e9df2d3a78baba2c572b9648838a77332de9129289ff0,2,False,True
xes3g5m,51ae9b222edd8d09ee434368c2a8b1cfb4241f61906971aa17dc4ffb2a9dd26b,d7f62bd6d770e4dbbc8ba77748cbebf4575895d7801f41f0d8c1e7c9e99f3232,2,False,True
xes3g5m,51b2c6817789c0714e178b7656347a9ceb7baf85681aa3dcf4b4b50f43385d8f,66c81818e9b77fc54ff6554bab4cfecd10e799deea86700394342e2f6f25aedb,2,False,True
xes3g5m,51b58a4ad1630b226255c6ffb3d6874012ab7cda4c6640e35cf8cefcf90cb555,92dde44c147f0418c4a0a20e582615f43a3f79b6fc72d47e9f0e1b6a2d7680b4,2,False,True
xes3g5m,51dcd4f427f0a8022bfe4cf59d497c57096948bca5f12dd4234b662f7b58c66f,3d391374fd8ae4b5a4c7139f627df551faafaf15ee7827efeb4389bbd65b8e41,2,False,True
xes3g5m,51dce2acb0942afda30b66e19d4cc68e492dbd10aca7ed23bdf6329d98b72fda,367034030e0df1af0d6e997654d4986866fc95cf75151e1530e4e1089dfd872f,2,False,True
xes3g5m,51fc714e2440a71e20edd74ab8bde9b3be62bdbe5fcc42b34ceef4a00bf8aa9e,3497e0c493aeb6acd27807ba2b4d6cf5e3f26eff34db0eb7cbbda3661d654aca,2,False,True
xes3g5m,52121e1a5696caefde19e54e6a66527db16c11d9f2352e01b6145cb32a2c47c3,0c0fc440d47289a86c812e14f827d9ea888ec07b67b5bba50bb8d86b188127bd,2,False,True
xes3g5m,5237babca589ce0fbe654abcaddb6e6e136fe4bb43615401acd351e163797177,51f8fb47f3c5bc3ed17edd9626eedf1812c1db94c1779a98161e8e9508f799df,2,False,True
xes3g5m,523df8a2e11b02039d80eaa65b6974bd828ed013063bbd021541b88ae20175d5,af0dfb310a164d936caf02db2804e17c5e7afbd34cceed447b22d80954579966,2,False,True
xes3g5m,524301c8b04d0ac9521d55aa5eab79b30643cf1055bf2a156dc7b166bb90ed4c,02339ca254bf772f627a45d4ffbe481cb210eb2c4ec3011cde09a20643775332,2,False,True
xes3g5m,52546e5f89023e06f691fa074ebe24afef47a00eb4bf00246bfe342ad051874b,397e57e9d110950be0fe780e571db1e17de57127650c62bc66551df50fbbb7b8,2,False,True
xes3g5m,5257967e30d576186dfb52f54ef5917686173a1043eee9a968798f42d445ac3a,4b2d1448a0530d5c56d557918528fe62b02678122702645f4be122d77a94a4b1,2,False,True
xes3g5m,525894c0e19cc770ed2c85ef499dc7414b98cc31af3249da84a587f38b7b6f08,cc4f620754ca0951f59ca54a35e0b9099c98c366b86273d3eaaf11bc13ebe1c0,2,False,True
xes3g5m,52653399547a2ee62ec23aefde57d79e40f25d6bce6396ad03b5fa1d6a669081,6d34e6d31f4f6967ae4ff4cfe8e9d0528f1c56d3ee64facec3829b9472e420f8,2,False,True
xes3g5m,526caa69efa9911ee2f92536183ae6c35a1ade846d04e143a8095a0455d6ddef,e4d402645fec399ef5836ebcdc91854a96c3dcc77b0e7a681211d52894769ba2,2,False,True
xes3g5m,52826ea642558f895ddd4bbcea6e94c9bfa3bb48db106deac901ce3bbb84ab6c,98d0f037774b8baddd562ef4252e72b205711637c30457504602626f3ddf9957,2,False,True
xes3g5m,5298ba21eb834271aea98326cf187d369048256cd2a7a82ace3bca0167896212,f1dd636165f1c4ab06cef6688994228ca95b17f5bff73923d825655249346df4,2,False,True
xes3g5m,529fc71f68e1a4d4b0e05febaaec572dffa937fcc791a6aeb16dcf6d6fd471e2,33a15e52055be14a2da3c94a36ac43d03058f67ac514be906f1e4ebe680a122b,2,False,True
xes3g5m,52a77c4d513edaf0f1f26abae497e4c32c47950557da22f24cda8da27c8d940f,a52914665e244edc854c6463d1f154501cd4c72dc26dc0be8ca5dbf40e2f5a07,2,False,True
xes3g5m,52b3c1ffe095f1075aea471de1b95462224be6e46b2d7f629dbf07da593bd856,06a8349b5be707076d18fa9423e62e4ede30dc7444c128ea369928f3276ede1c,2,False,True
xes3g5m,52babdd8b3f395f9ade995184fb5b1df31ca594f0918a43b1bff9e5a7184c6f7,82110f4b408c6efbc4bb4703aa1d82ee6e0edf52926f67a57c86baedb58c2639,2,False,True
xes3g5m,52c528aa2519f760f0595f568837cbcf2deda7af4c754d8830e74f62b579e9c3,bb4cada65bd79ea1630f1ef8049a8a3a1828afd9b8f8412c7adf5bb5d14fc8c6,2,False,True
xes3g5m,52c634efff2cff238f95d3ed4a8f37538c3f6adaf5f24a11f865061c81ee46a5,fbbd08487b9948c97bf9b063e5e328cab73243018065f260aa1920bdf8f438ed,2,False,True
xes3g5m,52d6c4961120eec34125fe98483962465fe72b7964c02b3b167b92649b8f6d1f,cc01a0228cbbc7ecf9584398cbd96f29be7e17e62d9c0c79d8dc8bb0c0cc7c77,2,False,True
xes3g5m,52daba1dd1d0252b75a28402c534f13e28550eb47d6bea0ded84d5a9830ef5c7,84852f4c680d80f1769e7a5eec475846ec45692324054247fbe6f827f6a33155,2,False,True
xes3g5m,52dd62d26ced4edffaff9d48389c566ec6e982520ef8d376dd54a67e7f95288b,a6b48918b9ca73a1adaa4ecc0317123476655e18e7b204d026103792cfc982be,2,False,True
xes3g5m,52dd68a127cd394b40cbe083e206c24982be7c8cb68ec7bc7183d352c1aee2e1,919cfe8353d12eec3552c1cc421881b14136c49de828906133331cc851091fd3,2,False,True
xes3g5m,52ee69fc5651f78a24adee64868c77fcfaabc40e92aafd68fc6e245aae8f318b,1b8b4d054231b7a8f0b0e0102594873502e20058e4a6674f9c7c2049142624a7,2,False,True
xes3g5m,53151c355ab07c23967f8adb9ac123e8910567dbffc89fef717651b6e5807010,5b954fd2dfbb3e6b79a3371a27500040fa6854bc75912581c93f8a4471fdacf0,2,False,True
xes3g5m,531e78c0e302c0cab0b1c4b315a874b6d0be06c0ee19134c5c46abf1c4c33d35,17247130e8105d6b4839b1b8922904c4cd8325af62f10d8ef00626c8a08b9b92,2,False,True
xes3g5m,5323022f148a21e83c73d6bc96db87f70ae074eb622191203b883988f17cb393,8eb6211cfde418928cf8ad35a0a34b19470f6bd9db2f78e348d0d25d3f7b040c,2,False,True
xes3g5m,5330100316d8552c3b2c8bcaa60e490e3bf0f6c94228a1ffdde9600e37b362db,0d468e9484bc0812d1743b742e1c21ca4a0c84e6a4b8972f396927806a53f1e0,2,False,True
xes3g5m,533471c6f64d8a4b6aa0c8d203a1bcf4ac73d95d552bcf8d2edc4b575df33a62,dace5bb95373788169398b373b24ffaaa01fd68fcd93edaeb5933814cf03a751,2,False,True
xes3g5m,534244771c767dd258ef5e3f51c07818c6dbd1990eeb5647ee50d9bbc8a51638,0fafb1d4112b0053aae5ccd62426f78761ce4f5ba94caceebdb69796740dfd57,2,False,True
xes3g5m,534c1fa639bd6249362e3eaa9b26fcbc8c1c761e04bec996973f5ead0660049c,f7264a925c326c2d5cdb7396d396c6cda9fa000d0c9404977b0b187ea486ae6d,2,False,True
xes3g5m,5351eab2324512bed05b3f26ef36210f00145286deb8f0252b57bea480556c52,5070b3a2fc2af2450b12a9a23df48771d62468aef28fa1025f60a7d041998a67,2,False,True
xes3g5m,535b7bca67b2bd1121d18e2a9703a40e468c086521073ffe0aaa53f1cde3183a,3d595d989418b5ffc2fd66348aad02d1f0f2aa621f304f6184cb9b97682e8798,2,False,True
xes3g5m,537726c468ff3034835323db4628d9e9167da783751e2a4267d6a6c99d136454,c04aaf9a258c7fd70ad475285440d6a144383fa573ef939d9582558158eb2555,2,False,True
xes3g5m,5385f340754ed8579fa6fecdc224f29fd63d074014acec76919c667aee0cb61a,2d614c7222b3095911310bce1ce86c7a581e1369f1bf25e66e7b6785e47a62cf,2,False,True
xes3g5m,5398e084db67930a469de9e4b88aca521d00bf96d724fee00545c8083bc7ed9d,95dd4369c66b047ac67356fe36953e0b656f1d4ddddfb8180207ce58dbaecc38,2,False,True
xes3g5m,539931b77d690310421f2c9f973162f5c41bdb01533b632841a9bb7f84674954,9e82bff06b7db13507ce1269c8b0c986671edba284d87440a84a349f863c6650,2,False,True
xes3g5m,539b71dc98964863b610ef1e3f62563ec46996ac9531275031305012e3212c08,cef6d9f4c0b2a40c70ff19c95eefa7f44b33aab0d0b425c16f60a85be268dc3c,2,False,True
xes3g5m,53a0e84755e4d51b9e85eac2f50fba9f53c391d390d273f9dc5b96a9f26ecf80,578b41f1e02c56bea4be0cb9c1fffbdee98f62b16c6ec39101f39d1fed315e23,2,False,True
xes3g5m,53a399fb203b0074a9ce1fe21f3af9b817a968da209818be554227a8000bd55b,64e53090a88342869194bb7a9b9c519e3e36d4056a9e19e3d75857b721ea4596,2,False,True
xes3g5m,53a98d5af3e27bad28a14d8ff88e655881a6e879d1c82490dd390e487e5e30be,8551f4e97b1d2a30e8c9bbb6b4319bce4d40c8a31ea68a0d7d5484d773433172,2,False,True
xes3g5m,53bc47c6b7e17425ab49aabaa9e6020ac3eacde457e7a541e77cee5888fc22c4,5240ad6d0f893f01a6d85db710babf15b67c394ce3b82405ba7af475f68e818d,2,False,True
xes3g5m,53d059280d653b9a058ab498c179207301901068f200ec290ca75592ba08b067,6caa64ed4a4290fb2ee5c855bbea895204135f1589fce60d65753e2f86d6bc25,2,False,True
xes3g5m,54076ffb6cbec4c9be86ceb4dea3757ba78a77d222b8680459690db725d25d0f,01982a32a318e4fe99212296960b7979341b86a8dd3e393111e3d375eb59c2f6,2,False,True
xes3g5m,5417b52a68816b80d219e52bd9b707d0f6ba31b3dbd893d9c1902daa759c1164,467bf9dab71cc24a8506372d35d259699b19ae112b63f6138e33bb0578ad6801,2,False,True
xes3g5m,54435674cd9baba6df1d77a98a65546da5cea75f3807ab044f09d53820671371,7d10a7b4480ed1ac83cf6df304e6d040307f2e0206f92b32ad90f35df536e988,2,False,True
xes3g5m,544abc1dfae8548d2351e7edf6ad7b4b10afdf010523e1d8f27efa5989aab8da,def1e76ba47946232c7e3b1b09686c91ddddda8694ed86874454c6b6a72970b1,2,False,True
xes3g5m,54552c233626aad515b33c19fa40ddecd0696e21cf2851d7cbce1ad679b066c1,418642c9fdf3f5f0bb9125eaacb64b8c9413a93a315d1ad738b2084c206af310,2,False,True
xes3g5m,547a7ae44082c6c539f679b2a4050f3fb2a06ca17cd3fc46e1ce6194f9feb707,d514093b3678d3d791bcf79dab20c445953a52bbefe2474e3c721a1c6a68d306,2,False,True
xes3g5m,547a98cc774603848284099444761ca265c75e55b68e4d71a5684e95f9152c0f,13ee6ca571e985ab57a4d205de8fe808d6e88feb83243a556eeebe1008cf4301,2,False,True
xes3g5m,547af1019be53c123f8b5621c4e1d8fc8cd5fad56ed94157e25f81f48d3776e8,6c4e7d71c8a1358f3a106a0cceb10d24fd3a13fe0c4c9f5bfde87ea14ddff13b,2,False,True
xes3g5m,548bcbb8c22132a930735aa3e79023dbc2a6ba93a51acf5bfcef5413c75ac226,e98f0ce9eef07484ff087c2cdf9e562928cb7902adba0649fdc6e04a1cb2b092,2,False,True
xes3g5m,548f874a294d8500fe4ec9b4cd089974ae496cfdc0d29dc38ce67b0e47bc3153,4ab6cd9f8e25a406fcb0853e882d414ca5b8ee6d02d333a42fa1afa2176d4f75,2,False,True
xes3g5m,5494c2fc62394c1dd89785d27c779d29b36e3704b02275ffe2503bcdf4feaa01,66bf9c6ef8a91723fd6c99bd70e148c8143b134a1254ada9b8c594e82789dbbd,2,False,True
xes3g5m,54b2a33263030d199da237c99e9aa47a7b4748025670ad3f261181a625b27f82,f8ed9795ffaa6fb2c6f50018ea1b372504c901d8bdf46b92b20fc3bb375ae52c,2,False,True
xes3g5m,54b3bd8abee014f18a0154e527e9f56a3096a1d48762b4993ce2a06ad82086ad,93eedd28580c8237291b0686f6b8591369ed88ab40e4fe79e5e1cb2e51c5babd,2,False,True
xes3g5m,54c8080a9de2011e757f69921bb16932f24168c573df25950c3ab4b06653eeab,8cbcc52f668adff95f42e62463ab7b186bcea652dd8ae3cda4714d94339486c0,2,False,True
xes3g5m,54d8c5c409bbbd658f044ef4ccd961ba22cf3d6573df80cac07981e09db8fcd3,c5604a63573dd6c2ecaaeb92fb62d4474815973ebe87a8654bae6cc93b92e0ec,2,False,True
xes3g5m,54eb0f461d8350c241f31376777edce8ae9c33a75647a4ce46fed120d0a34154,1d2827342a80c25ef182e0ba287404e1bc143a3fa8f2c3976387f0d078ccf7ac,2,False,True
xes3g5m,54ed37866f65c9c47a75e79661dc32cf49c93ace9094ac7c3cbddcbb5dbb1e2e,2f75639738a94a767915429bf76a194ca0891aa4cb3c9a5afa9c3c355da097d7,2,False,True
xes3g5m,54ede062c3ece428453512f7bace9fd5bf092ced282c3e9b912e6d5ac471d827,50904978baf9d572ee8762025011698994f052bd22d508d2c23e02b8dc6d3e79,2,False,True
xes3g5m,54f1e07c6af3fce1294ff9fa2cd93b83b2d4dc8686e8b8d24d6f21895d801842,450f94f44a95d9e8641767e0b39a3030508ac6fd962bbf957e791fd871df4d89,2,False,True
xes3g5m,5501966c7fd8dda021096c82b3c0d8e587b1a69aa48ccdf8a9ea2037aceae11b,42efc209659c2bd7513d49403119288e6c241a410fa24b185c429c52f011e843,2,False,True
xes3g5m,550669e3fb386a05a813b30da66d7c1ee96944fad82bc70bf82d389a97d74b0d,b3d218f1562faeae0eef77cd25dbeeee5b9e133a4cfaea2d7925ef27aa0db937,2,False,True
xes3g5m,551578ff45702e31fa16e6719f7950b2d4454b8389f36a5f3f23f730181c5c35,e69b838017c23d1de5d42796ed90e5183b0c6139359565e36df18e90560d5492,2,False,True
xes3g5m,551640049fb6a71f42d09f2488262d4a6dea9cc1934af1b94f47dbfe3cd30b96,e39c45101c83e85f191af463763edbd760b9932859eadc389f00fffeb206331b,2,False,True
xes3g5m,551b60344011953802af38b5ec700f0d78021b17bd65e75a9444c6eaeaa857a4,dd9327fc414885bcadb8e51743e1ee65c4876f6359453b0249c4dbd72cfea3ba,2,False,True
xes3g5m,552cc833e2a84e9f2c365985ef9c1a9de9dc8406ec2c2d32997e9381121e91f9,b31ed1b67a7ca20459482149236ecf9bd50fd38245f6befedfd873d3867fcf31,2,False,True
xes3g5m,553fc88c6fa00f4838a8ecfc20476eadaa95abc81962220df50d273e7511dc51,7ddc2da7ba7622c8135507bd4ab11c1176515b867f62a620a7eb2bb54a6170d9,2,False,True
xes3g5m,554be3747e33f2b5fd7c18128d5b67423bc366970748ffe0bf3b2516b62a2160,0c2578127e5cfbd2dc5af593671fb7a496fb246c2993bcec518b94c04b980c0d,2,False,True
xes3g5m,55735f5dba2a6b1b103926a961c6e6d6c51a48f6c0aeddad6b6cffceb0ec85e2,f873a0f1b85acf36113f28f5b0805327936245b0b65e73f5eaa452c518f0092e,2,False,True
xes3g5m,55776900e020e81438b1f6d7d6aa5fa7231a750914d12814f372b0feed919492,3a0cb3be844fbd7558778dc1cbc7f1634f14cc64c4516efded17d62c7622dfc2,2,False,True
xes3g5m,558429526af615067370154118bf1ad94866e667cab57a9f3c788e1ad2976464,68fcbe7ff72640a7f7fbdecf663d60fef1e99b0bee30588d295b9a9371823167,2,False,True
xes3g5m,559e3999db4b33831342876186448cb1886f18fe6256413edcabb9ca8bcc8e95,6a6efdf1acf32c7dc9e8e250c8f6f7ebb3a1da43b0923c3d069effbaf3a2ba72,2,False,True
xes3g5m,55a67e7563a9cd14bcb6633e66fa3ea4a294b10b9d86dbde6a565803c4d9c53a,f3d1313d729dd9626e73c505fceb87e6ce3a1ec0804c8009cf37f4c665c7a142,2,False,True
xes3g5m,55a741a103ff5198588c528776aecb75ac56ab25a77004bc9520056080e0d7fd,cd0008359d9b595908b8c40e1c078c56b8704d5bac454fabafc2f6fbcef8e8fd,2,False,True
xes3g5m,55aae8e5871d973344eccb7cad9d9f0bdef0dc015ba8b3179bf5340511b24e93,7ca8dcfb1d5509fc03f30a3d409d0ab6544c3811c68fe9d63012cd92bc73d876,2,False,True
xes3g5m,55b09277aacc9a43fd4e38e5019e79b42bcc8fd338da942d028c5469132cf6f4,3b59d36216f8442fd2bdc91fe3d0383e45b571e96f072985abb431a3e9a266d8,2,False,True
xes3g5m,55b52cac26ed397b6830f9a0fba6617d9eac09ec9f6ab27283581f50c5360e3a,4af112bd7e88828de32f7cc6dbf24512993cdf65c312c58ceacf52756ac69277,2,False,True
xes3g5m,55b92d607f9a375c542d9ff09e158df0488b83e14cf88c62c044f62836ce6b3d,17a8eff101fe48a0685884c96c9cd44a841190dbd9acdae29fcbf5ff9f99834c,2,False,True
xes3g5m,55befe438922b3bad5ad693c17c36c5b3276e66de9ac1c32e78fa7b2fd50143b,b5a804f9365b9e8564be53dd101d89caaffed0e84365349ee6c27ae35531109f,2,False,True
xes3g5m,55c41beb028d4336d70be02f87866d202c55968a756fa4190f45a8faccb2e087,fc2166446e5f22df1effa72eb7b0c0b7dba108aa17e057c7c2c2e52080391eb2,2,False,True
xes3g5m,55ca1a59b67841f18e51d22e54f9dc9c4761027fc527196bf6347cf23c1a0f66,51fe2ebfc148b6be0be1efc10f6156015c428fed6f0fe9d73529646844e7a49b,2,False,True
xes3g5m,55e03cb60c95565e77903129b0efd199b006c26dfb88758c8ea00902ca3b68d4,9eafb837655a7775c9242edb270c17437e4a4f1df8fa6a9f3d640cbc0c9c5089,2,False,True
xes3g5m,55fa83fcc9edcd4ee7716f17b2c6959cf3802f2b4169ef6dd02dab9c05b3a2d9,eba56291c436ae896b25e0dec878547a1c313628decc10d1081e32a28e675db1,2,False,True
xes3g5m,560f4c531aa6df2d4fe2d3c440a86192b3a92e0551080620816a8e9c676a37c2,cc3e47858cd0950ccdeb672a328f6729fbd6ca8a28f3d80fa63be3f1c2f2b22c,2,False,True
xes3g5m,5612c0af47a18499182e2e99c3f2b40ebdb7b88d460c392a2b0c6bc4b569c817,634a6604865a368bbd4a52335706d0669f7cbedbfb12a637259cd6ec47c4aad4,2,False,True
xes3g5m,56179407fad232a786772f57f04ea2c2764e8476bfc4a0512b78ee22c52b00f7,c9392be9939c19684006670911420829e46b1b4f02868d01da83f9a349904c7f,2,False,True
xes3g5m,561bc23a11882a4fa824e00bf63b5d8bdd693cebc6fd586837359d2a0a1684f6,06d54ffecb0f54fbb92bea1352036c8c663dc04871a1de5d1e9fb25aa2e81d0f,2,False,True
xes3g5m,5624d17460efcb2b6f738dea768fa290ec477144ce571135f2c438c0dce73e48,da90afdd58b0cfdceb28e54e26d617af8e3424c6c8c0ced0640239db5de8baae,2,False,True
xes3g5m,5628fbb8eaebbfe4613b653bfe28c7dd1209c44617e4a18bf0b14557ce9aa818,9cf230b56acf0d74804a4ec05f7cd0b04e0ecd644a3e3dccffe516094c0018b3,2,False,True
xes3g5m,56292d01ba797b3405eb1367ed8bf7a9b0ad144d16b4d41ec5b1c357f3172625,c731615079ada9b23d083ac77391bd5b89bfecf104fb61a902e0b6371caf8c2b,2,False,True
xes3g5m,5629cec934f289686a4de2da920b49276cd8f16db25f6a792d706a910b38b77e,4311e8b6b2af5668f534a4df0cc07d503cabf3e31a6786c31e898a9f63b0c432,2,False,True
xes3g5m,564d4b8990e2cff0a2550379ac457a15f824dd53df28d4f08226eb19628525fa,f8beb6ceec226bbc3a303e4e26083d8485e968034d87662c93e0a7a199a074bc,2,False,True
xes3g5m,56821617aca2d88d65e87d574ff11997357a4e2eaf3f833c69b40554bdb73f3f,9d3fc4b4fb3d3f1a85f9cb3dfc78042ebc4c0c7ef05d1b589328222eee72eeb8,2,False,True
xes3g5m,56975b11bbf4ea7cd779592efc83295be253aa0bd7dad2e0ad78a8b5778bcd0a,f31cfde23532f2be61ce170b510a00061cb4acb8c7642d81eb619ad41e9ab92a,2,False,True
xes3g5m,56993579c5ed2c389264618e586b7c0e9aeb7241a680e8f056917d4bd4c40e67,11f619344a978f85c7cb1ba2d3b65038c95e811b578621c7f8fe82c82d1589b8,2,False,True
xes3g5m,569b726ea7dd020c5c713808d966815b96888ae505874c20319408ea99fab1cf,d7180bff7d1f77dcc94faad750750ce9942e1a63e8f8dad38cba07673e3c4c9e,2,False,True
xes3g5m,56a9941ce786b77bbd59cca4988c96dfa46c5385d68f1e97780ab35e8a741931,6a529d5d49166cef0c5a774d1d0a23c5a05c643473e8fb982b75f5e8a1a3d815,2,False,True
xes3g5m,56aacbfd005d34f7f6a6b29498fd65b9f402d99d0a65a0e0e3eb9cf180647087,3537ec8f7e7143312a232ef1b3031bb6b382204ab59a69d6a92e791c9f88bfaf,2,False,True
xes3g5m,56b2817ea10ffac645317f3c20444eadd310bfe8436310e4adc8756b3fb3cb4e,6ee325f1b67efbe069d1ef4caf442664d638563e4535870552ec8255ae5c27b6,2,False,True
xes3g5m,56cfc1a8bdcaa351a29cc3f93ae0569fb4643b774bdd64707a2421b66d713005,72d1cbae450c3cbda350bbeb00e23edacd229635588fd2ab7c81191489d5b0a3,2,False,True
xes3g5m,56d54e19f11d5b6dc6132474102cf7ee1898f10716f6fe6ac2c7d70e302d1ee0,9ae8b425f4149ded87938bfbefbcfe297b53117293b61da7f91896ee283218c8,2,False,True
xes3g5m,56e02a0ead8b2d75044e3b5e1cc870c6034c0da276aa7c32b4a08354dffbb9c4,505c8f52c491d196ace9a5101b54b6561f66237c4726a36b61f3706a681af796,2,False,True
xes3g5m,56ffebf1457446e8a944e4d07e273b571f8329c1e103008bf2a4a55e7cf6e846,a834c33b3c30deddce04d68ef60c609a866851a78aca2000253b98f525b09792,2,False,True
xes3g5m,570ebdc30b6fc029cf4081000a8f813b16f9f0a8dc702f26412a52b50f83c1e3,6f9a4c003f358c14803b6cc1e32e7e2be46f499d625a0311ce796b1aef8d8fdd,2,False,True
xes3g5m,5712f3625c15ca21a617af7449f1eb59e22a8bee22cf24c2c6a218634f05f173,e95584868451bb2c3e38fb20bc6b7d633846ac0fd4966b2851e6d5beefcc3d28,2,False,True
xes3g5m,571527271176836cb3c573c290fa8991a6fd5f48b5751dc840f6fdf045d8e3d2,44243b99f454c6afff11133695c710cd55bc0f3bb8a225c76be436a7fcd1fc4d,2,False,True
xes3g5m,5717c1318845ee2684f8479cfedfa624c3c8fc6a02422ebb57b33526b4f4f743,05ad3b3cbb3aad3451f2e77e1fbe2f62fe1a6bd496795b9ab39d24d94c75a055,2,False,True
xes3g5m,5725df567cc22e12d45650d2d36355a45d8d57f74f84b251535e87903a5faaf8,43ebfe5dd563012b534167e2c49fcc8bd3f055bcdd3c57e24c9154961e51222e,2,False,True
xes3g5m,5731313f153d0a1c1e813872e3a186ff88042e807bd1fc680ffb7de3acdc75af,76b34e8b00817392ad8a880cd56f10829ed2b5c487f9c664a0bd9a5fcdad91bd,2,False,True
xes3g5m,5732627e87a0938d9cdadcdfbfe497ee95d8342b84a2ff2ee85c364bd5aad1d7,ca1871c0b73edf009489a43fb262ea3c536f36a5b1f0378a5e1241b88d1459d7,2,False,True
xes3g5m,5744f666eefbe294df45a2b0b9d336aff9b73ef02e9025859bb14f3ad8776f1f,e5f0ebc264aa90f8c137f1880a5172e153592034431ecbfc9c61268e27fde8ae,2,False,True
xes3g5m,5747b628f8f02b7cca99540399405693cbb4ba631647fac291602142350442ea,239f35b79d76a8ee291f0a422750b05e7e17e59852de6eb59fb4bac492689c61,2,False,True
xes3g5m,574a496d149ba0688ab4edc3c66590bd3b165fb0a8ace08554bfc442741d57f2,80c60dc7d4e00ce9f330291ab27ecddfa07f1af6326fdd55a20c8e0a5911dbef,2,False,True
xes3g5m,5750af36ce50335782c16fe4f7105425ea26c9db073d744948dcdfbe6c561d2e,41bb4b08063ea7d48a9322f8fda1827e04cfa202f0a468c2d1f64b6e0f5fbbd7,2,False,True
xes3g5m,575660ca5086cb6a5be961b80195bfc67b2c68f7dc9624ed3bf84dd3f1ce044a,54732b831135080e45211a7c9b2100ac3b5a4f9d6a269a245909a9776c9c2318,2,False,True
xes3g5m,575fa90f006c183a514cb4c7f5b0eb554bcce680dda668cabe40bb5f8494ac26,9fb77df060129142ae9910de00344c2b6d01782d5cd5f2fb75078b83c7a082b7,2,False,True
xes3g5m,576bf53f30f3ccfa1e163cc0491f58c2a1fa773b05934f10f62a72258e25865d,5384491a4fc8c851d50e9b9529f355200980b8b1e2f9be318785f7e095998fd0,2,False,True
xes3g5m,5779e4b52adfe70c0780cb0086c90284b68fc2f7faebe792e597a507fba600c6,7ee823023cc2e65d2ca9039cfbfbe4c1f30ba1f2a9e1fc12818ec21e729f2018,2,False,True
xes3g5m,57847e654a2047aaf31c5d77e5821363b0883071c1cb1d36af88d5ba79546bfb,f1b0c03aa35b63b2a1ba5e1d2534c07388496dd6c4868ca8febf5db2a146a19c,2,False,True
xes3g5m,579f8353b9d7da67e84d7564e7322dbe724513954486a3f41e49bb42c9e4bd6a,ab25042dda2093b6062636c1ed37d1305c0979a2d53b03a2c47b1cfc50c1d60e,2,False,True
xes3g5m,57a7ecb47813e565e05e3134316f4ec307c8028205bc892eb38700a1b66e809e,8a06971dfd3c8b3c0fe9e2610e32257e82380157142b69ea8969adede0bac507,2,False,True
xes3g5m,57a8d341eef6155b3508b23b0574e371fc42a5e52dcfba0100f87e9db4c31df1,38ecedb6065848528e86283c33a311f1aea1a613d9aef9c3472ceae54b87d8a1,2,False,True
xes3g5m,57ae425b63400000064c9c04e6e4ce5ff686e8f57141d242c693ab340a8d092b,84ee0edb6f99ad26eb36cadd366211f497f1c9d47c491df0118c2a1a156347e8,2,False,True
xes3g5m,57af81eb7d03b5bfd9f8a892577822844b00414b41565f9b3d3b7de09f69b9e1,59e62cb887d7f71ac45784467ed0981221e1f83b8b2727e354a160865a3e88a5,2,False,True
xes3g5m,57bc38c84c3a67d63636a49a6f87c9bf40c6e59cf568aaf0fcedb458fbceafc9,2c0eda4518cdb1dd02c7d938fbe1660ce9af84723380dbada63d67d4f62ba2f0,2,False,True
xes3g5m,57c5e158fdcae415f3d6ed158937a50dd578238d7cb361b34efb6de131bfca61,352282c66c5f048cc6e8c0c90aed0badb30f76d8a7540d25b2f98922cddd1bf4,2,False,True
xes3g5m,57c64bdb39120e1b373e52d5ac44d3d7059ed871627244976548a2728c04e0e1,b1a8d1dc4557a8251568162da4f41cde1e69786a10618f78b6c735ac323aedb6,2,False,True
xes3g5m,57d2bc227a940afa3e5f56b096680c2c4150e84b7c213e4131421b180ad325ed,48ee0b4eccca1a6719411ac77b41fcc6511e5254db21865795e0b29cd3fb0763,2,False,True
xes3g5m,57e85ee0ee0b7563b9b898e5aa07803b0dad509e765ccf79e922bbe575d69377,ec810424e55bf111cd13c6606ba6aa1a3d611b5126491f372c86906f49044433,2,False,True
xes3g5m,57ed7ee4a2132ee75fe3067f8909e699f6c6b99ba8dca3650b31ae71db4a8b3d,d39faf8e6655c31f4a77e04e2f2092486e7584bf355e453f6bc165993ff6b11c,2,False,True
xes3g5m,57f7e2256b8e259c02c81598c42198a93398896fa9978d2b16082acb8c1e8163,96c83ca027a8e1c16ce152856b8928f33aa131e309acc540270511824b6aa71a,2,False,True
xes3g5m,57fc8b9bcef3d0c7c0eb837403d464b734d00f79396c69ddcee851d15e834602,e5bf5495fe1cc309fbcc11b22a65bcb3aaa50644e1b2d7223821a42e3e71ab93,2,False,True
xes3g5m,58231eac23b6825ac472f061e2351d08ecfc8332e69aa796285b9dd5a7e92371,2886f767724f6fe687167c3857d98861e35e57d275f6f39a39b0af53a2ec9757,2,False,True
xes3g5m,58348c1d19f83eb9e7984458f08f7482408b1be5e45afb2f75719a24f946a9d9,49f29fa7003856a6b7609e24b917f3c1ac0518f95b9b8f8c98755cc3b0e1cd39,2,False,True
xes3g5m,5850031cb5a3338fc8123966e96a0629087012289905c2bed3ea38f68757fac4,760764e53a7f9cd783ec2573e971f5c3d6b2b43da632ee95ec072ba7494e8489,2,False,True
xes3g5m,58577df9e92b2077cd64242b0ae944e7fa0cf5996f887d25e0eaa4e3ccaaba4f,ca99e0282d23f35ca561a015611aaece140f265772441157f1dfe4b88be6a173,2,False,True
xes3g5m,5857b0cbfcedd99c71f117466891f423a9cac7e58c09dd902e5c12d1981ad668,567ddd2220e6a9b7bb0ccccb0cb12eddecd067f8a5cd73b6a8d298e03af67f06,2,False,True
xes3g5m,585c2b3588a8dcf507f3043348dbdea1f9dcf42f5cf06143d0b231c40b045620,539bcbb1b1c30dfd1cb1045970ef313fafe8e526c4f00763926f7a01ed98c16c,2,False,True
xes3g5m,586f735efa2c2406607bd2ab028091ae024c7b5ab948e681eeee4b78dddf0ebd,ecb9647eea888e2d67487aa52d4c78d0548b386be3e5244c873458a0807cc47b,2,False,True
xes3g5m,587ced06044f99e45f59bef93e03b96347260de1cd04d59afa5923e1b463c376,9df13336cce6ad3d0634c809424f31a7523b637fe4c345148278e4151ec102d6,2,False,True
xes3g5m,589690bf57f55c1ad1931cb4f38d7ed9fef8691b4416504b92a25aeef010012c,8c476c0b89f85bdf795790241c25cd0379b29edf565d16549b60baa780e19446,2,False,True
xes3g5m,589f46bf1605a80ef14b6f9ba79d9d288276cddef784a8cf8c67cf05ace171a2,2d87ffc5b76d81bc3b11c73dd2c6a585b4153c695acfa7b910a45a29a29bb8d7,2,False,True
xes3g5m,58a524b92a99f23e5b661d20125e353d834ce2103d3b6f86178a0633b8eb044a,8ea5070ef747bc8057b0c2cb9eb889db8e2a8cfc4aff63bf3e72333c744fcf15,2,False,True
xes3g5m,58bdb5fe7185a4473531e7b2413ec88117dc2a617293222b83bd0f9c2f6ed188,6db136b38ee6283505ef9dcc47f3b312c1735a945377d030630452ad9720b0e2,2,False,True
xes3g5m,58c401f2eb6a97e2ad915917eed7475c7e040565b69a289d193462753e264e02,0e76b1d26ec38942f33c1804bfa115eb04d85cd2a6ef1ff4a19a736cf5252297,2,False,True
xes3g5m,58cc1f5036e6474bb2a946fb911b06a07042b02ee7dd99da9a5dd578e855e3da,f2896a689ed1010a688783e60a1a699a572db9eccd66afe5ab7a9712954936f7,2,False,True
xes3g5m,58ccb66eb71f0b18dd273727895249bc1da5b1ab1688fd4ac9ee87e74c21745f,50496061d567dc4e0e4c29cb7ec30a36b4cf1a87ce81aa8ffbddd67a8ab6b714,2,False,True
xes3g5m,58ce861a2a2d081da3128b6cf70a3d8193512da1fc828a873bd5506531f12d11,85d7c3fef506a9f60e14bf63a5b150bdbb37c6851484b7f986405c1e102b21ed,2,False,True
xes3g5m,58d1940f02a6eeafc5cc506a7c1251a909d54abd77eda21ce1571f671ebe5764,4b94dd2a94a0dcb51b7438a29d53de27d57e5e51e33ef64badd2f67588b0213b,2,False,True
xes3g5m,58d380d33bea5fdab565bd469e338791f1f9a73686a05b11d2aa0936c92a9101,c0294b7566f1a182fe665cb3370e0f558573a59f908bb203a08898fed826217a,2,False,True
xes3g5m,58d6d155d0e768aac42c286720974e6b21e9632bd3a95ad8bf2b807b118159b8,04e6741888f578645bd8ceb79aada3e6220d9bf50116764fbf8c3e07bebba188,2,False,True
xes3g5m,58fa3d5723482b948370aad864c64f0f25e56c887c870409ca79bf07c3be5a92,bdee3f9bf4d517e449351f80957479f04f739d2b42078a1b0b8245f53a27ef74,2,False,True
xes3g5m,59084765d301a0e703a011acb6d850877f3fe21b12a0112a32494579cb449481,6190bc34bd9acfdb69119f45a10c7d3b45a074f723c493badc08e860c12c890f,2,False,True
xes3g5m,5912238f5eac4776654583abc314093e3fbe02d1ab1b137fb926dd0362aee526,4c166ac0d4697fad8c15221256044468017833d8f0befb07dec1f7143583a3f2,2,False,True
xes3g5m,5915ae894927de8518093a164d55b44a4d418db024c3f825cfaac510aa77366c,27ba577179e018f2c3ec1aabc84702a2c030dad5f31c9e1142d3d65a16e0059a,2,False,True
xes3g5m,5918a33f14fdd845aac48e9e80cde0129458e010d84a16df3960a67a665aac4e,1c19cff97a67754e6fa93a99ef2a9e341087e280ce85eb352c33911b5c6ea1e2,2,False,True
xes3g5m,591a95a2cfb19231f98d87af731f099d7028aef062e134f4e88756dce752e421,bec9c662ce1e941060c509b5870fa056ec8ccaaa82eb9b160b9614f3e36728b8,2,False,True
xes3g5m,592049328d8b583f787bb58fa325d3dec776cf0afb9c7619fdaf1a372f5fe0ae,3c213c60592f605067e354b9d51067715f119c931672cc06fc68a8863eb6d55e,2,False,True
xes3g5m,5926d3e9e3d2c1567ff4efe8b26e55d3de8bef8ef724067de676d84b6550a048,de11e5cf969eea05467c49738f410b8ac13c8ac35b63d5e89e8dd97f55aea6f0,2,False,True
xes3g5m,592af6c28f459ceb44343d1c1f2ab306bc90dc74ebffc50c77c61bb280fe8a9d,667e018a269388eb9855d501a524ed6a89febd2765af9a61f6bf134582ca66b0,2,False,True
xes3g5m,592cdfd99fb6af3ff18ccb1f7af82988fcbcfa985bb08789e0a5c25f678ca7c3,324da4d14f7da9937b29f418bfbf69ef2b9416bb46945eb5cb52faa0f14335d3,2,False,True
xes3g5m,593c6eb637b83c5a321449b303b933f6176f1bda392c70fc5d849495954d1c45,8f54cd7bec1c658e7913e16373c316a127b1355c818eb73f0d3aa0f1cc629bc3,2,False,True
xes3g5m,595148d053cdfd3ae15acbb0ff5556f1f1232a14036267fac19dc49b59a27250,b1071094149f6c9b2e7f76fa02944c404c0c5b946489b85f7b62988723443fe0,2,False,True
xes3g5m,595809012a27cb14f51424e9131c24c448f768dd32bbcf7da0ee1afc5795bcef,e96d6083120e9172e2f0ce76c855174e5ba0ddbc140a668067160c37c7e3df59,2,False,True
xes3g5m,595b8e7c7849cd3fa195588d1d03c204728a36df59e93623c99717aee4786f0f,87ef45a5c141d51a42bb7f7500ad0ba4d3dedaf0aad0b3897cfd960e297b2ca7,2,False,True
xes3g5m,595e6dc74f403a984c61bc176f9d55c19bf20f449992bde0d7ff65abc8c680ff,64b5cdc3da95478cab1a077bbc9ce7fd53a734a5f16ea5c771f377b81821c69b,2,False,True
xes3g5m,5967e9c277085f66d37e64893829e6a4dbf3ebbfe54f9cde22056e1cd46bbfc4,394c892f28b0bc28d93e61886f07f25384aafcbbfce49ac1fda88e7545db9601,2,False,True
xes3g5m,5968c95ddbe0e722b195373f4038393940bb66a4edad7bd25183cf44f4cb9e80,c80baae260d2018201fd419d8c4ff5db2b1f718476203e1e1572b9ea0e44e3be,2,False,True
xes3g5m,5997e52b5f4b8c4ae92f406a7f677ecb0126e18e776f4bb1d64a7d36b0b6d758,72cf0a315b6f470f222e899609208d408a9a0354566be021b3541ce9a8efb4b1,2,False,True
xes3g5m,599f0da275ec8e66f45d9c0f63e338ba581c379230e871a23b278a1da35585fd,dce145b0cc3be99db9032955f3707f2ede53453c38d0b154e87de518968cfa70,2,False,True
xes3g5m,599f7536a75f8a87a8da99d68487f73687a80724eb6d0ac7cf75b8a4c9a6aab5,5494bece4378a0349d6558539edb3f1e3b11377139d53fdb89f460e8f837b84e,2,False,True
xes3g5m,59b5e8b66365751c5e58d578f94ed0920ad0eafd77359fbcf3613e5829931800,5f297e5a45652100d5d282c188a70a3274470fe879e54ea0ba84e136dd2e22ea,2,False,True
xes3g5m,59b8654d8f6ba217b4b0ea268f1426ea11df1b088febca27c42cff95acfe025f,fe131093a1fa33c0c2b87f18a6535528268c7d3a0bed0bbeaf488d7c2003e348,2,False,True
xes3g5m,59cbb2ccea9c29d3dc106937973badda213602156e0efae992b84f749d2168e0,cc7623a3af734484c4903c0a6b0394a8cd27fc8a07a56b4d2a98eb86bb27a120,2,False,True
xes3g5m,59ccd92751967f5655d083177fe89d0e73fd2491f270b2c2aebe474d52c5bf2d,b68e6d4c1b17677357f84433efb8e4938814e2a88cb35f6ef277fc5cf435d083,2,False,True
xes3g5m,59dc6bc6f1b716ed9cd42aa0b8a1e748f1597042b4845c00ae19edf6ef43edb6,d414bd651a257c12b8c3a43422dbbd7c04ee957aa2330179c4c45db9feed8c0e,2,False,True
xes3g5m,59f088df967efb16dd60e07c200e2b14ecbac63e362a200c553e99f490c26e42,1d0a87bd8c457ee33ffe4aa63aa40ec0128ddc311bab77c51ab6eba62ce53b8e,2,False,True
xes3g5m,5a07261b399bad125465298744770c5a164a1d4fa893d1664fad924aba864848,175e3200ad91032fae857ada664c9eedc385bbdf97cc06b08ace283dae9a6f37,2,False,True
xes3g5m,5a092aa5d123ad8f3deec54503424e7c065f3b12a3ff9f1ee2193dfc79074355,8426f528d8b0185af19f39cab4bfe95efa6665cd2d736706e10e399a358df1ae,2,False,True
xes3g5m,5a0e188c0271a640f37a550b512b00092cbb08a4fd18d4c4178e4074d600f54b,a8f7976de0b42c94deffebf887ac04c27f90b5512f66c132550e8e4deebcc0db,2,False,True
xes3g5m,5a11e1bfc928a73878a9e31974bf8fed6c53f1d010e93213c56cf1f984274a58,6c0d156e3b7cc2c30018ed72e47e194403a5f20c8de50c00eec7c500c8253761,2,False,True
xes3g5m,5a201ea23ba9ed42877183b84ab9688133fc46bc7f69c5c713b4cc3db8a42987,b133993d0a265fc224688096eaf609b61b8a3e1ad2b54ddf0b67a4628e4ace49,2,False,True
xes3g5m,5a2d45dc037b2f8da6f3d6c15be87faee7265eac4a2a5ac2e1d681f5c9397214,881ec94880a770eeb1192e316189d7e17768cdfeb3fd8890dae4104d70b84645,2,False,True
xes3g5m,5a2f7bf6b5837b2a1ec8626b35ce9e86dcc2adce48a6c6b88e31ac5947d56493,74c36997b0b4a13de85d7bf7e861c2049378df19191201d5216584fb81075db6,2,False,True
xes3g5m,5a325051905017ae4e6a864d79695f3f994131a8ab830ed727d96fb1d37cc328,39c42ef8f2c6393b8478f5ff83dc489aa06ea8c8cb25dd7e81a2ad2db46f02ad,2,False,True
xes3g5m,5a38f02d871c5290b2a500e341d0d22aff7ed4caf17cb7f56e05c3d4c39a492d,e4fe27af54f6ae68b36902f9b23b0ef3ebc881707d5bab07929db97db595d411,2,False,True
xes3g5m,5a39d2ae11c57e71a6031f4d58dd8f807f25e28b97f073cc86ecca699128b697,b4284d43c76d56824938f67c598f6f4fec96fa7a70ce696129cb745598af8cf4,2,False,True
xes3g5m,5a450469b59a75787430794375274383e277a0ce345ab90e49a865b2354dfbb6,edc1be185962a0233f2aa4f053f2f1f966bcb99305f020bce53dc4eb0b4579c0,2,False,True
xes3g5m,5a588d85c65e9b5a260dcdfb407998cfe41f8d55c5ea5bcda845b8e7b7a53b4b,5b9da4b6267d7305f8e454fe7ee76e9b1473d1bbb18462d2f59e34d3114a58da,2,False,True
xes3g5m,5a6b1c46519a30b4afeedb05ce32dcc1b01f95077f1e565c08ff6afe1bee379f,ab691261b98947c6912afb498f18633e902592fa88b7f2f8aed446be5aba562b,2,False,True
xes3g5m,5a77d23c79bdfc3b54a2f6d3562d42bd13b69e80bd155372fdb8b8e687dabbb1,991b696b4477d92991712d78789cc946ee5288ee5e73e36c08b61ac0e6857ac2,2,False,True
xes3g5m,5a88c1409f1f37bb43706013fbea4f56b564588c615e5f27d0af95fa3d90817b,30ad1847a44023395d858d598fbc50950147076f0a2f3cc76f65af97d469958c,2,False,True
xes3g5m,5ab92acafbeaba48e4b1342cba10da4415328789f4b422f94e1ff3317efbc710,2a0eb168db68964efd68d202a9fa040fb0bcff542b6835098d77629d9edf669d,2,False,True
xes3g5m,5abc01ed27cd612cf21298487931aa6f694829ce5693c141894b3086f3c4b8a2,c59205016b5f571672bf55de97d45a67b8dc7620c997b5db4768e3fcad591dc7,2,False,True
xes3g5m,5abf83d26c6018c30c0320e510394ebe9693ca2a5c7f156ee1775d30b8462aa5,c95959d6870ba61dcaaea7508953fb2abe13a574e0381a52cccd6859edb1cca4,2,False,True
xes3g5m,5ad0a8fac088451588260691452da97db1507d1dace955eeba106b9a058e5c47,0e3422aeba49ecbe7edd28514acc87c11f6884c0c473c3d93f289bc93eb7d584,2,False,True
xes3g5m,5ad861988278d7c54716791003579730081874c633b1ae6702a323baef5b05fa,62aef37302f5184d80982fd8501a2ee8c684c2006e3edd6ef85ebb63b18baae3,2,False,True
xes3g5m,5ae20edcc528f69a10dfdacf19d1a50cc54c68a6b37725a6094c411a7a7cb70f,36b4bd411ebe394f0664bb076a3014e50427fec715cf7a5ff5ec38378c3afbd3,2,False,True
xes3g5m,5ae2669a0812d2e2dbc970cff8781c88d5e930b7a2196d0cbbe85e1de9376c44,3fd720fcf18911614474fedd9b17afa906eff5061565686ff157ee8de512e0eb,2,False,True
xes3g5m,5ae6dc095961106ddfcfc125931d1c73f7205ae93602d4ef5cc5e5f8447e46f7,0e950ed084e3eb2ff0c7239b77426ab8249f61f4c2f53826ac0ba47966bdcb97,2,False,True
xes3g5m,5aea6f01f7454e9e3658500644aa03b81b7830d412b170356845d3505bb86757,fa375029370c4b297d1d213c3a4edd750959f9f067eb11b312454b70291a68c1,2,False,True
xes3g5m,5aefc8238c3ffc88cdea9d83bd1fecf54a48afa3a19a22eac2c31a75ce5b4e45,f623ec3538ca33fcdcf59980989b68aca69c7fdd621a17846be635db5f23a15b,2,False,True
xes3g5m,5af4410009a9a7ed322e25243052e62a70b67e6a60a99005166ea733fe76c86b,801b24669f10906da981892d958db52a61d6cebf589153301d1aec395b42e6d2,2,False,True
xes3g5m,5b1a194ca661747f0c188c4c228f6efbb8b01156b88249082db19707ec16bd53,b183434bc59e77ff83165fdd8053248c2bf88ce550a95fdfde44e21b8f424932,2,False,True
xes3g5m,5b25f4145eed8aa7b986bd08150015c89508aa91da3efe4ee16770945f37a90e,858520d8c15eaebcb162a0d8be23cea921f533d5835c888e35a7ffa2a411bf7e,2,False,True
xes3g5m,5b3199c60e7a117466c673221502fa820ffeb883d00ef78c316a439d01263063,32e5dfc11b703e553fa86565c43defd6dcca577c48c928b36172116b5ace6cf6,2,False,True
xes3g5m,5b324b7d142a6050af9e8048f4071d3805084556d21c96e79728934b4b4d393a,ab38d3ed706d497ff7400748f593680e2f9635933052f661d27895b0cbab7da2,2,False,True
xes3g5m,5b35d1d3aa786b8780d97af54bf83d6bb894000bea54c144368cf0388919c3e0,771b1fcefb0a2d52a1bf51ee6e253955dc7ad20b0f70d359e0f7ebf3b89697ab,2,False,True
xes3g5m,5b43f2eac3aa00ba1617635ec790fcc62ba52cbcd28f63314a2b4e0a2521daf2,ca12cd820627479e6e0327375d5c22407c92b7977dd8c888fee36e36894b0771,2,False,True
xes3g5m,5b4a3c4807f1dff8f4f6d9c8c3d4e128e0d38435f2636f81bf53bbdaf75deb4a,63e2569fd092da0b5e1d376dd5bba3a8cf4de97d29c106c86fdd5cd8b3f79024,2,False,True
xes3g5m,5b5766acf898424bd41b922f07959b3c3b5924a0eff0be9a7f808d104af74e31,f801e10009dc82d261f5265ab7f134e7957b03d6e994bf7f48b6259c9410e89c,2,False,True
xes3g5m,5b6a5297263a412128daa45c6721f6cd405cee85fd93364540755646e356faa9,85379462cc0ce1b5a0d1ee7f6dbb7af5988f39c07510e9a440df382065512093,2,False,True
xes3g5m,5b8b91268b2ade7e8d635b91569f5556b57bd7b7a51ace3f7c8fba2425c1eb0e,925992887ca17a76d28756f646defeacb20ec394fcdff08442d12e1696e19f6a,2,False,True
xes3g5m,5b9962bab0f7eccf61e545d073b00925286f1f340358141e38e40d8b33593b82,f4dc15ae859b8879c0035df814dfb50e9588d027e71f6d17962ebcec6f7df010,2,False,True
xes3g5m,5bc0157cb0c469ba08fe5085506729992e0245220f14ee97ca51ee95cf57de35,c5d8582a0929a52a37d9c8312665bf18e7cdc387a8b4290e6a7bc4cb6e98bda1,2,False,True
xes3g5m,5bc3ce6e71797a0388a466a53234e8c7b6bb723e37543fbd423a702cf6daf1c8,bb3bd2393fa6f8e711565152ababf25bc02dc4ee955997c7f48bbbec155cbcde,2,False,True
xes3g5m,5bc4dcd72b3e44b2848b82e39977130643928876ca527fcf2391637aecbf1631,999a592f647ac23a07440e05ad62adbe3eb7a65a53890d6aaca92596e34e24b8,2,False,True
xes3g5m,5bcf6d462afb58fdca60316df1882970687510e4a9b513e431fe70f7827f486b,2ba53e5de2932ea0a406b7fb729803cb5f6dc1adb9f800133fbd83ef58e1737e,2,False,True
xes3g5m,5be0f924b35418d528a72da943913fa9dedcd7cc85be6c3dc6f702bb42312744,211247b1a52184d033be396ced6d8e7b8eee0af5d91add830588aa0d4b1bd65d,2,False,True
xes3g5m,5be5853c296db8e5603269370ef078e610aa04b2ad7d98a4221e4d4261142668,f2107978bdd48a6c01e32dd5505d33d2941fcd880518638ec7a49b2e6c15887c,2,False,True
xes3g5m,5be6cb3dcd70ba6fe50f06f8c699688a0ae13109e33935edc4098fa58d816a51,a06755589229801939d827285ef1f0c32347f822cff5564c8cc08b8165b6fa5e,2,False,True
xes3g5m,5bf2a751556b70380e887800193141b9e8704d03e1d7644d3b3872a5e98c5e0f,e22675a3dfe361405279683b05390d95cd18748a96453024c07bce20bcaf723f,2,False,True
xes3g5m,5bf9453dc59a302abc6bab2a49f02ade5c0b4c2709e3ab970f378fd9d0849061,8acb22707bba2256a0527e271bb96f6f0afd8a8e8d61cd3bdaddde11e7325fe3,2,False,True
xes3g5m,5c015ff0ce46451c411eeb61ee62af8b7e5ad685d1b3dc4a8c3b18b6bd571c0f,a642c099626815e34b63fe38f1921b6e30febfc7bfe29e65010d1603e5249d90,2,False,True
xes3g5m,5c01fa39fafa33e67e26d7e8c87194b4f662b042e7a2567202a116841bac3621,a5257f5055fcbef7706ba96e31629460030f6e2684c8263bdae984c853851f70,2,False,True
xes3g5m,5c05752f0eeb8a1dc1f710011142f46b50371a22aa6e546b634fb0acc88609b4,1d9ea210ced915c576798475b8a82216f5b06aadae8968fd8d3d4125f9600565,2,False,True
xes3g5m,5c0f4413c90adbf1e213cd14fb370f45a319cfb63161eede3cb0794e0c882ba1,2995d867e546ec08553854441012c7eb193b35322048030d9e9439da7cb4978f,2,False,True
xes3g5m,5c1f0e20c17ceb9c34cd613025bceae417bbe8edac84f73255f04fd8a6a28a8d,abee1789a67638189325abf88437ef876d15164764172394ed6a510ef4892822,2,False,True
xes3g5m,5c1f627ede4170c3b34be9e6ec917d1a35ee9c4b55705d3b2c3d4ca7f590cf6d,695d6f484955639e42439b74b05a1a574bf90dd63a67675f254611b42c6f0af4,2,False,True
xes3g5m,5c27470882f9519a2db3d5f80a891c34cee51760373128c3bc2382e05b983dfe,0a48fbf2ba428a779f9b94382f09244e8f23e30646625d637924653bc5aaf496,2,False,True
xes3g5m,5c2f143c0968109a6cc6d3c7e322d1ebc687c7989585d99f89afa5bf11084129,d7e8ef89d1fdb0b086ed3cbbf8a6f967fdd4cb1d2505f3c7e888b1e195410511,2,False,True
xes3g5m,5c3335ff3d528b3b3ca881971cd125b8455a5fd40d3ca4c2a490dcee9f65c7e3,a2d3b03c52fc019110646013a1e44910fc15cacdcfd992b023a69385415f9293,2,False,True
xes3g5m,5c39f0082069462d3b5e085cc66174975869ba4f35646d54467dc9cd200ddc00,1ff574347f810d37cb42b309c12fb42b91c3e97798f6a529b77c19933fc49f53,2,False,True
xes3g5m,5c3a80277b4aaa946a9f8d9ed32582e42965f3968fa6c060d784a75ac8a89dbc,8b7d4e5024e447e03961a507d49899ed5bbf099599da523fa717fa6f91f87ff4,2,False,True
xes3g5m,5c4968e8c3bccc08f8d526ce0a0292dfbad507373805716a02ad21f2988f799b,58c852ac5bf72f8275424f89b200a5932905f2d9f52db3c40fa39000811a2b5e,2,False,True
xes3g5m,5c4a7d9892c89b46e23f03322bf06ec1e39b76dfa43aec73130f86e5f2cc6ed5,c64db721b4653fdbf34f1483e1adbf0ae7a472e2b9af426e243e4bb9c5151a80,2,False,True
xes3g5m,5c4ab980bb7c792058733bd3cd269a9cb5d28ddf7d54581af2de2834174aead8,c5bda0030379e0ea634dbcd305b9c1142dfa4934933a7baf78cbd92031b4cea3,2,False,True
xes3g5m,5c57168c73d09de8f6a19b188ee605ae8f6bdb274b7b2248ecf10fe8155bc5e2,4bf23d13e70dcc5a5223c94027cab4a685807640172b3637c4313415b0287257,2,False,True
xes3g5m,5c5cf7e8f3524af07f1ea25ead63869c53c1e476716158a16138c78d48849ea1,f98fde22f836d64a78eea6d1c4596f48ee2295353652dd26f8485375a319f917,2,False,True
xes3g5m,5c6873e7b55b9c9a39fa0da7655426df408e2e13f012180cb8d0a6ab88b85272,98e5c61ed902d7c8e3dd2c91925c3c885f0f6347eecdcbc674d1be371cd1e12b,2,False,True
xes3g5m,5c7c5e3c4ddadbe5a1e6fea15c17b2e799faeca4a048cae931432f2100e75093,8a008ae4be7c7b8dac11ed3560fe2c7dfe864b956efd1368857745d6c3b209a8,2,False,True
xes3g5m,5c7dd4566bc8fcdcf63c4e1c38a4d4e13632fca40eae68cd1805b29ae46d8d02,4a50f751190ea4062933c362fcd7a1fa9ac81cb82b5a58f9436433ebf34b095e,2,False,True
xes3g5m,5c86fe77689b9868fad55f1bb5cbec15f3f01621d80e5e68b2d291b49e062957,07bc50eebc5343391667e01e9832a37ab30822ebeb965af9118bef8127fbb1f8,2,False,True
xes3g5m,5c98742408ccf793c42fbd24fa356902bd1ebcc69392c0f84aa1a0de13d25d27,17c9da3f80d7b11d2fb2b7806a511421f30fe59a111ed0acfc9af892d7c28066,2,False,True
xes3g5m,5cb60e9c087a626673595d67ec58625ffc1a2c490c0ff391bdff80785fe69d9d,ff1a344b4ece3f0068e3bb7155760e90179a5bf8843db431d1c3bad4ea37d733,2,False,True
xes3g5m,5cbb1f89622aa1ce819b0cbd194ffa207a31994d9200da4c359dfd044a642cc2,b354a8a2ebfc333c2fa889d16e3fa0fc7563929edd56afa019158877fadd15ae,2,False,True
xes3g5m,5cbd7834a1edc4d503ed4a2b9673edb50735b95e080da5315fd51cf87270bd9a,f95ccacdf0a1ab1f34307d6352a6b1b5983fc7a6d0cf6e787a6374f1f6992292,2,False,True
xes3g5m,5cc4bc16bbf0b03a9727b5a3c52adf79574176e834942857f38b1f651f9a252a,2ac1946df53054d337714ca051cb054061ae05d6e93e50f64b0b367e06e261c4,2,False,True
xes3g5m,5cc9c78fd4a6fece6f2b6a93f50044b47f25a54baa70b9d726c14ad3071aacce,8dffe678b40e99d38426905c06fddf46aa3dc9aed16efa99d70b30c75d0bc89d,2,False,True
xes3g5m,5ccef77927015f2e0d00bb9032082b028928d7e49d9685a904e4ac1203f6fa7e,e757adfac8eef92784f697f634ecf6356856568068f8d856959b673599cfa03a,2,False,True
xes3g5m,5cf621da338ede1b21fe9d94178d1d0b3a574ac372c836b6ed0a244b2eb9d8dd,a6252049582b586ef275872b5debb81152f9356b1388516820dc6b00609d8030,2,False,True
xes3g5m,5cfa12359a0fad4f5914e89db921b7864226ed55843661d37fcea8dce0e897b8,3a14a64168d005ccd5c4ccf7c5a6b9f1cd87dc2c907dd6dfe1ff72021e492ea3,2,False,True
xes3g5m,5cfa7a06cae855b7972b87bcaedf7c95f6b38d129587c55b2601721fb98d993b,5e352d7ca2f5379a81c4e3714df2cf4de4cd28f8c0017608c3c380e72d09404b,2,False,True
xes3g5m,5d04889a7fcbadddac1db4d12d5cf861734c1925e026bf4fd61c00a9c87116db,77dda20eb074faf68f09a0ab32e1a862ca1e8d60fff96f61b319b16a6bea950b,2,False,True
xes3g5m,5d151cd74b908bbbd370fb60d37753b08a5db4e86b8ae846169683767dd69e94,755491cd18563b4d6251a1a11824b3cc61d6e9409ecbdb8bbd178d81e655a8c9,2,False,True
xes3g5m,5d1c91ef300501ad7871aeb330d8e01dfe28e0c0297823de5f380202a84f7da4,ea808e02422cccbfc45abcc8c5abf94ce4401439b0a43945fec178a0b1c956cf,2,False,True
xes3g5m,5d2c4aa055b05d633b9f0319e9db99be48e3767f60a13d6f554352d6abb73e63,d0986adc1d05185c3e2f251c727ea7ee76c7c57fa3ad1d4e61315f0243b7c0df,2,False,True
xes3g5m,5d2ff8e11d8fc05fd13bea5c6bd103f5bc306037527a5447dc765a1129fb3efc,3652fabe5af798ac0499834c7ef391f7bb3ae376bddf27c0bdc4026d3c258702,2,False,True
xes3g5m,5d36cc1d7c61ac73a79ed3642a5f3e06d2a2453315d67c3acbb466d3b7db1493,6c6e8ff6cdb459131d909d132c5ebcdd373836408674e62294108e0547f8f2b3,2,False,True
xes3g5m,5d37666a6905bf453afe7c65255c8501f6c4f6f17f39e2c796d45d24bbb04c8f,b368939ba4de546f42c821cf27ac839ed5a021a6997dcb587bf4115c29fc22ba,2,False,True
xes3g5m,5d3a6a7f7960ead40b3a0cd1322603c0e4e2b4932ff9e0c5778c7463ffde9713,8a06920db56c3d9752ce38ac1fbbdb1632a1bb1e33768464489e9393cded59ae,2,False,True
xes3g5m,5d5950572525c0c91b9d623b8dcec8a0995281b962d85223df1f3e709beadf29,0c1850a0fd0ccadc87bf3799820f59ab549be6232ef4206a81cc935ee9649f8c,2,False,True
xes3g5m,5d60e7ef3532e500758426c77634235c4a7d3ad2922b3cc1c64300ae5a5058a8,3a2ef5fa51aeb8483fbe4646303a6460d4eac57a5c18cfcd4fbce957241b3563,2,False,True
xes3g5m,5d776905281e1cefdb100e050dbc785ddc92296752ab2526f172283520698045,1400f4adf2cc8eb55272e941ebefec72d5ff6858f62a56f106d970e30b4a2598,2,False,True
xes3g5m,5d7cc801bf6eba568ca1084c3909ace847c9367fa6e1df4392264cec19caed48,7e8ad4f876f565a831d51cc87cb9bbc1b0274b42df0d2f4cb69db023a2a08887,2,False,True
xes3g5m,5d91560a29b448ef354cf54c521ac7373944c401ce0fde76ff64083fadb86721,2a213fd94b33facde32304a8eef08b99aa04b6fe69769b5c87dbac42e98a270e,2,False,True
xes3g5m,5da4af2ac90c7bd41e271e9b61c8eb3bfe46cc6119f2cd6c8f519f2252b790a1,f7aa5b9c9ed0ec5db483fe6f418c75e2b0efec8dca86e4c23577c23716106b7c,2,False,True
xes3g5m,5daae39933b2c684ff8a768a7b3eb11df34d994f9082f018249114ae2ef2a931,c05b6f1aa9fd35fe7edf745291767b88ea47372062a2c6befeb7acef6fe1a488,2,False,True
xes3g5m,5db142e001805248083674e973fe13a31accb8ac1d9e873250dc9784857364f8,3d38d399a7b49fdf2758e8d0de27fce1d9e9c77696fe0da03c8f5e3282bd683f,2,False,True
xes3g5m,5dc72126756d01de5735701b03d8ef1bfa6b75e2bc274e9bf5c7123dea51f4ed,821c3aad27af5c501fdfd82bef4be551f3010b03e4e4084f5bf77f4ca7bcca16,2,False,True
xes3g5m,5de06daa68f4effc860d0d377c258516f914c50c0c247e7ded6f444032cc0982,538546ee043d5d3842837a3ef434ec95c1ee9940a1dc29440da71e7cc2c7a660,2,False,True
xes3g5m,5de737a5a72aac06fb474204ab9de202fa2d52b41a447b8c27278f8ec7110f70,d4dd6a798036106b99341a45cfacb061d09d8cd64b6aaf4925524fc95438f889,2,False,True
xes3g5m,5df1477e9be027e670ef32793e26ae1d8548dcb07de695af7605f7256caeef13,fa547baa2d41592de9a2f1a89bb310695677d02e85f149ed5db682f4a83b043b,2,False,True
xes3g5m,5dfdb7a40fe398fb3b60ce3fd3f228c7fafd7b2232e168e1757a6ac90a42b86a,74fd29c30246d8843202dbd820730267b471ef2e54c97412cff3d941f2d493e4,2,False,True
xes3g5m,5e0866f30cfdcaf4bbc65d9578b4f81c2354f1394cc82312afa148dfcdf2ee48,f58f150d70f5898b20b6780bb50b6c7017c437d61281b86b92e058dc6c99abd6,2,False,True
xes3g5m,5e333ecb067341a152f58fcd3ed1b299742ce5f815531095980df0f112b213e5,e3805542cd8ee9610001ba5af12a4211cdf849b06f0234cfc54fd50b4c7bae38,2,False,True
xes3g5m,5e37ba16a5e8cf78caa0ed3c26072e268134cb73293803b25718aef6e751453e,1cecfb54ec0053dcef1ea9c07cddf8cd4bf6d91349426f5fb681bdc9830ff09a,2,False,True
xes3g5m,5e45b5f4e1359d11836c6045b340ed975dc4e89a63120cc983c59d6c45b296a8,737823ff46e65d677939cce8fb838246cf9d3283cd1a6c48ec09e126552652c7,2,False,True
xes3g5m,5e46613231a064e0b6b052b095cc92f92f813c85055a9a5abf9ca4d9b074d576,0fd614df2923bc494016a5cf21177bba8728a9d39ee223c4fe381a23442d4bd1,2,False,True
xes3g5m,5e4f0c17b268d3f27c3fbcebf26afb5548ee67ba47b4056148add06571873a56,b773d75150353ae56cfaf286f930f00919a2d9b68857148ebcff6ab34f44dbee,2,False,True
xes3g5m,5e5ef083675657424481de2960dc6b1a9a6225ed20f12fb7d7c4f43bd92a66f1,7691488524fe4a36ce2a3a09fe9cd8307b1e9cea510ee6d913c7180da98ca0e4,2,False,True
xes3g5m,5e69950be7e579db7e7782eb55bd1f9d4c4af24be184f42a3fd2e0dc2d818bc7,bd2c133fc0b8c1db9c327ab34b2f1a16ebbc8e2e5c9827a19c8c4bb2862ee628,2,False,True
xes3g5m,5e72f4aa10e4a151bdb2e40c159c229414b031ae31001bfca52074b06a430763,927195d71d7c63c9b5419f1bccacee42266d1e067397c3d66120d925d4f361bc,2,False,True
xes3g5m,5e88a42e6244473fabb61988b761ac73fea070b019f191a855ae8361ec168e54,4ebabf181952b728357d2710b64278afe2004553a4a12c699e4734155b52b07a,2,False,True
xes3g5m,5e8c841e608a522455bb7ad40ab8bb2b4dda41ad57eb564a26071d772ecc40ce,4540a658ce48a37540e0644505709b82cec22c8f05733c69ab7125222b109d17,2,False,True
xes3g5m,5e90d891869e94a8af7859ca36d859b869e7b664d1643aac381caa63bf35f87c,da346cbdcb0f073d23517518c1fb6422fa12bd81dccede9b1fce28fb5cf9afba,2,False,True
xes3g5m,5e95b93d087a8721e1a38e6652f0b2e7d765f48d317dc97134433013b835e3e8,0a041b64a7a7bc990bdf5e8fbc4dd3872cfecda4c9f1b6c66b0acea6718e1a68,2,False,True
xes3g5m,5ea0e5bee65e0f19e7b20b1f8f6301918636d29cdf4ccd408c393450bf2cf01c,65ab096b2c54c96aabef1480bfdb78575887393176dbc3e85641ede60c056d52,2,False,True
xes3g5m,5eeb35cff454d0ff4651628d7adcd2156a7b17531b6484fcb9602d6dcb3b243f,112cba8bb1253258cac432246790253e06bd0d7919d9cda722f8a3c29d97b1d9,2,False,True
xes3g5m,5f1cb8f7910729ae498ffacc16d00c24a2d793fa6f0f0b6075587c57ed857565,bd65c36b86ca1d144e151acbe53a94a8c5afea087ce10559ecb9293826a92e89,2,False,True
xes3g5m,5f22958ee60e1ac8a853125c40f35cf8161617bec5a796f3bc1b334310786e0d,0b9b9fcf515fac04d5fb41592943ed9e9476c038834be6de77a54120beac4b86,2,False,True
xes3g5m,5f30b171860ec0ea67ab487c6048456a9c77633dbb268e2f4fec16f7fed2cfa9,b0ee7140d37505bc115eaec4b78d9b329143d7be2de461f86d0a753771a71a54,2,False,True
xes3g5m,5f3570bd1324f019148ad5edb1589dca5a505a624657deea7e2f218cdda20c6a,0606ad15c937286969b630a3b440dba44d1bf54472bfdb250263e51b30725678,2,False,True
xes3g5m,5f4be01ba5188560d7a7eec5a3ba9607688f2a7205b44821b39ba13194b41f6e,85971860e8d8ef56d95e9dba5eb26e140d8ee534932882ef58c5d598f2d71412,2,False,True
xes3g5m,5f5ac4a90cad4ce1663d9ea0b5b5fb1a90bf87af6858b404b883fb93017906c1,c592f8422b62fd125a2015f7c60462438429c0062c537568a103c2fba3d8188f,2,False,True
xes3g5m,5f610d49f37b38c1087960ae9cb344e5dbc0646251a7a79d72871bce07c00298,ebfc2325316487c682fccec7cd578baeecfb0f299001e7df0d29d2b1f548108c,2,False,True
xes3g5m,5f8ec2211eebbba31a1b349dbe2e6e99e345c9b4bf65becac38f162208b740fb,fd1e39ae93a650ff1cbbbddb063a2224a0290ca8c714dd9a4f3a5e44a827f4e4,2,False,True
xes3g5m,5fc4da81eecb32abbbe78a02fd8a0768cf48a2c9b63e6a5c6109c7cf12044ddb,b8496d29c8a911ebb55231eabce74988cc3ccf5bf7f6343d03685aa696d0b67e,2,False,True
xes3g5m,5fc7401e6d3ae2e1ab52395bca2733e36d6f3634fdeb6951e830e340ec3647cb,e2110a863a8d17fc8371d1b0058e6de692e0978b5d8a3e2c83357308c88e5e2d,2,False,True
xes3g5m,5fd1a48237bf6aa92a86c4b271007839498f37c42a995a0071559dc6c522ca27,dae8367c4098720b79570ef37d7dbdfe33b00a93787114b774f6dfb780e06cdb,2,False,True
xes3g5m,5fe96f6b0fe468508f29ec1fcda24b7f49aeca3247d09f11bfe77de946c6d109,dddd6bde25075a09e32934141cee0d8f39b2776035a39f2737f0054d48038ed0,2,False,True
xes3g5m,5fecba07931f43c01f944966510c2b7eb3433b162b04514dc2b2707056f4a7b0,961779fb4392942806949fe22542102e09c134776f3320d2d4ae4de9f50e666f,2,False,True
xes3g5m,5ffeef256a33e53ba540109c4a9d39b998eed487a8736a87b81718b9b4ddf8dd,bcd309a418cf7b3101f72803b2e68dc42a8a8c019cffd8a4dcc6e65af39d9b37,2,False,True
xes3g5m,60095d965f966db08b040f26c14b1762a9d6b1e45e299771f3dd0fbe20c2bb57,d207c6aa85a910daa7bab057a53450be18c47e55cb0ff7a8b16fc692c9189a08,2,False,True
xes3g5m,60313575d5323d6928a2a991f6001a41a4dc4117d85d054b8142699abc3946f7,d0405997b60568757925f957fa82662349e58a960458b297e0f82979baa3dcbe,2,False,True
xes3g5m,603b23a5acbbebdf66da819ecb4c37057c1b1db0986769d0b3014620154c50e3,88ecd6609e2c183de50cc5cb701f3fd7ceb0cbecc49841b1c081a1baf08d2f14,2,False,True
xes3g5m,604be1cb0f217ac93f6eddfcbf0ca0ee64c9d823702358b93daa49e78bec8c1a,ac9354329314c186b1d8db8c8f3c22da0eba0715b57055d23635350ee03c3760,2,False,True
xes3g5m,60a477a2a81a43b054a65a2a2fd948a319a456bac9d2b450127d3b19c6bc053f,e999e1e84b03a487c1e2be8a95f349685dac68ee956cdd99dcef0b5dfbbb11e6,2,False,True
xes3g5m,60a58f20ca83741b1a389148f5d25485d93599bc0fca3a1dcd77f76d240c8474,6d2eaefe41437cdef79823a328bc95828e51be91129da5ce142cdc50d4055bde,2,False,True
xes3g5m,60a946e9902ccdbcae5917978edb9431c1161e06abc7252e565d2b9141b36eca,ffd98383292cf98b62288e6adfe177af1951394e63b0c31288b05ef8ad37dad8,2,False,True
xes3g5m,60b221c839663f8b1029a6a7183ea268f9922ffaffb5abaaa3bdaed86acbcf90,92a2009ccad52177b93412fa03f59ea216321c8d27b6cffe8bc43acc1635cc39,2,False,True
xes3g5m,60b396ca72fbf24577714b68ce73280ae590f32b75140f6a6591e2a20b5312d6,3e92ce660626dfc8c7d8ad8355dc18546faf58f62b048f954f2370d53d382454,2,False,True
xes3g5m,60b44b7ebe3ccf9d76046f73f21f3067b2e60337039bc31cdd3619276416f577,66ff48dcffe0eb5f544f095f8cf860c93cd5eeccb8f5671adcfb5a151cefcd8c,2,False,True
xes3g5m,60bc435d293b3de612d17d0b6ae13bd304db28c11dc5196beb2d2823d673f758,4c9d0b7fd6d67c056b4e0f80afa947ec07fb52bf52e992bb35f5a1003b53d7f6,2,False,True
xes3g5m,60e11ebad3af53d2afea2144283fd3e8cb86049e4860f4caf7f30d445d010116,008a458a6d8a44bf57376350eb0a699edcf607281b779faf3042fb44cdab403c,2,False,True
xes3g5m,60e24baf92528d6288971a3f115d7b250b6c7f37f7a5a4e53999ffd513d31a37,43629369ef6751c7a8767fa9675f749a4ff0d3be71ea02e61330631d2009d4f3,2,False,True
xes3g5m,60e72907aadc93975fdaa5e006992a36775c1e42dd825c621be65f9340366bec,e7669583b9beefed6f4eb1bd4d53e154888eaa916d41bff3e0eb6a3c134bf122,2,False,True
xes3g5m,60e9db45767317cec03a88acb336ab24a3decd35987c02eb5d3f0cc6d6b0d096,f7264a925c326c2d5cdb7396d396c6cda9fa000d0c9404977b0b187ea486ae6d,2,False,True
xes3g5m,6103e78bce009d0cb8d3f7b562f707b02853e15f3e7e54f25fce25b4a33caafa,a76c11c96c2be30372144ca46387f7fe9eff5b35b04c21366347232ef7e8d6a1,2,False,True
xes3g5m,610a6f0a7551427f0ce5220a0896729ea447644193da0808247c1ae0ed7a18b6,d5698552fa82e6e59e5951eb0ef774e342b4124c306cde9c4cd0f73280bad02a,2,False,True
xes3g5m,6126b43694bba5d196a6781cf5e6069c7ee7dc11b9aab6d68ce4b93421e55664,bc0f4ccd6ef5f696fbab5c834111fcac340791cec1ae10dd6106c8e8934dc230,2,False,True
xes3g5m,612fd777f0b9565ed200201ea42ee3bd577e247b18c4e4190e8fb9aa70937405,b3c5ad0771c6d7d196bcde33e7cf90ac29db2c64f1948164b378e5e2c5f08409,2,False,True
xes3g5m,6137abe1f9f18d1ccf3216e86bc1d1c4d585a9c725243b2894a6060b879f7249,9a0b4eabce50d21959d705ba641facb5b2a7ce874f47c83d32bb63281a4754e8,2,False,True
xes3g5m,613a980a599efc3a4f8c06f69b0ac642f6f752060ff4dceb4c212d517dd01d0a,727be1c6fb453918ff31f3000147a9402f66dbeb0e80dea8915648e6d5bad9da,2,False,True
xes3g5m,61402eaecaef1af596a686ce621cc262778194f5cbbb5d4b4908fd7c7054ca79,de2af118c9112257d068fb435fd3c3992f34332bc02cbf90403b6672c9165669,2,False,True
xes3g5m,6145196388a334ace807bf5a7a53a5cf764dcc7eecf78b490279ca353cea9229,eb62be780a3e345fd57ce99fbe8818174cf07fd86f33c7315530a3f3cf573d16,2,False,True
xes3g5m,614bfbffde11498c957ebc2a88344274146a7e98f9cc29c45eb047ae512fb17d,02e43af300a10028c7e2faa9610e959d0ff586e06c5e0e53e8dbb23847707cff,2,False,True
xes3g5m,616056e06987bde63e326d13b26eceb7876ff1b5dd0b83e9a85a2f1ee3174ba9,4070084c356c93387fe2c1472588cec9768e2ca764b8e8acff411fd1eb6cd1d9,2,False,True
xes3g5m,616d0710540fea54aef378267762190aa28a3afdcb221f602d7120dbec50ba01,1cc2236c437ab8cb9d3523b7869efc3e4a978ad44220e035a739dc36067f8b08,2,False,True
xes3g5m,619901e008c04cda1c8bef7bb74e0d61d5d1fcd4116efa8d4e32488b15c397e0,826aa3d4a4888ff4aaaa99f2660418dd787ac3510234a5003886f6579d3f8f7b,2,False,True
xes3g5m,61a74f02abae270ceea0ef1d482542ca3a59859bbfa236e906047295dac99d28,0c8b63db9e425b2918f01346cad49e6d44388dcee1e6652d0f06430ce82eff80,2,False,True
xes3g5m,61bcfe23bd4cbd79d8c54e2da02566274acd26f4153c3a032b96b8ada395ead6,b9e3cdf4ed9bc78d43a74a0f6e3eca19deaa8611f5afa8df005907a485e162b1,2,False,True
xes3g5m,61c151780e42a8b025552e2fe30f1e77bbe816ab3f7818c61530fd0a1c307ff6,907a31bd97fb89ffd7f7a74fd81a130fd5f7159855e9c3c03c48e1c244a1a4d2,2,False,True
xes3g5m,61ecd589136ba2ba32650ee8d400d2460cd4328c58fa4d7e67f029dba927d22c,c0e0a8682f30d4ebaffd57aaa8a9e4e9eb9cba92a1f266f2401bcbae6a6ce069,2,False,True
xes3g5m,61f166e68dc2747412d58956fca2d1d5790b05579537d44535aa67177da59d76,1d98ebc8996eb6e9034eb271e48a447dece49fe2675491f814ba2d1832c12dc4,2,False,True
xes3g5m,61fcee1deb6a16ed9dc937db3e695d4768a0f2555afd1ed914213e62d6d7f57f,79cbf7912fd8f0cf67caedca89716b7161161d1a071bdc57644335fef82de89c,2,False,True
xes3g5m,61ff954c9559a13e1aacc0ec396ec6c0d56385fcf8a6716db7bca1e62bc2e81d,8d1002c3e408810676263fb2961631b5b30d4076bf342f3c4d1fe1726c2b73fa,2,False,True
xes3g5m,62043e9e2abd022a725ffa55404dc331d7647e0897561bbe453a9c73f9ec53b8,6322cc99c093cad7119e372533a573bf0943bee79f45d0d9f20687aa7648a3e9,2,False,True
xes3g5m,620c7ac85f1a1d365ee5f5187f0060d3807cadf9bfbe7faebae10e2f7f5eb50a,5c8877072683f24ec7b545fbcb54b1d4110fff96f5b1c5381191634360933b23,2,False,True
xes3g5m,6217119c5e8ed241f8cab8f06c4cc2ea00ee48618eea04a4a7a1e3ca954689ac,bacca5bba595c88be9835a3425f5c59645504ff32df540f20ff834fe1a933970,2,False,True
xes3g5m,62217169a8834b26878f1c07628752a556427f79a6b3b41705be33a8fca99a6b,ab7be13ab3e63d11c2cb967e85e21b335cbfacc588527c4c4d8c2eda7ba62e44,2,False,True
xes3g5m,622781cfe3299d172f053c0286c377d66ad50d2e5405f2fdafa0c67e8df22184,9c96379ba353e79949c882b226b16dceeabf845a80446c52215334ca888e20dd,2,False,True
xes3g5m,6234be72358adf2f2c5b695444436e0f3967c6efec9640932c7773230ca3e6f9,008a458a6d8a44bf57376350eb0a699edcf607281b779faf3042fb44cdab403c,2,False,True
xes3g5m,623ed7294605d8c5b2e2dbaa1f9b3b694ac9bd81836aa79164f02dd550a00e96,b961c666893e9b91aa6ea712eb11ef3e52a9d12738e4ed9982547578afbc0ffd,2,False,True
xes3g5m,62411101b14e6af5175d20650407108ecc7a02a55d68603f3fbc8c5885b44833,74040c6f5e7778ffeb1a07991fe5a866a7ac6cafd124d82e3dac884aacf473a9,2,False,True
xes3g5m,62453deec06df4a2eff8a5e9b3f880e58ba1562143d52c816527de43579664f8,7323f8aa808bcc34ad317f251724e567c3ed7d88ab44ac8930622bfda67da640,2,False,True
xes3g5m,62610bc7809527d387649c53fad3646ee238e2c114167c953588e8c5105614b8,b812a6e7c0cad6212c7aec8eb0ef4f54b811d7b9b2b4a58d65a6f14a01040c9f,2,False,True
xes3g5m,627166aff19b847d597f7b7035f19312a92c8c12840f5c6752e5a49b6f45dfd1,2ba53e5de2932ea0a406b7fb729803cb5f6dc1adb9f800133fbd83ef58e1737e,2,False,True
xes3g5m,62814df5e5511ad737352a35f78e66458a8f5f05992f3bf2dad27188fd159baa,2e11cd0a85f919c4a9017853b44505bc4fc82dce2275f5b38eea2c0ab780442a,2,False,True
xes3g5m,6293da75020792c7e2baeb1f6eb52a0217dc69a25eddefc6a04c7eaf1d93c500,2fe0b72a49236fce62f35b396d047532ad081299f6e79ec74916ebd85a337095,2,False,True
xes3g5m,629c05cfa010e33d314243306530f206318445d118f98369980cbc71fc6a6180,0b43013cf08ea86941501ce98d033bb3dcd14d5f580b7f6d6b1a77555adbd7ca,2,False,True
xes3g5m,62ac8bc3cdeee26f09dcb40637d885c56a2b544af10deb73c8cafc274786d30a,5dabd4c1504805073be988300ded6e2cf2aa9260e38c00cf66bf03c9ba3bb7fc,2,False,True
xes3g5m,62b1c0d3aac9e0438f3c5b68cd2d4e1f9daa8716dd5ef638bc554c56791132ac,c60ac66fc3d6b685488779cd08c1d8704b1a815985ea27375976e509933ef832,2,False,True
xes3g5m,62bb73dac58565516fe1aaed0f053cc51c58cc3f22b7c4438bcfc759e4069b45,3fddef093edcb151d49d0cce9176ec7a122362a0083b7fb54be3305ef18104b6,2,False,True
xes3g5m,62d22b6ce728b6b822ec75f11505f5a81a9009407a73e786e52a7b495bdb485b,3b25255884b8b6e243b23c737064d75e4c3e17d2754b13b91423ae93184667f2,2,False,True
xes3g5m,62f6ace8c358689307c406f22e413063256aa78236498766b204e1704e5dc262,e2a862eba43a5099a327ff55eb624ed10b98af63a1e2484b4249ddad33edbc1b,2,False,True
xes3g5m,62fa4a8cbd8589dc807fb8a361c533851169c47a8e5e20f9dfdb02e1b2f2029d,0815e8eb041adcc85bdf29906369454b11e7607ce0694271f55abba740c096ba,2,False,True
xes3g5m,63001f94eda4ae704ad33ac9974dd4dc674442b2c5407109c40b8ce09ff55dc4,722863edc56543d6b7c48a0ee8668e69033ccb17086929d867ef7276e29c0e76,2,False,True
xes3g5m,630ad802fbbd5a6ddfc06d85d5fb0aea54cf3cbd41f59b036bb5b24eb6888fce,653b50c9d9432227e6e8325ce866c7d35d685acea92683e81d3e1b4c5d4d08a0,2,False,True
xes3g5m,63284d6b8f328667a5c1df38be0b04f127c4f8e66d8aa2696c8dcda481f0b070,34c5122bb51e01d820e7042474e5088141f19301f437fe469ce5053149980e50,2,False,True
xes3g5m,63350e33cf6ff5db5875ff0dc8fe6d865d231b745b1ec72f4a70f0e810378718,d8b7c2beb9c136c4ad968060f2adb479f0abd81e6d251d32e1905e33ba38c3ca,2,False,True
xes3g5m,63434e92b44040325efb9240ab0b769a9ad770e81d2665b6a50bebc6abcbfd59,8668df9fde1d36529bf2568a87a6b429d36947fad8797269853296d599980e5b,2,False,True
xes3g5m,6343e4aa4bb03678f302e32c230562606980bb64fb27756e448321d4e573dd0c,2816c929ffe42ce0982d148d8073129ecba071ecdc4e1c079e2633380f0d2e88,2,False,True
xes3g5m,636934ecabecefe0f18ec3486b47c37e4472c5f7a86e62bd9b6b7f033a12ee2c,d17db49d0cf1645bafa018e9a835b86589222bacf7e246d6ad6080c566f0ebe5,2,False,True
xes3g5m,638cc91cf12f6d0d93251f7426ebbb58ca56ed9496849ffc9cf82e17bdb73393,18f60310ff7b066afa04365b6fadd21058f85a4882aaf24ea08e18e4fde3ebfc,2,False,True
xes3g5m,6394520e226d44444b8cad9df7da9039ae4ed7d94fdef45926eb7139ed1e7582,b6e365cc65780e57565fc5df2b68514cd27011cfbce32213be49519b6b054915,2,False,True
xes3g5m,6398a2787a8f927621e2fd1bc09bcde08230d212745b12f4c45239a95cae0b37,e8efc034861cd092a9ed32fbc2ba8a2808f8ec949fcd0bd4bd63d95d753ea18e,2,False,True
xes3g5m,639a5f8c350f059b7cbe0738ccf90dd702c237b6af939993d4572d96c630f8ec,567b24d664122208c0d5904a1f29965821ea9a7bbc79fc2f8a98785868c6a2e1,2,False,True
xes3g5m,63a3191727112425092f96a8ced8d010df85ada4dff94fabf3767622ad8c4486,48690e004d48996702f946f0ddae32a46af357466a4449be52eda972f7a9d8d0,2,False,True
xes3g5m,63af78bd75ceb5ce2eb83aa0a8318071f3942806f423ebfaf9ab63e77471dbbb,9f09b431c50de83ef8933d71daeb78f6996f2ca27c78cf6e19b19e93b530a329,2,False,True
xes3g5m,63b04e6158840007274029e50b9602bcee0a09f5454f0120dd664ea286f07426,4e5c3f7cc04ec2679916e553ac9ca6378a01f5362e5f06d7ef1e96e4dc5386cc,2,False,True
xes3g5m,63b4db9382570ee26f8e54ba4c9e6fb35f53d6092839aa02428158422f997aed,1191af1b7192ab8495b1cb54e5fbd45e5b9f681d1202208cef13d4fc48fcb21d,2,False,True
xes3g5m,63c1d309d19fb39df10096609526b41dcb09bc825f6cc75c4b47ddefc622783e,1170e5bf79b8e93a775c16241587ba0d6cef93ea87988e0e9f30b93e0ea7f8db,2,False,True
xes3g5m,63d03315943ad5ba7f3abdd4efd5d6b0a56d381557d9d8263f4db7afd38c8d0b,0d965668f49bf771382db8d698bf728af1911684be27764394bfd26b4de9eb68,2,False,True
xes3g5m,63d28b65168a7a2b5bd3781e65c16b71c23e7ec4183d653012b03d4250e6d66a,2bf2ccad76c015db357ea1cf973d873ed8f082abce7abe57de55cab242163911,2,False,True
xes3g5m,63e11fa9936fdfec99652e40f7fdda8092d68959069b0d08d3972e82e1a813df,aba0a05a537df4fb06d8bd726b890291c69b4249e13f0b772b4ef3a4a93af1a2,2,False,True
xes3g5m,63e8226461f1e6adbbfff7f28fe18f1a28eaa1d5ef908aa29c25285461e73f15,d483f1d184eb13a66be6c0233a1c6371603dd2c291577094eb4a0732bc55994d,2,False,True
xes3g5m,640ba0f2d0b63366d40e5342ea961702896e2697417e2eb0105a3911de6a5803,485f6efa069f76d38e3665d458b721557ccf848d87ba2314cb056769bd1bac5d,2,False,True
xes3g5m,640ced4a53e6acb458f9877a88d89326c02b60594b72103760442763085b0f97,ec0cc469770d9fb1438f3befc4fabe8535b4280947477a805131ac303ec8ef83,2,False,True
xes3g5m,640d166799c2f789431a008b339b6329917c7c36a48425cd9241cd041e53fb1f,d2e4815ea11d8235d5113cf54f2b810321f0ea7e7f3b1193f6135a8c2aaad3e7,2,False,True
xes3g5m,64185db260d937f4fe91dc8328af849050b836a13ca124dfd8dd76502fc58bf8,1960c7ea8c4683e1743f275e693e320fe6a3282c88240b3f8b5db5c4dbbf849c,2,False,True
xes3g5m,641debbd3fcc8611a05a96608343f18fb288c60543b2912b1bbdcd6255378943,bd7fc36c190ec41a346c0bbc8eb453acaf9a0de4c60b1fcb23bc3f11c6a2f4f3,2,False,True
xes3g5m,643d784afc47b2961d432f8e8add32735795779e43c3f492c868cc1adce48c9e,4ab8bf9834060c1ae5c7a0949d1eb984edf54beedc2c534cbb4c1227227c5def,2,False,True
xes3g5m,6440c8057beae91174fbac1011310356b2f68a6d01a8a93301812593c8de8921,fb12b64541f54965878e4960316482efbe105c3c72c844f3d7766ac4b9bd7966,2,False,True
xes3g5m,645224c872bf927e2d59b03837c4e021a43f1147c0b078fba35c5fc020e7e92a,91b84377115fab58711bacf79f69aa2bda51092bce46461159c3f4928c84fded,2,False,True
xes3g5m,6452ae811a86fe6534d7ff1ec65c7aacc0153ceb2d4a10d9ee2b6af84b40c37a,0b47f68c77dd49c5881858a74502dfedc7f722785efc0253831ff148b6134434,2,False,True
xes3g5m,6457118cfcf72738568a66cde6c80bda1d0c075432f75d502a8d234baf08eb71,d3a121a1d9a60d7b5d617f9ac66a81b3b3fa0daad383dc83e3b79a660157e37a,2,False,True
xes3g5m,64786b5196d4c6390bb28158161730e5da78e864b6c597be60e4d361199880bc,3f78c7e89db02cf31bea7d965b588d83cb89629ae57e2b058c3d15a8c5d91962,2,False,True
xes3g5m,648777726d0d9a926f02511460c8b56a03529fe2ff6758ecfeed5b535ed70376,3dda2f1206f17a4dfb5b86f9018ad482c39444437f6434fbdb7533e34468f684,2,False,True
xes3g5m,6493da8a7a5810c8b2220858aa59bad529e4bf6b4eca0477f29f3e594cf9cb58,baa0bd2504ff8426b7300f399a7e171873beb619bf53ea53f83166ed475a8a2c,2,False,True
xes3g5m,64a49448ba607006275c7c76f890e59605a67075d0c3076e9bb93d8177ecf302,276b15e3e6dec280ad43cb97b00debc5991eafbe57c0dec2c9108186b7932425,2,False,True
xes3g5m,64baf862bc5272bc0c0da7c0464f5d9f2cbdf8e7ce0439d148337a037395b004,f9d02843884f74374027e28f07d6d5d4addd9327949867ad6c1cd393a307e3e7,2,False,True
xes3g5m,64c034e3b3d11e64f8d6d936f0b6989b03c6d9b9255916446b3e311836727d15,b899339d823f1ee34f4130b9a3fa02991fad6e6ab72f413c772b36048c936a64,2,False,True
xes3g5m,64d2637f1266acf0bce68a3c7489ebfa579df0b3a71623e6708a93bd047105d3,6909b8fabcf56a026f5cdac7e4c43de432696cfa0409c45879a4b22a97ce84ab,2,False,True
xes3g5m,64da0bf5f1b7c2313f5be20787bcdd32821093ec8bd0536ca2ada20bd1744f79,0c5bb1864cf87a2d5338a3411ef7b642210f0bfbd57c189aa77bbb94c6262655,2,False,True
xes3g5m,64df66729f4d0383ecef90107ea5512791f60f00aaee3edc479380ff38b532c8,671bc8ac4524512ad5001a7471ae0eb2ce2e67bab46924f80643bdbf81bd7556,2,False,True
xes3g5m,651d751f4e07a82cb371533c35c1f7f6be1d94cc26e4592fbafe396efb12d596,00e3b015bc10dbbcf01f14d65b1a151b68d7ecd5eba4e45cbdf84f2a23d37945,2,False,True
xes3g5m,65313f2f2d1ec66773e2b09669652b3124195b38743e546fb7e20c6663c106da,30db7a248f067c81e798da9b36c414980f23e9d1a4b6a18b13bf6391d4b68dd9,2,False,True
xes3g5m,65533ac8507474ff27960fc84257efab40482feb7f0cfbd391635736edbc4388,81d959da158260f339680f6aa4e162e978654fe39c0caab1d057000e013f8c0d,2,False,True
xes3g5m,65576aa940c61ce09837aa5d1d278606015ee4a3018afe6ac7aebfe45a61594e,6d17730785f535aaa093b0c8aa3e4b1aa23f32728f0ad1d8aafe5f8c3fcbfd8e,2,False,True
xes3g5m,65698241586c2cc6e87313f9023841dfd25bcb1d861f19d0718458f6dd6e61d9,d21c050eb3480acd73f05fe6b5adb7c2a511e74a094cef3554295dee652765a2,2,False,True
xes3g5m,656c158ee0bbb16a14578b65f976f891a0198769875da5fb0552c00a94bb2c0e,45532987e06554a2c79365ddc42ce19279d529d16793701e2259ea3c21a10f15,2,False,True
xes3g5m,656e9499ea3d30dc2ec414c49729dd24bb243470db717c02ae3243e5494f6e3e,7a6a3bf39f729577a2ec0bb90e3857d0145850de1da182c79c0d355e951cd186,2,False,True
xes3g5m,65723c32a5efde3e85b8a29da2db5dd18e714746d581d0cc8a15033657863f22,ad8d46b992de6e817489a6c6655647cb21faff08cf61ab953797cf0e3fd25c77,2,False,True
xes3g5m,65775623fa000ea430949dd2b87e835c798a342882de6951a65876b732d76b90,85911f77528cba40d497fee0c130ba239bcd87df1b550961dad3e2dc1ec4b410,2,False,True
xes3g5m,6584c5dad9991d398a1d051dcb09e7075ec4ff48ae306956d2a088ed8b0a4635,649204dad22039fc5135a1638a2e7618f1ae6a2a694dce8f8909eae9d5958e27,2,False,True
xes3g5m,658df8e5110454904676ebfd6b9282c138b5f02e5f2bef6561d21f4f98773541,358e07ac988e54f693a5714f69a69d5bf4d2b62e866ce0e7af93a5bae27ec9ad,2,False,True
xes3g5m,65a4f1996a8729a86076996c4408ce87b23e440457916dc5f6460fd92201d9d4,bfb902e38d1e7816e232f6363281426e389b539fe481dab9af98debde121dbc2,2,False,True
xes3g5m,65b1ba851b68575454e1e3e1ec8ad41f2307b3097abc9a40661cff384ca310e9,75660cdf417e6cff9cab2843421e9bec1c4874ad40c4efe13a526332dae1e11d,2,False,True
xes3g5m,65b52e71b51b928e101e2b92678b42a73ea57eb7e22d6d1c8a27df22e2d25b7f,245367a8f7e8ae8fc85d88c1b70815a329e417aa84123f978a400e4f1ef15721,2,False,True
xes3g5m,65b645c25ccc2946be7945355856ce52401a62fdb5be4a60f6ccb31ec1bf8070,3f0e42f307cf39cd9d6ab84b079faaf4844757f141e1df3fa93074d149964e64,2,False,True
xes3g5m,65b705ead66171a3c1440c903f51bc15ff23522c59cd88a59273ba5eab56a041,dc668802e4a669dd1a19a5627ddf33116dc6a8c49d83806f7ff623af5e88c5c6,2,False,True
xes3g5m,65cd354d9d7581a365cd461b46ba758655158be8645e915e1b905778d9c21c9a,02022087fc3fa61705e162f484b95bc368b0ca42b29d04bd10c3ab2aafd505f7,2,False,True
xes3g5m,65e27acef99582d375655fd4b25f32962572bbcf10a4d7d37d9a946579ce685d,cb53300a8c01f469168088325826c7c908584fdc4b6b9316251c2f9c7fa8e4de,2,False,True
xes3g5m,65ecf12d60ec58321e4f3c9de505804503b6b78bd66f4b8b68aec1b330035f9d,f62d945d5fc62dba05075cf2860a6b3db9f1bfc8c094be98c38eee1e45f0568e,2,False,True
xes3g5m,65f84bbb377cfef39da5b03f1210c64e6ece613d6830091a383656331f4eaa7e,dc810ab86b648e04c688aca9de357ed2c5ff5cb34aa7ce87cf3c11a0483aece7,2,False,True
xes3g5m,6604a12f7d92a681853911b7095cd7a2a2f9d2b6a7c6130f0764c2f32448a1cf,4d02de4cc1277cdb044df49e4aa81d66f8628eaff76fcbf3f8fed14cfb16f5a3,2,False,True
xes3g5m,661b9c59d82bba8317aa9c09132c201fc9eaf5432932b4324dea0af640a26410,5b1635a55aea06179981718b172f1165375a2ac33d230d420ed84c1c3d16d3cc,2,False,True
xes3g5m,661c0e9e775f2cdfaadc5b8e20c279a9a84265850b45de2477a2fa23de898b11,fe8a622f23ddd10ec0c92b95f13b377fa46b2e7910ac1490707f2deef29fe1fb,2,False,True
xes3g5m,6628df95239d573adff185f8704f1f7592c54b881f2956149a7321dcbafc9270,e8583e9b984e6830af624fe4bdeab086930aca653f0adcbef6f643a5e8dcf4e9,2,False,True
xes3g5m,662cc13949fe480a38f90433bd972faae482528e50b4724ad6b5d8f131bd4b49,0c6d208191cd01aa94e9ef6daf750c476b9ae2a69d06e13f26b3350c00debf8e,2,False,True
xes3g5m,6639e13131536dbb6fb2ec703100d8fcb6b07e04c5faf7459d726fa37043175c,6ebfaabae8030bcf41392a7e3f37e27105e9ffadc656151bfc31136bdd49c098,2,False,True
xes3g5m,665091f65a077b66c5b60927bdb77b401e3c70d173c1a7b2cd8c0f5b0ecc1204,446cc0c62512af3b7c3bce4de13c44d110d3a15696a4d0374dcbf2ca9dc65958,2,False,True
xes3g5m,667918b8ad05deeedf56b43b7a0e74c6e814e3d4c8d765ea371b68b2368e0d11,81d959da158260f339680f6aa4e162e978654fe39c0caab1d057000e013f8c0d,2,False,True
xes3g5m,6683670b480c3c952d2c35d46e022d602c434e5904f3ccbf8622c44cd8e484d4,b9e968e7de3cd1a8c3f04bc7362004ac6733e0b7226545be1ed468885e10da5b,2,False,True
xes3g5m,668cf11a381250620028d1276b0fe05cc45f083285d0f5042ff7e799003e069a,193649a3d8e0781ebfa20e13c4785e2dfb77fe7531bf06967cca0decfb558235,2,False,True
xes3g5m,669166a5a54cd45b2d4b37ab38534af31bf91b1ed302f5ec998fec7d9b79e19d,c180335e8b0a5ef4af48174545ef7a27f268002d92d48c22bd61e81b644f03ec,2,False,True
xes3g5m,669712e7a73cf9bea140fa243d7f1547fafbbac52fd964564b55fc239b44942e,852586dcfef1ac67c487401b2b057e970376c96015372ad6520326cf2fea0c2d,2,False,True
xes3g5m,66c0bab308818e0facf5f24d53c867916551fe3103e8ae647f32fb29738f1163,ada569acec0be73849af464fedad17e23182017cd8a09c368da599cd5fd947ea,2,False,True
xes3g5m,66e6c3ace00612dd8e6d5a4e571c963e23dc1d8b45618370ab2ff0b7ff0e1652,e98f0ce9eef07484ff087c2cdf9e562928cb7902adba0649fdc6e04a1cb2b092,2,False,True
xes3g5m,66ff36d721794962b43528bbe19366be7f1ee82bb33db83228dc75d5fd1dee22,8496eaf23777a92263301bf3779289240f5658d4303a802bfce3f7dae5e45f5c,2,False,True
xes3g5m,67073e6f2e041f24367d3ef4d2e545bb0458c52c295301838e69f00363649c05,0190ced3dde3169924134f7f8560f10d944248d56bf7368fccb4f6eb390d69f0,2,False,True
xes3g5m,670f94ce79ea9acb8beb071bf3800762a287558bf6d32a800d15f93cae12103a,717966c2c7d5312e8f0220c89439bdb6273a9bfad98061ea5ad9fd3e520fc42d,2,False,True
xes3g5m,6711e2dd00853f44a49582d6be419ecc44f4e41a918ee5250704782475f01641,c4a0ded9f438ed27b2888482ee822f71f46eba099e26ff8ee97a92b9536271d9,2,False,True
xes3g5m,672293004fa9d26868311d8173c9ae9c778214eeecdd8b1b36ff59eb3d7f0b34,0751f2ac10c555c6187a4a3e8b6d0b63b2625ee42b28f1154e70106d11689306,2,False,True
xes3g5m,6732451e4bc6068be5d3ae537594b55909bfebfc666946ddd84cd653107cb7db,3d04eff39c0350494d11a90ea8122dc5e0d742aa8fbcbf90ec5db1f0db81d7c6,2,False,True
xes3g5m,675077a2a34e483f0c214ca3ae3dbfdf0bfd5c1e469c9b3ca966e50a8620ef35,2b1c01b202b5c5558350fe303b562c8be45e8d0ddc9bde9cb893e51c7cc659d6,2,False,True
xes3g5m,675ebc2f2f8a744424559098a590509d120cd8a17316f7d9aa29947d3f51a2c7,20d7c8236600427fc30492e3bf8bddf11dbd625aeb2f0511b54d67854222210e,2,False,True
xes3g5m,6768d8bf8bf4e1a07eb49e6bcadd58959c0a87dc27c9c611f6dca441a75ac756,3aae036701a3a2b8082f2ecf094272ce6b4e0b7e09f0ad51780a7043ad7085de,2,False,True
xes3g5m,6772e5f59f7926e57c2f9b43aea655e1d3033250d140cc81f38bb132720dbd78,978778170a2189f2e702dab3e2c736e6ffece56d687d2ac8e94569b04aa6b948,2,False,True
xes3g5m,6784deb32e78e984f3a643dce4539fec6f4f06c02c2c699ce673a34d6095c537,89bc7c956054ae1b4baccc5469a2614c5cbf0a6beedd2016521452a1214d0f72,2,False,True
xes3g5m,678a904e25a5f1b1a1561dbba9cc79dbe8410517325103fa4c5c82a48dd8ea9b,b5d44f133616cca450f09a33478bc32decb581e9f781eb179892ac275ddf87e8,2,False,True
xes3g5m,679aa682382a12455330fe257074dda307e40f5939ebbc5657b68563c269c729,68c2b53cd8d1f1bbbed303168365a81f5dfb06820a447420a49b05b3f9524d15,2,False,True
xes3g5m,67a52b1396dd94a8158b3c62ab765c5f2416a208fb92d2419aeb63af0ca1b8b9,db0e9d8fe8fffcca17c0f31da28b107fde72ea7512b8af682bff93a2e9fcf08a,2,False,True
xes3g5m,67beacea14b60922ad19d7917a3ab0f27d5c6680ec237a94929596c2ed2d8fe7,17f7ba390a740609824d66b2c926f9dca939e9313789a47116cf229147aaa513,2,False,True
xes3g5m,67cb046efcd2336de705a3a8b378ef926541bd85985a713ac73cf871929ff62e,8a3fdddc578813947dd3de1e6cb3cb157d516d1010839018e8f0c978cb55f87e,2,False,True
xes3g5m,67faac22fe8aaf9d99c14264c98e3f06fb0e83b8025c2b037a2af8c21bd4433f,04d302cd4aa286cc07ba8f6553f33b65da753b26833754c2424b7a97327c0569,2,False,True
xes3g5m,67fb0972e5606dbc50bfc3cb5728d57cf7e01dd85c3ec47390b1606b972d11a1,8af1b46b1ea16fe363dcd5f928188e4837d4c8a2ecf14e0b427cb28148f79774,2,False,True
xes3g5m,6805101fcd4310e9692d7e84ac130213ea1d16e9324b4a52b6e50c9f841f1809,344249402f42bc7d448b0ca954d22e0ad2c810369f294d5dc39a7ffacb5a453e,2,False,True
xes3g5m,680885a724c289a6708836e842311476b630d61c755d45b6cfcbf24aa78effae,6f2f9248cb51623acbaf4429c23bf15f8f5e6d7f2f658d2f1f754c9178b1e32c,2,False,True
xes3g5m,681b99420804145ef7e30f6c4fef7480cd31a119d7eb4f088dc2b6ecbba9434d,1b0c48b016817bc6399b2c0911c69634ea6869e7628c891223d84e40047a3337,2,False,True
xes3g5m,684429956912a6a8773201370730e57a365d5e6e35c34cd6427870c707d22893,640b8e65a22157f892bef13b2a3c3d2c7d93f45a9460d9fb3448ac6489c7cc16,2,False,True
xes3g5m,6855e893b2784333fcf8f204dae2406b54cacd91aa268a26d78f0b3b4f5e217e,a637514fc33bdd956f3215eaef060b8e10351f59d9520bc2ed1c97d4168daba7,2,False,True
xes3g5m,686202c163718254648dafd9da195f2c38eb25861cd687c49701010fa4525e5c,99d02a032bc961bde01c6d9585578bb5f1df0a66f46af27517b97ee9a5fa0d25,2,False,True
xes3g5m,687d738628c1d33d00f1fe723b477523ede5c0915b3bc32dbb106ee3f0d28c22,1b8b4d054231b7a8f0b0e0102594873502e20058e4a6674f9c7c2049142624a7,2,False,True
xes3g5m,687ec946a7cdac9a2560989330daf0d9b7fd3c83a76d5362600d73400f983e55,4c77c62acc94ba3aabc64d5d79493a35246d99a630dfb2b4cf683616c45579df,2,False,True
xes3g5m,6895e35642085a408a81fa7ce9b21c67855dc078a42ec2dea22c9d3e72bc2372,720d8100d5aa5e3cbfa2f9dd40fd3926fc9b584b58c76ed95b473786c3fdacb2,2,False,True
xes3g5m,689a88dde088e150268120cf198fe709d2d28616203d0b31a7f35689fcbaeb7e,a787b4361582ecc1fcbf56207bee67e5b771fbf323410a7acf2139675869fbf6,2,False,True
xes3g5m,68a91bc3ba0d4238157e3f85877c780fd5a4d927f0444e368b79201022093f4b,36924e357295a68d4e98ef6ed964278f5b540861191081ce7f4084b1f4dc35be,2,False,True
xes3g5m,68b4cea481add6ec0a5a56e0e0935da09bf73711c089a6c1b53b41fb01d2b278,4a1d29df084334f40d72a4609187d4d95a8b27585cac5fd11e276f684e634833,2,False,True
xes3g5m,68b8b2b172a91ff7b6967c9836e80aaeb495ce8830fbfa405b426fc2b7a0c726,94c78e8eaadb55cae7a4df1b3b8514dc903000b7b5b73769e5d18c36ff84b653,2,False,True
xes3g5m,68ba17398be5e84ffc0f16dc1565545e3f78c9323b494e4d744710ec420c39bd,1a1aa14449864f57da703f8c6e6613d4356247bdb60bf795c6888a2a282c84e2,2,False,True
xes3g5m,68d4200c4d12ad1bacd12301ce5f086bd014e2d7bb5ee287b00bbbe44c25cef8,59b4e138973ff16adbd89af1755d2bf85c2c4fe3a086379dda962fd083ae1db2,2,False,True
xes3g5m,68d99f59d68e60684423c79b04c736c3a99918e7c67e16092a4cedae042032be,70ff916aa26056d4b5b9cca005f73fb6b2f6ece8cf781d45e719260d93e6411a,2,False,True
xes3g5m,68fee35025cdea798b40310a9ba9ebf57dfca28b3ea7e250d7d670c1894d8f62,f6bac2bcb7ed3dc142827d70185ad1bdabcf83e240a748212175b3291c95757d,2,False,True
xes3g5m,6901394f30e7eef27ba0df2ffbeec7e23112e9c46ff918fb33529c6e73c9c7e6,6aacbffbe00e98decc6b8fa4a21e5e9f4d22c44e60a2089af7bd85f2b5c708f3,2,False,True
xes3g5m,690e038fd685404bf936a3597c755b6ead1218bfa6f6b398c94f5b1642d40086,27964920aefa976a466c96ed6ddf39d13a9eec36a7e3a1903bcfcb704098355f,2,False,True
xes3g5m,6914339d37ac84d960a84961253125280dac21c8df0ac12be20c12d678fd3a64,c1ecb4909171a015c2a762604558ddfbccdb7fbcf20084ee7d30472c82b3433e,2,False,True
xes3g5m,691a96f9d709c322f8c0c2adbe25857481660f61a98827a71833247069c98add,6e07a4df9e28f237bc958f168ff8dd83d813aace994d1803e376ccb737bee035,2,False,True
xes3g5m,6925315b0d9ef58a34ed9b65fa058dfda4d189e60f01bde97c24057d9806b35d,2e33be6a25507f50a9de8bef96a0c9ece94a712d8bc646a3f10647a23188cf30,2,False,True
xes3g5m,692551ef3b44958d9be769b230fb65c694a12393822afc649285bd2f79b595a4,26a9c40f7a98511c814db8dd9af9bfc7cd1a2719dfc236b7d0ae72ab3acf90a7,2,False,True
xes3g5m,693ca14b2c84343b35c547ffb99b8cf44707ca5d63c428ffb97dba598e991070,3c2bd83ba31e7136f0a2d902fe08045378182c7d31c31433330000561755d395,2,False,True
xes3g5m,693e79b0155131db6ebd443135ea0105b5a81c0efcdf7b41f79f560e0db343bd,ff18ad6cd51b6649f92b82b9515ee8a859d2cf79ea6a9b5a0247418dd2affafd,2,False,True
xes3g5m,6940556e0aedbd1570c99dc3d8ee536e11500e301017a53346dfaee008dae822,018a30391e1c5d6a4c386d5e6f7307547758b3f9a9c73da9aacea7c89a712886,2,False,True
xes3g5m,694a562ddd3931c96777239c30b80048753bd3611ceb2d91f6e6e02cda51217b,3ce7e9313251e5e7165e406a7405bcd441647626553a062adeae70517b145ca9,2,False,True
xes3g5m,694fda5ff4da20414b637055ddb91d6d03fbbd05e7163d5e459d33bc047c2128,974b6dffef840a8e0ba43ed3a370398ca0abd21178c86f23dd666c58ceb400ca,2,False,True
xes3g5m,6952fb39e105744f7fd5cd4197bf03c42161e89c4a8f69e6db8bed0f2bbe67fe,e58b122809f3cd28e2eeda0d7cea43980bfeff219af6a993ca100b57defa7b5b,2,False,True
xes3g5m,6960037b0a06085e330f09a7aeb55ae6c6f14abdd3d9486503b566f020db3c46,9d129c9425850dd45a6d9dc312dcf679dfb2dbafce1774ca6baae671a99e39bc,2,False,True
xes3g5m,696074b79bfeb9f796dee91eb17ae276a5f7635252f4c7b36f64d3191bd9e144,68033424735fcf17e49d3900ba964935455f4966015ef92e82454d6746acb1e9,2,False,True
xes3g5m,69653f1a80b7a01453611f4e50d83686313ea536da32bdf3d2b4e518c8cb9cf2,aea689142494c1f7cd87828e18099aba76fc8f81b04f10694a8542d5c2532e8d,2,False,True
xes3g5m,6978dd9a7482fd31d5269b51387edd522b45e3f784e4d74720f5bab6d94e444a,b7c2a4cdf2a289ab7baeee625d59fb0e4b5e067e81c5aad6c17a0a25c8ae7980,2,False,True
xes3g5m,697e77ca5371fa93b5c15e307ad019d111dddad97e3bc8c35a813f3116c1aa1b,268582570036d1827368b977b024681bdbef37605a3822f884223cdc141f881c,2,False,True
xes3g5m,69825ba678a8f227fc65e809de3bbecca430430d114970387ee0601c2fc4f550,115dd78c7d798173c78ec8e673088250a4d8a0c52a5b38a86105d5b11646876e,2,False,True
xes3g5m,69901e77a82f4e37cecd7a2d9a19bf6f3fd556753960c74032c5ff9cb5dc98fc,2aa0b086267605cc91e5e27507680a7f2e8ab4dbb4c691477cb7e6e98d8d483a,2,False,True
xes3g5m,69917a40eb7dd0ff20fcd35a5cf8e856344feb61db33992a9cc5ef010f204eb4,eae5f92d684b2b1a88417be57ec059f07d3cd02f4c1a6c4590ced2a5bc65991d,2,False,True
xes3g5m,699c27fbb4d9e35c0edbb34b5fa3dd4536baa38f68f05d2f7b1eb113e5b1f76d,41e07b6fc893754ab5f93ae6bdae86695394d500db16126101347ab27cbd7ee7,2,False,True
xes3g5m,69a608344d81edd51ad4a3d10695604419791bde60b7d165fbdbb636a91a0095,62fac29156d396dccde00a581a99c2fccc0f5e37d64fac006df8534bf94a4ac5,2,False,True
xes3g5m,69abc7de6e987c41a1ff3a007ef9625eeaff52e5c27512dfa76b706711f1d8d3,887998243488add0c98f41da692bc4f5a5758fa0fe89981a128162325d9dab7f,2,False,True
xes3g5m,69b6c4c985c066abdf1085f63db9c982ca2f15c00e38a4dad9a88d1732804a69,169dce080c0236917bf556895c5935e2a2d1266160bec24704ce1a32bd3b659c,2,False,True
xes3g5m,69ba6f88793c702718ce6aa0fb25924c9ef2811481ef28514b4d6e3d91f64de1,8b675c0805bf0952b179e1f4a7bd78a72344c7e85d0a34777a3bdc02c54fefba,2,False,True
xes3g5m,69ba87b69b65fc7933a7849df07d1bef3b366bd6dc1ad8f5bd65be43c811bb1b,1c7c468bb618e6ad75a028b7721e2387abe9cdf1f8cc129c17357996f0da6e9e,2,False,True
xes3g5m,69d17e15a3bb6c2c17d37b8f61fd2de174caa7ece3867214d1ad5c589544289f,2330fc6ad6c72a0d67109e449d87fc0c5b3fdb3a6ac623d62c006063d79b3bca,2,False,True
xes3g5m,69d58c0c0e5077c5fa4b5f59fb160b7975619f7caff88b3cf4940477b33e4c20,a887c8c97f37c339b64fb30ad2db929b7fbc888ad3cabe4eec4e6c7c91496e89,2,False,True
xes3g5m,69fc84ea99cfe4903cf119d239ef892b91eb2a12c7d5c213c1189e4238e1f682,274328b7ecf4876a2bca65159b7f7409242ee46c951db0234fd4bed7859396c7,2,False,True
xes3g5m,6a041a4ac4a3840ed22d9d1c123d86656a041978aa4ba570319e4dd36db2534f,8972a1742ca82d8abd410c288178799351d2d0463c6706cbd6088a04f0249d39,2,False,True
xes3g5m,6a11104b284126f9f9ca41bc24c0c9ede40d1d784a1a68cc0867c752c8bdd814,818af78c197c86f8a5e14cc35f232ee2c7b9f1f6f34424cebd05e685ef9f82c1,2,False,True
xes3g5m,6a24dbcb26f272c89b7fe89b645a1599ec4ad99c41b4592914d02f986d3a0e6d,c0c15ebcd4991890b6790e04809d6ceefef9bf0b7b57c7f8fde2918733b01220,2,False,True
xes3g5m,6a271396b84e834d0596bb110d729938b507938bd58590379bb29bd6f029d534,25527e569bd9b261f0d8391fe386b103f363149ca6a544887684f252f6ea76b5,2,False,True
xes3g5m,6a29185cd70d60d413d99c18b311a8740c142583be69f898911c08a367ed570e,3fc154e1d5dd9878fe85955829199a8eaabe7cf72487b3597784ff21f5901fe6,2,False,True
xes3g5m,6a313e434c886e6cb3c6dfcd0c68d6059defbb4936c94b41a12be17cb07c9116,5517972812a2da806e134c4725c772b8ea8ae79a555298fd06e4098e26e29ba6,2,False,True
xes3g5m,6a3d5921345a779c77385922660690801f3fa2e509ee251eb41c6a0507feaa81,c1d0a4d9a8237af5cae27404fb218ab47a7f0557b4bde08baedf149de728839e,2,False,True
xes3g5m,6a3db655873690ff1495b2da58d85d7f1b8fe235e1b2696dfdaac2cfbfda20f4,a1523a8390748ff1ab95d439b35fe2555ddfa65837c483c24515efbc657ba368,2,False,True
xes3g5m,6a454eaa32d35921902c742fb7ea97cb8c467de878bd9ff0b6d20a6a6257be74,c0c15ebcd4991890b6790e04809d6ceefef9bf0b7b57c7f8fde2918733b01220,2,False,True
xes3g5m,6a63f1c7ea969b06e89d9f2111b50a3da1d2a0f604045328ec09c94bd9e57274,edc595e08a677546464222591476635faf6be28113e202f7d29c00f3af415b7e,2,False,True
xes3g5m,6a69ba3a25834b78667dad2e04db53b8430cede983cf7e9c0249fec61cc71a7e,beced7e8f42a73612ade7975719c3e1e99566a29113aa879d04dddd2d7273799,2,False,True
xes3g5m,6a72a4fb76fc0c97759d200bed774e42ea664fe9dd91216b852cadf966bf2ee8,0eecb3cf6c20c8538488b9bb51334df0798e1368613ba29dafbed21651f709b7,2,False,True
xes3g5m,6a7322bce8f226f2f16adc43cff81f934d33de3776043fa9d2324eae39f00e34,3b40df6d7c902e27f66faa69e801257f6d570905fa4997d0a04ad45a2bcccaa1,2,False,True
xes3g5m,6a990f43935c9a9449d990199470163ac6ad2bfdd1a8fffdc650b503133310ae,8d9cac3d4d9187277c2d5b1ac9b06944f90643b61056f9ee5cd09e0552db73c7,2,False,True
xes3g5m,6a9a11432535a5f0aeacb030ac6f65d4132abdb76a2c68dedf42994f2bba0664,9f7ba0af878e1fe59cec7eafcfdcf6385a77817be59601ca1aa9eb0a0bd72bd1,2,False,True
xes3g5m,6a9b14ddd2bd5ec6b12c29ae1196b6335d5bc67a8b9b91128f300101c9f2a9e6,222feb018b37b5b51b0550c3a4db165505513eb38beda60f3eae953aded18382,2,False,True
xes3g5m,6ab45363b84448ac683c5e55556fa86c4142c5b610c54520ca6a8a316172d421,f8ed9795ffaa6fb2c6f50018ea1b372504c901d8bdf46b92b20fc3bb375ae52c,2,False,True
xes3g5m,6ab79e6af7debbec92316c9f96def29b67de702b861ea259f710966e78251743,ecac8b3d55a14d661e8d140dfaeb2b9468967409bdb64ba6257dba6b47dad9bf,2,False,True
xes3g5m,6ab9d407187bb25bdfb3ebd497037e8b74d16f396a76a80aa1126e8145e4ebe0,ef47cc875663e6ad861ca86862cfb9b68d9613fb310de6d230ae9e0355ccd4b8,2,False,True
xes3g5m,6abba5ef22fa7874f71672081b77434299ea696b5cb123a628720cd85217c816,438605b23540b958d71e83e1f54757be5a0bd3fa3508bf1e822f06199a1d9a1e,2,False,True
xes3g5m,6abfd910eca8972d0dd97ac28310de2b97cd6cc7dffbdd18153abc46f123f14b,0f693fd9b0e8765c3df3dab575f2224f5a4be808c149a1ee43329119a0196122,2,False,True
xes3g5m,6aced2c3d8c4f73dc1c985eecfa189c80692d98fc45c64c5bdd3165eefec06db,c1f570d70ee2ec559a21bcacffee2cce815fbdde76d0c91aaee23f72a8d82978,2,False,True
xes3g5m,6ad28a6e17c5878ed4bf538af409f104ad0ca70be41aa105aa7351ab71416fdd,7fd48c024c201f211ee24793ff8552c3372e91ca28d68cbdd3a01e003046e4a4,2,False,True
xes3g5m,6ad740f9e4622f9bf318d480b4f1fef9ca30583f1307dc620384f2059840d285,031896b34c2d967e41a35160d854aa889c01ac310322ebf9725f9c5c4b0f446b,2,False,True
xes3g5m,6adfb977bdffbbfa56df4ee1ad5c3a88cf2378ce3eb66e6f6019491aaaee56ff,04d7ac4d0cc3f83a4acda70443444a7d360a9c6a649ea0e790aae95b43ede75f,2,False,True
xes3g5m,6ae2728a2f08f8ce08a959d86e4ab894432cd4e23f7446bf73ea1ba0a336c846,4f4b6156c29530685c535189dfff7f2211ea535d86a139d92ffb1c3b4ffe5e6d,2,False,True
xes3g5m,6af3bd1b58d9bb60b3ecb5bffeca33f7ef65657bdd79ec51b9b688bef281f08a,156e3e79df8147c3512ab9b4b2b06e8a74e9a538552a288f9608fb382b2c4815,2,False,True
xes3g5m,6af9697c772c1108fe0ef8b9f23ab649793be20f250187053c5e492abb835b0f,bbc15de0dc1aabd93cde9e2c2100e7b8a3b7f280c5ecd8b9125a08785499ce25,2,False,True
xes3g5m,6afa56b5e5d4eb42600dae4a900c70657c4a63eb7cbba1e8b950022d24a335c0,f97f70cc4285e6a33a54a1b9a514c375a1183c75bdad55b35dd69bc900bbbf00,2,False,True
xes3g5m,6afd853afe8803eda3f314f2d6b89d686ab5277211f7a8fb8e50c77fda05320d,e91be86cf19804fdc48787a2a319e6e3718d78e61757378d459e81e147c0fc19,2,False,True
xes3g5m,6b07920432a7764613e2ac697bb478907682390b3d588363e79b45d1f7d20782,aa0eb2a999b8ab8e6c885b160c6d4804df0e5797c241809df63428a10327b0d7,2,False,True
xes3g5m,6b0fd77f303c1d522c7543d276292f73992fd0906d4ee8284437628062d59bda,13da9d06ec991b8311d8d80cbb702cc71962eb28eb33e3be436e37125df89b18,2,False,True
xes3g5m,6b241e1e30b26c902a1e96d7ae43e85b54db87995a9c0ffb3e769aecc0f85fe5,d2dda37faf9f904511a56c2c0a6b9d4e692201a0d2afb74d467305a1f52b0575,2,False,True
xes3g5m,6b266841477d862f00c1aa41c1445f7f731ddef5575722fed58ccb68dd7aec48,2afb98c11ed31d2bb301c71083e52d1d90967b394acaeb7888726eb653d60031,2,False,True
xes3g5m,6b38a12002f43608e730d374b06ec86ea94eeb6443c46eb26548cc45f2a58a22,8122d54b6100f8909c0e604cb371ee897b01fc7afde82ff15159c9609bf2b616,2,False,True
xes3g5m,6b41b877b5e6f25caba2c1698987d2b31b525405f04e646a4b3b462937161f3a,9b5b1d95e0b3b2385e612b95ad09c0506903675171dbb577ee8f12b6ea276b16,2,False,True
xes3g5m,6b597fbc190e21f129d44119399023740b08057082755678969d956f58d0c673,7b58126e018f8802498a9d4a657dc57bc92bd5fb7138d6b6d82cee9bf344d4c8,2,False,True
xes3g5m,6b635c5137a2dca6f783e736836cbd9523b5a783e9a620e595c60da15ffb71ac,beb6e036cd841ffa4273102cdde0c30d03137e320ae09114c714815d4e7201b7,2,False,True
xes3g5m,6b64c2fb6a279032c926e2c3d45e6f3b48bce157507d126a5c2e0baa366b938a,76af1f93d0a547c69af895f09a0a49ab9e533085be5a2160de90196ef6aa36c2,2,False,True
xes3g5m,6b7784005d9dbb54bea900eed3ed27f8e363781cad9d518e9ef1521502fa058f,d18c0c129ebff17000391a47b9022d56cc7a0526fdc63d4321bf0b40a2e43e1d,2,False,True
xes3g5m,6b8241a3d5b72092b7d69a3df10ec0e89617e3a576822081869eb6110f1ca470,52d582bf078d60c0401624d9f6905859f54f4e29195e87cd506f4e27db2c911e,2,False,True
xes3g5m,6b8435587402df4c1c4307e2b6465d297dd8aeab12e142e4d893ce9f532b0e71,3b40df6d7c902e27f66faa69e801257f6d570905fa4997d0a04ad45a2bcccaa1,2,False,True
xes3g5m,6ba1c4d4c392d722ddfd3c6694bb0d06ee2b6d0288aa10a7323a931e5df823dc,13da9d06ec991b8311d8d80cbb702cc71962eb28eb33e3be436e37125df89b18,2,False,True
xes3g5m,6bc6947b3dff698c425f94c82b82d7b0735dd7852b99b89bd1e1ee481aa0d863,cc6b1a173b690acdac9ce1912d0884521acb2500c0f0aac77c88150af20b52e6,2,False,True
xes3g5m,6bccaa8ec86b4765326c855d723830e5351388c0f9da4a996359eaaefc2c341c,8ba936fe675f86999e9e9214df5912e02525ecb68f3cbb0bbc59fb25a677e14a,2,False,True
xes3g5m,6bcf9800f0d65d4b7758e5eeb56bed53ba686a9af9d16a2763afd1a7dd04e068,32f1785ca8a9ec402903c34d394fc8b0c38c45b511a60823d9f0306b9c41e08d,2,False,True
xes3g5m,6bd35d89d0aeb9a129496b1ad9a8ce9682c68daee2affcdf076e345e33106b40,021cbb7a7a01dcccbd5219c10430dbf7b7310c9d11881c97fbdc44c9364d8dd1,2,False,True
xes3g5m,6be957aac392a6067ed6966411230a6dc4adb42594ca68b791cf051eb74b2a94,eebf1396968091a3a0ce301f100f394e9c7c97af68e68206a2d5aad232078f25,2,False,True
xes3g5m,6bf46650166e6e094586f78e20e0c11728dc5e194a56d7a431334e0832cf8ceb,7abaea58f4b965f4d654ebecc6c53c0464a883f41aea69947aa9ee4ae2a7ec4a,2,False,True
xes3g5m,6c0991c3189e6b4e83bcf142b358794b8bce2c5760db77cffd5b0f96c7032cd4,3f392ed9b69b578ca177e9c56d15f4abe500f7c0b7a29519e9ab03967291ac9a,2,False,True
xes3g5m,6c0cd34a122399a98698f17346e51062bef42d92f93d6306c88be6f63c339ef8,0cc7d23cc5777bfc594df89d82936e03cf2a1da5f4b356d06937b29a63b23ed3,2,False,True
xes3g5m,6c1fe7ceb20a19e572abfcaf88b2c8928e8f9ff138bfb8d83e4e81c9be1b9ad1,7ec8b03a486d3642f787bca46f9d2b0cce394c40fd124f777186972d1ade13ed,2,False,True
xes3g5m,6c22dd8cf63764081b3d3f7560fd37b7a48c9739c9f0ebcaf219fa11b3b082e0,d45219a88dcd322e8ac32f9ceb539ac2056d2415d77810ae1ef1a609b68574af,2,False,True
xes3g5m,6c4368dbe058d2ebe0ce54f5ef194421819eb19fed7b0cdf5eb65b2196e2a80b,a6a0cb882a6b1a7a44cb124f974581473987691b80d78de33faf3b400f442c10,2,False,True
xes3g5m,6c480137a80c6fb4cca3f7d5045459f892e371eeb94009991dcb2e1756e7c4d5,cda61899226b494998c1e9fba38f1f240ca1b7df3478873643341ffa7c740197,2,False,True
xes3g5m,6c4af01e4b1bcc12c273b319a782aab8a528910da42dd2f970690f321c5365ef,e56a10a78e1dc4a78fa337e13ffa6e3f81ae690e7e348fdfb99a183dae425294,2,False,True
xes3g5m,6c4bb9083ab712fe381425a41ae31f936207a0ab48362ed7d868f0bba00576c6,c9cdfd936b952cae30539398a110001f8d5117be7d6c0f8618786baf5fa20a04,2,False,True
xes3g5m,6c622562d7df4efe94ed7fee00c36057c61b708dedc85a954ce30b607d4df343,b11a4947926a22e4c96c0d48f0faca42c0c220724d1f7cb7cb9aefb5f15a4880,2,False,True
xes3g5m,6c62edee448d726a26b7886f64ffdb8b2ebea30d5a09efe9408afbf00f6ce8b5,b7ac342b056ed9f370f9a9648c4e2fc11f8ad560012676bd23b55c8340e695da,2,False,True
xes3g5m,6c7fc5af4951df089d4e70a6fda9121b28085cb4e12560060fb80001186199a8,fd32c9ed2c596469b48cffb8e3e272c66d3def653e5353afeb139e1ee6f730fd,2,False,True
xes3g5m,6ca6f73d38a9e4e10f8f0b7bc34fe424068b315aa6a63f46ae0ed2ef74b306c9,3cf6f31bb759fdc739ec6c77561160812be6605d58b6fffe398d3eb1fdb157d6,2,False,True
xes3g5m,6cb9bce02bfb980438d426ea33d5b5bf5f2f8a5a9cfef713932d2655707e281f,a379d8d82b850d07f2b458f6f14e52e751fedc07c6eef62dd3ae1977da155689,2,False,True
xes3g5m,6cc1a7fa9c8131ec7e881d98840d39f67d80969a70b5e22b8b1b54da9dcbbc1d,81635319a9069b89b9dd062e3db7c53ae16c7a7423731e6f587e9f55bf536d00,2,False,True
xes3g5m,6cd399b30c0fa8a21e6997ebe8103eeda4b7dc88289f421ca164f6c98baf5c62,752e5906e0f39858d0bef1942b903ba979f8995224ea39415240fc753d45336d,2,False,True
xes3g5m,6cdacd44b5ed271391ec6e7fd35249fb14dddd3c2284d9f96d01b7f1c7b26649,84279b1c215af2abdb2f7b9252fb89932c956cf6ebaaf038c307d8e84ecdf9da,2,False,True
xes3g5m,6cdbd4e6ca3c75ab116ac99ff3fabd2c4dc45d9446910311516c469ead02aed0,eebaad8f52dbb3488d771dd9144807dccf4e0ff7d5698a4fe678e7f5f064ef43,2,False,True
xes3g5m,6cde4f370ef0f37435deb2bf2bf3a46cdad84fd41c9683ad77ebe6a76241c028,dfe3b576c3cd63ac240e0b468f61e54062e5f7867fec6ea56071aed3a7b02a96,2,False,True
xes3g5m,6ce92919d834ab89b657344b89e662b2e71db19564f606ddd0f134c56c2415d9,deddf312b101921b023f01a9cc7d7464fab2d7a6d2c5e3b33e721c9b01d2c205,2,False,True
xes3g5m,6cfde9456ffa3c911f6212bd232616fd1adc94f29a9d0cc0e3919bf6e83f1333,08b1331dfedad45e50d9eea864eebd1d005d075c31a2a713df2f5d7ee5495367,2,False,True
xes3g5m,6d0190d33e910a64b5a668272cd31ec8b24759c0aaf5cc35db3ff03c140937cb,7ece4a9ad5f2b9666b381fc4c15c2e966b93902398df66d3041e3d965f09b530,2,False,True
xes3g5m,6d021fc5cd681af285158caacf1e4f3007fc31de0ca1b00028aaced1be785a90,57d6d455609a5493de7337f7ea3a8c5ad2adc3798fb1a4afd723607242f27d74,2,False,True
xes3g5m,6d17550440c54a007c2e606e73fa2571cbc096c799f7d024fd6c63615a201020,3483f46175502117b89a8c896ae2e5191d193a94839c0b6c642d7d7020a6858a,2,False,True
xes3g5m,6d35e01eaa3c0714d605265b9681cd61dbe604ce68f8acf4f9089f221287f300,b55c3fb4ae840c3cb4139e19e0e1425b7cccabc1b39d143a9a39d44a6955e672,2,False,True
xes3g5m,6d46b3157f0c1893b780a204de820875fd7fe346b7c3ae65752f9b831c15e45b,fc1a0487287b8ce0ca78346b152827ea98296bdd82d9087c59e5b85f3237c74f,2,False,True
xes3g5m,6d572ed23e6bd61e8e6e02e6252c065d78cea21fd530b50e274983f00795a64f,344786a4a269cd5b9919cd8ebd374a2f2f1565cb41c2d90996f0be5cb8f3be95,2,False,True
xes3g5m,6d579c579731dd5f90174155f0a2bcd0ef78440d1ccd2b9b2df1a3e10fa74941,4a9dcd6f95b24f3e3b5fbc09a3b04d26bee1f0011be986b1522d445b6e94339a,2,False,True
xes3g5m,6d6125dbab786b11d8a7d9bac0e5f2140029b6799af4781127d75459396e4332,f2896a689ed1010a688783e60a1a699a572db9eccd66afe5ab7a9712954936f7,2,False,True
xes3g5m,6d696ae543892228363490eb29b130c5d88bddb4adbdbdfe52f5cd49e7cd978e,28e3ddcf16981df6d4925f69f2c3464c50d7080add7e71bf1091a7fa4013df64,2,False,True
xes3g5m,6d760741a6f6c97415ff33c0fd7223fffc165934ddf26c4132a26977f45edf9f,e42614e03d3d9f399d86fc16a9abe631e103624d48a7603a839c762ea5a45881,2,False,True
xes3g5m,6d7cd1dfb333b8ec10f186f5d1ff0ae41567ae94776a6fc2a4367c96569148dd,efe05b1cf6daf645d38aee3838a358c2cab66ee67bb0843e67534fdaa43f2f5c,2,False,True
xes3g5m,6dc4f7052051eda3d43490b8fcfc4596deab1959ba9913ee7747510bc0a818e5,32462ab349edc340a83d84a1df8929183491dd70e2e32c0c5d46f5506ccbd6ec,2,False,True
xes3g5m,6dd22e1aa12aed5ea9c4237227262f634864d3a5cfc850ffd0580e61a7928577,980386effdd833ab9e520869494ffc4bb67e42702b00e4035868d3f865082133,2,False,True
xes3g5m,6dd3810f7bf32ce0196a928075ad7114a398e2408f8abf94e3bbe93ecaef142d,b68eb1006b4ba9d0deb5de6676b0310839b71e691a55e60d40e5e98533be17cd,2,False,True
xes3g5m,6dd4bebeb993c9d16a9c37c600eca1c7d8227aa3877fe9fa2910f84810544f79,117d37853a8112e1bb5f67a95b80b4eb2529727b8e08774d4bfc48a0415376ea,2,False,True
xes3g5m,6dde0aa27817babc8017308dc50aa37ad68cd12e5b789be46599c36877bdb2ec,bfd6d8560d7c6531bcdbd9cc9625e4e2e3264c0bda12223d9c21c9e097c1f6ea,2,False,True
xes3g5m,6de3b7b9663fa1b6ad456ce9e5765ea0fc3f3915ee683e2f55ec7433c8e9b64a,608ced1a8b4db972f9318aa46a82ce0f232bb3e6c5ef41f194275b8e4a8dc0ab,2,False,True
xes3g5m,6de43273a37a56357936d4f7b960fd01250ec67bba5f6919ba515560379c8a3f,8d1002c3e408810676263fb2961631b5b30d4076bf342f3c4d1fe1726c2b73fa,2,False,True
xes3g5m,6dec24ac88ed4cb71b3a54ccec6f95e30459c00a38ae00ec14dd3eadcdb83c69,5d4e65cd683902badcfe2fd16f6e2f6c89a3364225dcdd415d5d7ecb7bfe926a,2,False,True
xes3g5m,6df1b2aa3bb73378e4554798ed03b541b3c04d2a1515b13a1bac1897bdfed16d,d57cd1b9f4d826afbba00e3f35420b7b997d3b4ceb89a86955b3f54801066789,2,False,True
xes3g5m,6df3e43040c94877dee889323ec6d8d119d4162b9ec4043621762b192a980da5,e0da59a8e97ca62a2e8ee000b1de665a1ab5417b87ea62e3baa0e5d6f7411c0f,2,False,True
xes3g5m,6e0415d1eaf9597bb0ddecfeb04d0cfa707999fc34ad0bb9a51890b210f34605,a9bca41f40260820bc80e4e35fca4718f420a913e31b2ee43d286d37777dc230,2,False,True
xes3g5m,6e047430e61c2e46f3689c4c5f4e1a64ae3ce18a7441d93865f7f4d3f4006743,736419430eda39cc64ee1f94a07d14906f6fda08b6eb9575fa0cfed49a809248,2,False,True
xes3g5m,6e081645c555db90b993ab72f19a9f0166f7a0e4fcc03d908f322fa93f0f9add,baa92f772781df6f231e83d57a4d624b05fd9d951b3c98dbcaaf42ca3cad004a,2,False,True
xes3g5m,6e1fcba8a55315f16ab518810efa9b53066fdbe50a6b195c4bfdb70542f70b6a,34c0a1b2897977b64e4af5990c2766914e6e6bf62b54c3b2817b3bfb23a631bb,2,False,True
xes3g5m,6e296d758255bcd73a16443dc2e6364e338cc7298b171dcb0b536e1f6ea278a5,6f3ac26d782329d76dae6a8ab3a764f1ff7b31f0f9051e667acdab2d5818123c,2,False,True
xes3g5m,6e4a8875d1fc960fb35682af612c9db563ba4b0f116bdfba460ca5cb9ac7d30f,9f31da9401e2d8ff137cf42618dcf3bbe7f479403b0236a41c2c9b5c94235238,2,False,True
xes3g5m,6e593042e7652cac36ec65912dd3473a9b65e449da309ee9a3c8d56b315d5137,f6ae1febfe14bfa1f8776c03026d84ca43ba0046aaaadfb80dc58a7a2d4bf9be,2,False,True
xes3g5m,6e6a5aac0999922dc0ab025d7fa13873c1115ac4571895920ed61f44f46fd719,f0b05d46fa40f9b3050c0d81e52b10525a5ab19506a86a88398051e676125df0,2,False,True
xes3g5m,6e7877e1680138636a8b1ff8a396970a5a4295a9d54c7fdcc1f724294607e3f3,0713a471bddb1c6b7d68f0643f6b62e7626cd66d515999b790c01cae31bca619,2,False,True
xes3g5m,6e85b086ccfd57a0329cf25917cc15be3fd81e2ac5e206bdb0f0c1ab7015cc27,f65bf52c2de15ed23449a4f1391daa53482ad1afa081b77ca8ee48f4bc0b9186,2,False,True
xes3g5m,6e86ed9bf111a95c4e09c4714dc29b27529ba38df3998c5540925c2557694af8,5be7dfa97bb930e94411b9b73ec4fb82d1263964256e9c548c039e5438c44d7b,2,False,True
xes3g5m,6e8e5d6263b4f67261d31b30eb742b2141fb0d7eb8f6c96a240d32afb6951046,869159cd9ae969bf5a9efa7eb597d55104a8feecfabdb9a52fc8ddde63bb4c87,2,False,True
xes3g5m,6e94da3669df90acbad4984a9ec2c025292d638b3fec42d5813d51cbbb9b0717,4abdfbd54262210df2f6173004a6375ff3ffe90ea777af944b9ecd82153d1f94,2,False,True
xes3g5m,6e95d671f3166ad7ec895b4271f86c5720cfc6909d65355c9369ee9274bb4016,47566775350a408881124280f06733428060a9e8fe4e4322d6de15de1c593278,2,False,True
xes3g5m,6e9a5a082d8599e618077eb479693ce680830c0a45246c98ca306d0e4019dd17,3766c8ab50152abc37b2b1b18585923accc65535459b6a3810cd6c426306b8a0,2,False,True
xes3g5m,6eb38998957d543b301b397a1f8d5108343a8b2bd0d935f7660e27efa8d36645,8b79127f5253040b90b988d6e18c9e8b690a8ccf4a188eed55ea28c21fbcaee1,2,False,True
xes3g5m,6ebb1f800acbba82e80d9cae375fe4bf4ebe1d9264cfbc0ab9aa5fdf99062885,3c85f59fc8c16e29a74346969a1fe0bfbe1a1f823a8bad9daa35c533442ecdf9,2,False,True
xes3g5m,6ec2ecc6f165468bc6b44701978605462271d9a15e53fa880d00a3e00d8aceb2,88b8f511292fefe18713feeef99d499061b42a7ee9eb2a4135681c8a2858d448,2,False,True
xes3g5m,6ec66ca223b1b62dc4dd6a628d91b40389e7a2c4b011666d8fcfe87f7f6623dd,7666ed6f3ef801d85e72724fca3711af20da7838491b65c87d956319004414ac,2,False,True
xes3g5m,6edcca4f5168c44a0034a504e50c3925dbe4d308d5d4c2ff57bc543e399baf98,69949488b5cd7ad8bed01e163e18c7b348a6114e35b9d4f0bcc797bff9cea1f2,2,False,True
xes3g5m,6ee5cd555c8e8a62bf32be7c5c3581547f7257a8804acb05d4f11cd6ea3994a2,d502b1f3dcb9e8f6411f9b148bba10ce42a459d02dd8e0c915d78ad1b8153271,2,False,True
xes3g5m,6ef305369392bd59c1c59de5da7d8191ce199a64af3e42d80b41c6ead71f3d0d,d9b81d17ff4931130f8fe008611fd9dcfcd216cd6a4ba048c7765a3cc58aa8a0,2,False,True
xes3g5m,6ef6d63b5414d411e59daff1b8703dfe17d1bea91315fad48227033fc2d50b1a,4f543843d8875a66f3e3c54b5d16d146e0a2fed87d39d7f2a964d1bc3521229f,2,False,True
xes3g5m,6f0138f2b27871571ce4063af43b8a1806c0c556d435a7468bba5d93103e6c4a,0911d821fed00cf24b37a83f0f89f31660dcba2c776208bdeb0ffc34107ddbf4,2,False,True
xes3g5m,6f1146a347bcd4a6a6be837135d30178105031c98e5df9e8e92e9bd72dbca74e,0572137ffcdb0225a2d8412b06d9858366615c2c5818451099ddb1b25e021ec1,2,False,True
xes3g5m,6f119c80011de91e6c20740da653a2df32598c76b828058df1c7a628ef1d6ff0,4b7c85285cfc2abfa87d59e5ee16d74b56aaf7a89288541b4e69355abad5d27e,2,False,True
xes3g5m,6f1a2cb13862d180093f6dfa2a27e6b7ddf050195b2a19845d67045fb1b1a74a,1314dea3a5fbc67a8ed62d6bdff6ef3c27aea5e39432197d15f90da723f6356c,2,False,True
xes3g5m,6f2bc86c5ac438f1eb98b94b68bd06239fe7aff9934abf6689c73dcf02a6a125,81558ba2b4ef626afafbcdbfefb70c86b485a1255f3dd5165ad6da1007d15d84,2,False,True
xes3g5m,6f350723a9bcc87804fd0fa0a23d4ae98261a15b49e01f53485ec1213e892964,51c529d8f4f584cd96dceb71fadd2dc4c4e7036ea91d869267335fa8fd7c28cb,2,False,True
xes3g5m,6f395ca0f46de2b0a9aa0b829c40cdc0ef396c62f402907176027137310379e4,01763cc89d9f872132284b097ac2765035d09925357377f1d664a22c63be9b7a,2,False,True
xes3g5m,6f43605a6612c52f04e472a0522121153e4365d546193f413fc54e7739edfe0c,16bc52c779da740c75c673977f8918efe33c720ffc6c26dfde3c3c46280b9565,2,False,True
xes3g5m,6f6e91810fbada2a518f0f0ca5d4523daf24a444c26954095ed162bf378e46ba,c46314583ee1ab692acef8af4a0b3aea8713de9e8f0bdbe683d37bfb19e2a947,2,False,True
xes3g5m,6f7ed23291934473b6b214a8010b08bf691bed1c513c3fed66ac6035653adbf7,883335df8ddd34b9b98747de813483aafd73073c9fc709c55dd379e6115d82b6,2,False,True
xes3g5m,6f88c0e60f4a0a2a6e5b4914c300b35eea947ab24d8f26bd39e2e0b68e154c5f,139aa7f075c149c1d485402d49bfc97ff237965abcb2b5218c7254aa9173ce11,2,False,True
xes3g5m,6f94ef4c2d68900cebbce2d507e9a4e34920b3a04099ebb734b2e8f83733a559,f69b2c9fc4fe240bd656a268bde09d46f9cacf2c2e096a1589f974d7a16b36b3,2,False,True
xes3g5m,6fa7f02ac019eb6210b50371c67e2a3d4b56c833f85089d5bafc13e846323bc3,5bfc54c92063f0160131f645f6de50168e560b6d769c3ff35b11171021ff438f,2,False,True
xes3g5m,6fbf2b71cbe97ba25cff3b37826e05458a9ee22f8a47288eb04919ded3f22ce1,b9562e471ad1957a10306777d6a9f8a5925afa4e6997077ecd6edc3bc45c7056,2,False,True
xes3g5m,6fd76e8a827042df884c103151ce9fe0855084667053ebed82de983934312a56,1a066dc32184adeab1d97eea3678d0a383f4ebf6d020fd33b80955b95ccd86a9,2,False,True
xes3g5m,6fdd3303c148f2ba7844b275c0a147ba3cf927ce39d1a6e1bc521c0cdda0120e,b1afbe17e3048340c803f2c35f2ba89c7c44e72dc7ac9bd36b9220656da9f9de,2,False,True
xes3g5m,6fe9337bebdd645c4ed53666ce2be8abf4cf22b5ce86140b481df2f66acd488f,0d60bc8548bc55e08d833e7205a2f10bc95c98f86725f3eaab467f44bcfdbbf9,2,False,True
xes3g5m,6ff033fd2a7aa45c27a65d483d382c1f70c4b25a0915269612079dcf7d1282f9,138edd441e9c262216dc20889b42f9d5c366ed1f92e243a0fedcc6fa123377a0,2,False,True
xes3g5m,6ff099c1ac7ec10ca593277d003d5b095f3bfa5b7cdc5ab60e72030da181c9f7,f5c5ecbe291dc8696ca57c73df4706faa1ce9785aebd596aa70ed8d8790b1c9f,2,False,True
xes3g5m,700050481f740f13e78ddb86dd48a534e655b217483b6138681f3b0f1d44e58e,7c134671e236b4400057fdbb6643f57085304ca5d6e3b254a9f73f5e257d3bd9,2,False,True
xes3g5m,70077aece25cd7cc07f0e2373f3e284a859fa038f14cdefb94b732eb8f332169,37ceb5496b555344132b61f654312b95e4909ba04666ba1ed5253159a4eca80a,2,False,True
xes3g5m,700aaf295fc588396462296d3798629e4257a0c4e786ed2dba0802cefc69ea58,c6ba5bc11ae38b6069beb85e984be1f7a4db4699d3b2546ed421b920bd0b7225,2,False,True
xes3g5m,700b967df2ebe66559fc1d6da42d427e54c94219c5566076eeabf6c881efeb71,90293ef6ae78be161370941e3bdc116d34c870953a72f084101d011730ac7af9,2,False,True
xes3g5m,700ce3be425187b2bd655eea04621df8fa9b50e11f1fd809a4dc9ce27e41765e,05cd450e2ab34b41e60f7fae07e819321f40c801cca35cc8ec520dc8a649265d,2,False,True
xes3g5m,700eaa4028f84d41f29a8c94b1e42511f711868378d08ae2ed50c6ad4fc79945,92e4e688c930dc66e7630a26eeda63c33aa8d15751719782fb0239da3ef5111b,2,False,True
xes3g5m,700f9edc73b3fac316d19a64b40f74f4aa663f05ac8ed3a79c233b3a79507430,40e796f7b9f7d6e7f70ab8e59ed0c712a8ccf96493fba3e68b98cda956277889,2,False,True
xes3g5m,7015682861346a5a093727e3d38b44eb71c9d5d6e54ed2a2f8192102dac3d48f,6f3b0e6d26090174657972392b1051600677ee9fb334b1ea9c36a049e47fc8bf,2,False,True
xes3g5m,701a809dc5723c3527d95d7dab57d7b30bdd568313b32e338da7bbcebb4b24e6,e09a4d40ffcad23af13c1022421c05e2bbff3b6781a49b83663296cd99574aa3,2,False,True
xes3g5m,702108dbe83e482beb5cfc642a620a2c93373aaea02d1f992cd369e9a67f20a0,8b239f91b616ab19ef807dff41e04b03f4843e933dbf3a9eb084519b4f06a4bc,2,False,True
xes3g5m,702b61264e19f5884f848f2ec9ed4d022390af25ea8bc63c38486c7476c1ce09,ce2ec93b71397a329b5c5dc69efda3ff1b5da0331062fe899702d92a16849d6f,2,False,True
xes3g5m,7030f78a4fe3da990e3f57cb479ea218343ef7745f70fa55ecc32b01e554941d,67383bd97290bbce1ee96f8d5b5f148fc7f42e59129d858825bff66bc7693ca0,2,False,True
xes3g5m,70364901a6b7cca40b725d56487e44fea2bfc5ef9eabe3824aadeec1c346579d,8696121364d30bd2f457fa14fb103f8bb99e5e104d9ead56ecd1cd236838fe49,2,False,True
xes3g5m,70460515ca1bc359934ff0d23eebde2d19fe74e8ed2e0ed5620793571677c683,d9f3b10f09bbb0e2af37a8c3f1fbc5c1d2028345f387a2f954d4fa7b300b554b,2,False,True
xes3g5m,704a0256443bf416b732049308571ad152d189fe14a7fb043fde78972f68e3bc,f7b34d840b6217a196ebba94e7da33f8170be68ec64e52cfaff286c36d64123e,2,False,True
xes3g5m,705bba364eb6372ce5583a55192036c9d1fbca2a95ec11517ddab7dadd58518d,43b7eba29ef4eec52114b6c7abee2e6a9722daa84af7749d40ab06003fa7eb81,2,False,True
xes3g5m,706fb66d25ddf992ba364f4b7937d96f2e3a3b03ce7f1ff020e360f6d11d813a,dc0c7fdf2567250de507eb81387b4c10538b209cb0e0947ec3062e2a16993128,2,False,True
xes3g5m,707593f8b29494876927c47a43b5825a278549a40dfc43ca02862a3830ed350c,fa652e5d7cfc08499f26711335e46a5d58aea1a67bbc81496dea18ddc7253e5c,2,False,True
xes3g5m,707afe4463adf4f624614b62ccd2c96669a7c736347b5a345a9826c87bc31bc9,babd93754a4adaf44bf50058b57b4a65d9aa8b38802538b668d5047b4ce871ed,2,False,True
xes3g5m,7086e48b58596331d2357194a74a2fe70a4a57b22c250eade3e9a82ce8c38834,9c93645e5671ad13f1399717a8079a57c630db80d17c0fe5474fd9308c157917,2,False,True
xes3g5m,708d7218192dd12298e8ed2ef2d9079c73e22915b902d83adfacded64748ab67,7a243675ddc9972174ee0eea0fc2203e01feb4ff6a1939d79f18bf1a4f318d2a,2,False,True
xes3g5m,70a7f64ff81f9f3a07fde09c920006f87f6ed398658c2103c5a654680f592421,cd76c7cf489008c56966015c51d8c4f5e70618d89f946ece436a0d628459b07e,2,False,True
xes3g5m,70aea2b5f3d9042e5d630d1e35a69012f73495fd183afc8d44b85d59e371bbd1,c6c75016c0332eff78e821b1312cd4bf4ecf80b5b285b2da66d924058a8158dd,2,False,True
xes3g5m,70afd99f661324cf493f46ad43bd825136d8e97043bd4c56fab855ad8fb526f8,b8e1380cf8b19d053c15b03dc766dccf3d2af83ee9b49b73e5e134ea5f2e80b5,2,False,True
xes3g5m,70b23583902637230c94b7eb598464bc1f87898ab502ffd217e013b304c2ce04,1763b93d7c1b0e83d4a49a2fae58226b34d4d0f4b1917852dc3499cc58eb30b7,2,False,True
xes3g5m,70be6dce0f8a9ba2294a92f57108c5c977bf2ed5d3751204b6ac932225c18c60,1baac4ef7c052026774c8e812da7374930ce744c27f66038347ad8c80fc26bc3,2,False,True
xes3g5m,70bf2ae35db9d033c57a5cdf7cdd9d36afbc345c8b96380e8c32dcf7e5a7f8db,ea63afb91f002cf83a8bb46fc01b8d72c40205170a10c5de8957f0400b69fc5c,2,False,True
xes3g5m,70c08bd2398e7e0ce7c89a5e1a21b9b7128269c7a826f89d0b40367bd136915d,71f1c7610e6b3c255ab214dae0b273ab5e4d14cf3c1ee3dda445839785c05387,2,False,True
xes3g5m,70cc949f5e9c4e5c7010d93deb8696164f267c37667cc4beada39f6038c5ebb4,dab014e3984d12437e854db0a89b492fdded48349e1d15c6791fdd4579dd1a78,2,False,True
xes3g5m,70d11828f3b0bf76712f4575441e3c0d147102d16c449ad0f75ddfd57caf2037,28a2f293c7f2b10c00a6a2d58679d985f00b8c7bab6a3487ee5fb6f501304b37,2,False,True
xes3g5m,70d6556fe5426e976ed2d157516a46d6a850411f2dfd5ed059018b6437f355f5,c9c6415ebb277f87c8f83cfc41c00ed534731398f22567e8174598eef57a62e5,2,False,True
xes3g5m,70ddb4ccda0a6f63070f4adac6fff2e3f237b88dbea367b1d7ac92f5b6d64f68,d0267ece10ed480c7b7f70f3723b883f3df4f7f587216d90b51674859578aa4e,2,False,True
xes3g5m,70f04b1eb180cc2a9e6723570b776bde4ebca7d9bc8c08c9500636aef22cd6e8,ab97571ab9cb95440e3f14103605a4ee1fd21a7c656780a9cdff4d7b1b99ab71,2,False,True
xes3g5m,70f2ded8eac81dd2684354f7a66767a4045b4117871cb768ca50d3175f874ee5,bedbeea2904afad1e37fab1064e3b331eab401bd7bca7bb4c5b5cb0ceb5e5cc9,2,False,True
xes3g5m,70f7baa2cc117200db99568ba1c957bce8f464a94051544de2c9405c724875d5,b24b5c7c6a53588685729d5496252b130ad4951091e2bc3007f3e310107aab8d,2,False,True
xes3g5m,70f9be93390f9df1efc5f8743eab7ba1c8d3bb94d6c76ce3677f571520940880,e208c92654d497a3c3719fba615ec97e276cf8c0fb263c01156ff6cf37f10315,2,False,True
xes3g5m,70fa2eed639ad0fa94ae876dd52da17e2fb4c1933508aed6d9925ebdfca00a78,4163108c44c1b7fc5744d649b99c18243d3211a6fa94090f417e47a6a6959b49,2,False,True
xes3g5m,71001b6b535a64747945aafb44a48be54b60515099156182104cc7069c3e8d8c,dcd60b59ef716cb759e4ee94a8e9ad0d9399c1dfaf78bd1658b5ece1247cdb1c,2,False,True
xes3g5m,7103b2262b84b169f5039ff85f2670eda933f923a383c72389a25689ace047be,5b00a0ad5a176ec3eeb890f133a215dfd86977e09f25b893f7bad61cd3c2ec40,2,False,True
xes3g5m,710f557fd17098b9924206e2fb8ed977ac0652ea92775d3059d1b6a9657c8526,bc0f4ccd6ef5f696fbab5c834111fcac340791cec1ae10dd6106c8e8934dc230,2,False,True
xes3g5m,7128d866c5eb1466f3cdb57595503e24d45d1e275c0b83f33fad4826737fd654,f10813e8ee3a222ecf88d186a1593c5cb48dcf50ff0838467e3f6ef50a1cdab8,2,False,True
xes3g5m,7135b8c9f3abb33a4bd3832f4af683ad6be6ee20dfbb9477f2061979dc0fe57d,e18dacd75c246a26b127e358016c7e79d6813fff19bd4bf5082e83f7ab9dccfe,2,False,True
xes3g5m,714271e89a706b372d4c1be7274c4462a7edcb4ca125aaed69beaefb6fc95362,97b9280a0047f2b595cbe95f88c20bae2d3343c5a27ceb5199fdc3b0faf72b09,2,False,True
xes3g5m,7154ff02f4e73e5cc0072ce3f51d524e58bd36f7b4b2938f6b6b340d5ade6da5,56db119ee390dce11f31bb577b54a2fcb2c3853b17891b39d6e06f2bac30b320,2,False,True
xes3g5m,715549f0f1b9ab1999944a3601a89341cc05f49c4248118eb6de2568732cb056,fe6232c1edf3e2a793c9215cf5496031c39f2a2e7a260faebf7f66700ba9a6cc,2,False,True
xes3g5m,716084ec6504ed4923f8f9d2148e28dd0f027b30588f168d92d56c0f12e1ea18,2fb4a58384bdb228a66d671688b8b36e0f1c5c94796773aac9e25a245e62c79c,2,False,True
xes3g5m,71619822b2af76b1d2468f003a65152969dd2f8dc24c3c9ead7754c586bb005c,1f8e083b6ef1ae1de817bb344f2c5c09f8fb7eec7ab8b2b33649c2027dba08b9,2,False,True
xes3g5m,716d02fbaa29d053fb16ce7d4bf51bae3e7bea41615f180d144152e4c15f7687,36470039bbab3e1b079c5274ad901b3498f726dad414e6aa9989ed38a4055ce4,2,False,True
xes3g5m,7174af064ba0741f8857b359b36d8185fd8efe7fcd41bc5d8966187085dc25fd,3ab1b61491fc05a45bd1da1535b8fec9f5a741c3968e8c13feb1c255e906fbf9,2,False,True
xes3g5m,7188b9a8a5af8169a3dabc03b1156e75104777b0a9c22cd359e8dc250bd4d545,762ab8f11dfaee8b05f8db09ecfabb07721cec331ba02a3624273b59498a87b9,2,False,True
xes3g5m,7196ca82de02840147d77deda0ef8a55ca61773d801ffa9e2d8a7eac374e536a,699a90941dc372f534ae88fa938052c58ebf4903f5a66598a8db8ccbefa2b720,2,False,True
xes3g5m,71aac1ab32f914249541ed85754d727aec72a4e9c74c1c5ed2df39df83597651,71d1fb91827051e3a07ea440c057d79941f14417855531a8903c49b568ed78b9,2,False,True
xes3g5m,71ab5d0d701bfd0d2c286f3fa52a485ccc958167f57c3b56ab14f4655a9bf2ad,412d7be9224c5e50dd1ad3faddfd20bb57a816c595d0e70c70a6c1546698bb4e,2,False,True
xes3g5m,71ad2791dfca9a151485224d1f764a1d8afadb908d16ff5ac0e4c157a042e4f1,41f863c5f31dcd5a40f10960033083e8cf176736783289b89f5c10c958f52192,2,False,True
xes3g5m,71bded053964083a681bfd5a501f37e2b1199427738cbc5d733c1e474055e2c6,59fb5a5d64891d28471eb97514698a4f9a2d328778c6582ef1452dce1be9d3c5,2,False,True
xes3g5m,71c2e71a8e5d504bf829f5924e74ea6f981ae654a7c30fef06e76b4ea89f37dd,212c21501087c30ce78b780851b13844ccb449c026658031714760b355fccdfc,2,False,True
xes3g5m,71c882c5f60622ca9be8db73839c0f705a82fd8d7e7e25f1a1ebe23b9b896fc4,55cf71574ab9176e38bc04baba3f421167a1f94da9766453b96f9e20c5111154,2,False,True
xes3g5m,71cbb6f61b2343af2bda72720d9e53134ef8d1b2f3218640e3de53fe51362764,c0c15ebcd4991890b6790e04809d6ceefef9bf0b7b57c7f8fde2918733b01220,2,False,True
xes3g5m,71de623e360f34cdfeb68b08cd21792fc41b05b5ae4b90504aa1e42d27cb3d35,cdd0f73659666486d420a257bdbcb7a2dfb6790ea457e160d60a4571600cf30e,2,False,True
xes3g5m,71e4734b4278c59045c94f891f4af723aec8d04788c4fc53b2c8eac99bdfdd68,4664160a2cc211fb8ff767676e029a12685f40bc4cc823140eeaf6636d32eaa1,2,False,True
xes3g5m,71e7f675d4f8ba01c8b10505e6a55549f1becb1c23905860c1e701f06d65d0c1,d395d52a8d0262c02bc33c04066934895d08831084220cf006b186fbb14b04b2,2,False,True
xes3g5m,71fc9f03dcbf3de616ae4aeb767322e689c22ec0dd6ac37606b641ee48afb8bd,5ae862a9a629a574d8ec7d6000380900bf3113a993c4438ce03840bdb01d464e,2,False,True
xes3g5m,72240e0723b784df4ee2113db90f9a5fbdd22815166eed69269e15bb1f2668f3,e69cdcc467a6498609e94ec3a67c459c9b90cf429f304b57ab3173ace532b80b,2,False,True
xes3g5m,72255b64f1b3e6e1e9d7d37dedc92b100bba1bd15ab97d368a9c5567ca72c8d4,5b76b76b2792ef738f7f76dc6fc92181b1349723969897ebb53bca2a699e5835,2,False,True
xes3g5m,7241d835a0e60e6a09a21fcbd40ee69cba031af140397b530357015369638bbd,1a8080e38df10971d1e7bda55fb535a476d09b1b62a063ee4e0039577d5e3433,2,False,True
xes3g5m,724bd87ddf1b9fc732b04ac4ee1623eed3bdaba5299176f2c8321c3e9b905ab7,12300a163636fff7ce4949e6e243fe663212380b662967c7672074bd0bb5e0cf,2,False,True
xes3g5m,726bb634ba374b741c932457b0d89b5c5ad48de37a1d82f7ccbbd29efe011686,83b27091882b0344c21feeb54a479ebc2778e3d8d424d2c192e5baaae9bbb4dc,2,False,True
xes3g5m,726cca86e34acb7a7500cb3912cbcadf6af9f36d884143c49f60e83c3c88eab9,3ef475c1f08f9929a102ceb4e91d2b22b26c2e3833bc1749ad0632f14628ad31,2,False,True
xes3g5m,727f4ba6707caa31d395f91acc5f27418767eee9f9a27991c75f21b33f5173fc,c82f70ad728d377bd502d936e1146b8cdc4925112cc9b5d3feb1e47d5a79aed3,2,False,True
xes3g5m,72879528e9924b307d19df7f15dc5f071b91c1cc630e69caf55d2f109728c44c,3fe164e9625dee565602be2d3134286ce76da69af79244f8fdad13190f1aaea5,2,False,True
xes3g5m,729dff30842d55ac84b2d708867c877c5db0f1bc89c5d2623ce75f688d71817d,cf358bcc57a02c7a97642d987f4289b81cd89ed749d35619a3b99ed439507393,2,False,True
xes3g5m,72b37cb72e2d123e77e8641d0b28de82fba1f112269e08a10b6e5e13f2ec2e75,3f71b8cc1f92d91a96a06148dab4b65706d7133bc0fac76bb2376cf040d4c9b1,2,False,True
xes3g5m,72c223534c6fa5661236a549b2b8305b7200fcb7c195d617876d103171b551f0,ec3a8fdefdc80342ac9f63b28aedfba11195a078d5d8e80e2648cbcc3a1c3333,2,False,True
xes3g5m,72c5e062a335ad62d52a5b6a6ffad1584e7ec139fb104c502fb11c8f7aa2648e,3c1794e6bb3c5b3002d18306ddbeeac747cce3ff930e163c867fd60e3a9439ac,2,False,True
xes3g5m,72d493921d520a625788e2774af8bee571e4e2df10d2c5f6d9dccd57142604c7,e4e26779b0137bc98432b3a014d5b81b56cf069f483346c48d1efb0154bdce22,2,False,True
xes3g5m,72d4c488225b95bc5d8996137503c6f5eeaaee428150ce7c4353cba5305c7e0d,318828262ff8e809b43564f2b4c888bfe453f3e17eae2a809ca32da7fdd66763,2,False,True
xes3g5m,72d75f2a67d5975b8ab7fd631043e49feac3f22c73c358e75dffb44edf01b1b0,c964459937c0dd7f3690b4975760b1b8880d40fc302d8509ead63624d9f358a2,2,False,True
xes3g5m,72dde905d8410509386f87419716df70ae676cdc6c06c4242f5bbcdda59cbcc5,11297723dcd0d82b976fa4f5a1e64c922584ec946252b6827773199199976439,2,False,True
xes3g5m,72e94f1acd2932f945e9ae14ddce95c8cd198a61a438668592018b882c66abb1,a569aa01e9baa238bee17d59580d89c2648c450ad37ec7c498dea05fdaaa89bd,2,False,True
xes3g5m,72f7c0f556cec136b9c83cd2a94d5409635dc481147a9d91b8201e0c061680f6,ef1a5c2aa2377db5c64c4c2f07f146f4d9f28ccab974f1c96996b21a9021aab5,2,False,True
xes3g5m,72fa13055073ba32856fcf3825b903874eeae0de79d53ba810daf1acf3f019bd,94bb54921b2f9d0dfe0f4363676bb68dd8a7c7ca52bcd30950a397c79f4b31e1,2,False,True
xes3g5m,730462fbcebe8f8b6b301adabd04c1c1e217a9946b53559f14f7ed2a0d75a350,961b8c63075412b9b69021bed64d92f158b6baa03846c0dbf83b525fdbbb35d7,2,False,True
xes3g5m,7304bcdf83e85c03c16074cd6230cb64c9a61fed875a31df6c5af9cf55ee790e,866ff1c7be96d01fb1741e9bed16e5cdd7446a5baac5fd38095dfd6c211fd964,2,False,True
xes3g5m,7314167f78205c720ce5e1968e04593676c5d9e4c66c058b0686891f583e1e96,cc61cdfee288d915559bd335dfd7aa97502a56ad314ee216395a7e8ce5d05070,2,False,True
xes3g5m,731d9594b725ada86573af5679773c3f9e7d70f80400a1f09068662b9d285951,7267ef3b7773476f34a76eef6aeea0702e651f32666831b56067b7aad9e7b867,2,False,True
xes3g5m,732bbcc85c54d3ed631ad8a6d2de32b3cff138bb85c8d822aec9406faa9c85a5,546b7de858c21bc577197bf0723599c00ae140ed032944280aaecff5b55a7676,2,False,True
xes3g5m,732ed89b33d80e6db1ed1221ec61fc2ff23a3348480c0cc1a8690ad68fc1789e,41a5bb2c113ae6c2a2ab1eb25a61aee156604dc805bff6f7a919f26da1d42b19,2,False,True
xes3g5m,73346b781be356dee086413c2159d7f8c67dfb0c06755182c62962e4118bf674,2d52b58d00e58c57c1d70f6f4159d124cc753908adfe0811b2c00ec0a68ab7a0,2,False,True
xes3g5m,734af09216664463e0d62b71285eae7ca990847b0ed321063ecac11b0f20284e,8330bb47ac007e116788ffc9add62283b98b6489fea61b0f9880311ff45edf1f,2,False,True
xes3g5m,736ec63a876dc5909c14dce713df0314022c324c629d6cbbff892a6086bfdb73,426075c3af579c262d67060fcaa793f5e089e5fae4e00d02207134bc9d7ca5a0,2,False,True
xes3g5m,73759510e64dd06014617f6a0aca56564a2357017b917391a4586e080a42009a,b14572d811b05a3ec5fcb466fc1731c7a29878793e7e8c2a63dd340ce885ff1a,2,False,True
xes3g5m,73783b8f4db47e33dec1b219a8862477c1003b793a5a9e02acc6ae572bc5f5a5,1c0d065b28251ab1ba7c0644664ca001698b8f22ed58d2d835bac1b4eb402af6,2,False,True
xes3g5m,7391db9f80c0b7f1ea6b5d8084d0b1fefdb9e92deb058636c8032f68ff2d4258,ec6ea917275042131dd66777373bb78e26a08ebc00eb1baf2856a739aab5d1e6,2,False,True
xes3g5m,73998568809af47202767f3b89fa5a027d5b9de4f2c75fc3e4e2d39a3c639d89,f39e6245dde423fe971eea32f0afcdba42a93b938b02df42f9ae162149788390,2,False,True
xes3g5m,739c4fa9cef6304dd8eaf05cb93303d12039ea29d244e7612b30d1350ea16f9f,561f52faff33b0513cd575d14f49972392ee8f1c49151838fb1db0a8ec5dd904,2,False,True
xes3g5m,739ed5f9732527f9b9b3a92209d668f755b457bbc3236a83d884d7bbda5e8cb0,0e6643e7b1ce1b53bfc7ed7800d8d2241de5875fba7df3ccb1c02bf276e2ab87,2,False,True
xes3g5m,73a3952b03543731cb0844cf9c2af9504112fe5e5b9ca111d54ee0f9ae84a6fa,2b7ddc63ac66a6923222756c63663affad353ad9e50a55c1c8a75318c51aecdb,2,False,True
xes3g5m,73aa655316f5203e7d5e6031d87f3464543a2798b5b0e4c5188e646fd6db5208,45932f3e1b3db5e10803993b7281827385e3f57e197ca74f62bda2e833b1a57e,2,False,True
xes3g5m,73c1e9c53f76cc1c28fb6b83bcdf04def40b90602b880b49396fc739f0c56b29,e6589a7fb316eccdc90bbeb6d3379e5a7d83c57c9332a0ec54d4aec584ffcbd3,2,False,True
xes3g5m,73caa65e76eac6ecf344bd7d7bf72380c13081f344b11069373a180840440657,54bc9ddbc2b790fb6f00d56dd7ea4284ccf442c080319c09eb824e8993e5765f,2,False,True
xes3g5m,73d8743e2cdd8ee97a256348fbd4f4590e657d5fbf995b731df2d2e078d76568,8a4ed7f3eccd8933144a793d9f8a4e9808727ebdcdb1f92e9d4f80ce4bf87cd0,2,False,True
xes3g5m,73d9d5dec49d988d0118189b89b47b3dc19d50983136a747d00a69194b580acc,7f858df0ed0d980a8b97f03c0deed90eeab68009acb08e16f6de3fb64af038b0,2,False,True
xes3g5m,73e2df6a71bc5a0eca0fb68154800e0011dcd329c2d2ef9a1ca13aa46be2da2b,943463c669b8a43ea8032a4a858a686568dff23261190485f1956c70e80aaf37,2,False,True
xes3g5m,73eaee6c1f75c1e329013552ea40ec388d233dc0e4fc824c9fb79a6825a4feb9,b96029de86edfb1b0362419ef3a277efbc75a4b4927a47dfbef12be7ce9b1630,2,False,True
xes3g5m,73ee393bc51ccdab08540a592f3401e3345fa0c3008fd54838784b688fe25330,acb76772bcc5e14c89ecdb12821b552926594d126cb9e9b6c886ef94b63ab5aa,2,False,True
xes3g5m,73ef22c754ef31e685ecf1def6aadabd213ebc60b5b36dcb119f3bec6e306bf9,67cc63fc9c61c984f74027f5621b6649de75777789ce3530d8661c852f0d8691,2,False,True
xes3g5m,73ffd5616016b5c612fc78377be77ac1d235926096aba7ac62beeb5bec84fd41,217acd71dbec408ab90b80c3bbc665172cc8e947176d72b0298771cdf70e1b72,2,False,True
xes3g5m,741e2dabc9b5bac1165d77b30ba4055272acd821300e934c02f7cce134c69f2b,03c6843799e590d7ce6e2d23d585174f8d1b34d7ba01b82bb0177f9590736c08,2,False,True
xes3g5m,74328413db6796f2493aa72ef91f85fd13c11dedcd61aae77883d6e8ff5d7fda,e1fc1fadbaddbe6cfa9bdeb7634f3770f237b661e68fd89dac2d932b2d653a81,2,False,True
xes3g5m,743ad12074ed9b831774e8aa8b21aafe01fa087c70bc9e8f67097741141ef7ef,8d9046f7ca0214e66810ef1df0d7371c473cd98d5c0fd10a3723f7aad8ca6f14,2,False,True
xes3g5m,7443827ad3fbbccb744a82fab2a5008dcd9424c9ae78880cc778828f1affb5f0,51f9023fdec1de303b8116004b4d1a56f223099888d8b1d88f3c4e2da8911c71,2,False,True
xes3g5m,7443daf3b1f0f7749c5d1e5c28b1b67bb0d277d6e315789e463ebbd9bff5e5fe,426f1549c9036ac8a2dae75d828d843c529a0e84a14689f03a502f5cffc18e3e,2,False,True
xes3g5m,7448513034fc3d03ac1e2ad71e73242e3386d748fde96d3f54bd73335438b278,eb2ca5ec2833bfaaf7b11f745d21b9ff17050930a025638090b11197c55cf2cc,2,False,True
xes3g5m,745aa9769ca1b2332eed06c6e492c8a2b4a90f354333d9b130a138b6e90a2fb5,d4edbe918e13a3103a17eef930cba3b7a6cc0eb112696189b5ffb6a5a64c5fe7,2,False,True
xes3g5m,746c646724646d32fd7697b515f8c349b63fb57c812a8f82aa9af38cc58b4995,4f0c3884cf330d03d7a95e38e5318ab59de8571973969f4a097e0b5145fc1d30,2,False,True
xes3g5m,746c7e6baebba111938d196d43a1d2de1c0d49bd77555193a9e153354e7c2c7e,7b19fd9370f278979258e6f147bc88e24fa43f5ca1a00cf6e0bb55e4b31767d1,2,False,True
xes3g5m,746dafdec1fbff2213e4f0f26c8a6465acb9fb03ac1ece124d2fe9f41064ef4d,0e846a9be55b7b4716bb402c76b29da00c8a949742be26581e68e10064cd1e56,2,False,True
xes3g5m,7476e7ab60dbc0618e97dfeea5d8ed675c420948df49dd1dbd52392299fa3c4b,5fbb8cc1fd4651b76886bcfc3ab1d0fa3f37d2fb7a1ef7dc9fa5958189dde717,2,False,True
xes3g5m,74777250382a1c4873003911938b6b296c21fbba7ee85a372457a36b7e8b1d8e,29bcf741ee84bdcee70e6447898146614e2f0efb2bde12ec41a22079e46c045a,2,False,True
xes3g5m,747ede781514cb14a1b40ef80a5b907297e726a02ed1e19b7ca2607b88f7d1f9,50919dc932a23ec20b9d07d1292ca113487fc46697db4dd2f27db593c9d427cc,2,False,True
xes3g5m,74846a6bb6427575657eb60d14e897da82154d0b68023f6571e7fdb90ec50a21,b578620823ef7bff15bf62cccd610fc9ec4dbe077778ca4ce73a2633ba9e83a2,2,False,True
xes3g5m,7484e83214d9a22ead781f9333eb93b5227eeffdebf7cbea8cbd383b69a416ec,a34a1c97ec4072ffa029243aefdfa30fbfaddc4c8a45d1286e7a56a208346aa1,2,False,True
xes3g5m,748c8d058580f65e017458e9565a41283808550c1d3dbe0f6abd36f646688da2,59710415946b638f6b311a62784712a8ac1fb10e583082110e01139edec19c1a,2,False,True
xes3g5m,749b9d7b21d4266ff7f3ef8d4d8a421b2f0e1b27d40a79ea47565952f08fe0b9,5e25db60491a615e47d415f19aefe9e6458b651a39370660eb41ed0dd1527da4,2,False,True
xes3g5m,749d9af8ddcbc467ba5690e967e3e71362b3c62111f681513bd3907cb1255974,a949338dd8c325243e64b5bf3e932193432a3ebcb2ff374d25c04229d782c0a2,2,False,True
xes3g5m,74b02828e151a7b59f0987f93ec58de2f81e8206a5e0957a0dea813af3dccba1,a6902f6375a80f816b2ef7a08768bffbb16e4784d8787c628afe2083673e3e35,2,False,True
xes3g5m,74b0d5c4dfc7d5eb000b647e93b922fbe01f335cd15a0702c5fb00ccd1e53f4f,46c1ed16afc25bf54af737739cec60479a688250996a74312395385130f2e209,2,False,True
xes3g5m,74b11f50610d8f8e84dafa508584fa90b360d10eaf11d3f4b75aef13b152e9d2,4b2d87a92bf6e5ca3b1e3ee86ab51d633264cf3ea1723cc0cddd1b13ff026dde,2,False,True
xes3g5m,74e07bb0ecceaaa73428e5a0f86fc55e0c354f7a97082036e26c8263a6ef8c9e,cfd3e00b81e3de27c87becc79e86e2f2f82d72a4e6d49e69a6b7297057140af5,2,False,True
xes3g5m,74f16497d2338ee025645e60f82d4b785eadeaf0c180a5a79d330ee59655f9a2,f49fa6f52b3dc149d7e8997b49c9d9d00918bc36b1c151289618ef88fc2097ae,2,False,True
xes3g5m,74f8674180c89af4c4f51a718b3d1c6926bee18a9572326693150586260eaf21,9e2042a108c9cc7d5ff9ac1befb53dcac83263e33e4606637f22fd838c7aa7f7,2,False,True
xes3g5m,75103d998cb499e9bec840e17e16012624f76e307ec8ddfd031e1b7812a4b554,2606be1128a4eece547beca448e999cb3fc0b2973ac495f9395aac10e227c914,2,False,True
xes3g5m,751133f05ed0b91d7bb61dcc4fdb9c8f31c20ad397c6d1e56f6b814419b30291,a63b4ae714120659d7dac7d9a93dbcc59aa55ee995175c60a7c941058c1a4b4b,2,False,True
xes3g5m,7514dbdc8e8a17b74c116ac2f741a05e66511105683372aee9be86b5e36afe16,ae85dd7e463b129c2c007dd3d640686c2f1bc0b7502cea06fdf64d0bd3e6f357,2,False,True
xes3g5m,75197e3f200b8c450959b3adf95e5bd257f363206bd63ce3d47b86a8fac595e2,31c4bed3f34387afd1f51e99af3b918e32b1a3444c79eb180711739a92e2592e,2,False,True
xes3g5m,751f5bf46b351bf59c0dc01a60d76460701a10b3367c259c19825fca2b1509a4,12dfed2e32a86ff7cc4fad9f81c500eaddb2795e04eff5b80dacd77893a22a26,2,False,True
xes3g5m,75216fa216fcb6d304c0f31cc044072f6780a80d625489ab5d0d15222ddd6170,44d933ae6088b88fab4dc8200b0aceed8c7c6a0c73e6635d1f96e255161ceff6,2,False,True
xes3g5m,752f7dc02678afd911b2e477ffb111aa37ed343bbf556185013e4483a9cb781e,1dd716b8034530148b3276cfd4660f6cdc7129d264d41e06d374b4827b250118,2,False,True
xes3g5m,7536ec7640926cd5f061ec88116f3a17f0f48e6c727b93aba160fd21dc02a157,85cbe5649ec6f8f61dfd71f81f2eeaafbbe91b7223917199a5ae18fb8d144e43,2,False,True
xes3g5m,753967c4dca94e1eb2c071d642675cbf4d87969d1c7a0bf033649933d8b2c7fe,a1ef827281ae886f83e4f94fab56c7960c7360a21197ed054780eb720851ba28,2,False,True
xes3g5m,7545cfb50a10fdd97c29b7039fe1b8e8c77d2ae2447765cd7b313b44e54881b7,ad992be6efd2f0c6fa8569b0b5bfd25bcd7d17b9f223f94086eb489491018992,2,False,True
xes3g5m,7550ab1432499bc9fd0e0d2302c9d505c1750f07b4ccf963d4460b076998d698,8f21adeee07ff6e7c8b06a4e8e822044887fafac48192c88d251850be74ef3ee,2,False,True
xes3g5m,755fea9ab13c1816c22406afe9410449f1d825d2ef85d8a946eebc73c5b6a982,21302df47d77e8e2489b816bc31e0d1dc5af377b3c0ad17b1d8ec2ea83f5effa,2,False,True
xes3g5m,7589d878b038c6ff270946d22002d068896f1be8cb71e8529180e2f428693dfe,e31d95e7501d25f79fbe93e47a53cb7c694e0f426736679043648806a8df2498,2,False,True
xes3g5m,759aec8a805c9378408712e997b5fc2ef2d9c89196d5758cf757fdc5604bdcb7,7101c9dc607d93ce1f2c1b44eda7ec62743b3c8b562c763557acd6cf31f3d93a,2,False,True
xes3g5m,759eabf5ca79f78a25a61fc53fb3252bd12f58804ce771717aac4ef55f692321,d8393be734d783dccc841bcd14569d333a3287d0c8140787bcc7d67edad7a177,2,False,True
xes3g5m,75a16dfa489e1a08d35a0ed6841505bf9ed7d0c8e646a38dcc660970f9afa14d,95018972910f0cb81131e96ecf4c07ba44ef42b1228a347e37d0f0f2c27cc24b,2,False,True
xes3g5m,75adaa3a19c1e097e3af82fb194e25664f08e5784d4f73151911217926ac176d,f7b34d840b6217a196ebba94e7da33f8170be68ec64e52cfaff286c36d64123e,2,False,True
xes3g5m,75cf36fe351b84b69e75a86523d854962accd123ab0468189c52009b348413c2,d7a7bfa1813e27c5e9d76800685f5be5bb52953f951b26140bccb858a095385c,2,False,True
xes3g5m,75d707fc26832393f18f4057d7f031d314c122f350dbfa85cc2e2e1049e1847d,99a10877676e22a233d28e9c1f3399cd6f212b9ade34461e559d99e9bc01609d,2,False,True
xes3g5m,75db3230ce88e35809e733469c1f0d6f083c0f8e16f40d755fd9bd8438de12a3,8c476c0b89f85bdf795790241c25cd0379b29edf565d16549b60baa780e19446,2,False,True
xes3g5m,75f212fcc07c7274ea2db089af95c700d6f6bb0c276cf1b73fd77ac07e263975,b31523a27a0a467224f452877de6cde720a85bfa220f1e66b1f53ce21ce90c1e,2,False,True
xes3g5m,75f8bc3069c8b80ddcfcc1d61928540a39dce3a415f0d107f3dc598bf108b779,3fe164e9625dee565602be2d3134286ce76da69af79244f8fdad13190f1aaea5,2,False,True
xes3g5m,7603667eca96e0acb4376df6020140df9d0b057b81caa31f8d97935e1c217e4c,a865e9df0506e1ff08637d00cb551fc7b5dbe37432839169337e728750fe3163,2,False,True
xes3g5m,7603754f4eedb8add5f13f5db6663daa38939bf0a7f1a184f54499be44ae73eb,695d979776616c78319456cc45127ba83f5c487c5beff15750d1ac2c1702317b,2,False,True
xes3g5m,762d12a6766c06c6c8a07d0bbf9135518dddbcbe0ca67d62fbf19bc664d1b6a3,f53375a1b6b50944354f952639e7a12348483ed37ab3420f91a6a2c9f5b902d9,2,False,True
xes3g5m,7634fc4a07aded8172b2d8a0babc24c73f0792cac348049beacccd92e2d93590,ab38d3ed706d497ff7400748f593680e2f9635933052f661d27895b0cbab7da2,2,False,True
xes3g5m,7638a1c823a227645bf4664e1c4a1d0f16def5f13cf510fb2124ceff685863c4,959f6adb130ec2af4d5e4bd46b5c4bab3c26b87c483a9f3008fc713671b160a9,2,False,True
xes3g5m,765e5ffeedcf8597289e1a6ea2b7768c7da98d25d585ec20eaf5e7b0a03cd520,bbe5416af9dddaad1af9f877e9b096911594c7ec417de3ef2855f659125db35b,2,False,True
xes3g5m,766f0f348f9b08e84af19e281a4eeb4bcbc422b9b961779fe915abbada576323,776cfdedc2713d4fda114d5717607d2eeb5937b9ed4d5cb2de73bf43749db488,2,False,True
xes3g5m,768dcd2b65d455a66cbc46d609b6d5106e83710b1908eb5f1807d84fca5ac818,200148fc3ca5c85979e418d91ab513d07ad100e869c3ffee8908360f8a1356b1,2,False,True
xes3g5m,768de088e1a8cd5a9474c25c14cf6ae2649f9da0eea669f700892b81ebe2538d,3c7bc47199997197cb8a8f3cdf1a2984fbe581cf6d2dc050878cd4aa8621d5ec,2,False,True
xes3g5m,7692f51e2fc7dce1a53c086e87aa3c54660d7fd55f3a71dfa1ac11ef7f6ce3b8,33cd642336bacd465d4ffc626be93c4545ef423acd29eb522c2e089742e63d0e,2,False,True
xes3g5m,769507fa0f132726eab1edec773f548e9e24e9688776af0e5ea5a24bf45ce385,6753f5e486848a7dcad84b5ad9b57c3ab911f3f11ed1b5056b397401d7fdfa89,2,False,True
xes3g5m,76a371376bd0253765df98a9b56aaa6606a5d2794c52a39e1bd2065a82871b6c,7da4bbc41474c967754ad77b8020bbc4adc4248b58d896877b54f611e123ce1b,2,False,True
xes3g5m,76a59de6f1a58a17579679ed430e93ce49ae6c98c42833ac8a4d34440793d511,b95c2be82dcaf80a1829d5bacd36d54048c191ce2e4725a0968c834d5a63cb1f,2,False,True
xes3g5m,76aba730949b2985e61e502b8b5ab3571825d55dd1da1047433227d93e302637,baa38537e09c1c4febac83e4fc9a751e1ff3025e3da424300ddfe2180f9e7cc6,2,False,True
xes3g5m,76ae7a45831b073b748abdcfbf40030c03ac9851c137d962b47d3388757b640b,8f8ef314b0516391d56c876032dececdf6c5b8b2852a49b9996b8527bf01f7d3,2,False,True
xes3g5m,76d427c81d547e3779aec7ce2ae5c0b0ec4d1abf5842e8c6e2e71cb36e492442,fd0aa6f7f755bace6ebbbfc5a42d42825db23eb0d65057213ed73519af9cb04e,2,False,True
xes3g5m,76e5774460787bc0a2b97196197e1b1a95920f68ccb2d2e4997ca97538db80fd,a80f0f91a9428b6ffacce7ceed239af491c77d70a420eac184f276cb47833fb4,2,False,True
xes3g5m,76e8b7eef91cffccfc4c70790f0d0403549510aac670acb59f5fb1ad066476fe,4bd4e6ca249aa229e027a79ca2ec2502cee856a3d80bb4bbfbcf4becd3db7b7d,2,False,True
xes3g5m,76f9f44c2a529a637a626d8691383d40eb28bc4d7ef6e7fdaad210de5f0fe1d6,eb2916c523b104a258d5c350937dae68eec0eb11f786ee670b34007e42829a07,2,False,True
xes3g5m,7730c37063974dfab1304283a4c281c12a68a40be403829604a2dfcd470b1b49,aac5a7bc6dd5844c2715a7a01d898b885e4d6571a64d03976e5094ba97ef101a,2,False,True
xes3g5m,7731229bcd157484d61fa62925c3ad121f4899ed493e3ef3e34337ed151099ee,ed590a07a615844e790a7f68339fc6ee82eec23a39faffc1f1459474146a883a,2,False,True
xes3g5m,77331880154205193945cce131b20a20326a067d0edcd07f6b5612e18d4cdc78,13c39735a1c445ffca7698d4ef7321366835cbb6867d17f1c6355c9970cd425c,2,False,True
xes3g5m,7735748d43f6386aca03152f2920464d7e1d51124f7c0edc3a0329d89458cd16,ef0af7217c82e1766f11cedf067612bb435d3f51362a26f7af728213d34daac2,2,False,True
xes3g5m,7744d1b788b648efc8bd9fec3d4527044ebdd747ac69282623efa3b78fc2b956,986689e9b4edc0fdd249891766de9c2f0e5bc295aa027c86b041d048526c22ab,2,False,True
xes3g5m,774cd19008ae03a572fbda848afebc591938b8df7d4288c4a1f5d6a7bdbe8956,8e609406da280aae62ab08ef486293e4e604f647f94c3e4757d55d641f63fc48,2,False,True
xes3g5m,7755116a00bfd23dc4cca586a241d3343c77f4777e6b480ce022b95bd1cbf312,a082a64d76784e61ce7ae7ac9fd87fa841ec29f108e29492a093291e244b8faa,2,False,True
xes3g5m,77586fe2ca2df835efb87e7a2bd2a47a4b249da5fb3c2260bc0d4323b1b73cc9,4d9c2ab3e557c4aabaf358d980c9903a360b271f962969eea75f40672f3117f9,2,False,True
xes3g5m,77765061e8bbc8acbec7984f545b6fb5590547598a6ca2bcbfe2374fc7551610,c8f3d50ba392fcb6e7e60b335c18fd0bbe7ef2fe221ab77b8b846d63695f0c96,2,False,True
xes3g5m,7778effa91a3e2406b92d04f29979325b41beabe73f67dd6e9ecb38f0c91565d,fdfb85546fb3a6a1f9937c006a01b0dddbc286d17c418852f7d58225a0faa5e9,2,False,True
xes3g5m,777fbb70704c100464b69afec77f4196b0c6771c931d1210fbc85037b6ff7434,cf99cce962c672f95f1a9cdb12823f9e30e3f3c4fd2b74cc5e3a9a357ae862fa,2,False,True
xes3g5m,778640653e3863e73005598b11737f6989d7d0f02ed0a756bc773ff70b6179c8,e6d37df027b45cb7a6618803de91597332267ac9d68a2484ee8b9c0d3c6cb5e2,2,False,True
xes3g5m,7787cc50a69d623525ab417b1ae9802cdf5a72805d7333d1f206cbd2a8008bd3,4e078aabd0233ac49705e06ab464f3a50b377368d7625fff93c22a3e4bb5c5c7,2,False,True
xes3g5m,778b8168373b27bf8af282d38197867559862c5f12fe469d98031960f42436f0,d0405997b60568757925f957fa82662349e58a960458b297e0f82979baa3dcbe,2,False,True
xes3g5m,779a8740765e3e94c30e2b348b63a2c27bc7ea031524f6c879ef135d6ccef0cc,d4821c1d3320e7d602e1f7cb0be9c840f9d68ddd87baf1363376fafe61668eb5,2,False,True
xes3g5m,779b3eea876e6a51c0868b7b4f016941f766828c5df5f5cf3d9c8dc60430c7f7,688b4453d549475e990bef9ebed0e33a5786814fa1fa0aebc2b73828d787fd0a,2,False,True
xes3g5m,77a37d936e663b044bab0c2a62f81b8232e5250b2c30fe7788ed2fa61eadb190,a67fdf2b66a16598bc393f7e5867084036953878e8eec3ad49ba5252352634f3,2,False,True
xes3g5m,77b7bacf8d7e3e0555cd2bea209b27b38c7f1ed6ca91d250c401d826100d2eae,4f7e3afaf46884a7e2d59bfded50071c6c666ccb4fe5a8c1854aabedd1385389,2,False,True
xes3g5m,77d1e9fcb187413ba049570f8491009282e10ab73145cee4f475ba494c65185d,2962024ce46f52cf609c10264b6fa022b595c853a2bc159d142c5f9339ad72eb,2,False,True
xes3g5m,77d6c96d2a07febf2f18ee0c8a5f60898a5053dfe0a248428e884e9378c32662,747841f8a0628140c055ec7211325ec2c06faf749a4be66e3d6a40472bd3fc7b,2,False,True
xes3g5m,77dac731a03b7b1575eae5466f4554aaa9ea50fdd4a6f6e38818c9531943e266,7726281c8b854801bfd25180ee2c98f39afbae607c448486dd3658e617bfc45b,2,False,True
xes3g5m,77e01df779d5db31ea701af6d3242130b70e056d733f7241aac326ae8296902c,63796cb7c614169ec4e549f3967d0e991bbe563e0f81e558fc086ad07c1ee14d,2,False,True
xes3g5m,77e287f7c02e47eafda46831386777490a91b62496588b337c2a8412f611f9a3,06d54ffecb0f54fbb92bea1352036c8c663dc04871a1de5d1e9fb25aa2e81d0f,2,False,True
xes3g5m,77e69f539ad767033792a870be62e04a91ba24a5f36f33724bc27fb13597d0f7,0f3a8f423bd803951dcdf744af8e7b0e8036f1633d5f565a1f5dfcca9fa71ffd,2,False,True
xes3g5m,780f126790c487d53eb928452c79a1da797f4dcb05acf5316f902af076709c61,1563dec2df24b7645c871dc1c4e2e25ec1f54cb44fe1f0171ca59bf477463266,2,False,True
xes3g5m,781de3d7699aaf4c66e3c1e756402707553d5f873acef134d98e305b9e59c189,42df3b2b5fd0c59ad20a2c8c68f93f2647b1a5ea619ba51b96aa9f7add58a908,2,False,True
xes3g5m,782644db6af458d304bd49fd9a895324c6e7997fbf0a996ac0eda19beae2060d,3a4981eb0d51267ce71655f2f84caf03917772d96cf19985a2f4f0dcaffe74f8,2,False,True
xes3g5m,782927fd2271d1211becdb95c84f32cec1ab8cb1edc26489d5594a9420b62727,d65e39b1bba299f524cee96849c4cce508b43ed42791ca6b309814a3647c2120,2,False,True
xes3g5m,7834f3443128a30c16ac822745be207218c2bc994d3c4d338d0c9add1dfc25d3,69c9aa6d93e906d0e959321607fee9b36d65baa4652591fa47a95f1b912b7df4,2,False,True
xes3g5m,7835c8dc11cdbe39ecdcbbe12acf513137d3c2c42e16f52a09ab1c24b5547668,2515e37189a23c45c9a0149b1f32c53489214c857aaed26ea426966015008eb8,2,False,True
xes3g5m,784ad510a38593db9604ce73c9d40428a5f857752ca02ebe182f6d37ab55f2b6,845600467e9863171ab9dabad1974c87d11a0075eb008d5f8dbe22e217733126,2,False,True
xes3g5m,784f7fdc27cf8524438f946057120900005fdcf2110e46d87ee3e69062059897,a61e9c4c72b4ae06c6df3e003797a44539e4fe856512d92b7e16cbc0e6d9cdf9,2,False,True
xes3g5m,785117d115febae20daf3465f60ad89b5a67be369144781cf47489ee6df819d1,8eeeec347c5492a71a022923c119b80f98bfa1b5d60b7dbfd5be8aac52b8f864,2,False,True
xes3g5m,7852ec1c447f113fd4e23cf41a8d0533b97997685c817be015226806c871ffca,a5b36afd25cb5969da25e73cf03d1247862a7ed978e780242ef7b9ab557e0b2c,2,False,True
xes3g5m,7859453e191b8a03342f124f145a1ecf6b0724e8d68eb3b7f1e1865f785f24d3,c19ce13418695e5a03acc4a3be6744bb345b87c58de5b257bfe59ce7d776478e,2,False,True
xes3g5m,785e8749de201c3552af84bb848822f542900df1e83912c969ed9272106eb512,1ee1ff359a11258e82c0cefa592ca1c489c3fa27c1f99927af5c03b83ba759e0,2,False,True
xes3g5m,7862fabe63028ddb768680c32c2859e25712895fe1de02ea71fae78d9c2fac6b,8cce5d28a425a7f7a6416d0bbfae808176175168737032b821d78ee1a1081c53,2,False,True
xes3g5m,78683f57103251b01eb92cabf728484398cda288873d002dbb191609a73bb817,e731904bd7065fc9042c5f84538efc1a0c7bb4947c51df708f304a87afd1b509,2,False,True
xes3g5m,786e6e0cdca6f411791676e02f018bb107371c1a2b16bbb91e4252f531b707a8,ec2307751c1abfdbaedc4a503fd519a9922f778ba9c07d471e173d80520cafe3,2,False,True
xes3g5m,787bd56c602c10b14547c8a2e4f3d3ba4de6733dfb35ae3af492b690883ed04d,dfbf847bed91b869462a08ed0ffe581ab6f940e812c3e39eda253d39aa9d65c4,2,False,True
xes3g5m,78988cea792f86decfe1842b365d330ed5508fdd2f9947b057c2ce4bc97df180,33578e4c35b2eedd5b7f811cb20424e1328c19492909f4041de7e0f4fc45d911,2,False,True
xes3g5m,78a34b182b4f9ffe944345fd3bc28c1327a7f5690ca60387a649a7543e8632e1,26168df68290396769fe1eb4cac68013423c2d0d5f8f6433c4ddb5f9ffc19a52,2,False,True
xes3g5m,78b28e5fa29f91979a1e3ca4f92632cc4d0c5a01718ca249988a088ba47a8e77,1488017128a53e266f9da42eb8a93a2b74fa3c5d2baa5d018ef6ccc116fe2fbe,2,False,True
xes3g5m,78d194f527ee99640c41c61c1e2135c67e45794a94d5a0b6cf84580b9e3630a2,a9e32c9c86c81058db47921b826ac345dfc76d34f4865302976ba0c4adebd58b,2,False,True
xes3g5m,78d1c866c4fdb41c1eda2fab52dd73fe86eb8af75cf4d4740c205d95254ba1ab,691b2a653b10e28502ebc1d562760ac4932ae23dc13be496cb188e5534602fd6,2,False,True
xes3g5m,78d50475f55a3f95df6151458ba6d09195cde68b4c5e9e2fbdff252827113615,0cd1ed77bb2dcdcf502808c0029ce5c32849e9935909692eb410b78ad863d8b7,2,False,True
xes3g5m,78d60c5cbcaf0ed75632deffc931e99f80969c5c871962fa2f533c01679fc27d,381869ec6ade85c4f070ca074199160a4da3c921dfdb0c2013c275535748834e,2,False,True
xes3g5m,78decea541adbf2fa06406d9958912bd7ad0a34562ae4b62a9d216f1159492ba,f5bd5eb89850473273c36a6a2d2f2f598d95b9e53ae31dfc401833813b1db239,2,False,True
xes3g5m,78e152d8f47a9ab5cff4ef219ce7005fdc23172db5efc500b74cc6d2388f3a87,ac6fbe652cd6cc127269dd88d7074a95a6c075ee205955cb1a292e5ed3f81dc1,2,False,True
xes3g5m,78e69cf27289c95fc0be81ae3407312a4695c7a607925c1700899c3ea515869d,a6acaceb91537d8b2954717a5fe4ac73172b9e75ccbc8c6a1371cb11702b90d6,2,False,True
xes3g5m,78f4e86ce46a5d4536ebedc28da34af9148fe5a6b862a9309012a19fae5e7b34,5a87471a3692138d7306e43bbe9945db3f025d6e9eed40c756dfff922dd7ed8d,2,False,True
xes3g5m,78f60970a85faa3a326ab8f562de92d7b4f34dbaa5635a51c751a94c80a7efee,d254646ba327ddfc4859800c8824a259f84fe40abb61c15ca392b3a97ce10c5b,2,False,True
xes3g5m,78fe705fccc15a2cbd8952cb4d7d71dc30877aa111d03c8fee6e2a1f30b5d35b,1d33c0bc17029f6aa64119ecc0acf7983d07097ace11238767f98995b05bf2de,2,False,True
xes3g5m,790673e58117fa6b13319ca67ca600eb578c9f6122e92f9a2c0b0f37bb148263,88a1d47adab7d31c22fdcb7bdb3ba0f0ffc39ef8d5d133563e9120d0c4bdfff3,2,False,True
xes3g5m,790a205268a892236364f51cca12fb7fe7368f7795e071448a850eaad41d3e1a,52da367956924ec7829b45970f12daca5db0630358c49256f28d15bb8a050dbd,2,False,True
xes3g5m,790f685b0fe1baf6ebb9415093e1029e0fa8f9740b3af8a070df96a572991758,fe4304d10de3288d23bc147a390b57d5abbbcedbe98a2f0244749096914c541b,2,False,True
xes3g5m,791651b49be84d005003577e620a16a967fe6e1ada35b9947b5efa06135a7109,6d0a348a5ac3517002f8fbc64b6e779ee5c3d2add0fb2f9a5cfbc9ff912b1813,2,False,True
xes3g5m,791d2bacfab9b0d9fbd3680b825c6a2b1827d04a2e8f79983dd590c3b44069b3,38e49aed1d491f40edddb1acb7188ade8f9e4a2b5c921e43da98de0222c696ff,2,False,True
xes3g5m,791f7a3ac71972f3ce757405699de41b86dabe20209e910af9c8f2e428ca6819,15c0a9b0d92af4fe0545d3c2ba132ccef1d6b80bbe93d8c6b2e440c9115bab4c,2,False,True
xes3g5m,7923d15c973fea0578611f995464b43ed9ee4e61d0a9960c873f156af6acdb71,4be20189ab4ce809fa24648f724f9ce14ecbedab4f96d75af88be67d01225fa7,2,False,True
xes3g5m,79260787cb0c52e2ae2e0b4b3b702ab27209427ff4717ad061e8c4441b020e1e,2b4390cc87e8d8edbd5856a00832d7d00b82d7fe0fc01240eb7e9f9d2ae1c0c4,2,False,True
xes3g5m,7926f9c61c9137186c2280a4267e8e57bddf5f5f5889272cd99751237d3625b4,2530e5a1cd11888888dba83581ade2f689e6c3fb76aa6507ab2fef3aa2f47a14,2,False,True
xes3g5m,792a028c518a1209456541abdcb9b9a3e5230b766a160d72baef692645981476,c2a38a5992f37d414c4468e0e46f53eb255c17b5e369477755255e42da85ac98,2,False,True
xes3g5m,793bcb35d42c4f1986a1beffb67502e18c1dea513b4fa0b10f32d9c7d22db3d6,f7cbeab76c2b642ccd22f24cd6bc9f2a5c998789a8a05039cdd98f84d23b544e,2,False,True
xes3g5m,7940743a4d05c614b890704adae0d3d08800d8f082d3a323dc3f3c4e34c4c23d,1d0607a9193f637f130eef7a70c5630b3dadc76683256b1470772dc1615cece6,2,False,True
xes3g5m,794080b0256633af6a0696f4633d45e61c8b5961904c38b75a8ef077407b10db,6c16495177dc5482786037d54b3460544b5d26f4e415b304893b348b18d671db,2,False,True
xes3g5m,795518f1b3d5518bb90b1ffbc7ef50bd47da90db2bfe125015041087e5ec31bb,d0b25551f9c222b1b1fd4a23a733843ede638cb5277b699589e8d4f296c49ee4,2,False,True
xes3g5m,7959775cf469852dd0b7938c758634d5ef4af65b4c8865be0c78df7f8616f8ec,395eb26492490c4f21c169a311fba0b2ff2c74e667a376357ab83403b4328683,2,False,True
xes3g5m,7962cf1f096c42597f202d4bf9149f66a0d6d5d0319f3dc95d35925991efec57,c1f570d70ee2ec559a21bcacffee2cce815fbdde76d0c91aaee23f72a8d82978,2,False,True
xes3g5m,79635b23157f1f8652ff0f18e65e988e603f5ec812332d009d6d3c1c5231ce40,a4b2da019e188f708d2aa9b2229f6e1ba4866e073e221d963b2211ed50b99197,2,False,True
xes3g5m,796e649bdbc8c46187f76dcd6fd863097eb9c19e3e04d5ddc58318b79a00ef94,2a34dcc3278a6ce2348a71acdd7f45b555faea4890261b7de02c594ad6cdee9c,2,False,True
xes3g5m,798ef700bbc8dfbf1434e4bb5d27788d3d5251ab9b95ea08a65463a4dc9e72aa,4c21a475dc4c633097a013ef06ce0f730bd90294e8926db3d58ecf80b0515b57,2,False,True
xes3g5m,798fe2b0bc9088add21924184ad1b62bdf27fc0ba152f4ded3c9e46dc0a30604,70fb988468192ad84417924bcd0b8ce1e034fedeeb16ddb3052893110d7bfb33,2,False,True
xes3g5m,799b6ddf2173993b4d32121562e676ed8387f0b8b3ace392750eb4a230068a66,3733215fd9eed10e4ae1154ca7d6bd112c4b7263675001225993cb4eb4fb86db,2,False,True
xes3g5m,79abec082b6779ec695d1b4647bdcd07303dbcddf50bdd10686c5db98c95c38a,4f23910c225caa2d5b09f547402a8ce9ef71218697034a76f64663878ea85b5b,2,False,True
xes3g5m,79aef55c01a8c3e70fd3f02b5a6662830691318357a581d138147296285b1b96,0ad61e2af0af912299590e36987c88dd088e3a60e8f1c9fc5f6e2836c41d12b8,2,False,True
xes3g5m,79c4650fb93fda223c0fe3144fba82058b4e577f989916167d9b13507068ec8f,13f36bd4f721b7ad05a8fe155611cb594e17511b95b05aba6749d3ac8b990846,2,False,True
xes3g5m,79c6cd47d64f75eed5cb929797957748a96275240adfd684b168972c3262e2c0,c60ac66fc3d6b685488779cd08c1d8704b1a815985ea27375976e509933ef832,2,False,True
xes3g5m,79de79832abf99cd5b58d90da81c0700084d45a7cc5c396f27feb52cc4d04495,19a5b597602803fa1c749b4d3c076ba1dd5473eea0c88f07cd6ce0ab4facd4b6,2,False,True
xes3g5m,79ff3e28e6741bd63db60917d5def502e382c5e4a25fa60496c45e8509b2987f,b116f9476aa7890f54a646139a6fada64969eaf16176c6415bc34a4b91759a24,2,False,True
xes3g5m,7a0aac5232979551ddd26cf53441502bdf817dd16a083527e406a50eed7c2b98,1058f791e5f82f69c061a79596ceb2730842459a1ae19649897778684e696ce1,2,False,True
xes3g5m,7a113c16a66157b071b21d004b280b1c2f90c2a7caa020476f18fdfdfd7c6541,0065dcbddd0e722b06b36bd599a9fca2b5f50edf4c4090f83468bab71055c41c,2,False,True
xes3g5m,7a4a90086b3cf3207cf40ec623d5a11d3dd598e241ca74748b390b24e53fca63,c108d1bf42c193024fc18b0e4929da72369846ef226b809956b951364d637f68,2,False,True
xes3g5m,7a4f89848a8413e1122fc54b4f15a7b66bd658de1c8551602657317305ca4b62,50088e7fd2dac1131f648558409eca2508761a61005724be78d98efb3846b64c,2,False,True
xes3g5m,7a74d89245df55725a147455328f3480c3172a7227636d3ac5a616c4b2fcb0c3,34643029752685d0505583e101b88e37075f07c518f2fffed127c7638c4e7254,2,False,True
xes3g5m,7a78914280015012eda2ae2386bfad32fca3d50fb679846abfea2fc0a3f42935,8eca41cd644550434175ee2b730743e2c2fd30981adcfe55a2276b554afa9efa,2,False,True
xes3g5m,7a87f7c0af92377be48e9165745020560c1df8d4ec2419052560f5b32e6f44f4,74acfefd1ab64e2a819bb9452434b0d67b2b7d4193375bf30fcb99d24c1b89c0,2,False,True
xes3g5m,7a8865710a63c2dadf54473a341c7bbb6e6b085a573b8ad633ccb9c1a5c92e77,49a6cb5a3a03c3070e1d75ec8033742777e4ab74119a432c1721d7c466353e89,2,False,True
xes3g5m,7a97e046f795f090cd038110d33fa1e2f54513f6db40eb6376045468f68b0e13,a1acedf6738fef65228b95ba62e7fc7dd8e2e8d0aeac6d9f48851446ece2edb6,2,False,True
xes3g5m,7aa2903e319962ac2ef7957589bbe58e526a1eebfe5f294a97cc35f716e21f71,b280a8f1cbd3480bf7c5d8f4ad85415614ac99dfaf723e809ea283ff0d3097e8,2,False,True
xes3g5m,7abf8dd0c49ad46ec36d7fe878425c1fb5899caeaf9c07ad1dd3120cbd022499,e94b6fc7a102597d26a4065894b2b98275aa417afef9d3d68eb0002b54538ba7,2,False,True
xes3g5m,7ac33a6bba2ddac680ccff0de13c18477fbfb9c6d5220f9fde00b65e848b2ba9,3ae2aa54c66eb3922d7e4d07ff58cf0a01b0aeea2d1bdc4297fcd2013c82fdf4,2,False,True
xes3g5m,7ad0a36feb5c46be18f98777a9b1f86efb7cda1e62bcd509573db6fefd690376,bdbbbca9705a4c02b809f1fd62e30cc1fcc97ac744159653890da1f8e72f9aa0,2,False,True
xes3g5m,7ade8874f565086048a63ae95f23175b037a99df7b5f54cec78483f468dc738e,4b1c30c1c6d9fc66a64620b748045f395351b9bc301c430fcddb85b0dc9d7f6e,2,False,True
xes3g5m,7afac721046edfa2270c8948662898e49fe1f7272641f6a962f6dc53439e09be,5785778cfa61725cb02fa204419222bcb9e8a00daabc6e579fe2c8b256196769,2,False,True
xes3g5m,7b26b3a89a56cc47a9a828d5f42ba8d65e8c5d79d0643983597694483b3d2946,24a33b93b44f341e3578e777dfc8719f7c98dbba28ce3e1f6d5ef99d0014ac72,2,False,True
xes3g5m,7b3d4acc931654e8f60a410146aa71ce5f11072e621b5d17d41198fb12b5d7d2,7398213d4752ee1f72f68d64ce0aecc39833802c3e972626b5e1264ba7977c6a,2,False,True
xes3g5m,7b3fc514ebf0a0adadccdd9bac9b152c95d3085e938c55527569f564b006a053,a866376ea540c238cca6258cdf40c30a1856cc94269619707217c318ea7d0ee6,2,False,True
xes3g5m,7b3fc90d14a19089cd4ceba01d6c14509feee6cbdd238b7ea44536902cdb7eb5,97f7c02b05f1f750963b02eecb89a5afeeb81b55064eeff7c5b57be54f999012,2,False,True
xes3g5m,7b58502acd8424c0777b727e98b19878cdb748edf94a5aec492fed4c79e8826e,c50f66fb8dc1daf90f04d864a79ec87414217f61ea6efdc569a8f5df8e0e5df9,2,False,True
xes3g5m,7b5f13bae1640ec3ce5d80b91f65ce16a7d0531c18cb5d0fb2ae99466b03c330,e77da02ae8aa38b6c270060f36a124398c93970740747e4cff55a4c2561531b8,2,False,True
xes3g5m,7b6cd935c7d6be40ea422433a58e092b0a3ed1f8fd6ba2ee281e16b5494372b5,530d0e3689aa538516da69ae09784b5003c66dc37ef0a35164e08a4e7aca19d1,2,False,True
xes3g5m,7b75f2103240f9009875208bb6e9c303a927ac94bcb0492ef3736bdfd345dba9,76d082153943fa051b41502e5b820dace0f70fa625811263717100a43227cba4,2,False,True
xes3g5m,7b882816e81b16a0c2852f242ed4291b7e38d15405fcfc0d03a16de31644e604,d9acf50dcc3d5e72e1587eec9bdc1fcf6e501485301083f3caf577ecd33e2a67,2,False,True
xes3g5m,7b8f0277b07534d780ed4072cb46faf614f9c91ea9afb82f12f54af1dbb2ff06,520e0d91c5804b618b2b292599969e5d21739030c00b5840132b539752bae227,2,False,True
xes3g5m,7b9bb78252eb0586d3949df41e185edb3a013ca9f8c4c4900abd1824208c4a1c,de68224a755638624fac3f4b92e53ae92b37c4a0982a6819a79494216dee3a21,2,False,True
xes3g5m,7b9d53f798a6ac9407207e1537a7dd97b43e555e033fd1566e070a540289db8f,5957be60cdefa66a92060d70109805f2d9d4ffedbe12d3b699761d3e84ee9bf5,2,False,True
xes3g5m,7b9fdbe106bc7ca5938c0211b69464a0270d528aac0e08530c919870e7802b65,57a87ab60861391bb87b5d94aedd1aee9756c6f63d2572966a1154c07a83506b,2,False,True
xes3g5m,7bbf5708b2fada3e45be27b122c4b3334cc51df86caf6cb8e2d02566e5518057,d20431213b75e34cee35b02ff90e0b6f00528febb8c7ac82f8a9a77ef3a1df9e,2,False,True
xes3g5m,7bd8d8d8197687f33a154c28f1e3a6b5960fcea3ed16cc55f38b46e8bfafe003,f3d1313d729dd9626e73c505fceb87e6ce3a1ec0804c8009cf37f4c665c7a142,2,False,True
xes3g5m,7be770a1f2df9edb2d7ade7d78a56c2fee9b28224f1e588c03ea823622a948bf,a8c4fb03fe79cf44b06f71c586d9dca52a7a76cc58813f49c80d05ff6116c18d,2,False,True
xes3g5m,7be88a8c3b556a06a3973a9f0de13a69f874a3005e925ff4094a8507fccdefa9,e3f3d591b346a159e2c1d91a97532a5e9fad936dbb4d2c75ec67093d46c7d386,2,False,True
xes3g5m,7c2e87a9a4c885f685430637a58adf03b48db3c0015f435d47ba2707f441dad7,124267239da51edfaeab36c187045b452af02f8423de32e6e0cf781d23413c21,2,False,True
xes3g5m,7c3fd9b19cebd4c8bcbbc3118c5182650e025ed8d2b658e95c15ce8a02b332cc,555ff14e10f1175213d91f3b450ccc89f92a1785e11fd18b45b127e0674f726c,2,False,True
xes3g5m,7c4f1fb005f78d9f21e69b9624eb6b4937dac4faba628972e923e3ba6f8f6dbb,2083395e0af0008d289aa361292eeb61bbbc75051e146b724f7bc0eb3c948a65,2,False,True
xes3g5m,7c4f9254b6e4efad725bf8819b0ace25e5efd258d8bceb7493c451d239e94987,36ecd61692f4293c76900cdd40d4e1b2d937752298345aef36b3b325e18c65fa,2,False,True
xes3g5m,7c6098981204f7e427649fca5faa2c52a9ffa971c22ab8e81db4168930255894,75a92f9579f376856b2ba363ab50aceb988aa50954fbaa57c7cbf285668f95fd,2,False,True
xes3g5m,7c6a0bcfe7558a4a77f905adc6091bea306afadaaf0b81e127fa0dc620b50f3f,ba9862aa932379e482a1dc57e04275c94a684a4d468e415001cc65d268843cd9,2,False,True
xes3g5m,7c6ea6de83edccbc5fad66619d22e28124c85d062bc04c9b6e5bcc07153e79aa,6d46e9f787f145b90e02890e1ee5453a3025cf3d4e6f37445a481ae782ddec3e,2,False,True
xes3g5m,7c7558430aef160146efa5d8a98bd9431aa761e4e81c3225d7d2215bce167a1e,6d8bd13fa4b95784aa96fa54b7d285eac6a10e445582d74ae6e8a277a5405668,2,False,True
xes3g5m,7c78c4f3fc0071803e9d9ec611b0714f8556e41944f541cd50ed4f69429fb59f,543411a815b4d5edf000eb3fd708d6e4b7309dfca122134b102ff77dd014d774,2,False,True
xes3g5m,7c9b1d3db3227a1de67280931f85b55eb39b4019dd2cbf2fdb9c17f8a2c434c6,117383d3aea7b8ed266378de3945f843d805eff1078d034f6df739af9ff6ada0,2,False,True
xes3g5m,7c9e60d542632e91f4be71dd02ca68e5a8469dda3b8012c7f6ce43e4cfca52ed,4b069ea4521e96e33edaf7cfc99a860e2e755b128acac99f1512e9c0a6bf495d,2,False,True
xes3g5m,7cafef44ef81b633c1fe6fcdb0ad75654d7e3970d1a403b640dad83378515142,8858489af7afd38739018fbfac2924bbdfac9078edb0bf4f62ac1a041fd82943,2,False,True
xes3g5m,7cc436f333b518fbbc62e3402c13787b9b1d31eab0687a1234913d0b43364d61,fdc6a13c3949bae8eecf997a7c6bbf78480568642658ee98e43ab082d5b5452c,2,False,True
xes3g5m,7cfb206ec1e90d20c850ca86b6e9f0b6c7ba41cef7b880514a28cc2790e55d29,257f0c6b7099d42de0abfdaf35be003b58cfe5e05a60bd6c12e6c60e026f3d1c,2,False,True
xes3g5m,7d09dbb2383446ab131ab3b811c067cf9e39ac56cf92b160ccf9c70067e8b6ca,2f7a44b155295dd24a1be653baba4ac43debb49002fa11a39ba92d0e4096b543,2,False,True
xes3g5m,7d188814698ddf6973ae72b718b539c246f1f4cf038362f40805593313457604,3822e61c086fe896c009f4d2943dfabdf9c6fa203ad84870115ec40fbde709a6,2,False,True
xes3g5m,7d26a0490be4026332d8a4b0b16a379d1b6058065ed724038f49c883e96a5d8e,67fb9dc9025d91abcd46116b6f0d921f2df5c10f8c86b58f231520d36e97d813,2,False,True
xes3g5m,7d2d0a24534bc413a2f753d449b98213b3dc32c7e4a73e9544e24fb105e56a0d,f3e319717d7b846ae52892584beb434b32d41622020985472f5a512ca5a58f7d,2,False,True
xes3g5m,7d43a18ec31bcc170adb3e50e9fa0830bd06b26603a87abb2fba07728ea49d62,108dced5da7b4e900fe958fa549dd59972bddbb92f67cd993c03a7deaa84c682,2,False,True
xes3g5m,7d51b2a92fec54b50d874b79ddcabbcd5317c3b5409abee288e4bc901d88f0df,8f9e5844ca56694dba7de17fbab63dbd4101ffe41aa9a6e93518c773278d4181,2,False,True
xes3g5m,7d52525deca95f302bc904fccb19c8a9fbbca3a02610dd5075d7534506e65bbc,0d7ebc425baf843c50dfd3478d6c8f489515c9814e0f542fee33e938247d41d9,2,False,True
xes3g5m,7d6b498dd118911bbcd609ef3d648af17f812cb448a7ddb2898fb2a21264fcba,5bb6f25f310b01d76ce3dea0659d413715b1bf6cc4221129a3b7b31e657907d3,2,False,True
xes3g5m,7d72238ae89a4a34607028cb50f649a1436456fef7e76f56fcb5b742b6e7e711,c317ff6899511fd5d8e7dab04865de743967ba44f42c4e1915f62ddee5266c3d,2,False,True
xes3g5m,7d7ecc604d9233842662afd6bdbd0ae58aa5868aa3dd70d12d53c76ed0f4dbef,0ba794802bf47bf4818eece38facd4acec9f31ee7fab6c7fd911d3b3b6b9b2cb,2,False,True
xes3g5m,7d81a1d0ac5fa2c850e40a2792927e113cc28ae30eddafd27eb7573b08f36d78,55b7701610db2d33f23dbcde5b3405d854954bf0b8f353e437737a2b7ae4f788,2,False,True
xes3g5m,7d92a1d419bab63e5bcc79c10ab51c73e9364c6739d4eb5c84edc43f99be87cd,9087045acd27597395f52ba928df868bca42f7bda0871ecd5d475434d85a7914,2,False,True
xes3g5m,7d948348c84ef9143365880f78a907730ec78fb5f0814a7cd5fe51d9c0b5ccbf,381869ec6ade85c4f070ca074199160a4da3c921dfdb0c2013c275535748834e,2,False,True
xes3g5m,7da77b0a6fd17584656c5275bc4e158e1965b1fa738d0c941522fe49d22df478,089bb89c08ff2ffd82fdcf4d0294a74d3e1a142a4d32424a1908200fa782684d,2,False,True
xes3g5m,7da944147f7954ee9a2b9c6ce81c6b15f236664cabc2d06416cc9e1dcc0cd10f,f695359edebf3675f2a2e9d92bc12f2432e9854491fd8079ffcdcced3e853799,2,False,True
xes3g5m,7dc5d538a3f874ecacaf9c763c6d88f38a866796a21240b4fd22dbbdfedee853,42cad495738eb3a7d346548864078e70b8603a8c5212aed9ea2efbdbaa31bf62,2,False,True
xes3g5m,7dd09598e0bf508afa75739edd4fbb8b77ca0a08dcd8a18bc78f445776ead8b6,52a7b37e134e4ceba41b1ea9235dd443a741cb7520d590bdacb70800e109dd26,2,False,True
xes3g5m,7dd907e5df9b87ab08aab405f058a525d8ec56accc242e1bfcdc070b256f48cb,5797864a2cde8c3d0fb67407b7fd013de857d7efd40e128c81ae3a4154d0bf04,2,False,True
xes3g5m,7de9039dfa224c4a49e1088ed5a636445f03e1ffc12397a42d1b603d63ff7542,3aea8425493a91c76f75e92e81b2970a7974ddb33660a7a711f57834d350b54d,2,False,True
xes3g5m,7df54c6a90557a348c8d84c367f7fb0bf51f493d60558799a52dc69b5ce681a9,0001f9ed7d2d0763c8599880f5705b42225db43c7c34bc4ef5438c030aaa91fa,2,False,True
xes3g5m,7e073f9b8d920f48a21df9e667f353f06d5c82f99dc216a2a46f180aed3af792,6a1f6da967a597518e574c80bcd32f89a12353d43b721bb6bce3362538d6e5ce,2,False,True
xes3g5m,7e17773f0e3989b4d66f85b6f423ef7293965a669d323e27f766440ac4520b30,33345e52a7e4e5ba4bbb56d62d681b8fac4399eebf82f14927e97806e09239bb,2,False,True
xes3g5m,7e32b8accd87b0ed94058bb091ed10b735a07902fa0b0e8f2211d5bed9a7629f,9ada9e7b0ebfd078e94f7f783f94456e2c4c67473d39a06dec320555710287ab,2,False,True
xes3g5m,7e3b55bc3c43801aae86dcc2ccfacd6487661506584c8b70c5430242564a5d9a,014ac3a8bca913fad3074610b2c83299781b7f4ed7cae9875baae4a6993ccc8a,2,False,True
xes3g5m,7e49cd8ef964e81058a537d04a9d3bbc2f2bad72bd289b49c9fa35f694fee4f6,55f4bddfed61d49d9e7ac8f269858a3d059f103e4483bc81ec38bf4b39edb85a,2,False,True
xes3g5m,7e6896064127f9c5a4d4dd376b9249929ed1b7d64b795796517a5e9834de4cc4,464bd2c275288960343f4e9ba3c55d7733ba0c802dc493196ed9fb2d5bacf641,2,False,True
xes3g5m,7e6d0cda1b4d90d60437238983b211de34d5a015be7e3aafd149b7c8c22f9b59,5a0b07f8ea7ef626b8625c9163df20ca1078e65272c9f0ebcc836ad0e895ca7e,2,False,True
xes3g5m,7e92e5d55cbfffcd2033245211ae2ccc7241b6a00d7005889bdc9c6e14284099,effa640fbe94d38eb9b018d276c8f329334a3f4e9b03357506f5ae687ba34100,2,False,True
xes3g5m,7e983c451ea16c4c4b367bf83df53097f81744bd448b42ed808c1ca4a49ff6cf,0a7a5103f7d68080324cd6be4380dcc9a50cadeab8a80932aac5a1c416aa6e7d,2,False,True
xes3g5m,7e9c210b63be40e4cb26ef7763c9e0a41b0322d276cc004075697c6f61368b63,00a3c01491e4b6eb415320f01119bda454bf0aa82a128d985e51934c0324cebf,2,False,True
xes3g5m,7e9e7162fb6c494e26003d520bd5a4c2dd93e7c42a7a2f64547ac2e701bde5bc,0196e3d351eddc8b6d76d373ed9352c389b373edef85b9fca8856b91e158d345,2,False,True
xes3g5m,7eafb1bee26167034af6721fc907f94c5944ead4344fff0bff6742f3950e6c21,c3a8e0249e092dbde007821c7d7ca76f5a0930b124b1f4cb5ba3bd331b5c04bf,2,False,True
xes3g5m,7eb6000bb1fe282721d2167ffdcee7bb3cec5746584b0ccac113fe26796cafe8,045f8eaa0db3decdaf40224d62b3f97d1a64708ed24f758e1c31528060538196,2,False,True
xes3g5m,7ebab9c088c3aaf9eb50da61cba3679f7629ea676b9dcb6cc2d55bfcd14d4582,1a8b5e4085877f7a8c786e8f25c0bcb07ce5a33172fea7d39fbbe17997481585,2,False,True
xes3g5m,7ed082229a00a6a6bef1269ea06af3ea69c0624423a629cdfa4c45eb85f7e315,2c3f49e46b0675c5999a87e7fb3bee555f728ca8543cc84fefce641a22661165,2,False,True
xes3g5m,7edb3fedf01665c17552bf432ed432b7749f4e7578d03f6f9dbcd4b9fcd770cb,1300a208b1cf183dddf60636317beb52991563858a93879c156fbdb04e5656b5,2,False,True
xes3g5m,7ef552e274fc47d9fe6b1080bbd00fccfba8d3d2436267fc2ce877b3b68b858f,62fe295927c01539e3df2b5808a0efe64b55c114e73f136ae64d62c49c550f8e,2,False,True
xes3g5m,7ef8368f175d0248b1d32928a7e00df5dbea0a1f0f155328307b86225b4479ab,c89330bffe9701f9326a8053e1d775932ec609f78c7e8b543023faebbaf89263,2,False,True
xes3g5m,7ef87dfba505a101fbcdf007625a26328a7ea6aa7e66484b41a164ba27fb45fc,df87da050d2e9ed3ced2008b31d1f4e4a972ae37b51308857ca4af655aca3050,2,False,True
xes3g5m,7f041ba390b3d06fb1461f611ecbae35ab33441b904f0848e1e61d7ea8c99e7d,ce738500b96911bc9bb3fc85c2c63eaa38998a45933a0eaa9cacb3ccbd4939c0,2,False,True
xes3g5m,7f06e34f030a46ac792fd3b197e43b517a6731e5f8c6a15ab710bac8c14a8ee1,e7e8b8100ab182f10f2ec973461898ab02aed3f4ec1db0cb8cab8614327ac3db,2,False,True
xes3g5m,7f150fe5cb37bed49e5862c43b330d5285a9d48036bc07d3008742cc3c3861d3,a0afeb727d42cb853f09b0c51161d2e49173913b3744eaa191d1ae8d0deaec5a,2,False,True
xes3g5m,7f2177b626090b83403784f2c5fbf38b36945499f55a134e530ad71a97156a8f,78b268eb173f611ebda9b6126adca6e952b8e312ff46fed92dd4e045ae96260a,2,False,True
xes3g5m,7f24f1cf186a6aee97753a99a3aa95da1bb0943cc07cbff1e35f60abaf0b5ace,67ad045d88a9009e4acc4eb1a141f18eaa5cac9d8dd62c53c0a5b4a5864100b9,2,False,True
xes3g5m,7f2983264b41566d66fdb015a88db672429bf9e9152cedd107a68c99b18e8c68,6691f313927fdf4e6bb71bccb81ecf8a7d46deef97c00b6f8b8b35b73663a795,2,False,True
xes3g5m,7f339913597504edc15aa2e6349f6a5fc3bfeb87647e2c9eba63f8f46723a495,352ba76ea962e73fbe054cb98e9fe1dc6621dff812ebb80d60bb90293f84c284,2,False,True
xes3g5m,7f38c98f2b9b2356b3224e4be2d327f4014046b202130ce7972ab4134d7e0c4e,ced3f88d2a782a044bb075f686b369a07c3a1dbf28e45f5e582b679dc1844593,2,False,True
xes3g5m,7f42a9a9291638eaf939907c9672409f0dece674e176c5447f2e5f0ab61b4feb,a0b97f8dd39befaca5b9962d4eadc2c339635c4c7dff7c6c50cd845648cad988,2,False,True
xes3g5m,7f430b019b72b3ac1070e752c52354a39ff5bf04578c2b03fee7f4c776b641fd,c2836ad77a3142f988252568e3daf7d1bb9f2373715fb223206a7249593fb9cc,2,False,True
xes3g5m,7f7941f2ffbe0e5e6877f9318a25a39d6e8891c6afe0d2afba0878b706659408,96b79fc59b69efd41c19f3f544fa4b438e5e54e4f5714915232d79613a8ebf95,2,False,True
xes3g5m,7f9708249dd9a293a9d6933a68ec893913c6d6bb1e1cc7f90e2bacaad3cb8f4d,58e51970bb24085b0715d7fece07b647564a0818e0a8179c6f220bdebd6047ac,2,False,True
xes3g5m,7f9735e62a6b87f2c10bbde3afc950d56ba3126dcf2d899fe36bb0271c3fe1b0,6f179f1fc5e555ef17bb2ed13673c831588adce93bdf240531522eafa45b3072,2,False,True
xes3g5m,7fb57a7f8bf237929318d6cfe7ab2e5864e0f65743a89c699ae5e88ab463a889,adc946a95184a947d8fc1d13b68d0cef145b660bb9f37195ddb369cfd54d49e2,2,False,True
xes3g5m,7fb5b43e6cc61e4c12957ccb1876844e03a5687d5c8ed1cf89e8e8a1277b0758,8ea9e50f0a498649cdf82c07b98e5e9af2e7cf8e70e14d37f470bc48030b6f29,2,False,True
xes3g5m,7fc3ef682b39090b9eadcb50a2d96fe56ec1b62d0d622e566cd7d0a3974908a2,c7a35b2195cb304aa4633c73b80a071412ea910eb8bb6ef0dc6701992230f043,2,False,True
xes3g5m,7fd1378338150500973be823f3cdedd773cac509c66e40744b7f3209460496de,4b7e274a96b2652759d0b4e00a9e58754a3f33e543c58f01977277fb25d8804a,2,False,True
xes3g5m,7ff9b3dfb4ea61120c41448951df128155c0eff8066a13daec8f82dd503fe774,a3aa2b7fd269f22243ff993c51c589c6444419d4935e3521bdb85a23c23b3af5,2,False,True
xes3g5m,8020c4fab43410b336e35b17b4e23b110db017859e9ce546d5754db75854bbf7,73cccdc74551cdf6154f30833fb4089492ff4e0f740db3e5d56158d65b6e6a1b,2,False,True
xes3g5m,8026ed808b26ad0950c7b08bb34cbe3c451f3dfc493d9aaf399f889326ed4da5,831d1c76989dc8eb299450d3af3fc09e70adb8b19cb990aee7b1db0eafddc301,2,False,True
xes3g5m,8032d8f571669ded8b51989e24118ee3fdf2777d76c4b4f45b69e3d69e5ad03f,e617d05bbd4b188488a9f4c4105e1a687c6c7515e014bf598b5714734ed3cbb8,2,False,True
xes3g5m,80466657e82d84668809f2019a489697788ad9488a6f2c016ba46a34513fe4fc,fa0c9cf7b587d383e005bffd7fa06a673cd07be45d03ea74536599ce9f3f1f8e,2,False,True
xes3g5m,804e258334719efb9831fea1ca3163ab646a1a35f53c7017c107d8553aaa3ce9,7d1848f410b0fd656e80a320d20d807f456d8fb720fc6ad0b7f7eb58bf8df5ac,2,False,True
xes3g5m,8056c12baf93d5b3c965d5764e6880035d3dd833ff99c352610af09f5a7b96e8,ea1ef2e2a915ec687b1e4b1cb87d9d87d30390834fed19aaa5e5fc3fcf25d365,2,False,True
xes3g5m,805d10ba26ff5b22196353aa752d329c39dc63304bb48651ab7fa57d066efe8d,c02f70a0dfbff2f6bf97b4393a188fbff3dab338b5464a333a2cb0063841064b,2,False,True
xes3g5m,805e849cfa472eac3f99bec7fe64cc8e1e0ab75ac1918666ba4529f1d47bb77e,7485813f1fe65249232cf0943777b64cdeea04dce5dbd239bed48044292987f6,2,False,True
xes3g5m,805f1b1081aef6094e87523a77e681ce98286552dc0076a98c38239d1b0c7bdd,5bfbb14d3c2a6f78ff61f027b86a4ef76517174df76f9f80fc5bf66639429433,2,False,True
xes3g5m,806183793736e2edd517d2af4daac2a745f53460df9f6fb045a40cc85da88f8e,594823c8f5eb44e0d4c37160fcacab8415743ee6321c12c804dcbafaa2a6387f,2,False,True
xes3g5m,8079c45ed82011555aca36e022eddeff6fd024eaebdeb280158f265903e3c79d,f035923030a53449896f5a381de077d9ab4b9731ea5ce9fcee93737e22344cb6,2,False,True
xes3g5m,807bfad50a4665db599e0a189fb4626c9b0c82e4a009599a0d70b545a01b61db,a8c1a33c6683759c6c40f5ef497fb58dfe213997bcd73749a4736b7abb0eaa8b,2,False,True
xes3g5m,807d1c94c997d8ae7872443b1f4e2af5007def9a4c20cd99b902436cf9cf0af5,fb597fd23424a120f372b9ccfc8cf96a9b8166b4815f20568d15596679a91258,2,False,True
xes3g5m,8085fa5ff1563128a5fe205379a37d40fbd23b1ad133c11171e5388c7ee2146b,a0132b486a8e9d6bd451230e07a65ec38b225b41d86b5bbe8a5ef66520f7a6b3,2,False,True
xes3g5m,808e8d0e3baec9eec98a262ffcfc911f3aad6bf6b78525cd04fa4441ba86b816,9123e0ccf1dbe0d018876d11c684dcb3d0c92757783581f19784eefceed54a38,2,False,True
xes3g5m,8092be117fda552ba4f8c22405dcc82f2a13da9e274bb7c5109b6fe579abd9f5,c2d20673de2f80de9ca2edb2b63b7d3f8762c8c5ede2ed06a7018c3ea487683c,2,False,True
xes3g5m,809eaa5f25d5537719d9ccca4b88e3cb91a984773b9849c970b304cc644a9038,ef699ad1a2d3f9400a458dcc7ed5f10b83242d6779670b630fe90b126491f107,2,False,True
xes3g5m,80a2bc8cc75b010eac2af30a8279cf5de4375286c6a370b60d3d0f31613f235a,2ba53e5de2932ea0a406b7fb729803cb5f6dc1adb9f800133fbd83ef58e1737e,2,False,True
xes3g5m,80b5ad924daaace2b8106874ef3956f66649f755d37e710ca19eecaa2460d741,1ac9da279cd469d66106f8ca7380d11e65ee23ed2cc8233cb91f38531aeb548c,2,False,True
xes3g5m,80e746528a5b2b78ca01da3c35cff75080df8b35101f5c97a6cee9aea19a020f,1f14bd5cce7bb5656aa46fb76f54d6d81397a4b8ff4067acf05ec8f48ae6c0bd,2,False,True
xes3g5m,80f53cd6c3d5ead43f666d05bf68846aea88c99eace56fb909ca79c616e31dc4,d8341510395100c092d190c092edbf3e41bb72602e46a041ee4f3091ece2cd25,2,False,True
xes3g5m,80ff65ce1c70282832f7ed973a9f5ff2498be10324edba9b0e50c0636eb9cad3,4695e7afb7eef093fc5dafad584555a6a9e438e1a8b5b35c288719b66b363655,2,False,True
xes3g5m,8104438d242fb836a95032ecf26b2ba0907beafffde648a12735f3ca583f6147,697e11768cca49cccd59e2e6fb49b90a850bcaac925bac801b4e21b8ba8fb0d3,2,False,True
xes3g5m,810591e826f55a6278a9c89282fec6f5935af1f8dd039a24a18921663f23ee28,61868323b13c1a3b34eae657137dca1c8c29484efe400b826f910142398a6f7d,2,False,True
xes3g5m,810a35c2764efb91818f0260c7db95f7cc33f4eaf37be05edd9137770a3f2de9,160053afb010ff141b188df2e3da243933032152dbc34c89d8a1fccf18624887,2,False,True
xes3g5m,811044f70e81fdc17ea2da1f91ffa8935e76fa15338c12deaeb32d1f44e50fbb,aa261ebe6c06e148e15ddf7abd12f7e5f47f14c3fdbc6139c738927d82647afe,2,False,True
xes3g5m,8117db74212c993c3385c7bdbe3ffe6fa0ee949f78bfff34af992df12155b764,f0e8a0a8a5303e48ce5fd84b041ae464702c32b64660200718f619d579cca723,2,False,True
xes3g5m,812916052b75ae03f24711077a2811ee3090937feaa6346d093fccae99655769,82283829f9c6626ba5ed4c9e0620622550c527c03e83ac79e368f54b3459d9a5,2,False,True
xes3g5m,8135f319d72bfcf7512cb52cab38fabae260a03ca093cbc40a50eaa49e519308,f8d785fad8684285dbaae5290fa30eac0b5b1be3dd67b566d86f564dad8f0b71,2,False,True
xes3g5m,813911e469725039eca84300a05050db449162e682b9185bee113af0301237b2,871e449775048e755efede280b86d2020bd497faa273f243d0ac3e18aee99f60,2,False,True
xes3g5m,8147840c20ffcfa5c31d56ff22d64562d181eca51bab3779f156f8f3f00c4bee,4e58f6f41dc2663158c3fba587a56f95622d6555d94c30046077b099388ecb89,2,False,True
xes3g5m,8159dd8eb97a152134515ff63867d3118266bac73af5196bd3a2cbb756dfd10e,7bac024363634fbd3a05fdb47bdda1b35359b6880c8c05f48f9526ab2b664d16,2,False,True
xes3g5m,8162fb7f2fb87d18f9fab93c502b53d81edc1b78b4b8ae24a29cdbf715b5940e,5c3aced15b8b5fc5c1a5fe64f5c1ae447bd78c07ce704fa92ac77b72ce209e6c,2,False,True
xes3g5m,8163bc7d2a0efa9dc087e2b03e214747ea2a32a6e34dbd6015af954655ba2daa,1aa92cc44e83cb75422ad30508306f610c2261abb9a74d7f3f01932aea4440a6,2,False,True
xes3g5m,819caba49bb64aafe455ee5535b75249ad8024fac491ffcf31d8d114a1b97e56,25b71bafec075a8f1b7a4ccd8e8543bc2f8bd7348845ab5915bc45d930572098,2,False,True
xes3g5m,81a0a2b7ef6fd247ed798e66a8c1332ff7670bf9d2982f6b9d2eae879eb30e19,1147c8851dadddd87b6809c60aa15e26302ea1a328b9a6037336bf70f300aac6,2,False,True
xes3g5m,81a15014fa5149bc5010118ebd06b7101b31b1c2611b02a0fa2479d9553af8c4,3862dd86429c557584c5671d215606169587a876f8cbb236b182407a53dd6c79,2,False,True
xes3g5m,81b14417fafb59ae13b84c3742a33b5d2d5e5dafa64325d22fc95c4664f072d3,fa5832f586e0edbeebc933d0cfacfe431d0a843a575a4afd902a9390835d0609,2,False,True
xes3g5m,81b7be66d3cdb11c6c313306b73b591345ead069e25b771ac6011628cae1dc72,916c229270319993ffd1a9d622ae2b004ee3d0d9ba18373fa6ed7269eb7b264b,2,False,True
xes3g5m,81cca4e7fb61025ba8e2e8bd6df084a40f9d0dfb6f963d170456554ef2a4740b,5dcf9756bc6e2136b802553c68f70dbf82aecf45aa177892e65bdc807cb7ff49,2,False,True
xes3g5m,81cec1fb082a772b79094f5df7a790134eaad5190b5965908570ea366032bb2d,b102a5dc40618cc93d9dce847b267dee1f01deeec12dac2ef8196bb53021ee31,2,False,True
xes3g5m,81ead29e7bae492a1460edb11fcea9a16835a3cfebad02c7f34f72e7dfb1c60b,969878c4455d2666305e80671946fd72ea8dfda2d3819f768664c02c343953e9,2,False,True
xes3g5m,81f147ba72c79841c2ba04d9fc7cf358997c29348785412147e08cddfbd5b6d7,3f026ec91dca76d43755698cc9689b489e2c9bb2db2b69157cbbc4b0c3b7bac3,2,False,True
xes3g5m,820b66af026f3f7e2027449233483c8b04d8fbd7cf61431b4f4ea291d333a39c,a43fda0f5816b5e4fe083620f41136a82e41f2549ce4d331ce59a46af74237b3,2,False,True
xes3g5m,820f57493c6427ed30e30f3beac65a9f3c58a34de598c324da5c2499caaba808,764578afee5b5acfefc46ee212277d113637bfa157a7c5979cd07eb7e3762382,2,False,True
xes3g5m,821cc5db6da743cb4ae5ce68019b0c827d6fafe843f554887e85dd564fc7a987,307242471b15d5d1d74ae8e7425fc93e2671a98568f1f68953c47cac3ebf9b1c,2,False,True
xes3g5m,8227241e3cf7a17c81917a3a32fb6774ed9c073d3f812f9820d601a1c459f980,b9d4a4e0c84b078490270c6a83e732c2ffad3a7fb1d015c86cbb2bf9024cc10e,2,False,True
xes3g5m,822bf276adb3b65a59db32ce2f3dcc765af3dd0f029c916f1e597001926fad40,8aa2186b18f4413f70d6ec8edc47f1188492f66ccb163c00a99f48460b3a8978,2,False,True
xes3g5m,82389536725eb20874212bda1ad5fdf4b0485c8aaea6c901deb5f1f3acb31889,a36216bdc03380fb52d2a4354c2a27dc14ead4f622f2306e5d1ad0dbf6b46b75,2,False,True
xes3g5m,8248dfd019bb3788f91b352ccb80e6f503947e760eca32332c4f22d659249a27,c3d457026fecb2fcf66d4a19a010d1dcb95ccced60913255498a44ac914363ea,2,False,True
xes3g5m,8253c4dfb062a18518796c650994934952811dff4bde3cee3b81b5e1724afcfb,c99727cb502a53a9aa310fc374b1f62a0851055945217a980d4c70c0a01505be,2,False,True
xes3g5m,825821d6155167f009a82a441ddf95d6c598d13ed28063aad2e7bdbca0f567fa,5ed6f2a91bc1d94c241fafe1594e1fe340bf752198def2bd30fad8ce9c49c2c1,2,False,True
xes3g5m,82802c1909d7c12c5748bf9686ff61b119050c3895add3a80a2f501d1de9ba2e,c19da71b488e7df54bbfbae8660fedb4302ed31aba119464accea8d19b5ed9f7,2,False,True
xes3g5m,828882e2f6b10b8a17f1f513edf49208ca4372243eb3e62d22e9e70739fa11ce,32b157524cba07fe832783546126967c0f659aa7e89e7bbec3a87b65ba0869fa,2,False,True
xes3g5m,8289bcbcc071e2658118b853b81404ae58d0072489b9572acffd5890c77e93e0,b9dc717ec4c62d872ed906aa070995aab127206ddb4868d109cd7263309fc988,2,False,True
xes3g5m,829b5dfdfc1785474a719855dffac0dcf0b882a2de0b879ffb50b6da677b7dab,0362412145c469a72627c8898053e9a5e616c9e33f77906abb36f3c6c35a4cec,2,False,True
xes3g5m,82a12b94b0fc1d1228c05be506ce07283df3540931dc6b03839fba730f83791b,a2f6c16ab8c6d03b230542ee0b18ab8f0ece83b0d0be845d552d6fd360c96a3e,2,False,True
xes3g5m,82b1fbb04adb987be8d59fcfafbb15a3d0f2b7320fe8d4d5abdf5c1675de2229,ed522a8f4f2e8a530746c22fa9764d11439fa84d57436c937e83b9a4d17cff2d,2,False,True
xes3g5m,82bdd9fe76c3e40c7fa661dff76e36962a0e1cd6e7e3217306a7ed2d203e1f99,9747d799e0fd264822549bce9a612cb656d1d067a8c141b15d311272f03a6152,2,False,True
xes3g5m,82c47bc0f4386a6e54c94859df7cf6cd5cdc9648492486c83da4dc5d479337ca,f06c61c135afcffbaed21a14a422b01ec56c1fdb602d0b98016353d5d0422af2,2,False,True
xes3g5m,82c58c9167bb5d072ed78c190203de7c5f5725e9e63222cf8a3bc57e438b4795,8913f22c55d7e1d030966ef21c29abddb9c0bb3b44de342076380d3aba95456b,2,False,True
xes3g5m,82d354181f1502f3eeb882a3364879ae993912c1e4778a319c235a321f054cb6,86f36708f3ae0e8d977f38d7825070a8c717b04b072923db89d613cc2b25ec0f,2,False,True
xes3g5m,82f02ac68ecd0658190191de77705d6be7c0c360b18c5cbabf456c5f96973e4d,6e03b5fe91a4ca50ec5e7875d22857138f15f94742dd222b42c478697b940d61,2,False,True
xes3g5m,82fa5f167094e582afd0c3d8ca1ca266c1f29063027fd389df5ca5ab7ab4b1c8,501fa781110bc622bd83a9d12ab96604a9b406a3f3b9dc536feb2352a39c51bf,2,False,True
xes3g5m,831030091ca571ff8bf56bda390117818a5ed40a735e4fa349ae1e133cf3b29e,86a8c5cda30341aa6daf6439c733d501e312a41cd9e5ff1aee164f9a59ef5916,2,False,True
xes3g5m,8318bf82088e9a6aa0ec256da878537af04af02375925f0ed493a1edef0fda51,ac54242ea3219ef43f9b0448726382a51b321943739ce786217e50b5a78aa114,2,False,True
xes3g5m,831ade63ee951aa3b205ff3d01b95724202809067c52c7af3c53fdf4830ab0d4,8878d672316bb9497ad3809cd28d03e4cce6ecfb85b0ce36965b605747a75efe,2,False,True
xes3g5m,833070ac76282bad5ca068cd40ec5978ec4702db2ac2abee600c62135e58ddc6,5847676f9262f2cc364447fe90e31e4d0406a4e9305d4ed5f588c84bb3606156,2,False,True
xes3g5m,8335278f48a73b8757abfa0e4c71970de338cc3a4da6552480b55cf685ad2bb6,29f11e17ffa91058893eb7bbf6e7ebe1119f10752706a0c6308f9cd7553fc0bb,2,False,True
xes3g5m,833ae2ad11d06ccfda3fa53381b1fa79013f4fa39f2fec04d707b1c833217b17,ed393c4e5bdd147b2b683bfaad9475a564ffa2a00c3e62303c30aa518b72267f,2,False,True
xes3g5m,8340ff9d5738e419012f19a5e1400344f41ed67ab9142c5217b94d1a6f0b151c,ec72d88a1d705f9a3ce9b4e141fe609f54335f486c7657b7ac5b54950f1a7adf,2,False,True
xes3g5m,83490f65bf4a61d0b7a39ae22609ba8a3c81a4b7418d781c7f0812211ea52a44,275ed7bca9d1700212a17dd9218c1eb7605a39311a178ac249571c9a26f20e57,2,False,True
xes3g5m,83593083e228b833651e6871d0227df2364b8095fb36bf6724852e36508ebb79,7aea68d696d9274ef6d245297c0415016420197c714d096ed5ba2073c87a2b51,2,False,True
xes3g5m,835c7a5ddb88537d24f09395552c7a69c177e63f335bb5afb260b99ab7518bc2,2a2f1b7fb5a364c82ba831bbeac593d8f5aadff0a13dbc8802859cf03c0604ed,2,False,True
xes3g5m,83648be1b93023923694c4b216cf55f92fabcc4e76df9580895ff1b36a276fb8,63c81380420a256ef20e16d0e37cda991690564fccf94a592dfe00c0545cb92e,2,False,True
xes3g5m,836d9056ab117d824296fab236f0a8d4c79ad5427906efe7199422ec161e426b,5f65d64ff9e074b944548f8c1c3bebed2fcffe689bd274eb728e9f311f88bb90,2,False,True
xes3g5m,837b69f62533a2d17d82a9aa73367495883b91c5c2ae367669c4004c6f3fd489,45ab98f363e9dac2fceb3e4f3468d191e24d99adf4cbe677320c46f1ded844fd,2,False,True
xes3g5m,83abcf329da7680481b33bd528acac7b08d676c5e8d81c712cbe5b785ba3f7d4,37c7de204747c1bc811dfb33196573554f3ba58f80a3961a0128754804dbe8bc,2,False,True
xes3g5m,83bae83163a7f99a0c62eb1d613e15d4b3b9e61bb0f64843d54211f8e9c8af50,ed355963dc6651d69ddb35b278b896d48d3824d68fdc49598ee092ba43912f83,2,False,True
xes3g5m,83bbffb977fdb8db74ac0b5e84b2bc0737f1150c934a058217b0cc0ec856373c,070f52bf2447442d1e40f6298d9f28392ce114538a4f2068272740871419593a,2,False,True
xes3g5m,83c7d377be3453e70c4ec4708236f9af624148e8804fe85a0e9662d98e8debfc,04a282ee4593aa328d16e0a0e6bd9c9b175c5a49bd6305a0e46c2f5d9badd2a9,2,False,True
xes3g5m,83d19e788f70c2a5e9a7884d89d9eeab4503371c342a87a18c7dd1d75d325e34,08be3f632b8793faf7149e367d45326b89ddfa765ecae1273715e3cc6f043b87,2,False,True
xes3g5m,83db1e62a16a649167e0e881788a5639c5f5926a6b7425d64aeca3073429cd66,5d60e7ec2e528c326991142c8f0d465f3e60ba7ae62bd3603b1487861a1a7055,2,False,True
xes3g5m,84022048b119a73530bf8e23d7627dfb4b7400629e96e09ead155102bc07de37,bd0ac2b1ac25c81b0063243a3e607e0b666dd72bd12de75e8f9b76b1e342097b,2,False,True
xes3g5m,8409389b1ade0f14c63abf5546a570ec7add998b9b656854f70052f9e6422860,5fb6e47d7ff750c4321fc8a0fcaf6852c32355ee9f5d6bcc463cfecf8fd45804,2,False,True
xes3g5m,840d4961b40985ae91be04d42dc8384f2948c26ad05b06379a3d332ee158f96d,cb20df389c9c02111860b672a419c4c068597a09caba7225f9c5bfcd11dc64f3,2,False,True
xes3g5m,841844f1f7be72ce51b1f714f85dd2bf301a2945c9bcd3856dd3a1fa151b2001,2013de5e1bff7a3efd004a1f8316dd12077222a477a85f05375800c5795c7ade,2,False,True
xes3g5m,841aa68f0601b41c7e4638e59bac8ea71fab2f4167bef8a72b23e9e34d56ffc8,b07a05fd01c36cf22357b7b0d2b84f8049878222a57099bf5754a510cb71e4e0,2,False,True
xes3g5m,841b86ac8ac365910f15589358cffd175ea701311d8fc40fe3e698e020d63b00,05dfeadf99524317a718dcdf19be79c5e520b93b2663a26827ac1d9c5c618a5a,2,False,True
xes3g5m,8428b45c29329301cb24132b962475ddac6a0a115b7f2d1294b45b59891c3596,612aaf71d59266b1f5c0775f5dd5401834f74995f1b790563f5a388157241456,2,False,True
xes3g5m,842af87a6a3e0bb7631d39e6a79c56d4454d7e81d6788573224f297cbc376c27,ed9f77bf41a3e0f9cd451c0af996dc8bc73ddaf53f3bbc8f930c135189da8a17,2,False,True
xes3g5m,8432218c1b21ebe8441e77f3cada7c7058e1f6b342087ae2e59000b168b6e332,d5c52882739595311917134fce96f88e19f353b8f999a802ab525366da9c97db,2,False,True
xes3g5m,843377caa78982862e47d5c076a4f6b1d66746f6927f435c302600026deb1fe4,21561fdaf56d77e1d0d9be02e84e979b347b421d59cc324ea9fa8dd4e6db4ccb,2,False,True
xes3g5m,843ffed0afe2249befc760d00f0ad2c950e03e4a766aae1f1aa083ee6685f3e8,5673bb61a6937c9d839d959e92fd061602be4738f1e37b2c50f3a94a21204305,2,False,True
xes3g5m,844dd9905e1f3d86e3cefddd526c8a55da247f96d15c5bf81433f4314ff0749c,576f59fae2ff708be2f34a79b2d01397ab5d2dbf22ad238baec0500223305f88,2,False,True
xes3g5m,8456dee90b0c4cbebe050e9afe489905858abb41eaf87f5f5aa8fcc354da4617,d9c2fb83a613c6f3fdba4b27a466d080a8ef45d55f29c8915bca154faf954458,2,False,True
xes3g5m,8466f0f076c0f1e760f42e1878735e9158536bc0b0286093714b3408d6a310e5,435cc40578c467c41f1c681d20afd847196529e129692e09c0422ff869d6a436,2,False,True
xes3g5m,8467b1602a90b36d9cc4ce746e640e67dec29b2ebfcefa4268b7f09b6d5aea5e,6eed213c4a1bc8807fb498e5aa51f707a4db7e75b6b1f270b99ccee366f4e463,2,False,True
xes3g5m,846872371334d45f0d86b1515134fe880b04ea487974bf4582721b4ee96d9c6e,561a3bab678ae2e1bd7080a026a13c7989606939d1c43d0e08bc5f5080020b7e,2,False,True
xes3g5m,846be87d800e46af8479b5838eaf7147a7e20acdc5c4dbd29c9b67d70f5fe1e9,38599c93d5169a02b825646b390b87286c8c44ae541ac5b7863b1a71b772821a,2,False,True
xes3g5m,84711d44d9cf29cdbcad0050ddf203662c55bbcbd8ed3a8ba2b7c2a7b169dad1,2e0c84be77b910693a4b0f8977cfd7200d9349e46e04f0641f5fef52be930208,2,False,True
xes3g5m,848517247666aba9877be2a8291b8e6b13f7f80d793a31112ea7ef5a90465eb8,694dbc673076ebcec3a830eedfc32f88c5c27597e934b36c7a21ea21af14661f,2,False,True
xes3g5m,849008548db99cbc40a1a75ced8bc2f96d7be58e6555c29271c34f7925abb1c1,da000d215ad37c81d4730e20e090f9e60c874df277d62ed0db71962e0c51743f,2,False,True
xes3g5m,8495db00de195e8d5422f10ab417d8babc71f163d2514ed08e3b28acc1396a7f,8a0186014022c44d0d030101223d207427fa7ad2e7715ce41e502deeedb8186c,2,False,True
xes3g5m,849f6958b41303f5aa86a358766943231f23f9dfe31ee865480167bb457d0bde,873a8742ce5064f2022b0c0ff3ee6936f3b509d938a6c898af39bb96080a3013,2,False,True
xes3g5m,84ba3e5d4c9dae59aeca20576e65136072e34626c21cb140ddede4f504000636,a7b5e0bdfe7374a3d54b43fe07a4de9f02e883e7bd2ce8923e1b44811556b834,2,False,True
xes3g5m,84bb4fea21d0c23dfcf2159273963295d0ada3c7d6a8d14fc456e26738d83074,dbb919e7a4ca8071a71c449e9ea659ff552c231ce6bb3a76605f6665b3d2c786,2,False,True
xes3g5m,84bf552afc35cd0d0372ac877f9c96e0c74b9909a65f6f4b3a77f13ddc9e9054,b6693af3c2fef854837d76379d121352b3e0ae8dc8b7e3178f382c9cfcfb822f,2,False,True
xes3g5m,84c014133e5f8a41a0fb6857c3cc361b7faf15b82da34d1e2d71e1354f6b870c,c3b040c9fdc00da13cfba6dc8d962837b23ab2c8918d325bf3f5bf3d70296594,2,False,True
xes3g5m,84c7a78ba8ab07f68dc978ba67ca9a4b86874f3b966ed8f04e391364640d4239,d74db0bb9987178fe94a03e93b6d97291cd77d0f24eaa8df85829baaa24519ce,2,False,True
xes3g5m,84e1e46a1693df235b3a6138a9726cd3971c06b4fe0d3d51eec07447bccfd7cc,82a31c6696879d1cac16f96472082397d60096d9c9729a4cad43f85d08b12544,2,False,True
xes3g5m,84e891c14439260c5ffce5e68a1885bc8522c20a00a4c4f6650b5d8b037a5ea6,c0d2a10a5f01317cbb3b14c3fe7d31092a02f55ff01eae0d9876f2297b2a45ef,2,False,True
xes3g5m,84fe331aad6945503dcb6643a8f5b0260295edcbed24b9f99fd62b8508e3eed0,a6ad259d4796e2c660b53a0c5beb5f9415a0e66c5067340fe8d77c9be9b74968,2,False,True
xes3g5m,850bd24bbdbd76e131c85da1bbac2f0d2098951de764814c35588502a06f0754,becad3376b85948fdce785e6fc97cd61ba79a59fab3e1b91d04de8dde22a1dcd,2,False,True
xes3g5m,851f2d1c78ea0d15048f440b4aeaf36c719f373606fbc3d918e4f5054958a9df,bd1868264d3a8aa406d09097bdf126c0acaeb995fdb74e336e32bb3ba0a5f1c1,2,False,True
xes3g5m,852570669ac6c39ade5c48f815e0ae591b490e4dca05a0e9e071cced6c3e6387,de382ca4a859b57f66b111674a0515af53667ca691d6b154262328462b408d7e,2,False,True
xes3g5m,8528d84230ad448dde55903a53b8bad723271dbd99b767f49ff0865210c19a48,25f2b61a9175bd90e6a7f4aed37d42357f61aa9fda3612021ea04c20f05dec88,2,False,True
xes3g5m,85423ac08f2e3364b8a800f3f1b3b610b34acc7eab1f2737e7221a79f0b6ce67,f6ad523043d1fbf45e822fb36b2f0178d5f55b1ef4fb371a7658606b3ed38550,2,False,True
xes3g5m,854c5276bb794dc74a8be67bc79ddd0e41bb557fed512adadc4f77294fa5960e,80bfb29a86624e664ca5241366b14226ed7b3f92e7334eadb1b1f4a2793e8993,2,False,True
xes3g5m,85838d868564d0caef27808f2cbaf75f52bc0af14ab34c126d5995a56a7fa7e6,48bf96a274fc704411215600214af99eaa7329ee9fd2ee27f132907193f18119,2,False,True
xes3g5m,8586e1ae575e65ea530a0a2cd7090fc10e389152d82c89ef258e63d190790b1e,64405d68fbcfc23c1a904347ccc8ac97339c7e1ad74feb7124141af0a19afce3,2,False,True
xes3g5m,8592d6c76b3fe38c09bde9eaaa5ad58875cec176d0b820c26709ae5067653bac,8b1eb1d99ecf27231a1b78645a3b11908110447ecd155554b62c6fa3ed04c468,2,False,True
xes3g5m,859fc17d890000ed1bb57ef133183458fe7ff3fef03c95620d835010f4a6aa94,695f3fcc502995744834ad8f58466203804a2c90bd2cd306b895cbfc90822b97,2,False,True
xes3g5m,859fccaa39cf9b0bcb90ff8ccaf4ddb0cb9a19ad83ccdddb805639bd06aaaee8,74bc003d0e7e612544b98437b9bfc69de7c49d5accac4e67bc6ad6010273ead4,2,False,True
xes3g5m,85a1fe8a13b337ec02e0a5a541cb76a791ac26a191f640b01739df37882d3401,28f8650d31a82a3089f6852f0ab5a387000adc579483dbeee892f560f6311f39,2,False,True
xes3g5m,85aa726a7a08b8f6a256dcf6676407afd34361737a44b9fffaa6dfc7da320dc7,e75eaf58b767b5e8fd524d6ffe2a3ddef8c2542b65cd2b2abd36a51066d5420e,2,False,True
xes3g5m,85b09fdee2e9b1347cfaa6d341de0acf1369a5a7cb3bde9b59e4e1c1422c6238,9eb23da8696a8e68e06127193d8fa30d3080d7a6a7a6e96aeffc0cb97bdfa308,2,False,True
xes3g5m,85b26493b8029d7080029f24c2c2008655bb886616b22f7ef8d2eecc62565735,9e700d91227eeea228cb25af2014ee2a46b9b7bb1c56d033ed86200e09a197ae,2,False,True
xes3g5m,85b8ce849a0c71bd030b0d432c667d4ace8882937c9e6e0d4394be74701c3049,9477239042632001dcb0b968be003a87b64bf1c1f13efd768c42533bee3de785,2,False,True
xes3g5m,85cc3ff3fc52d16e3b35cd5c4200d50b0e0bf03023a2eb3f49d3374e103f6712,228b22c58abdcc8573173b4ab5ddea34a291e8d5dd99e0e4f691da6ac8789413,2,False,True
xes3g5m,85ddcc474c1ad39e40407f8050cc04f6daf07d174b2d2470904f5a9e4bb894c8,59ab8aaf713897579b8502319b84281fb35fca7540951a46e7f751e865b78bc1,2,False,True
xes3g5m,85f021f45531d618dfff3ff040e148c8bcbb8428a1af965349f1d7aefd6af0d5,9089d762e271d19fbfc18e2d58d77f910b78ad98966dcc36683c3bbcfb2d869f,2,False,True
xes3g5m,85fe335c53a9b1119f01f1d2bcb23ac1531778149be3abad952fa808b866a56b,e8d50766dd05d315124f957cf212e0f40cb0463eb8bbea2a5866a90f68caa638,2,False,True
xes3g5m,860609039f017633428a5bc3814f49542b521dae0be95c0adc5bbb671e54ddf7,77e879f8ae6c3e88159548d732a2019b414a5ba862c937ee68a9b29e94c2794c,2,False,True
xes3g5m,861721353f7e11045587fe356cad125646522c2aaf2ca54b439f1d57af0cd7b2,7a52b0588c0b4490a3b3bf856d781903dfd04838bbced3f92e45dbae81a752cc,2,False,True
xes3g5m,861c93c020b19ac76595de8279bbfc816cfd40ae3c8a2a2ce639a6a95d31f670,47bc7802e6958eaee5a0b0a9b251a9caa1bbd54e04c7f9c14c25b86e7ea14d4d,2,False,True
xes3g5m,86349dee0e6685178f114e7e59b5ab0a5d111a7d741b55bc6c2708ed6f60794c,30d9aca4412ee499ffab3b250d1960b5131aa6f17c6bd10573d7656910d1d366,2,False,True
xes3g5m,863571b695decfc07350e33b00ed2702f50971d6fa419b7a11739473b1a3e7a9,d7fea3bc5b39ced4ab8717a097abdb047e1d37073b1873420afffe242c1eeb84,2,False,True
xes3g5m,8639faa105a3bd1c2fd87208f3a373ede2e912b51331e83915f5239d495083e4,99f993c9dfdeecad90373544305a86b4aeab02bb81afb3fe7eb11f09e047b24c,2,False,True
xes3g5m,8642eb27d1bf85effaef01064c97d86db4293d1b03a9a5c57f0783fa7f4ccd17,f738c19dd57b220d17f097125f7c296190bae724427316be9542ab995a26d423,2,False,True
xes3g5m,8655d47593124fbb28502680a788fe3685bd4d0845f35740bd0559e828ab5a01,776e175b00fc9ec224115f2b1b5bca6d83b7b57241ae14962a64bda6912e3ea1,2,False,True
xes3g5m,866bc4e08191806a86eb177b8ae6580884830fe034a955312b93b8f3159eea8e,95308a29ba4d4a925e9fc08726ac2074719e2915e06cbea1d133f257488f15b9,2,False,True
xes3g5m,866ef7ba8145dea774addeb91355c4d5cab06132613fffa1e11adf8a338c9f1e,88bb9b9b7244a1613aad1d4c4f8484c02d5fa9f3fc3fc19dbf756dc87a3dca25,2,False,True
xes3g5m,8672cf7774935d906e5a7d01a91cfc7ae1c6d31fdc40e9a604784637c3b1b954,fd2cf83ac3f2711bcf1351f8eadbf0e2e5b736e390cb451d05e7577c6ea004c4,2,False,True
xes3g5m,867412eb7d1e096df0cb854e61b63cca9533c9071323c60706ad1e94fe55fc7d,4a6a833f856d26ddb1b0811cec316d2f3628ddd2ea8cfe181ce407530ec5097e,2,False,True
xes3g5m,867c7e5eb1f6c14629668a4f31eae7cca14359dfba1acbf96e240b6bf38fd6be,b58bb420358ceb94d595865dc22d3ad254f59272fb9498594ceee6e67d1ce625,2,False,True
xes3g5m,868ba74e064c4df505aff1b0fea8727e1cad937e4b1cae6e943ea4d92db49017,e56c2995ae47c80b041476b99453eedf4c633621746870caab6fb7687f9f66f5,2,False,True
xes3g5m,868d083187a7ac3ae82776c79e3b524477e0aa9a13c37adc4a6620a47e99fdd9,f1feaa27b9a415cb261ae9508f3a0570c697a25b1b5623b066e5b5c420437b8a,2,False,True
xes3g5m,86b510e269c4da2c8800a769a745bbbefd108d7813e4a352e1d302c09bbfe93c,bdd4321f6aebca7370c0572e7f0a3dfc7ce0c0af7d7e19e2c967149f3ba9817f,2,False,True
xes3g5m,86d31c5db9ffbe9a4c60ddfbef53cba4aca26db6551796be197f10e595665a30,844a150568542eeab6d9703f7866073a5e78429e789b58cd6fb94f6ec06e2a4b,2,False,True
xes3g5m,870b5e67896f417de0411e69139cd9363635a0d7bc8de3d9e40fcf52cbc22917,c05f077f85c2ef33713fcd956336f8fd7803d4557d29e0b5c53ee00fa04f08da,2,False,True
xes3g5m,87102255245e86194b462be858b1f7a05dca0573b4e9126de537fbd79e547baa,0096e14aafab62543ea0f71876274ba6cfde3f571c9998bed5b436bf7b797476,2,False,True
xes3g5m,871a47776bd65bfab909053ea321d4e4296658d50a6e049fd66da9925b6c89e3,0c1023cfae1172c74b4c9cf16ae5cf3b72d50ddec6b3855f84a5358626bcad57,2,False,True
xes3g5m,871e9dc194fe82fbd5289661cbd6fcd37592729b88c9d1e4b5872dd530356c97,d2b703cf2d6a9f534f9945b8a1314f4869cf02718a46a9c1b10ae7d5685d2d8a,2,False,True
xes3g5m,8725344e56be3537d04b06fee6e956d3e1b8e8db0a485f28c84e6989f63ce72e,ad5f97d26c2c214bf7d7e36977fa0d50e5fc27ecf2fea5bc4e62d63931fe886c,2,False,True
xes3g5m,872b60afb416aa9c4605adbd6470fcd1b6e46ef4d8ae2a4c4a8deb377e7557e2,eeed7f4f362558b1f9448d58611d8c4a111acb1d29031e1ac0f3f020d9ba2e16,2,False,True
xes3g5m,873adf48ef8026a6bd1b9d55272cdfbb2194b0dfe42e8f9d0c5ce40bda3a7b24,d134403ff79fa26bdf70545264177f432a344873ca2a3ac834e95609b461cc78,2,False,True
xes3g5m,874b0cc347896d05d7f5b2b70ad78fcd82162a331637ee309afc76fed897365c,00245fb32e6518588c7e0bf81f6d6ff3b8ef45a06eaede78f7bf8f3f82763089,2,False,True
xes3g5m,87675234bbf07b4e318cefb512281807cab073e91b10561c653e9b3a84d1d27f,9c807f10de8d32becb7f4a8fa0262f90eb31b19fe3fbe4983dd1860b8e0ebc4a,2,False,True
xes3g5m,876f4173f59d800132e3c1bca47a848cd5342d2b38aa31b2e3f16d539827ede2,6051762487a401cee7c47ccb0cc27497749934641a2f7ca2b8ec906ea445c652,2,False,True
xes3g5m,87770dcbb1d0d0e2012a8cc5ea6d4d5c8e432cddba02b6b04a659ca5db743482,050cbdd2844c864d23e72dd08acb64f47f3e53809a242b67b80129af34134026,2,False,True
xes3g5m,877af09ac31230860cc95230dcfb2e5ab49a41ef34a5a6fb5dbb8d1e6dc2244f,d32f9c34d4a918e9e778a7ea5ea96a4ad616df3609c7550bf6ac5826aca9c69a,2,False,True
xes3g5m,8789efbbd5243e80eb37ddfd4f48a682fcedb3f74dc12ae71910ef14c8e0234e,134c30962d3b682081a51ac9d99717d352caff7da6d2604649391e2cb8360ce4,2,False,True
xes3g5m,87932895e8fafdd4021c52c72693950102379cada8fea53a0ec99bab8a5eacf9,3b3646de8462472133407eeb67ca6558501049f490c5eaaa39bd4e7a3bebfd1d,2,False,True
xes3g5m,87946e42695a6b8efe468a859f260377a2fb3033ff12e9f257cd6de02157195d,a6ab9ac8ca82eb259586f9e8006fc55af079c1341776110a51cf599849d55471,2,False,True
xes3g5m,87a01078cb0748e1d43e6fd6bcd5135fb96579c5d86bd253b3dd76d101b07f89,3e3f9875e1065884f9d8fd1b643eb946f820ee67312f11170529b8f6fad06de0,2,False,True
xes3g5m,87b72e75d2d7de4591f7749bdfe718e6aa204a3775692229404e5445c92dc61c,5dc28546351b8beae575c068e78aef1cae4f05b7624d3b3fedbd032a2431b24f,2,False,True
xes3g5m,87bdaa9d974cf136ea39e8d5c4cea92841325ab847d447730699f37d3b3feb99,c6ded4be4be96d23ee6cc438750643e2e4b25692b9ef9a40412f722ff7f28542,2,False,True
xes3g5m,87ef653e8499847160aa0b77f527937ccfce64fe4d92059a6e0140a800ebc6a2,157e12bbcc5c96e7ebfc6014f36df08fd77cd8d49f35fb7a113f45bbe393cb4b,2,False,True
xes3g5m,87f935c7fb5764dfe3061db3644a1fdc52964fba38bf9c7491e3b86b1cbd937e,0892f151a92d54f8688582db483147ecf72b3e95f44fcc1a00d204be687386c8,2,False,True
xes3g5m,8800b81e58bbf98a695da91822c9bc01d39a83300b3ef82e88f1b6c716100375,ca9cddaa6ad46551fd3d3c278d1ca2c148bd88907229c287324cf238d6a8bd8d,2,False,True
xes3g5m,8825cb7d7bfefdde5208425ef06bc0a420f8dae315ed224f4d3e1ecb6695fd6d,cb7b2fb4798c242e841df5e130796c9b206772e610213ccc2aa89b67e56e7c89,2,False,True
xes3g5m,882b694a0463ef2219c499cfbfa3ee4c21be4210663ce8b64468063a8dd94f99,1311d5996b15735e4483e389a2f894b23eb380918004eed291b258a878221e46,2,False,True
xes3g5m,883abe120a451cbf803b57d1091584eeece9d018cb31678c83f6fc41587873e0,b986507eb6522dbf11b572f8d4ad2622eb0abbe1fc30bfb01648a28ae0b609af,2,False,True
xes3g5m,885144b3b5033642469d21bfbd75a2c8b077d610311414e173d4e483045b956b,f068a4e51f5b757c670540b58310414b455a3d5c861f79c5cc0e3de84bae13fb,2,False,True
xes3g5m,885632c2a5781878f918c088c8b88afb966af98eaf265fdf515cf80a291a7a00,e69b838017c23d1de5d42796ed90e5183b0c6139359565e36df18e90560d5492,2,False,True
xes3g5m,8860a4d8efdd54093c95490ea70b792f8d863247aa73e0a9ea808f6a37049966,e3b70e5d99b7af6b37774111b08f453ee08195e9dc8557cdffd3a769621e3e94,2,False,True
xes3g5m,8864f9a0a3400e9e93d9c40a5bbf3c7529d8c9ff238843009881ba8e83df78b3,ae9531cc5a28cc902c39ae6a956a41e0a9741ecf557d0ea8df00a51d2f9e06d9,2,False,True
xes3g5m,886c39c356188dff1adadac38a9338fed3101dc5f3f3403b2214f111ccf91aa0,e4c06e858f75b0a5be175777984ef21002f634bb920c6d7744b004ae1ea2a485,2,False,True
xes3g5m,886f5fa9c7829e4a21a126c184de28ad3725186295af387c1accfe10b6272aa5,b40daef7668f40abea1078a5b70318293ed6deae16a8deb510a96259b056d631,2,False,True
xes3g5m,88730203c3dc7fe0205607aa36c012e44838cf165503a4092d3a734504475f0f,1e8ac7ccc710ed9678bdba37549b768fa269144314c08951768ec02a1c6a7428,2,False,True
xes3g5m,88817a2aa86d6425e371e42e4a0d7465379fb8cd5aea26134fdb5038d8aa4ffd,ea6c2f4516f8cc5b18752f34be3b98ea01110700b387147346eb88ad06b9d6be,2,False,True
xes3g5m,888465e4c52da89d95cc4a6fce5ea01896eaf6b9ced68adbb20a03dac671f608,21833c0c3de2f2607ceb5de4419ebead5cd87e242f98ce7b8c3be93dbb470e3a,2,False,True
xes3g5m,88869448bff8171ab25fd08489ae8b1778649289113ddb7757e14c02a7d82e8a,4c1897d2705aa858be4fa23af06200877e4fee3acac74102a34d7b5f146e75bc,2,False,True
xes3g5m,888a5eb9f140120fd3bf50f49e3115d46f82e27ce80bae28457f65d85742e76a,4bd4e6ca249aa229e027a79ca2ec2502cee856a3d80bb4bbfbcf4becd3db7b7d,2,False,True
xes3g5m,8892b1a0ec2ebb024e78f9f304511b4065547e62e946b7baccb0a0ea4ac3c882,9ad33da000180e58b3ec3cb3fa788de898c14b88097827d4c302b85fe6deed0d,2,False,True
xes3g5m,88caa33725c2de5dbb271f982c1dd8b89803c9994a563e41c108732a09fc2245,9899b280ae7b950d1ebefab0f8156bafad5254668274327cbf0f0759366bd311,2,False,True
xes3g5m,88ee4f5f9c5df1bf626721c8504e57f590ec6812ed33bc35eb927cdad83cc3da,8c707559b829bc7180951b8fede02168f106c20ff64d6ed3845e2a9dfb40c4e8,2,False,True
xes3g5m,88ff0118878106268c5478f576f3aa6a67b796c590fdd702d21ed2101196e46b,3e9734fca6dd46c2eac3dfda88a0ccc5632924d930801143bc2fbf6444756a71,2,False,True
xes3g5m,891cf579b6dcd6e81d0fd021427e15fea97a31a86d57d6a85ad5015383f0e235,a7d2ba0a7ce34a9c774bc9af5cf6f1168dde82df29df4ce05bf80b861b4dada5,2,False,True
xes3g5m,892256704d54b3062882d6c439353615415ffbb294708e26a6f7574c8ffaba63,e713b7cd5830ba27740c362e43e07661f12f65f9ca0e7398084c48c12152d1ae,2,False,True
xes3g5m,893e252d3b562f1fb04684c4ef3ceef90f2c06ed142017e95c5700e7d0a1126d,e93ffd3079eb26960adfdd3601bf178fb862db3167532810e1eeb2d5e607f455,2,False,True
xes3g5m,894abc6b25621f4570d9f6a8afb59815717269f4b5129cfdc50cb88fc0639648,0a8a97f2861acdb8d683e6be9e1630418357ade23d14369d5ad2523d5009577d,2,False,True
xes3g5m,894fc4638f133a365b3150cc8c974736370336210e32b00873e59f10db87f593,89582d5ba9e9b87ec7f623d83c6af24a48e014d5e105fbc046e5b6d90f97abec,2,False,True
xes3g5m,895aeddf76505769ed59e99e0bd4f9f15c06f59753d2829941af670716200b0c,52727dcf1b8c57d47a08d83ee4bd6310c1b6b710a96bec579efc4b344bbe7eea,2,False,True
xes3g5m,895c2416dc65b3d0587a65fee18b8f0dd749d2f17f087ef00eb540384ea9ff50,ee1fc921509649260b1983f6f4c00a7fc111bef434fe9c8aa420deb60db1b2d1,2,False,True
xes3g5m,896213e5ea1a4b04f59782d288a1b11dd0a08326e792f1f4efe471aa69fc35d8,214a03ec53b19006696d0d2f6d12d54fcb1e19d3929564369081c59055dd84b6,2,False,True
xes3g5m,896da15d2394d96da89d68910011fffe3e9a2a1ba1d2c27164f22a3a97b07eea,21ab9ee2d5df360b3cc9f2eb753214d40f0b118c0f8690e20b5d27d751c616ab,2,False,True
xes3g5m,89702474d2dc5ab9409b8f5c2965aaccc69ca97b98757db9be56f85e52375923,980386effdd833ab9e520869494ffc4bb67e42702b00e4035868d3f865082133,2,False,True
xes3g5m,897a26e764a7da8b46e25681164eae8d0e4e0b78128e1f62446536480bbdc6c2,3c579ec21b65dd7e2ffe0a029b09ca7283874b7c635d300439fdd50528e68649,2,False,True
xes3g5m,897c5c3377747a06299fc35b79a54e6ee32d66c1c06e994a4357bcca55e37687,8dcf78f131360231d2f847e5b0d30781b9d45760e3fc8664c61169cd24c9f9f3,2,False,True
xes3g5m,898a16965809520c88d7cc2d7cc7a6148405b6e43e58aac34d3fd7bbee220f0d,cd52d87670a4c20f0245520d4444dad371cd3e9ed3426e91f7f043fb8ddabdc8,2,False,True
xes3g5m,89920dd9db6f699fca1b4a426aec31a35fad81750a788d6482cd65deb37f029b,7d5fe23ae6d5fac287dd0c3e7c2c05f49de2bc411d967d498dc3bcde91bb7330,2,False,True
xes3g5m,8996d1eef05f3f41772e753755d62bd2b9052228861fb6f85b10f5898ced3728,6a1c2874fd72efad4a60dca95a695db1c9171f6bc6ec0e04b7f4e7453cec7a21,2,False,True
xes3g5m,89b123d6747ef93ce776e33c970ff6e98c2c7a0ce7a2aacd811b7e13ec9b668c,d51ba59e7bc535baa230b7bc8df4b8201415a284650e4b7a8eea3b1114751d74,2,False,True
xes3g5m,89c56b5bcdbf290887a8074be44133c9b2d8d7eb78eaa78c5bdbdbd9d3228faf,76d4b8708f19842c44d98217737dca22deafce5459fd4f869533fca521e79840,2,False,True
xes3g5m,89cb77dcabd17bbd7a0c94c5971fa3edf9b8567bb8426e42e208834dcdcad4fd,157df29cd54441a8696177e9795745fba86597bfa0b877c8415bd9bcd9b8216b,2,False,True
xes3g5m,89cd5278f0a7213ce22b20425f5ab26cf7ae0eb3fff519051376b2f422a3441c,35d6eae01510903400e508e14243560d3dd1d07021d86391b9c099c19cfb8279,2,False,True
xes3g5m,89dfb40ae6cf9bd96261f0dbab34bc0522c629f4f78be1a83bd6f7746b1fea5e,72be4cb475780333ac0466a68a6c8c8f909a0bfe450f5f412be44608635d2def,2,False,True
xes3g5m,89f37c699e3e44fe64aac81dc3ce467e5a55d5cf4d59e2e50e573d2dbaf62102,c29e868df745dcba935c28d768d083688c4b362eb0d7e31f8dfc20455a0eaa78,2,False,True
xes3g5m,8a09ae14b06bd0bfbc94fa4f263d6f3ddcacd85e4319b39953472e2102c20f89,c87f104d82e2b3d849af20c89da0c8aff56757d81830bda93f3ad5d9452f8b11,2,False,True
xes3g5m,8a2d4acb51cdfd9b85bfd92e065b2631e5dbba7946df3aa50683ade9b00bd410,c6d873dae7320bb3b993f2a4f285fd0a763109990f1bd69835e4e2a0aa941df8,2,False,True
xes3g5m,8a2e94b53825a46f39f771b6ffccdf2975476282d09830b3d89eec5ee28e5094,5df6e3487fde04b698fa7d683b854af1b79bb2012a98087d14a1693d61f053fc,2,False,True
xes3g5m,8a32980ec451a8efad0d65c4d69835a6cc9e0f2fcf4a9aabe9d504fd152e586a,d580a99f27576c8b373226e9a45a0c62695fce44e9522e577a30390a7e35cc62,2,False,True
xes3g5m,8a41e68bddb92425f3258b68b95b751daa6f564a7ba53ecfff168135e2a5de61,e4182e09d0f208894551c9689801ca15b102791273fb1b337f90c9fd834cf74b,2,False,True
xes3g5m,8a470d99c6e92fff2c39db5d53dce158ee25c86da56834d90abd574bdff4a48c,984b4f43f7e05dea97c6973219e861f33dedab64d1c8f3f0d4d3b634bba0147a,2,False,True
xes3g5m,8a52b755c0588903749447f53e200d2d8653de118679ef199607fdf905eb3e49,b6f684bf5acaa43a1157fe8776f74de07b05d6516acddcd7a1ddd6310175040f,2,False,True
xes3g5m,8a66ea618e2a47ba470a3caf6ec80ea6b0a1e1a9b595496fa3f4f4fd776d6a28,94117043a70a9b5803053ee16d7c9a49f99a282c4fe99a1c82ef1f4e1be81548,2,False,True
xes3g5m,8a73b3b41234d052df2ffeb5bb4d0539cccc81d1afd699140bd72785de8101c0,ef2ec315307633080ee555aa548df8705f206c750ac87a304b3b7ec876c74d37,2,False,True
xes3g5m,8a93c1293be37b1ce2821e04e5e10b005e87a96446e9f4e36a863d6f9275fd3a,8a9a6e6aa678071ff528cd0cf2cdc6d9a2868e95c95a369ecbe985c8d63c44b9,2,False,True
xes3g5m,8a96886b53e1175de7a2cb07d0e2821e937bdf8993c0219e376acadb058534b8,ff4b6a5b0deaf0137c7f1cd7e7dcbd7caab95aea488275315fa0aa9819007523,2,False,True
xes3g5m,8aa235451e3a9584f99dd133793fac4aab6df1c6261be9a88414d432a39e3ba1,bbf233426296761d838a1bd3cacc4f82c0fc72368a85c1e66d77c3d33315f0da,2,False,True
xes3g5m,8aa333da6d5a60a2dfc086ee26b0b1c790ec0adfc5f3e106971304ae939b1197,d6aea54af07f929450b45dd092adbd7c0d13462071d7e843ad5db37f17672f79,2,False,True
xes3g5m,8ab29de1631d9e01086a116a3ae496649bed1ba7f64c9e1bd6d1810530f90545,74040c6f5e7778ffeb1a07991fe5a866a7ac6cafd124d82e3dac884aacf473a9,2,False,True
xes3g5m,8abb46a51f53675231ffafc0b238dd6bbc7a1ed30c76766d14f5b3ef609cc381,12b34aefab7bedce0a5d0f97ad8d8b677e65387adeef1712841c06a85fcc305d,2,False,True
xes3g5m,8abe70dbd01123fb1c8739bd8e79b3be6e90c27bd905cf2b8cfdb94ed85edcc1,29280da5f8596e3e71c32b622926363730df47f0f687e6919d8b18ac8855decf,2,False,True
xes3g5m,8ac0984f50e31029cc2d4e4daa2da6bb9e25623d55b62e4b2d276c5978ad156f,aa2f258c5d4bff0331cfcf79ebe845b8394c18bbab97113cf03883f246626e42,2,False,True
xes3g5m,8ac513b528a8e4c669ca3e96f34a2d0c98c46e676867e2e5eae16d8a1b9c5f77,dffa3ac800c82775db3d3ece61b3c45ffd5e41b5be9c8912facd2d8270187c94,2,False,True
xes3g5m,8ad1d69f40ceb3c7890a3e7ff7e8cc451a0a9ae47e0b73e4a4bf3c4810531ed5,c19294119111a189eb24747556dc1186cf2e2a74341b6298071508f8e1acf36a,2,False,True
xes3g5m,8ad4d8c313ea6c94bac4f95dbaa03d98c03251ce793b3a2c9cc5f4f9d3b66a1f,5803916f56decfc682fa7bc703039f6aaafab5097fb56957f817d19bcca4fddd,2,False,True
xes3g5m,8ad947acfe96c155bcd9e147348f87ff07069d46f16f2956be482dc5c91c4613,89ecb7d1479a04a626466b8f1dd00165f0ed2f15f012ad25f216ad7f241886de,2,False,True
xes3g5m,8ae120bc348727257cd8a29f00c3d2894809e7d13eac15bcfb1cdd7f8d54876f,f0c04b5fbeacd5e1cd4ea0d37905a9f80408e17643e54e07a2dc421928d5cc47,2,False,True
xes3g5m,8ae4056580f66a3a9c4e4c4b6f54e5244e3e520509a4870c04d00c061fec7461,110bf050b2a143ef52f41bc216b3e404c66b3ea4255fdb6fceed52e71ff43d78,2,False,True
xes3g5m,8aed25204e068b7fbbd04c10a5e38ea738965195220d5186fdec5cfb898a182a,46dadf214d1cb98e6dbad5716dc970357c5e57afa46dfd4535fb0b3907de248b,2,False,True
xes3g5m,8b02216e924c7657d6dba0230e7544d82a419d1ff47ac6a5ca558dccab2d22c6,6fa1da92d914f192929de1aadf507baec0e1a4a03204eee5c112fe36f8cc184e,2,False,True
xes3g5m,8b444b304f54b535d5c051eb67632855f32fccaf7e8d0b39a9c24b0c9d1b8e4a,c0c7f79512353c13548662dbdb806101cabf43e70b290e98d76741921bdf356b,2,False,True
xes3g5m,8b57ae00e7141e5ea3d1590498616bc6776e90cf97883c7d03d3ebd82bd8e21b,49e72aa3c7e80b2df8033d5aaedad22807a0abf844f3354578a0f5e93187a37c,2,False,True
xes3g5m,8b5f991a208693359fcdb3375c23293d307b6fbe1a686350d4d88014893ec412,8debb3a7f6865fbf1b99b81bf6facc3a6b7dfb6e5b9ba5f3f8b3409e06ef9e55,2,False,True
xes3g5m,8ba58f42f0be9bca47e98eb1d6ec6f94f359f59e02e883ff41aa2c27be0e0b85,e41a52fe947733d68e70a5a73e6bbec04f1e8fb1070eb872f27b41b667fd455b,2,False,True
xes3g5m,8bbc1f6281cf3c1bb2fb19e3bbcef9ea2d2dcf3d10695343b12b16f78b903105,a22d14ad73347dd8feedb776e7efceff1ba88cafbf36c2441a4efda96beb54e3,2,False,True
xes3g5m,8bbfc9a6e6f55055248fbfdc856248beb00c59635c4837be4e795e87601d32ba,5634c2744c641dc5de2196a6ab8ecaee0129adcd940ec04951d7a991cfa5c110,2,False,True
xes3g5m,8bc25610ac0fe89f17b392094c54efd85f1b3fc6ccf1e679c34f3abed6a641ca,9aa87ddf2d15d90d44aa94a3ca4a4f6d9ebe47fa3e3cf04d3367b89cb781b80e,2,False,True
xes3g5m,8bc6706e5815afab5407cd1f0aeb17c79b82ea891e54285a29767c1041ab8acd,801271b0c77c75d985212b6355fe1f507b64397308e4a25b951f98222eae2e0b,2,False,True
xes3g5m,8bef7334fe9bb875d13ad94baf913a6d7f61a39c69986b9f7f537d4e32b96807,241dac47fdf60e76b774d9e17da46ae2d6165125d28c880cb46f7a327bb5b9e2,2,False,True
xes3g5m,8bf00e95990cbe537877e889be4901313f6cb74054b41991e90648b8feb3a6ea,15497b3a1f6cf87d33d77e915a601c779a0710f889d5206c719ba70875107ee1,2,False,True
xes3g5m,8bf92b5118634a1eaa9956f97e6687330df02ebef4c58e29203879d3fb941c9c,24cdbb91b08b5c0bab90b3695e0b637f9b048987ee1d0a563af783608b37eef2,2,False,True
xes3g5m,8c0f1c27821e78d547c51ca8382ba08d86c17ee34c17bbe3464f171bd1b2cbf1,590613174a41ae4576d226018c5eaa893e426f103eff833f918011c05bf9b3fd,2,False,True
xes3g5m,8c103da749d019d18f37d69df682829022ab3f57aaf9e749db0f2ac69988d70d,8200c561f5119555a3a4b2ab3ce4415af756f74028c83912f5b1aeab5b214333,2,False,True
xes3g5m,8c197c8d7af9e5f68dce7afe2a1c3a4434d15256e1593100446b15faa901036b,8fc4f35c33496a2675691dcac5e1f88b463b53706a4fe45dcb7f7e503f5f9b5e,2,False,True
xes3g5m,8c1ebd4cb9e187106972bb8c6b963ad5afc8e98179e02e97236b39ba0295293d,7ad9de76b8b0f550466d896409e40a4609f199bd8bd9b34db2d2c56acf8674a1,2,False,True
xes3g5m,8c2bcdaf5da25bc820c8b2146c12627371adb9aa21f1b593b6dc438e60096c21,8c6f8f200b9a2f3511e77eba41755afd8e64229b4d5af48691b1333f8e123eab,2,False,True
xes3g5m,8c3773a2e9dd5002c1d3e566e3805f22e0a86f2126f31db8f45aa410a96ce6a2,dba12d032e108b0f5ba730cbca342d7f7dce34d4e6524f87acb569301186e75f,2,False,True
xes3g5m,8c41217828d90c71b950fa8a6276d65e1290ee194c4f6a5450e0a99593ade724,f6013cc23ca1f401bf0027da96c66b38736fb9d4a48a08143eac944ddd522e38,2,False,True
xes3g5m,8c4ead8483c9dd675db2b971c8fac0e329261e918c6770725d06d3e3c498d14f,a5c14f20c5754cb37e1f77de3e6ee653ec3df7f51aa9f97081912f261c6cca3a,2,False,True
xes3g5m,8c639d1a5f55212116c5b6bc3f5e598467251647187c4bc1bfa2b6c476e2970f,69a39762165ef7f0c215668463deb02e5da0954735885684c7143cd1fbd59803,2,False,True
xes3g5m,8c6752e41e4db89b7f5ef74940c6010c9e1bb3a9f88e19845473ba6acf07948c,206fb8d415bbe959bc50a6dec167949875f8ee7f9d7eb82d982ed28eb123b5ef,2,False,True
xes3g5m,8c752547b3d54391c7bd8885613102d558812f7ac3be75fccb7236385f2f56c3,64a306650a5ce02f281154928afa91c245a0f611610bd5335228ad6b818e1170,2,False,True
xes3g5m,8c77ca1aa57361f55b43e936a073daf2c102906c1636f5be9650f9cf6d8ac368,4690f30431a273136f6c925b859db219cb6d0f8697a975bdacc15dc471adfe99,2,False,True
xes3g5m,8c81f4547faf0164e25a30686c36665be6ac81bbbe5737eff8c9a8d28b517078,c2ad113c6ec13de596e97a2371a26b648ae757b309ae491fb11a4478305494bb,2,False,True
xes3g5m,8c9198d6f9b005b8f3d38e1d188143aa2475afd2789cb384e1e499631c1ec216,89e909e4961191faac92775aefbc8ff98295e8bab67a0fdc7585bf8783649031,2,False,True
xes3g5m,8c935191fed571432010e7eb6b3ea4d0ec6ece1aa1685a88fc4fbacf91ee8d0b,2b5ca25b196fab831a6a4160b854df32475a8947d71bd456df845589d27c3209,2,False,True
xes3g5m,8c9ba53726883e814ec5a41498ac79ba9bda0b21cf71474c22fdadee107b394c,989666af052df537d98fec51703d4ef061a65998d518ac17cc95157f98d6f3c7,2,False,True
xes3g5m,8ca1a7d47ad7870c71a7627ea91aa9273115d44d8031d5dcb95351c39bc96f07,2506379929ea2d34dca755535ae7188d7cbb1fb088442f8c5a21991600ea527a,2,False,True
xes3g5m,8ca98a3443ef654195d6941eeb4d358d9e2a6cfa66c8afd9f2aa7afa360ee846,326686f4398c187ab0d6db93fe9d2952e1aad9e31da02643caf71923e6e979da,2,False,True
xes3g5m,8cb39bd2a4a13515d7191196245295258bef06d21f22b3c22a8df513c1d4db93,178f924d2a7357853b7488eaec002f3dcdabb27c7c9ac016f6ce8c53ad7ef556,2,False,True
xes3g5m,8cb5d607d3292f514ae0369887ee598cbd20a8461e3cd71f8d7f993ecd68d6f6,2fa4c66146cc9309e483db85e50a50d753e7259706546ccf7c0a2a4ade1bf7d6,2,False,True
xes3g5m,8cb6910a1dce19cf57fb275286a59da2df777087682c1dc2ec35a10c837ae0b9,0a5db12d91839021b2bc90e07c33051a0b7214a4622f8b9f6b766998c4406478,2,False,True
xes3g5m,8cd32089530d55cf049c7fbd1c9548a57e583c403c180b63dde8fe0dbc17fc0e,a64d692198cd6da2edc7fa35ef34146c53504e94f97671a68b600dbd6922f636,2,False,True
xes3g5m,8cdd759b82063354641842120cb74acc7aa126a941405253d5963ef8886e63af,a32a51390ae425c9b1af10d170999d54d791fecd91fdbb4ba16805fa646ecef9,2,False,True
xes3g5m,8cdf3984e17ab9e986533da33e4a6b351c24bb81337592f166ca9b98334c64cb,1e7c23ca2e2f5ec7c22f891a0f0d1a72b018507ff3f9ee301da6f3e5d0f492c7,2,False,True
xes3g5m,8ce073aeeb83ced723add860d3994c30af2865785f5aff58845a5acf8e187ca2,e1b1e5470246eb23d62eb926937e2f125a82f50d8a2ddb8c58a2d7697ea5c865,2,False,True
xes3g5m,8cf842eeb3fb598664fab0a4e7051b3969cc90b1db001b661e4d02b734af53f2,2b050de68d8451464af51124b7c776a779ba59f324c3761e869528293db7c9f7,2,False,True
xes3g5m,8cfab177598598f2b9d0e7ea340fe24d5cd020dd85f3af3ddc63d5d78be11ad7,e6b7004f78d5127e4bfb1d926e358d2df26653c1339acfd100766f85779a697b,2,False,True
xes3g5m,8cfb556125c53de92227d598dca841c8b12969e3139afd5dad36608902991c33,453b04a62151a68977acdccce32bb030758ae75783ebfc5c280ebbf45210fb74,2,False,True
xes3g5m,8cfc693d1b43572404f66010a88218b03170e1eb42de2e6ac9589bab2ad0f1e2,0c2ea1450769df46626fd52909e563b1fa2814bd0086a09f2613bbc3448e8829,2,False,True
xes3g5m,8cfe8f3067a11f78670ca74ebcf99b7dc723ad246a219cbcea8af862f29bf371,8eca41cd644550434175ee2b730743e2c2fd30981adcfe55a2276b554afa9efa,2,False,True
xes3g5m,8d05f8f9f106dde00462d27b07dfeb4d560b51792ca5ab0657955b4b87ecb075,465f3cd23aa0d38f8efbe33510013380f8357656a2229c389dae0cb1cc02d63a,2,False,True
xes3g5m,8d167c763f55d32513e3662ffd0c98481719f5f6488f2d3b5d6fb1f03febebfe,360e9fcf8d40dd92bcace6f1d2c4ab2d3d1a3e57578be9220822b3f3f769ec10,2,False,True
xes3g5m,8d1e436044ce6f32f512cbfb5abce90aece1cfcd1528eca967b8f316731124cd,c957a913ae2cea20393bd44eb666f2f4c62a24b70574a6f2588104ddca2f5fe9,2,False,True
xes3g5m,8d396e2d3055722f2e7e2379689688934fae440083c3eac97a2892a539d56992,7ed1ba4b403e81182a775a3acfdd3c488daf7e141f82ed52f5ffe17dd050a2be,2,False,True
xes3g5m,8d519f1191fd24fdae01bb28a4c31258932212f62da363efed78628404bf4174,827d5266e857e9af2641c76c178b644523bb0b32958e3addec9ee5723bc237e6,2,False,True
xes3g5m,8d5785d997b64adf8c27b0881d32b4d2db2bafa3880d7a0f52ca2152d96b60c7,7500f3e328babd9925111e12c7d1e84ec0171c9c6b94f5d0c3c1c2d0e56d8ffd,2,False,True
xes3g5m,8d603d3930c74b01c49bde40f9f370953ae339c62e7a3319001fe94b14622800,36bbd0c9d8c2df16e72602b8f947b9d3933a99ca661017df16b35210222c7f5e,2,False,True
xes3g5m,8d6b29bcef2efd4475b7d9e37f13ad4f09a446fa637ebafd4255d5cc7a0aed02,3e3f9875e1065884f9d8fd1b643eb946f820ee67312f11170529b8f6fad06de0,2,False,True
xes3g5m,8d6db689845a7027d1671638172b726f68d70d969a2b83a41f17152102eaf282,ad8cac553a74396a332a84b115dfca88cede086250bd221138f018df6bdb136c,2,False,True
xes3g5m,8d748a529f096d3f6e2746b6e3e861c324664200932fc9c8c45b35839bfb4bf7,b0d9f087ba0c5db8eb46f3ca3d32dce4ad816cf74acc6be1c4b780162335516d,2,False,True
xes3g5m,8d7dc1008eb351878e93b209c3309668ec829815e23b32c90f7381403982b7b1,ec66add41644ec2e305c2c013e20961ca4dd89ee5e60c16d48a7e37250cf619f,2,False,True
xes3g5m,8d869ba5483ad6da06bce4afa056c4b82bce8e4232d35082916874d2a8f9c39f,e1021184c7ec20aea64bdd2cf25c05065173ac0e80ded0959a8810ab664b337c,2,False,True
xes3g5m,8da83078a49186ee13853f7838152f6fb543c00e430ccbec84f4c3f4d7926b30,267514450badd3d51cb3865eb1579dcb3f653bc40dd87c43dcb70304ceb2d252,2,False,True
xes3g5m,8daa01cb03b5d583540f9a63f0cabe14fab39458c8044b4f793d5063742fc3ed,a07a7a1d78b0034269edf966a9a58eddf72a013d3401e6e5890441a0df7e5c83,2,False,True
xes3g5m,8dbac3846dd34502bd54b95972e142f5f37a1cb318e5ff0040488fcead69c9a3,deefb2931f83d07b563c060bc94ac47aed2e069da4724adadb75796209e29de9,2,False,True
xes3g5m,8dccf09f3cc59deba510953ded4a67cdf8383615f9630bb15e60f8b9b35287e5,50eb430464a4b85a523f8ff93ed418f7f238f724a6a65ea94d6a2114aa771ec3,2,False,True
xes3g5m,8dda5a501cec9518da6b9d97aadd6e2e0834660331cce5c181fcf1a9494c27cd,d9acf50dcc3d5e72e1587eec9bdc1fcf6e501485301083f3caf577ecd33e2a67,2,False,True
xes3g5m,8ddb523b23a5feb55250984980a5830b65f4691187dd14f9c7bf41fa118172ec,eddf534fa69629337e2d89a7de90b08cab48ac270d738f510f630ae61a5e4c81,2,False,True
xes3g5m,8de421ab34b6f950610cadea02d3bf73ba8463309a491c55744cf99e2e8ff456,9dd880a036c2f3806d93de645f960193eac210da1942c1dfa8f7419db0f447c1,2,False,True
xes3g5m,8de57ba20912e0fba2cda79b768df0a1e2bddf2eaca43168818f37a7dd5dfeda,0b50c7f9cdf09265708de8b74a49dc294cdf68959741ef5bcb906cf82cb0565c,2,False,True
xes3g5m,8deede054abcf18a7f3c2406c00cd8a934fe12a3f379772a8aacf1f2aedcbcc0,ba5d8d4a196df7988fa0690a089fa9a8b58a1bdc1a1f93ab39d419b564d6dcd4,2,False,True
xes3g5m,8e05b8ef4d42163f1a3d4fa6a026c1214e61d6607879d7c1ab3e0e8a0a50a070,80d486a705f12f7287cf3ea2c3b9be3517ebf7afd6f6b8498ddf916ca13b8f39,2,False,True
xes3g5m,8e1b5f41d8a692074c4d95cfff33e304e239fd4729bf302261349f54e1230d4f,8194cf594ff98111ca09f8115b05440df80ef303037523896a8e8c6b432baba8,2,False,True
xes3g5m,8e1bdee865078010cda02f65e611ace2b7e858b1d94e70f200b2e3779ec532bd,24d8e4a8da42b2e1b69002b16ad627df4a22cf26150c2a6b79f65ede43841843,2,False,True
xes3g5m,8e3abda45af69b13d859f3150e7373ce77e2a5bcc6d4a4436abade21454d9a6b,074cfe3cf47722481dbcf7dca4a2f9b399e7ecd1849f48e0e67d613cb790f793,2,False,True
xes3g5m,8e4f82f800d5605d392b31bf714814570ca8bed6facd0980104956cd41de0eb8,8f0ef09398a48e328f3ae322afde1fa2cb3ec3e998637a7950fccc49172d8931,2,False,True
xes3g5m,8e5c32b8b29130dc404c4fb1e90e262cbb1e44ca233bbee15d9471c7f8545b57,ba6cb57dc5e0443774cfd09a39ee861e604ae28021248803e8b6b30fb9debf45,2,False,True
xes3g5m,8e5d1fe821e1787629356b8017d1486850bcbb7b6c20e0187ce6223717109a97,2fe0b72a49236fce62f35b396d047532ad081299f6e79ec74916ebd85a337095,2,False,True
xes3g5m,8e5fa609eeea308293759b681bc47b24cff2e35cbba7729401b2dba97dc497be,9e6bbb4666ec363c7131c3bbf92d8d809bae113c806748a84c19d1c2949f7c7c,2,False,True
xes3g5m,8e620cc2c7fc1996867a8be3b3441895be9a9ec076deb04b6546e12e710236a2,61565b2cc7f7af7aa1e266020ccfb459c8df51109c6d712726a8c8dd2254a8d9,2,False,True
xes3g5m,8e6350914077069aa32dde82757502a9d4e7e3f062eccb5293c3091909cdaadb,3f63a1f925df4c731e88a6696a66baab1c41468de6fd991ddf3a4711f66d5bba,2,False,True
xes3g5m,8e65cc6fd5e233e551639c6e1d0fa36c393b9c80849743fa19b34f89b9e71361,93561bc31520ae3b1b10a328654d89a9a9985665804c9cede1fef4142dbef242,2,False,True
xes3g5m,8e6ef39ca14bfb4e77e27dff17cf5625fc40209bc3f725c1889160c20342dbf2,d4547db779b28c59e3dc5ed100abbd9ce86d16ce7b1e1c67ee91eb78ea7ab3a5,2,False,True
xes3g5m,8e882aa83750e2d432c29c8167bdc3abb82ee345117fdf3aab5a1986fcebe6f7,3000e2207d90673ee0d51faf29287c8215597e0d2b9fc0c8b6c8c33f6b13edea,2,False,True
xes3g5m,8e94128a1d440174f7d9a142e47ed565e474181ab4ab828bc335e6b60eaf9405,c6a11e7afaec3e2b67b7c5654cb263c6d56df12d1850f5d3a3d1b3abb8e7b335,2,False,True
xes3g5m,8eaa232addaa2fe105add2adf53236edf3f8a10a10133571e73b9f0dec7b9529,a3f230315ac4ccad7e49fd1d9e13d60bba69aef12fb503218b82e5e5d43f4405,2,False,True
xes3g5m,8eb17784118130412cf786c4137ef0df373ea7190d9d1826137e1e13d8b9f89e,b6280e4d7eed58c07f3981a13af9addf2359cb2d50c6bdec6eee700bdcec969f,2,False,True
xes3g5m,8eb225d08e9f41fa08ba3a83b07a1a232941e53a6720bd21d0184bf09e151807,7a9905f46b12af37fb26565548cc47a5cd0bdda323de2da0e87981ac395d0379,2,False,True
xes3g5m,8eb6b4ee591a1c5c8a700b822107021c99ff6cbac741e451131fefb08e7ec2c6,eff1d4213c5840ba2788e692b717bb6e3515573e931970bdf0c9f08631c91eb0,2,False,True
xes3g5m,8ebb86e97a7efb69c64a71f3747580a82b258385d03349abba6bd6ce0613d843,81892c661f70046cfd6ce9a66375c9ca829d54439f39e20b511c80f5994e7548,2,False,True
xes3g5m,8ec06bdbac5b2b7a751a837611137acd047da0aa864f169e99ecbee02ebc753e,8665edd5d75963115e0045ddcbedfd275ba9248f9a4b7bc84e11d5c73ff4330b,2,False,True
xes3g5m,8ec56e774cf596ccf8329ad4cb6521c75605cf715dfb3ab2dc86e2ffa3910e39,76f7ea61f2f260fe8c0437661743fdf48c0df88dc4093d83086c4808702e876b,2,False,True
xes3g5m,8ef02efa3280055b65889eeee0e5b8d792392c15d7f6f37c1d07ba820c839b71,ecbe8ec759be3b6ec34e3ee1956ed7a531ea176d60122e5bfca4ec860bf92b26,2,False,True
xes3g5m,8ef2f9b5cd904e1ab847494290a78d6f592a4a7fe931f54ecda00b243830ed03,c80419fd80bedefc9c6943fac619166f839821cbb9530303f2cf292f6421e2c0,2,False,True
xes3g5m,8f00789354c0a49b744ffd5b8d75c5d98fbcca692785e7fa485e4f2444b08ffd,783afd7abdbd341e9fee9ee212e1e2bfd554a24764b7e9a7ab182b80f85e7854,2,False,True
xes3g5m,8f11055186baebab477789aa3560e583378734def24c127b25064a934c82f802,001b9e89ac85f315efcc52befb122171fe701606bf6f64aa473a70e97c9f10e5,2,False,True
xes3g5m,8f17c840e61b3dfbc13a4e6ded8a665275400a0e15b9aa9e679fe6919ba02df3,25be5cda9e4b7e8cd1049eaaa4deee3dff876cb3a1dea2e243c4eb8c252d8774,2,False,True
xes3g5m,8f20162ea35ea420437695837425555865fa8c857a3dc5c8fd3432c8bcbaf281,37e80ea75532f577d564a84f42f8dd109e8d1e0047c3c2301f1e821d53c1765c,2,False,True
xes3g5m,8f2fc7e56a04013f2390ddf1ca517d7ea2834674e02f938aaf9097ef0fba9dc7,e7053cd1f944147c3f421d255f390ec7eb3c11c37f8c9496e3192b204c206035,2,False,True
xes3g5m,8f3cca7bf7d952a7704b00bbdb4fd102b6d4f1d12d8a594a3df1c37b4975a0f8,9db5ddd152fb4076ec97b757f0979b30e87b4fd93adbafdc2b9f8d6ee897d187,2,False,True
xes3g5m,8f3fd768f70d1de5d0153efb36bc818ecfa6ecce242599bdfb67cf7a8920c3bb,d2f72831f3e225318fc2bf4dd2b09da06d39d43f0005df4c9b1b6031bf82ece9,2,False,True
xes3g5m,8f6257dfb06edb99a43e324c748a87ac534f552b54ceb295dc3199a1a4821f0d,9e700d91227eeea228cb25af2014ee2a46b9b7bb1c56d033ed86200e09a197ae,2,False,True
xes3g5m,8f69e714f126bfad7d2eb00e5def827cf45f9df04dd93b0246e9e143d3c8231f,ae103956de9f07eedf99da869aad964fde37fa848b47a3f83269de348675af75,2,False,True
xes3g5m,8f71005e187df8bd38586287efc5f29e7a570718c2ea17618d9226d1b131d24b,a2c45e3b399876a3d01470ce1fe853e763b41c80bfc935cec46e01c9c8f33715,2,False,True
xes3g5m,8f7a3d51bf826238e7bc2f5c60559a335aa0e8f80067651b3ba29a31d7c1e140,18d7ec97fca8408b83c997dc750c247165bea7b0ba2e2e6d27108f67df9b6bfd,2,False,True
xes3g5m,8f8123699a6c41de824ca454e02db74bca86d0853b838eea2f26ce009e293036,52e187e6d52b4d67da4d373b1c50ecc93225c3d91faa6414a10d9d4acd189180,2,False,True
xes3g5m,8f9629270ee9bccfe5e723675daa253d5f00560a2ac3b00a4fe12ba149c121f2,b4d8c922e77da53ac565dea2ce06e08b5eadb1a501033b50af03f200c1c82183,2,False,True
xes3g5m,8f9bd5fcea79954baa763cfe322e2728fada46f741400f010527e7baee0ef6f2,c4c19f1688243864e3c11c6c4da2a513e59d46203f96f106b1dafd645c336a55,2,False,True
xes3g5m,8fa9564b823c61da21e535d43cf0ff42c8ea7e48643849ac03f0d378767b7d33,ddb2a1da93475e65379ec7ec298fcf923ee461768f3a155af26dc4a8b9743810,2,False,True
xes3g5m,8fb280249a194919aa4fb97d8cd781db621d1f1951d59a5fe77d8e276caec292,18201aabae3586f56014faafdd09a804f7fcb99a7194cda30bc2cffc9db376c3,2,False,True
xes3g5m,8fbb443babfe6341d0b6707c9f0b688474de5093163014a631d44b4fac8301f0,8eeeec347c5492a71a022923c119b80f98bfa1b5d60b7dbfd5be8aac52b8f864,2,False,True
xes3g5m,8fc4445db352393b258d635ea9a368d70a541d531a27bd755245a363191631b4,926d7782a751112c4c55004a8259ab6d54a8084fff5d80b1b1af108a04c7f938,2,False,True
xes3g5m,8fc46b4cafb385d01d96f8d8bb2fd967776ddd3a17d39fe06cc0a75607c7c949,77dff258a90c2188b10c90a9031b260b3173739872a1427a72e5d930b693df31,2,False,True
xes3g5m,8fcc14221ab7822dac98a3b4c122fd197c5ea87aacbae5491c5580a9eb552137,54294cf8170d5961eb88b9bd19d98b2cb656d14e559637dabacbc590af2e21ad,2,False,True
xes3g5m,8fd4f4ad28bd72a6fb2ae849ed72e9eeb9506c349540b99097a82cc60160c4cb,f41fa18585e5138d2783b4fa549831d755df33eaaa15f9d6ef8a91627da4d9a3,2,False,True
xes3g5m,8fe3d15564105f84418d2cbff1e9f6872383efbd285f3cb4461022aeac643fac,bb3bd2393fa6f8e711565152ababf25bc02dc4ee955997c7f48bbbec155cbcde,2,False,True
xes3g5m,8fe75be8335b4bc641884cf3759140443cd4c03e47a2ff1e5dd13ce2e25692bd,4f5675f0cff12ea9a90f56f1807213fb75700680e00de7b14f9a8f172f896c9a,2,False,True
xes3g5m,8ff2fbcbf967c38ea1fb2670e6e0c8486cfb47df33b38adda94078cc7b259e30,59af4b9431c01d0c91a49636f352f24f04d5b7f2de93caa6b834d58fa18a82f8,2,False,True
xes3g5m,8ff34bcba0e9d72307805b69a9ef94ca20233273f1b2e36a154fa6c49a12a5dc,02cf01111400e87ff9ae661a26801fadd2e3273a68c97b3f7f6614b1ed8ea580,2,False,True
xes3g5m,8ff8e197ad889b75177bcbf9dddcf815be8bc0d90706628c76c69bfb238638c4,538c01576f027d3a692dddccd181d77c05926fe222160ee9ba70d198dd8261ec,2,False,True
xes3g5m,90142413dfbfebf54a8313e6acad2a2708057414aad0af9c730774ffbbd15d82,8d327f001d0ec62b2cdf5d431ed8118fda6a53c790d44bee4fa50dd617e8658d,2,False,True
xes3g5m,90191d6d426a04e1fe0d956cde2ea179039ad3da28d7947f9a9a7e5ab14e5fe8,fed6209d88c05f662dd1aa5a9bf26518034ce207b9c642a1dc35a083d97ab358,2,False,True
xes3g5m,9036f2db3112292735bb0a95634db36d4a20321d58dac73f903ecead486b1057,f53433f385c77d7c8b45644189f0f165a5ae1505ecfc6e82817985796ea6605b,2,False,True
xes3g5m,904af4328b2cfa9a75f5af96d65d167135493ab46886135ce94994296d134e0c,cbce12ff712fc76bcfb92b9b85d5d7f89b9febddefa446c23c1b01c3bfad63f3,2,False,True
xes3g5m,905816b580c061ca279b8069b77549bcff77bb07b2feb88ed430a4352b761295,8e416096efc3b594d609133a95838756b09f73aaff406509e3a1b4973fcf56b4,2,False,True
xes3g5m,909fa4c155d68692bb754473cfb95bb3e7e8fd93f59523a494e37a07641d7ee6,d7e34a8fd22ef08c3c420213dab8e54ae67ca6e202ddb506324b682b2764a664,2,False,True
xes3g5m,90a104bbd673b8bfbc8a42d96cfe9b5dc0f409f72745fde68d9626e401fe6185,688481b790c0ce20b356fb6f3ea9a8409abff926e17d54dc0f2c0810af77d766,2,False,True
xes3g5m,90afd4c6d6e9d49a4466bb64ff3a00241442d98a850de1fd98467dbceeba1ab3,773f98743fe772d791470aee328871d0e4f17cfe70ad6e66eedac4d52d0e4247,2,False,True
xes3g5m,90f3be50539b8880e8b543a4bd38c9db9972597027bce3864585d3def08236e0,8eb213c71db5b7818c25f08e38fa35cadfb4b3a2fcdf3606efb9f15e13aa374c,2,False,True
xes3g5m,90f45ef955ee5a04e7f607e9f38a4536309a0bbe9fa45575954892925118e35b,75c44daa464108e849df1a41bdab206a74a37d39867404e1a63d6e58a25bd898,2,False,True
xes3g5m,90f653546d24cbb52394716dcb5e3328abf5167995e9ccd7df95bcc253160f28,c9b168d641944c093005a1eb79a4770508d41cf5ffd4fce65dceddf0216fc3b0,2,False,True
xes3g5m,91023c05b6d25010d8ce3ed0ed6f0c8e03e7f7bbe04e0c875bb7e8f0c9008ede,e0717834cfaf8d3fb0dff9c9af2485f8f1b5f1268bc1687eb7497198fa694572,2,False,True
xes3g5m,9105cdca94dafc2d6cd5a7bb698aa3b6ffd081408251330f159897174c4ff9b8,cfacc5569ac161f379ef52a5d211a22f8a91b2c97891bd8c885d6ee33f1f53d7,2,False,True
xes3g5m,91246ee73ecef59b4e068b24b41d93e268951b8e4d4efba505cf04e72c5a27ce,6245482b6a5ad1018e54523761799247b74a7ad8385574807eff302f21a53d70,2,False,True
xes3g5m,9139863088ba3460b10015a043f75c1965ef335d973226eb114d87e3637a3b80,7c9d0a48a957e40540a5f7d9269fe58ee5271912f7b42c0f1a80554a3d6656fc,2,False,True
xes3g5m,9143b2e513e2ca2c09182406d1acf6f4d877176033968cbbb1322ce2b23bcab1,debc28b734c6ab918c206760a66976220651040d78579d9dd83ea7d558aa31ad,2,False,True
xes3g5m,9178163dc19b6b82fcf7b189c371be2aaa19c0855be7d9b29bab6a8dd67b7a05,b5601beea1a4d881bc9f4efe0f81f9dce0678aea08f79969086f424d90b0ea1a,2,False,True
xes3g5m,917c7afd06c2787c509afd4afbd3ef8c4b31040f68ee8bab1e82949735f52a41,f8f18fc1917155b5155f36c02146d55ce7bbb2ea3da0fe0e8b12ce7d06954286,2,False,True
xes3g5m,918210b57ebb915303d5fe25719a4587d73306457dfff21e95f08c6aa14256b6,9443861fd34b6c3674fe4fa90dc63924020b75ed626cf8104614e644a30ab70d,2,False,True
xes3g5m,91847a08298730a5b8800d1f314e7396f76560132684a1da2302e9fd73fc00c0,1e09b965eed3ecc53f6f2d1d13e2d38e073782a3c1946312aa3583af60869192,2,False,True
xes3g5m,919984d0664bc1016cf0554ddee41731dc51b97328133581543411effd156e7c,8aefa2f23c792f1c552fc6b7f8336fa12941b3e2007d97af06822fc711cde646,2,False,True
xes3g5m,91a1453cb8ecfea17d8559596eeb8502d3aa6782ab968c8533999f200751ee1e,f1bde1554c6bfc1204d032d8c993360eb4ec06ef0e0a7ccb9f090804c09ee9d4,2,False,True
xes3g5m,91be96c2bc6b1a4a4d65ab0e5ad7855bea5504be82e2d84b0a727d785f9fe7da,48690e004d48996702f946f0ddae32a46af357466a4449be52eda972f7a9d8d0,2,False,True
xes3g5m,91c8f3f2251782ad8609a79717c17a7cb2d6f9434533ececd1f1913c51d76477,0b9e711a88b2894c0b6e88f0af7a580831c2d3c59dbe4ce5d520bf1409cf9735,2,False,True
xes3g5m,91d87ebd1e7ee70a4cd440d2a86d69cbcaaaaa6a68ef7ea242ca23e4d7e91e2a,894f1f39daf3b63fb7d82b41d19ed5fc5a0f922312894591e994a6e2b10257d9,2,False,True
xes3g5m,91dba56ad1cf87b7998cc5dddd3563e15e2c3e32b33ba5de3f308f8074cde496,9792464948885d2ea3bcc2f2a59c21386193a967fcd2c06900b9a57d745f3ed1,2,False,True
xes3g5m,91e26be35457f1bcc020440cbc1228dbd81f1571a5ba1f11a67f94b7861b3d74,cd9d586dc1b56f087435194c64a5b068e9be760f35463f17ef40a9697228019e,2,False,True
xes3g5m,91f0e2b9e27b72f1618d67cecf08fe083913e2b5a772b06484aad77fd2e94022,ae6bdfd33fa1d08a6b885004ca9effdfbfee3311880ca646fe09559d40406f89,2,False,True
xes3g5m,91f83430e599c2ee54c92d95074d3ebc84fec6ccbccc2b29e4f586390a85f335,8623c5112d08d2761593f4caaf11dfb91bf75eb561988b65787b04b5930e9b61,2,False,True
xes3g5m,9215086521c4c69539847ba9029d84f988fdaf53721e3268289a5547ffddc930,aba9a16bc158f00a381e253725b5dd0d0139577d8f6c99134b12f1ad700c807a,2,False,True
xes3g5m,921c2ad2ea3abc3ee3cdf6fa82fc60466db7e7c2a89364ef166f09856e0ba254,3555c49d08a0fadf0a6b808fad00c0a978f4986173e5231ec4ba3e17d5826419,2,False,True
xes3g5m,922915db44656be4f6abf25b2ab06142b667d09d82ca6765657664d2422d4152,6ac7113a503a33d51e8289fba514ea91f1084e52ab0f4ff4ed16497d0ab51189,2,False,True
xes3g5m,922f3d59827fae3d7025096a71533d3442bafad7e35aa60a79baa498b22b9555,64c51f83992e32d2dc47085dbbfa9d71fc33fd450bf1c052a9f53812bf88d715,2,False,True
xes3g5m,92372233dc4da2e29a411526ce7e4ed7acfa2b12aa91188910e1d3d3a4e2f819,2f55ab72005a79e4bfb2abe61f8ab3180cdcf3098ddfa2021a28493aa903ac91,2,False,True
xes3g5m,92384d82540a4cba96fb4e4c04814ce4af81cb3036072c567b64a131856b4dfe,a6c9b139674ea5e9a1e8c6c0bd28a3af5c0e4068d3a375d20c643173c6f14ce9,2,False,True
xes3g5m,92386e92ad871a0ce17f8f082e1413463bd31219de401041aa6ad7b5030e15c4,76350a1aff6835a2e9447ebb866a494f7ae0d486734815ddcfe89eb35219e24f,2,False,True
xes3g5m,924517a5a2c7fb18f87e1f6c750afe9880079a95c770cb9277688c8c1de23794,6e1be99508ded4a6ab6660668dce67c63cdc312c8773c2774736278b1c766f32,2,False,True
xes3g5m,926102fef4ac9aa9914faab259c9049cb5d3d6e143f58fddd6936d63b3297e62,87030f18232b7262de2d3aabe4edd75664d2b5059ff76adca6a049df59d301de,2,False,True
xes3g5m,926ced71a956c3c0e399bc425c6ecf955082a22422920e381ac2652572a2cd8d,bbcdad7199944065b9e7ae993efe1aad6f88855c80ec5311acd3aaff681e17e8,2,False,True
xes3g5m,9270d7ae6fb83a8ab54bdfafa03f54e4a944f29a3077691bfb3de7b34ded00e8,98e5c61ed902d7c8e3dd2c91925c3c885f0f6347eecdcbc674d1be371cd1e12b,2,False,True
xes3g5m,927ae70376eca680b053c850703ebcd2081ca56efa539001164994e16284348b,24d430a9e84ee1e1ef39d570bc10093fab5dc5a1df5e35440040cd7eb84c5b67,2,False,True
xes3g5m,92a38740e9d72825301a71030bf1e43e7d3a796fe94317c8e3e3f1d5a609ce0b,6ec67986821b36a1e9b90e375f3abda9301322579129ec13dea4560b7e031909,2,False,True
xes3g5m,92a5e4928f06d37635c5168281a2dd06efcc2c9e4b99c87b95c1853f730e5ca0,cb514058677ecde98d6bfe7aa6a44210b81e6e230cdb4fec5916ceee18b95f8e,2,False,True
xes3g5m,92a8c545a01ca05835082b53f8242fe73b239dba2396bb9f9467ddfb11cbd15e,e58b529bc434c00385574894e9ed4d8cee505aa62c9ec7e6fd4786d00811d7a4,2,False,True
xes3g5m,92ad9180b9a9a5586e7401459a70ee304b73b21b7e97b4f83fa1c17797a498b0,608df54e182990e0ea05d2b18ee81b9279919e025b4bb22bc548f65d27bf1a18,2,False,True
xes3g5m,92af008507c527e72f9e76ff9bfa9fcdc3c48d286d6d59f7d926f557328faa3b,09c755632dd66c35c6f51798ae229673fcaf7acfe91b559986d037c648e83c5c,2,False,True
xes3g5m,92ba90ff43b9ba80b5aab9b009c7fd1ba09543b357024b9fc7ebe7bdb602bcbb,b1117d608eceb68b4b7dfff6977cedae84fcf7e1b2e6012c71620ba11624a235,2,False,True
xes3g5m,92bc4df68f62749d58bd3aa5b5e7a5bf2e08e9b6f8e3594ba3931e315e57ddfb,896b8074cfb6d5d8d1b231e9bd4b4435c3ec58dbfa3db4464c8aed89d0f19e03,2,False,True
xes3g5m,92bdb967c8ab63bec24be117b3a1dbe1b938172ffc5b95305ca72cc9ea825b7e,11431dbd5c82baeb1002923e1148ca92b64cbd8ab869dd652d431c22f663c971,2,False,True
xes3g5m,92bfe3b9f9cce8318fe0ca002dca88799664030f5c30e665f5e3a00fb977d652,94f42ee3e98f69aede5919a7ba11a658cf4970c1dfdc476429772309dcecce30,2,False,True
xes3g5m,92c01b1dc2aab9b0e651f13906c00bb5e88ff6f7ef3b9c440aebcabb13552813,8c35e4e388ec23625a1b644f00c34bbc2bc35207b075854282dff7f561a4b07e,2,False,True
xes3g5m,92c9601ed4faa70d0067dc3dec3ec51a20ed62dc4702cab6fedbcb9d4570d1cf,113860aff971bdeed2cf28becc3f910012680bf99a07868b3f89c1f938688655,2,False,True
xes3g5m,92ccc48dc218dd73035be699df0530c31b204103c5d4f5c3536ac1c7a0e06694,ad69ac1ce40643a93c6335b876bd148ff36a663aeabe46991eb4f85c9489dae1,2,False,True
xes3g5m,92d2329d7629c1fc1d6bc369b6c6885db649477fb3bfe295f7b534985607317b,e53a7020b0807e8bfa2ccec5d719981dc032ee0786d042cc31edba83017856dd,2,False,True
xes3g5m,92d334cf9eca7d4dd53d3c3755cceaf8afbb92f1435151f00409fa46d2549dbf,3b17d15283ef06c4c366a5d2031543e6008509f6ff2aea7717e049b71ff6f93b,2,False,True
xes3g5m,92e72af9aff367bc23bd7b4e5bbe8c10ee7c6d9609305349ad3a04f0f55ad909,f78963556a19a65e0b6c2c5879765cce7e3a54ecb677de40a3b04220c1dfe9ca,2,False,True
xes3g5m,92eab1872ebcbd7b6761eec5d74a9992d3768862824156a2320d78ef6f22db8d,2b2b339e65d49b465413b6a1324ab6b8d10b72a98b95293034ee29343d545a05,2,False,True
xes3g5m,92f2be931514ca50acb0e4133be3109b742a782aa631f6aea11b15e7e07a5be4,d08f56e4a0b92260140f8c7bea9b6762ea0c89c0402cb964d7af02114c98a8db,2,False,True
xes3g5m,92f9c1874e2c0321b30bafb118a2af6029afaac0ec5eba769a490283f550448c,ea6b991be2bb386312ba3c45f14fdfc2d97bd4db7a902e7c988c078ba9d6db66,2,False,True
xes3g5m,9306c7c48cc3c3d93ba2c921cb9910ee3a0fbb4e5bdfe7eb038ecf5f0c8ddfd4,c065b39230b31795b6ac9a3bf0d9425f10991dec2885d0dbf408fb1eef0406da,2,False,True
xes3g5m,93075849e83bc0baad25f0a8c589c061587e008a73d8bbf2aec582676ac38f9a,364bc6b17bbefb98b0359d814f96951b8e85bca5799c36a48f4c47c49563ec8d,2,False,True
xes3g5m,930a686841d26388a3133025b58001928e5a8f68ee27ab0711e8ed69bf25c0c9,2e14964cd9b6f8b1515db77c47086652f43bfae81cb988905cf96c36fbd5def0,2,False,True
xes3g5m,930e7fbbeb7bb6afdbbd803032aaeb53ece43c4313011a3e3342c7cf0d125232,3cf6f31bb759fdc739ec6c77561160812be6605d58b6fffe398d3eb1fdb157d6,2,False,True
xes3g5m,9311a8f5901d65d740762d9432956ff6b1fb313f9fb1a69081425039b2383e3f,e0b132305ffc49885e96eda73947e6a9336f98eea91e7a42467f3fb832031e04,2,False,True
xes3g5m,931430aae7fbb5945353d15baa5f7d368397a84943c3158ae9f457201ddaf8d5,00d1db8c772e5f3c25949f513ed8e1815dafed1675d208532582d64f25fbc0d9,2,False,True
xes3g5m,932da210d22cf4649ce5e0f1bbbcd63caf5979c955d4e7f7b4a5c9d52cb32018,dc7ac4eff3d28c559090808bbeba26f752961cc292adaa0110a67f19cfd522f2,2,False,True
xes3g5m,9349f78f8cd670d1c1c6b94d90ce4b96187d9f36336abc8620cb96c78107e87a,1588035e3e18a6f103f03517026c00b9021c815bf68ac5ea67b25c1b60d9d9cd,2,False,True
xes3g5m,935ecb0c71e43667b5028de3b979a1e808cb112a81502f0576d2a7ccb4cc9330,f7fc635e87457e315c102b5670533d3f18069a743deef4f73639150cbe06f4b9,2,False,True
xes3g5m,935fbdd396f50c4c6215e797fd4a77bde7a61076967b802b7873ab0af86ed9d9,20dc0c36fdde1e1478a808049142cdcfe946cf2494e71f4713edaae654841203,2,False,True
xes3g5m,9363b695a622ed5e584da856e52c80fc79c8d729e68184f9e5ae40efbb9637cf,744ae7cabfbd261d25410b33aae2ac77d0c03f6ddeb2570a7d80bd0702079ac8,2,False,True
xes3g5m,9368ace377cd51d9000a0167b423834762a926949ff329190968ac56d009837e,bb28119ac54aae3a475a225ee9a64642e2ee093c3191dcdcfa004daed891fc80,2,False,True
xes3g5m,937af73f8c76bd9d1d77e72d041d63896a6fbe7b4964cfab6d27e3b051e7757f,a6abd10a019961ac52606e05099566576bcb669fe6dc069f3af412a643560c06,2,False,True
xes3g5m,9381ff9865ded6a05dac878e8a19ec31c242eab79932aee10edc5b0d6a0c6b33,a5cbaa4f7fe08be9224c08cac991c5498d1e9584c063806a806109288297c878,2,False,True
xes3g5m,93821774ff59d424964fc1a0a2d2c8c5f381a2c443dc1deeac2d0aba9dd1085d,ef4df0ed7c7327703d80f81e72c6e83d7beabae3f86973c5ae94495fa5e2b838,2,False,True
xes3g5m,93845a0eb7a47a1622d4bb4a0639c0e04d6d343a49344d01cf4c3f32b8768d0b,7d5dbe822facb081b5836f6444f8bd30fc8ec29dea406f48232874a47be0faec,2,False,True
xes3g5m,9388f838ba880face28eb4066e354e1bf20710404d561f60dc7c6760a25b18db,9d6fc3c6e21daf8bde88719c7e535ac5f0be0d863ef491f602b0aa46b96602b6,2,False,True
xes3g5m,938e79e0703afce4871d04e9c9de700f1c30c45f0d8c4ae3d618522f1e2d5368,d0184e8f5d6b0690886d1cd0e0a23d6c71327bae021d944e646b9a5b4116e859,2,False,True
xes3g5m,9394d513e8ef60913161e4b938a979b2d278d62f42d637727a721fc026156206,6da4407e3329a656899f8759121cc96956c365d88f78443130221139badf3f14,2,False,True
xes3g5m,939c6dfce90da13efbfb4e3fdd199acd52fec166959bf7398595dfcb26e08475,e83e3283a6782fee720d627b3ea57ec9c10dbb76501e4b48d5391f8d9ee76fb7,2,False,True
xes3g5m,93a451f820441b38274961b67d4008e8e964334c45b629edde20febd4ca06602,3e91ab0a224f1d4a96fa0f0bc57442e31f6dd30fa5f59a69221344ae9fcf7c9c,2,False,True
xes3g5m,93b2dbc7eae14f81d7aa6dea078a4abfb7423ed2d9c3bdc93e0400ce8e84c6fa,e25b3e40e5b092efe38d1a515c1d6c1c13b095716239b737caf4bcfc061af1db,2,False,True
xes3g5m,93b463bd461a983ab5fea7e43f5d37d0281d528c5a8d9a25819efcc09d273933,6fa1da92d914f192929de1aadf507baec0e1a4a03204eee5c112fe36f8cc184e,2,False,True
xes3g5m,93c68e6784084e579d361f580b4bf665249159d05d1d38b325e91a66360abdbf,9f896a38e634f08574c7f68c4ae5b956eea0b5020b02038b8327c041e6a96d43,2,False,True
xes3g5m,93d70dce12d183c8e249a9c27140b020efdd84a74ad225811784898f1f7868df,c3fca4eb2ccb6cbe22bb44bb3be2b27f06d9489dec5b1d547bbcc7a3f51d0945,2,False,True
xes3g5m,93e251afba81af3e18d6e700fe9c3122674956b1be367d260303594f298f274f,c4f8f64fda3fbd0e0480bbcd7db026fcbeb7a551c9e7b6cbf6d34fc34a8c9dab,2,False,True
xes3g5m,93e3d3511b5c74776e2628ea1eb75f663395ccac02a7f9e231431a4b3dd7488f,aceb1b37b6a38767ee378e792bec55d3529548ce20e1ff22f136ef92b4e59e97,2,False,True
xes3g5m,93eb5ed3ebb2092477537727941cb2eb7c7ac70f42a821f545b1959c74a4e818,ffc605af50d03a8ef030768423ac0a10de2dc85eb812bfd0d26389940eb037a4,2,False,True
xes3g5m,93ee429342ac465f92fa72c8b040c159b6dfa89c6a5b9b30fbd7742b6ec5596b,7b436e9780842c2edab1e5d918240822e94c1830b9a4eacedb8afbb6f5741798,2,False,True
xes3g5m,93f127a79e8035a96c01acdc4a88d3b81831fb3a32d198b515c6025295a5a98d,0058a35b87b5ddd1d528eb3e2d6b5ecfa7d0c5043dddee51013ebcdc55629dc8,2,False,True
xes3g5m,93f41e1d06fb4ce2448fc386f1dfccdceff1d94fc3c9b660036f4a9f148997e9,97022ad042ee4ebbadaec7dd49e5469875fff62748696390dca795be798fc54d,2,False,True
xes3g5m,940da077d8c7f1e9ddb80ca2a0f3e2fa899229ba3aedd63981aa673e73419707,5ffb250c175f4a324c519b09d7520967098723d9929739720b68de36d8ecbc7b,2,False,True
xes3g5m,9411106e2efe055ce45f271a1b8c4bee174514d84e44664132fca2ae33c582cf,518ce5c58fba923ed03e0ef5a1cf152f14180544ccbc27309207070a17733322,2,False,True
xes3g5m,94142fd137656e2504c75f4b0e8c2179770463eceeae04dceec4ba99a505bb11,1d565d5690e1c8adb9611d6be845c4aefb1bc34c3573dcc94a1e15279e9ef96b,2,False,True
xes3g5m,9414dacbf894c77b2e02e0f42f010e8329cc6bf4ec7830beed24c531c23452bf,105ceeed87e71306a7e8147e3167169574ff4e9ec6b4423e359f852d5946c33e,2,False,True
xes3g5m,94425171bbe1686b17c9188f754c4395d4d9d0e04cf80e14813a416a241977bb,72bd90a2acc6e8284a852e863d12ff0ca26a450c76d0848c78b62ce0431d5634,2,False,True
xes3g5m,944635fe9c60f24728e32371b74e8e9dde389af8d02227bef94a8762c0f13700,85ebefcee70355df4a1fda23473dcfc014d85c6ff1991c78d279acf2ab224155,2,False,True
xes3g5m,945874981d876b373890fdc3fc76c79434b5088adf7467e231302f912e7c7762,2d5c2672451eda12466bd12e44b19f81e181b1da47fa5053c7083b6df19851b9,2,False,True
xes3g5m,946541262acdbf1f982aadbd6f18e1113a31971d8a1d68194da034711a7e0da2,f126a49781650d0999d51ae5b34e8a59862557b77b5dd215c1584c9bbf4b3b86,2,False,True
xes3g5m,94683037c488761b7d3aa84de60bd73cdaf3ab32e7a90a46dae77ed8d280752e,bc58ebd29f406b3c727622073d139c656712f0cb56fa1e60cdc4258eade6766c,2,False,True
xes3g5m,9474f45e1088dfd10716eae242a723cef42a33abe992136b1f43880884c2320e,6d30034bbee61afc63b2cac93894e55b0913e36b4d39ebcb7776beb056182e8c,2,False,True
xes3g5m,947a8e0a5812fd5fdcb910fc2734dabf55106af824eed8d4b14e7514ca1071bc,7d1129f0842173d53fcda24a4c60662648e83510b35ef14f295e594c16ea9706,2,False,True
xes3g5m,947e2d45166f76db2696f94830297ae5bb1820dac194c6881ad414265fd50849,787d653a06e062075d6658ed9bb86e8b3b297412850ec9262adb49264131cf81,2,False,True
xes3g5m,9490a0c6c30c445129fcfb950cf4529fa3d920e9fc8cbe0b9e63564d00da4695,08131464f219834f87326a5f06338acddce25242a2a403991a2ec9494a285296,2,False,True
xes3g5m,9491e19663e92932e0f342f65f5b80e9894ad8e7da1a6a6327246166f0955122,8a9a57d7997c86e73f5b68ffabb4a0e74d9ce8c1f4730f937d19d9f95f6e9c46,2,False,True
xes3g5m,949d3141c05759b4f07c6aee90e55c896974b4fa5fe8cba5688754f65f717963,ea7e730125c1aa3f53a9751b0e4d786dab429ccaf01b71bbdb97515dd68a05b4,2,False,True
xes3g5m,949e3a907e4be5a0a8ee76318a74a439caa23eb1ebed901608c6cff65d4a3dbe,0724a7cd7ec2a6d24988fc247119d9952ce4db0e507c75b8580f67e7b2e51f36,2,False,True
xes3g5m,94cafea739c75fb1bf612f87fc5831dbcc30b299dc127d84774196162dc493c2,b1156e1eab6240c08cba6ba076a80347acf1388ec8c8e3af220d2925a412fb15,2,False,True
xes3g5m,94d2d2f265204c26bc4f206cf5962e7a9032d8bb7e7ec315280b5d442a95e355,b5ab2e2818d5cf9522a0189e582a9354d2478c3ad16278da67908ee72a675b54,2,False,True
xes3g5m,94d58317d87766d0e0dda030e32202e05d7bf0bfe0c497d3611db177e36b06cf,acfd3c22cbc8e50fd2c57057b6ee1374b0b7a9118921af050b6cab62af783098,2,False,True
xes3g5m,94d7827aea24a8f538b763458b4b913ca56de5f19362a9ff2f1ca204c865170a,08a7a26b9a2f84baf79002cf0377a3a3f16e8d536e1ff4a422f09249ffd5551f,2,False,True
xes3g5m,94dc0cce756c186048ad6dce707d1109b88b6daf22c9ab1eaee548886443bad8,6ef8fd59f308fe4b8639072eea450e8f9458f8c4c36bac06356ffc759319b926,2,False,True
xes3g5m,94e60317666d2f3197c70e0042af3b58f85c6181c089e3ba62b425e74b7e5696,c8195797d8dd93ae1218a3bb752d2ce1df718d231ee26d1ff279092b00efc89e,2,False,True
xes3g5m,94ea456a7c89a7740532a8a01e215d640f7c21d5d24ca45a2fe906318fdc81d2,4c67cd843eeb824d05365e1462a4cd08de70b1582157ae425d5b9f015563c81b,2,False,True
xes3g5m,94ecf6dcce4fe16e43b4be87bba46d7424381f1c0e5b6cad9f550c319d3f5a75,fbbfb533b3a8e6ac753ab4d47866b2c341e3b5364c686cd53eb67b70619101fd,2,False,True
xes3g5m,94ef3c0544274f713f5750eeae275ca07c87b2beda3e9a576ca9dd225cc65598,002eb8f80a0c53e2422ff94fc4584ad92eb44d7880973a1a644ad500103aa838,2,False,True
xes3g5m,9503d910f510db898e1f2cc98f2bdc5210782ce47fccf67e84564f68aed2ada3,d21c050eb3480acd73f05fe6b5adb7c2a511e74a094cef3554295dee652765a2,2,False,True
xes3g5m,95053b7e53f5fcbfc236dede59aaa015f53b8ef32eba0c196a2bfa1c21b1c552,13d1d7e10b80635b231e744d7d0da478d5ad5b4a2362e2a1f58aac371aa6cb23,2,False,True
xes3g5m,9506d766037553a4771460d5c6618917d6cce0769d8838aefc5bc1b5ebd5e609,5e47c59d32c758ea9ffaa6f2a94fc7183d4f716292d50f5313c098c2f22f0165,2,False,True
xes3g5m,950744e90d2d86852b1b416f2eec1edb873f8a03f8e2a110973314e1bd19f55f,e34ab8c845b475fa11c6a9c4badb8a5e2dab337dee6544c4cd6c78a787a1264d,2,False,True
xes3g5m,95182378e06d23b424e8f986d4b3e10107d3b69274cccbfc6cafdd62bbb56167,38ce84ea3c4946ab311939ad9dc83dab0b0eb8e547288171d9c46800c4573191,2,False,True
xes3g5m,953267c28aef7eae7cb182d5d445e834f4af679d87e4794750841259e8a9461e,6643013cffa8772eb7d55c207ad10ad31a9e873ce2e20bc51c37031e56204011,2,False,True
xes3g5m,95354d96a90ea0fae5bb880f510d5be242757e421fa10bf613902070869f6720,1ec212d9f1902c7612bccef337ebbdc266a0601e12631b99f129bd746f8437dc,2,False,True
xes3g5m,953e04e0a64446ac4107f797726f920cecee84c08b334c7d52b695c178dfc62b,82d7330d0a834c2e300d881a525e34d874b6d0dec94809eac8c2ea8c600b09e7,2,False,True
xes3g5m,954c5af02d950847810d296cb0680da62c785542e0cce9c0bd178e884ce8c5da,05e5bda54f66256a5031684b9cbf7d282ece7276f4677369d61e20ce7ab8b4f5,2,False,True
xes3g5m,9561c3ad0491a41379e972ef68b9e2cc3de312a68517dcccdb6c4d81bdc55e47,8cac2a020f9e648c3d70ce10b6b956c4fd74cc73d11c379247b8458eb934bd0e,2,False,True
xes3g5m,9561dde4d767ee4b2a970c8f312145e02d6a1171d3d31f394a67353949750164,620fb0bbc71d7cd57ee5c262ee73b8b410e27105a6623738de60eb87d8e68e06,2,False,True
xes3g5m,956a1f33127b08a6743c91d652e9d607d09e2cc15fe0660fddbe27e7fabf2ac6,2af3bf323606d03f76c5be3bb006340dd910c1e2e7a1887870c4f5861ddb1e03,2,False,True
xes3g5m,956e490eda87d08335d91da1fb908031c3753e4495064e0d55316fb225b0b0d8,f07f3f01e356faa256f6ac4446e8e0dbbf7d8507760ee1c4f6a8b720398a66ee,2,False,True
xes3g5m,957be4670192b613e5316ffcfbf6074a56de2eac1ca6753a1d75f49d60a4f8e8,292b5e2d8e949ce38ca83e91924a31b0c2a72b3462fd4550334372b7cf20c4f5,2,False,True
xes3g5m,957ef2f6ddcc78bbd37d64c2e8ccf7039dd2a87763df376213d5bbe5fd892007,97b1470d525c21cd9987aa638ae2c3de4c7124aba58c91fd3f4ca1b64a3e1712,2,False,True
xes3g5m,95802a6883091abcb7f4eb947b55cc9e4f327e6227094319465a990797f1f52c,72946eb9612e8d75aba42d1794e51ffed91997d721c1e119b633a139f79f5d63,2,False,True
xes3g5m,9580fead055e32858675a152bbd5bf5f68622f4fe4d7928fbe31ebea374ad320,7331cfafcb843ba4eb270cefddcff534a2e61baa244b4e1c1a9e8bea5b444875,2,False,True
xes3g5m,958403045e8378be6971e685bdc7fa430f9b19f1d9e11f5999449069d51fcca3,351244c96f7700c5c78012874ce4dff22bf046fa8a175ca761c3575f79d82567,2,False,True
xes3g5m,95951eca9df1b60588a6009fa156283bea674169ed83dbba39047507638b6774,b1add3ca2d4a8e40a1cf3519b1c60ceac2def595487072b95da3109c5c2d2ab2,2,False,True
xes3g5m,95a1532f141ac2cf7808e0c09336591345c1d07b5b74abd4d7d3062e98e13f13,367a33c6aff227b3850ff8b8014fb28b5bf5f29f7959fb5e0923b1be39a6a7d6,2,False,True
xes3g5m,95dfcbe6b9f9e5cced667576d459788538d47057d5e1927e5258d0aa7e187d92,767297ebe13dded4f422a1d85719c6fdf3fc81f572d3d24c1fa8d52a93f2c6a2,2,False,True
xes3g5m,95e049f8d248f64f35291f38cf43c34b86846095fce645a0bc583ccb7d5156b4,5e8eb24ac78d666e3016b29d3f36872a4b3146163eb96f58b64db9431a2654f5,2,False,True
xes3g5m,95e1112967728c86afd5236ee8c11f6f7b3448add9cc2a9e8e95af723ab7f9f8,1caad7dbca714f84ca75ef83c8e6447d1c6a9689c22f99fda16a475299031347,2,False,True
xes3g5m,95e66796bbbc5ede17e7c502831ef45815a5b7295efe93a6bb25cf5590d0ee31,707e60e96cbe3d3b39e0e2dccc20f76c8f6695c9e8deea475c12aa69655f7d00,2,False,True
xes3g5m,95ecccd336bb460d9604adf1d00e2cd1e15c8a9a9191a749db1ac3b113db6215,21f1409360814548c3e5be8d8c22ed617cceb5ec810856def6ad11a39a18a0ea,2,False,True
xes3g5m,9608abbb1fa5c83c00eb1c1714d643837b8caa4c91c06ba38262b5aee114c163,8e3a119b6902b4014a9a9b41d47abb8cf257e1b99f6c9d504ac18ecad771ee18,2,False,True
xes3g5m,960ca68cef6d0d7c6e7b296d730ca9aced6622dacd843cb6d029498c560445c9,2c189adee74ad8e9d09c3981ea809c07b714209ce60ed9b4a538b9b3172a8532,2,False,True
xes3g5m,96174bc913dd9571ccf407a8f5b46f6819892362a92d33df4bb1bc878a1ac1a1,82af5c2bf0156f60d1a948129dfae0e036d9022b12b2e08dbcefe4416e858a80,2,False,True
xes3g5m,961b3b3cab83e64b9937e6a005457181edb6759136b4cd3dd36c789c2ed1f81c,cb558e6c26d1c9f1bb5fbb685d1ab34825db56e16312a8ee65a95c04b7ef43e5,2,False,True
xes3g5m,96251c4ed13130f66e1c6691dcea0ef715208e0fc69d93ecef1cb04bffaa88e7,aab22427af77001fabe6a6782d08f25288a11a5d94a4bb3794d2ee5b2277bf84,2,False,True
xes3g5m,96259f12a9f7dd91ae405ff7bf54b4b28d56bfce871ac272a4dc7fcd36928e1f,bfcd268ef4c6ab7f50b7cfa46ef507736e3f49379a12e0d946b844fd3eebf1f9,2,False,True
xes3g5m,962c6cdccf274267a681514d3e7066e275c9004f954607b78564338d48afc13a,bd925d6e88d29db478162017daa44ce37546ae70cd6c45ef076935dc340d29ec,2,False,True
xes3g5m,9641f0fe0e1004ecfe2177fb02d85b6f46e1b5172bc44354c65a262f20c07819,9511b6eed79deee04bc4d9cda6aa1275f7bfe2a23d8a33b767ee66510c84f5dd,2,False,True
xes3g5m,964ad8728b036fa1dbfb236c91c4c4fb80999dc6d51d5fd633a087fe5715c32b,a4abdd65df30d1d5baa337e84bbecaed52c590a17760fffc15f6192e4ed22e91,2,False,True
xes3g5m,9657765e70d5a4f934808cb8318a656860d413b2c683528ba35827b03a5a9626,188c4e7539017e98c51a2df9f505f6293e7b2e35420f7197bce89a2a97a1d799,2,False,True
xes3g5m,9662b505ff9f7c1d33845400953c28b8d75c4331daf27b0a8e19630d3e347dbc,1c10666c8671976f21a6022597b7403d360d85e72b647a229cb597d49b64af08,2,False,True
xes3g5m,966ab910dd8a2bc1ed3f8294e6f8cb93fdcc87b9ba9f8582dcd73bdab9c4bb2d,d1db64edade4e638c94d102ce7491814cae1d72d184cf32ff3078ab5aa2ddaac,2,False,True
xes3g5m,967f1173b9138b7f7fbc56be072f811a1e388084e9eac045a7751bdf2bece6a2,ce65c94b25b6a1973014dd9eae105033d3edc8b4886dae3cbc4a4cde3f3a233e,2,False,True
xes3g5m,96825692e6c2f71759f5f7462b3a2e61a079ba10756b3c35d92037fa69d5272a,d13e89528ec656ddc8815fde5aadbcc7836127a03fbb83a45feb454fa28289d8,2,False,True
xes3g5m,968b7f34c6824cb22759d0eaa675cac0fec955590a670a43d12ba0c9db9a8616,2069e7aac8cf32baeb3337ffe051da26c8b52999566321f25581c4cffff0a288,2,False,True
xes3g5m,968ef79c8d5ab3c0d32437f3cb3f5e0a594b346aec555e31f7cb7897bd6e7226,8afdaf09dd0a0867212cd365afedef6e52a190e3bd7fce10d0cad51521508961,2,False,True
xes3g5m,969297ccf001d71e7a93d6327540ea5c77e90eb46e5e6656035d7c7a9f9c83ea,089bb89c08ff2ffd82fdcf4d0294a74d3e1a142a4d32424a1908200fa782684d,2,False,True
xes3g5m,96957089132f9240e1a5a50077499f28e6b6ddef7974d317682a86bb8b359cbb,c6348febe83dbce5f5b5995b207f43a2c2acdc1cbbdf93b8a77170f595cc5b47,2,False,True
xes3g5m,96a7d89722d696a6474f997d31424e16d7b74ff530a6c5263c9dbb8a8253747a,757630d0357756887a7384a18f2342af3a9e1c62a88d52a380c367e83a7e5202,2,False,True
xes3g5m,96b31f98f135df4899096dae5d1918c00a81087e431a68268ebd360fb74de221,75cb94188e2eb055493bf3fb2dc3641c5bda5a257e4d4db966a5fb0659813ce5,2,False,True
xes3g5m,96bb817769e5ce5068e51306817c723bbf9d034e261f79d3129f5d89f020599c,c3fddf5a1a955634e10d650cd4add85fa4dac1b2f369d1953f94fb67811470a9,2,False,True
xes3g5m,96c5d90199bc901310b4eb9a7d3acc88d498915ca8fa519d4f200e8a020de1a7,1e8e65ab55fcc6fa1e66973aa78eac8482452fecc3a9beb9dbef976c1eaab743,2,False,True
xes3g5m,96f33d3521fb9acfe732b9ca08d70c8f552803f8c9e46515f0e1b9e6b0d5c974,3a43b44fa71a3754faf5e1f4eb2f4d9eee4caadc0e64cca565889b4c702eaf86,2,False,True
xes3g5m,96f405fc106b18a3a681fd08d38077c26499ead31207cffc1f27df2221b6f709,970b75782215cd0847372b3abe11933a9542e94cf5d19d9a8877434fd7364072,2,False,True
xes3g5m,97241e97dbf82b2abe9c930829a4518b348876158042d9253c4c82251c98d264,3637fb4a39e166deb7b67008e0f2d5b1ca65baa1dafda26e4f49f67784fa612e,2,False,True
xes3g5m,97335bd4742c49213eaec7be3d5832a3ef67abe23815a27fe248caefc1baf27f,c4af9f96f56ae07e2aa0610d589219354b07003dab41b91f2eaff3784ac05281,2,False,True
xes3g5m,97394cebc4622f52b820ab55fe8fa2f2ee4d32e72310a64c6a95dc71b934cf8e,274a2e4285b41578f3ea61c09be34e7f482288a78b65533947d380766267310b,2,False,True
xes3g5m,973e2946a587a4282a7ab1dbb9fce1cba0197d29e715c4980b3031352c54325d,8ed546e007e78797afa3bdb900e9ac255dd8b985375481628708d7b6a11ce450,2,False,True
xes3g5m,97517adcfd3760644adf736f0cf203aa91ae39a73d1ca966be1c65bdc6780eba,81b0656dda41ca19af9a6dd185ac8aa6d43cd08a212b7a9964f2567f3b92376b,2,False,True
xes3g5m,976c4e9bde9e53c357420c2a975eb036593ea5e82cd0c46e7b6c9d5bbc87e32b,4d7b3d33c2a2f5b5f0de96f152eeb284a8ea540bcff66c285438f0b1c5a63873,2,False,True
xes3g5m,97785210f9d2cf05d4d655ba79511a2eac3ec946f6ca55669846860b41777283,74b4ad8cccee93e1b04e429ca949c26f88169de5b480c7e1f45713e1ea1c0f84,2,False,True
xes3g5m,97866e7974b0aab5bc01a07a981d08bc793b0203cb926d81d48f9d5d12c5a1ec,ea6b991be2bb386312ba3c45f14fdfc2d97bd4db7a902e7c988c078ba9d6db66,2,False,True
xes3g5m,978a8b2af23bdf13a09484ef4e499a2ca981135b3f8c76a4c6ebf431bd210c19,eaa28eedf25e309b4eec9e1580a841a37f625bc2699edffcdfbd21948568b2ce,2,False,True
xes3g5m,978dad7112cca47653a21179a7685406bbb92cd6396eb69c53ac1b0854903cd8,3f9e391676763a4c77dddba8d729aa743b57605f924f7e2aeb1b825becb0737f,2,False,True
xes3g5m,979e61a72915a839aab0cd48b9532e97fb36231cc4264731d8d8c8af982561d1,f42640b949698b24721d03054af92e7a515c69240a4d287257de93235f692d6f,2,False,True
xes3g5m,97a5fd88c21a2a50d2497c09370ce8d92198ebeec1c7fc0ded4bf5a82f0edcd9,e5f01b1facadc1b0929b33f78ae39817e81219d3b5eb2177717095362176431b,2,False,True
xes3g5m,97a67101dcbb5f28a1f761e9dd226657f74fcebeb1bf7a687bc73d00eb7aa554,d52485b484ce943d25a3ab330175db72c289535258cf8646034cbf6084f6faec,2,False,True
xes3g5m,97bce53b8add1634498b317f88c8b46651b7d8c9fa92eec44d85e4e543718cf2,5a4599af89f1ca17b6701d6525645702e06a9f2bb25f96911534dd0f6807129c,2,False,True
xes3g5m,97c8789da4ca3b935590217c8349f398284a4e0173835c90ad5defc2de519a71,459b1f23b3c94deadb863450edba20eda7b940aac6d5f9d4b5dbca4100d6429b,2,False,True
xes3g5m,97cf52db2ab12218f2fb5dc4b9046b836526e0e8944ae545626e9e964a9f4cfa,015da4fd16694533bc5141ddbcd2e203cbee057bb732452eac0cfd399bd87f48,2,False,True
xes3g5m,97d46b209213a12c448cc22caada943e45e9a442e7c7a93e2d08ffafc4f843fb,fcf90c2602e79e10447aed921e3f5c9b13b440c3b5312e8f693554300404cb10,2,False,True
xes3g5m,97d798a52cfdcf50cbdb1fb16855e4fa48dd7d8291f0bd82bd477e5b69815139,4d3ea1915af161c2285943c5c9f90ecda55c0ec0718053558f1ac6f9fb99d89f,2,False,True
xes3g5m,97d7f5cc37cfe256264d88c1b2feea3d106b35e1a8b298660cc189db2b08fa51,26de792fd369f900dcb484a4096398571405d53fecd6bd6849e6414ceded11e4,2,False,True
xes3g5m,97d9d6a63c8ec432b5e4992269db9a192f430e7eaa5e6d9cdf4339ef5c11fd1a,501d9aad6be4fa950bbdd9f612d5e06ba2371188cc182565c4aa4b394917e1e8,2,False,True
xes3g5m,97f20c8000f0ee065dfefbda1f2ad182faaeb4b0d3b5ccb71eccf3f2fb4055d2,561f52faff33b0513cd575d14f49972392ee8f1c49151838fb1db0a8ec5dd904,2,False,True
xes3g5m,97f37048d9b73fcf8ea592a31d1241778f94bbb12b057f471e7ec3aaa1c7689b,6d068563e68d829a88cf57a7ecb444e67a910429e595ea9a84c9d85ccb6a7462,2,False,True
xes3g5m,97fcaab95e822765e9a34f0231f515b007d2c50d9ca960903feee5a8dcb32d17,0f33c27ab1c0b6e9c0dd4ba1ed8bb937202981ec620799a318a1b0dc3879f0f6,2,False,True
xes3g5m,9811c233c1810f0225397a64765ca09431ea6a0a3ab9320e0208d75f0f25e686,a490fadebb978b73f239a0a155f8a5505586cdf61f555d55b8c316675c713f84,2,False,True
xes3g5m,981798bb6ed99ddeb027bf337343312bb21d53304ca4596b63bc29598c1d9232,c2a57a34e5e8bc72db01589bc3c14433ad692b34808bcac581c83ef167bd6ac8,2,False,True
xes3g5m,9818b614acc2d29b55fcac3ddb7c9c3b3a490b7823400b8fa6dee3e1edc719b5,707b205d2762062c7240087f1bffafe29fb02f34af93472357fd01e0259d67af,2,False,True
xes3g5m,983a5a33d1f34c1462b10e53e8bdccc3d35c3216bebbfbd19f3857ea96e8d333,9938b9cf25833939e9dcad61476bc446791df011ec28bdd5eac82e8d048be761,2,False,True
xes3g5m,983b1ac79f575575bfb84d6eb3cb4c9a17b20b6540c4d14ff97bd09b39bd7b6b,06b8ac5fbc79259d059303071c4370bd2f100dc5a70afbbf75b6f6231132f0d6,2,False,True
xes3g5m,983fba2c2c9e1a8c8fe4b136976d03b07e58978472c2b797dc415eea7587c672,0b34e06e1c73b2ac2b1372e4f016cd4edca73f5ec95a665b8cb7d53c76780e04,2,False,True
xes3g5m,984beb4af58491b06041d74d69cb267732b3865ea76cc2385a89ebe1e5eadedd,649792d96b0d102c5fd8b3f5ba14e529e187c7a947098186fadaec6eeea9e914,2,False,True
xes3g5m,9889c2c2ae76ace4dd36bb1da5223adb0347672ea6f6e21ff261becb804d1b8a,4970c9f9d9e1d2271988534d101d94f055c09b2e6c9931e408d35ae416f40929,2,False,True
xes3g5m,98b9541bb882de451b28e819e758134e6e1c1e11d1c1db1fd7bfad4ec5ff069c,f260b48d319e55f614043ad837941f14033d789dbe1fc92dc0c3090117e2ca62,2,False,True
xes3g5m,98b955ba40f655c2346bd04baa3e633b143bd7c8f8f9a0bad693f8159b2878ed,0f3a8f423bd803951dcdf744af8e7b0e8036f1633d5f565a1f5dfcca9fa71ffd,2,False,True
xes3g5m,98b9987261584c231711865807b0966f71e8a74a45e3a4643b5dd17f280f6bcc,676529f81c67a91b512d7da9343167eac6d7f97b8080dee7302d914769560ed1,2,False,True
xes3g5m,98c633e423827eafc53d4e733d25ee25e62f208edc02e22a8be4e870745e8ad1,2d1f273a286e34214bc5152c1ad23b3a880a438c30afacf46d765770490e1444,2,False,True
xes3g5m,98d88c52100c6daef6f939e021883e60f114f5824f3ef5f75b72adbd5374a2ba,27605e04712b456200bbd39d92b457f84077410572c0597c63975a0617279fc4,2,False,True
xes3g5m,98da6810aa2d639b12d569f9575299fbd9e92b8a503168e4cd9d17cac1feebe7,658151e7a47b99c895a4a5a5132dfe06e0f744115d370519d1405473550f52fd,2,False,True
xes3g5m,98da73822eacc1c51461688270922dea0411ebc9aa48651868ebd7759df50a20,4b2d1448a0530d5c56d557918528fe62b02678122702645f4be122d77a94a4b1,2,False,True
xes3g5m,98f17290b7896960e21e4235795480aded388cbcb3af10f8d3b31d62988f9d76,2895d890e8a5da5448addcb5c98bd817af7432d4ba647bf62b6f219ded495d30,2,False,True
xes3g5m,991d0c97c111e3d678f60631c4707833b0f83da90285a4dd3a88eff3d8c40969,209613d6b5a87c4ddb7fff5121255136776cf912e903486201e39b93c96fecab,2,False,True
xes3g5m,992617012ddc149a27287770c70786f9d7c05f92e55e2cffc947febe830204a2,22de0eda708753760e4ad93bd86adf0c3bc39432b8b0bef812b2e5534be1b8e6,2,False,True
xes3g5m,994bd84200834db330d7fff8972cc6954914703d42d435e348d783d2d34565ac,b2145364ba074f19027cc4484b9fb0d7d1be8a479f0c34b13004cb2c2f4fd0cc,2,False,True
xes3g5m,994cb8cfa17def3acac4478d511005fa8d26563019fe5e124ab2e711994c0761,0c20dd9cb85de04b502cf67d660dec24e64c9a990ed61646bf5f86e94f0840f2,2,False,True
xes3g5m,996b831b1dece0211601cb60e6f4a3ea8a279fbdca9fc4dfa29f71723011ed62,dd4a4b70dd43831af2130c86a5db2abfe6e19ab1b4be0c32170a86f4a6f9db60,2,False,True
xes3g5m,996dd54efef01c987648de90ee1821af8e445328446f7a927c342d2fa8860c1b,8aac412ed98776735c4c9f832924983ffcd0eafbf7ab3a2dfbda694d1a6c6370,2,False,True
xes3g5m,996df905607eeb03f0a464a6474e5af93d68dbff667663d4f0a03aec6d41427e,783c7812af7fc228611227e504d61bc634c911f4d53e6ca23311f18e63d635cc,2,False,True
xes3g5m,996dfbb03d055dbcffc008256e5cfb38ecaaf62f2f2422c357c01ef517ab4a53,d8348d4d6f04c0cb1055b47ac68d11920a912971901c253215c5c7b1ab3480b3,2,False,True
xes3g5m,9972885a035399ec664aa40c20000e3ff92185a9eb11aede8ea2b9ac6d059428,f2aee93f81fdaabcd215f3e266029d992d7711ec8f2fb206bd346617435014eb,2,False,True
xes3g5m,99778854704166132b7dd8b8cf5af1e58f29476a576fc583975341c700b6686b,40337b394d8a61039c2494e88c3f3dd1d4f85509a277862de65944ac2e55d612,2,False,True
xes3g5m,9985765fd38107cff195b9b33f6788f6c9abd3958d3f2da34f93a62b33579eed,f48a83b85de348356948371034e4f53166063f5a2f41fc4d4fbeeba151b597b8,2,False,True
xes3g5m,998b376bda3f791e2ab3d427f217955f731087078aed18678d78f91f932f0a83,924ddab340448d171812aedd0897c4d092cbce4a3d5ccd446d7b862a91809aab,2,False,True
xes3g5m,998f05fe92e42ba8e5d536ab9960c87ba4acf6ac6276357380ebd8a3280cb3c6,6753f5e486848a7dcad84b5ad9b57c3ab911f3f11ed1b5056b397401d7fdfa89,2,False,True
xes3g5m,99a313fdab8364eb28d8c21017fec508b84d684c9b321c50544c46e70bdc61a0,a8cdbe5d4399a1e9c6b6da8dc62bb4022758485dd55afbd661d97419229f54c9,2,False,True
xes3g5m,99b313bb198fb01c89837a87037937202c9c6680be81af8a0622badb0ace544e,1b67357ea4ac3adc1a25308d665ce1d3e7f50875c501dd6b749e968eab98bd7b,2,False,True
xes3g5m,99ccee9fb6df08d00d971d7039fde5576d77290bd19c621f76a87de8bb36840f,bb670ab0c69aa4dbae2074e300abb9589df113e3a4a2a2bf079c05856f247fed,2,False,True
xes3g5m,99d6f541bacff449819caa5410ab8db357cef816a7e360db07d439fde108621c,12fbfaf2fab23d20e554e3ba88b5d1c89ed6a89c4ce7bfcb76b9ae31e771b35f,2,False,True
xes3g5m,99e7183a846e3bd14216a191bdb98056f2fc5d930454b9e6c8eab44713d46437,5aee4265192c86771dc49e3b17b6ae3e33dfd73877b281b0a56f0c534b5df191,2,False,True
xes3g5m,99ea5497e843726ded0cc8cb20dab67d9877fc1587000d9391090b5d2b60789f,8bc1b4e61bd9ea34ab537f0748ed19fccd707209bc0df01296548657aab1a62a,2,False,True
xes3g5m,99f1070b7e39671f4710588a7fd91d64807516265a87e05b5824addc626dbdd2,fcdaff8e9dded3a5446bc79d5c8d5d6d83b84f04f37ea630be1b1844d166db71,2,False,True
xes3g5m,9a11597ea964cc615b4d6e8403becf69bd9cf7ec3e6ecf5f40e069bd3b5c6fd9,1e0bfd0156035da0f13c50b26c69726f51cb76a176353113ac0a184871c5e2b2,2,False,True
xes3g5m,9a1a3251a419174e058c6e91724624057b99d881c7cd2b2477a125e8b9158254,b0d9f087ba0c5db8eb46f3ca3d32dce4ad816cf74acc6be1c4b780162335516d,2,False,True
xes3g5m,9a2d460a858301e179eeaf42e5dbd996ba3ddb467da82e6434f1377d16cab577,3c8ed31abd266d83f67fcc8657635d45ab2dbbb53cd86f5774336be2d78b82ab,2,False,True
xes3g5m,9a2f9854c1dd03e746c47175726483ec67ebc61720a9ec9acafa653e3449f8a0,d3eab7373dfcd7cb988a729b394116784f72fe5953153824ae856eac0a182d75,2,False,True
xes3g5m,9a3199d218799b257a96e33506085f14cdabc6f53c66b217cd129855033c0bdc,bbcdad7199944065b9e7ae993efe1aad6f88855c80ec5311acd3aaff681e17e8,2,False,True
xes3g5m,9a4263b25cb5629cda7218c43da01a0c5cc4bef0d8335dbed5492f408fd02b4a,f200e03048b57865578c093a08baffd77319e04260a1ec60274220ad7230b19b,2,False,True
xes3g5m,9a52cd55ac9537c267a8f29a5278900c9af7b9b4dacce58f408a563712c0f7a8,e68ce110b7c0f5b6dbb532e309fec1f8b4eb9d0678685c89942d2a3fe387f89c,2,False,True
xes3g5m,9a530a25be3861db84304eace39febfbace14c0022f0cdd66f77934b3c690b26,d70a6df50d33dcc29b177b4b068c7e63623f2c17f766284649b2e0362d080af1,2,False,True
xes3g5m,9a5468f767d9947ab5430ee4be8946c251ca6bdc6a5ff745f5d50e9b5914c748,57cd66cdbb25f54d91d38e95c627854bf8b7a1eb7f464aef6a6859d7fadc6609,2,False,True
xes3g5m,9a5481e7d046f0574de1713e7d43abbdf755f13761a1c2cdf5882f166572be9f,05608dd2d7d34d4f00bb699916ae68a73e62ccc9895482f934843720ec4facda,2,False,True
xes3g5m,9a560997506100a5bd41e8983bbdc74adbeb2f60f43fa4a4f8efb6bed0aa1a47,f1abed5c4d460e079db874ca8919710426c3e53c0315ef8c1d07e95dc67723a8,2,False,True
xes3g5m,9a69e59765b51900cfb68c86d6b4eb75321dbf226093dfbbba6404b69a19d59f,25b71bafec075a8f1b7a4ccd8e8543bc2f8bd7348845ab5915bc45d930572098,2,False,True
xes3g5m,9a7025ec396bc8fa6aa2139192c985c987407a11c09a62e0646e9e62ede48ce2,7b2e3add623dc937fbeec04bb4bbfe294fc619945c2afb7dd31ff6ff826a3f8e,2,False,True
xes3g5m,9a70d1d9984a4185b3e5716e76e3b1769a2d87e8c8d4bd3e6ed24449becf2d4c,1aa92cc44e83cb75422ad30508306f610c2261abb9a74d7f3f01932aea4440a6,2,False,True
xes3g5m,9a740d2af7a0be4607a17524a98d72cf47e40c77b02c9aa71a3c312d7219e55d,e25515620e0f68190765ed03f1d4517e77b3414c27a775fa70fa895e5549e9b6,2,False,True
xes3g5m,9a76854e9cf2cbdf6c470898af2ffa6345a09c82299d0856b02c9a4baac346c6,6cee7440387cd6a24789610cc479af6d603a00e4b58b642370ac42f7d1515be7,2,False,True
xes3g5m,9a81b31a5160d5f7c3e00e0ed5dab664a74e03b05fbf774c9eade05bc4888d64,4800c6c54d2b8206986c4af4e7fe2dee40e03fb88663fc62f5e281f252033598,2,False,True
xes3g5m,9a81cebbbdcc19c3ced7badcee741a5b32d1da0b98001dd398621a86b7ffbe3e,917dc6406426ae6a8d3f875ed5a043d5c5aab458d4470e6c055dd02480a756b1,2,False,True
xes3g5m,9a85015bfd8d486e6395511c6d996ca5863396a3ee89b96530a7d426d4b3d8b6,f25d4ec5a07eeedbd64520cf3d808191d7bc6102d26f8808bd9cf321e696f11e,2,False,True
xes3g5m,9a94f257790edec49bb6772f142ac88950fc1084bbacc467af0315cb7dc10772,826e097dbae39f35ee1a0f58e03d138da8ab430f1a8620faa782df2d72a33ded,2,False,True
xes3g5m,9a9a4e2410190a98b2e26741643be563c52c75af77f1202a5201605a2869ef9f,4eb1a9173872f0b109e2985f28ce719ca7682e26fce461d102c9b2408f2bad71,2,False,True
xes3g5m,9ad09c71c403828d1cbf9ce0890dd6d84ffabbab2893c154d8cc2ebb49a38efa,b5143aaf171c65e51a3a7bb478e2d00302d190a800eda710ae0772353899d440,2,False,True
xes3g5m,9ae0b20657b70dcae84e289fb481db66fc1e7a2c71e874182f948c5b899db314,c3d6db0be0b104881ebba67c4bd732cf4aea60a81d59b73160e6ff3302addc42,2,False,True
xes3g5m,9af26e2e44bfca71ec4488775845f0871bc94f4cb812bba288c1059c0eacb8e1,2e4139d735f05da9aeb9b8ae0b53f593393617f235bf482a7c6ffe29d9bb1079,2,False,True
xes3g5m,9afede136b25d70ce64b3c186ea98b7d70a636c2715298a9dd82c9da4f598ade,0a90a81ada28bc1521318274ec022a3a260740f9d9c104d42b1afbbd69929b02,2,False,True
xes3g5m,9b0d0a45a32f115d46e481ab7068779dbe13e5cc3a0b05f2397e8888063be4c0,92e8cc268f2fd3245a7ad29d3fbf8f09367714bdadf1628146f0356adb874805,2,False,True
xes3g5m,9b1ffcfbcf216abdd615412c90648ab6c1274b85c7dd27cf4354ffd53cb4a934,66c1dc29488e26bafaac539c801a119a7d83887c1766790b4def28cd2b1c1de7,2,False,True
xes3g5m,9b2036b07b711bef6bc21a417a732e945014a48eb2153ea5321b25f1cad11b7f,9658dd3e73d7a4aa74d87d897e82d26cbf1bacfe7f3a2f2aec80d8b686c36418,2,False,True
xes3g5m,9b3093f8adecfff3af80ca624894d1ee3a2c8a965d841eb270ab0be6d94d8cc6,f9c117bdb2b80a62ec8278749593ae89bd6b239750d46871aeffbacd3aab87e6,2,False,True
xes3g5m,9b3231adaf87b465e2b05451b71925b108461d6ea9b5cea27747f2112a3a1456,c7bf3adb595641fff3a1236148e97e8614f9cdcdcd9d07db3f4c2c5f55e6f76d,2,False,True
xes3g5m,9b33ff64d4853271c144eb28d55b0c6ca132c9eee961d96549dedf6bdccd8c3b,5d85ec5c68dc25d0b0475c4ad4274fa596010898bff8c6697efea9202ea2e1d1,2,False,True
xes3g5m,9b39d4d7eafa94044a85724da9574c9284b878f25a69be62385d8db47cd8c137,39b7e0983fac60753d27ea1be82ea0fb77024dd3e97c7fd9430a86f105e97231,2,False,True
xes3g5m,9b4e751df479e9714b6552b4b18b440ac134b270d403d2f763a00a77959fca14,b2547539fc10ea072bb9f921254fde4e9557dff6b52c3119b9eb701bc6c1a394,2,False,True
xes3g5m,9b5b6dd63d0a41852276bcc32f667365859d252b2278d3da82f5ebcc99974be2,426f1549c9036ac8a2dae75d828d843c529a0e84a14689f03a502f5cffc18e3e,2,False,True
xes3g5m,9b5fa79f6c87614a089f3a3c4ae709f7a872b3dd4ba02faf47f5ffe127eca30b,59a0d152185e9dd22c7261cc2b4fbcce66823abe6addd07dad0e9d4ec94b3588,2,False,True
xes3g5m,9b6424ae1b26213cf9a8ee9e4623c811a6aa7e4e9acffee79e88c20cfa403ff8,11a2f8b8688a7879e8d834537640367fa81be3c3919cb75a74e74b740fd559a2,2,False,True
xes3g5m,9b7c2df8fcbf91fb4646cefd79b22af367d4cb1b244a39657db9045eb102df5b,04a2df505ec7be956c2295ebc8a217e292bddadd988da70656743c9ceeb22730,2,False,True
xes3g5m,9b81b45452e934a6ec5367e26e39659aa0cf4e2f4d0dfcaa02b801fb66acaed1,e5ffad57b68fe0b72936b78d6bb82534cf608e12d2064d4fee8fbb6d83e2f50a,2,False,True
xes3g5m,9b9a0561e797141192471b820fbc413369f2c9115c3ee17e875194f10f1fee92,4b4963542bc11ffdef1bfbe546e76567e7a9d7cbffbb8b47a01328d79e0707a0,2,False,True
xes3g5m,9b9af6127e99667280a302def23610a0f46109a4a1e0cefa63857df2688bd3c4,a6845d24c015a7128e69634bd2fbc1bede9bbb65d32f3370cec5cd6f3854ffe9,2,False,True
xes3g5m,9ba852a42c03825cdecdc09b74812d367bf8f417506cc982fe37e5dcc960a89f,d9d78a5656773ad773efda429d9ecf95af8eb2914a948e0a39a6e6d5b85edf5b,2,False,True
xes3g5m,9ba86f729ca59665f0297cba6f0084cdc916529d03a2542cf1f08820a96752ee,060a7d11434443e4d1adac03b95b0204256738eedc48ced1a02ff5fa75d16a5d,2,False,True
xes3g5m,9baa9675ff419adcac375dd61bd5f1d05d6f90083fab02fbb8054f7c2fa8b8c1,e1bdb25c5ad11162ece308be387de3165bd2defd4bb5e6559e44ef5559a96a42,2,False,True
xes3g5m,9bbbb25d99730e73ffec7d6222ac5122d9398df1378e2f180b5459fa62e32086,b1e0272171643786e7356fcb99ea772dc1ffa571a13ea3df7f0e902724d6b1b9,2,False,True
xes3g5m,9bc285af0c5115b7cb50706e7649dbd40f74a48348340278f206de7db3633f7e,8836df71e791d9910e570a9aa8f22c1310c36a782f4c80239b52d6e1066464d4,2,False,True
xes3g5m,9bc732b2ae27efe2f0d8367b4da351c62434a6964872f364786926d42fa0c949,00e3b015bc10dbbcf01f14d65b1a151b68d7ecd5eba4e45cbdf84f2a23d37945,2,False,True
xes3g5m,9bcfa41bb4052e01a5dd0bbe573be426f5cfed78338af20bc60da4f6468c8400,4edf5dc13e2c86782f283dc26505444348f5242445fc87fe42b71c91e0061f63,2,False,True
xes3g5m,9bd036b900167842f26d2e5f8c6bb59b37f07133511db0ad595a67a70cfa8efb,6af26caa087f578d92aa75f44b3d8e50ced1002d425d34341052d0792789b5b9,2,False,True
xes3g5m,9bdd38a10abb4e5fbd7995f2d35a584cbae559d79c61b7132a0e6a97ca846344,79efd308ae5bb26da3de45e1f0e2ac36c79ef3b1824c024fe9db9fda6bdccfc6,2,False,True
xes3g5m,9be7628dbc4922a64f9a02c7b4f927dfc0526c5e6fdcc802ba4a9270d5e48d37,b4e7f51de8baa10551421343f50d6ffb1747965d029c024eaa626f29147eab49,2,False,True
xes3g5m,9be8e4c4bc5d2a3dd00b5f7a9a61c16e9732dda6cbbb2dfa7fdf7f9eb76d6deb,d571bc2873cfea9549fab42b6c09f3ced588bf4ccb9ebfcdc02f62ceb4fb8510,2,False,True
xes3g5m,9bece721390a5c6ff3ccc13f83ef6db4a3196b0835c724038d790d6cdec8a83b,ea7e730125c1aa3f53a9751b0e4d786dab429ccaf01b71bbdb97515dd68a05b4,2,False,True
xes3g5m,9bf13caa487a949cd8e460847d3b9ca6026a71164a4dbcd7b9dc585a1c962a14,149340b0f43edeb75d2d613e6c534736a43f69da13b93462b8f2cec3bcec5d02,2,False,True
xes3g5m,9c32dbaa5fdd4c00c44080b05cb3bee4b37356d28fa89451299b56ca71e2b949,7dd666d0f2123a23cd46c527c91ff01131865fc8f411cf632cdd4aa8d1a0a0a4,2,False,True
xes3g5m,9c5259c1ebe92a789b8e15174bcc5618b62385d4018233c1db502e77b4d7c941,6f8d842c348c25f97fb417be4a660bd6f4a3c35ca6b828d8799bcf7c0a75f8f6,2,False,True
xes3g5m,9c5a45b595ad0d8e60a841b231d9a94c490a153630a9621b059a8c3714bd4312,015d46ebb8542e0a038d9f9dfa97c4e629baa1aeaca978b3ac957ffee4bb8ca8,2,False,True
xes3g5m,9c5bddc05411c318b71f6ce2a8b32a196356bc8f2fb3eadabb167c87a58cf574,59675f24b75714a5243957ac4d12a00779022bcee18799570c5a4772f596381b,2,False,True
xes3g5m,9c6a7f7c774aca5c2af8224c25e504a83b31bc867a3c182b38bc27150e005c94,21cceb1b179a9d71702af7b754d27c244378df00a45a63a1b77d6496221390ee,2,False,True
xes3g5m,9c6de2552c9b04c804dc75393c205bd9fe29c1b10b1b46223e41e17cbb8eb2d0,00777cbacb2159ee05ec2647beb872acd1c011c82b1a849d1bdcdfe1a0ee0a71,2,False,True
xes3g5m,9c72ecb118f5d5fd933f5d5ada419a4248a42357fe010834f80c8802663b5ed8,10edfb1e4bb72c65c4a0d2cbfadb18002c1c43af41b9d74eddf360996db92928,2,False,True
xes3g5m,9c7e268a6abbdead1eea133f210e2210b6a1380109b56d79e2513ef38ede0657,ef1a5c2aa2377db5c64c4c2f07f146f4d9f28ccab974f1c96996b21a9021aab5,2,False,True
xes3g5m,9c81d6a324607dd31bb75e9d2f9bce2f1edf179acb3ee2120434347527e610e7,bb8c9341cb64a30eb3d55ed615a42f2b45c4c67ccbcb555a88a3b04661d89ab9,2,False,True
xes3g5m,9c931d3475f95a16c6a09d58e59492e6971d9dafc9b81633d1d0bf42ceafa570,7507dc6ac7e03f52f82c7a1e43925603ca795a18515702027229fdf20507d9b8,2,False,True
xes3g5m,9ca666415d72de73b4f93fe26add936e0e2acd19d5cc5602e02441eb17cbe1b6,1dcc2ae18dfb7896057195ddd21d663b89231bd735cdcea8bb04fc2f00cc11b0,2,False,True
xes3g5m,9ca9654dba92b99f5ac6dac7b2ebca02259c87583e8b34795860905b30d7d40e,8afce860d1a9b67599d2e1d151f60e007ff32ca1b2246fbc6ca8acd7eb9e7d7b,2,False,True
xes3g5m,9caddec1ddff6360437aea41269cf737b803c7a9c30b76eac2c34f39923ae316,2d307f116108b132d9ec6cefd88764368e9ff8231933373510855722c0ea5979,2,False,True
xes3g5m,9cb6c9337be1fc3a9b75817c82c5ce5e1fa485fa1c612699d51c8192fb86fb5b,b95805f922923a5528af9b30bfe7d175c4274de507389970acf3ee8bd2885cc0,2,False,True
xes3g5m,9cbeebe447f418014f44358e33ffe95b440aa59acb9e75baa361533175266327,6a1695718262e4c3ba434071bfa3c73f93d3cfb09ddce5da8a8695e7e98f715c,2,False,True
xes3g5m,9cd2159a281b10a67fbb346047878e94b11c68e44b57b0a2da1f8712ad7cebb7,810d8b9a91d78b26b1595e1bbc02a1856acb0372c2df96fee5a876d12a85f96b,2,False,True
xes3g5m,9cd6a93fd96380a5b66e2bda91f318eb9786a3494dca27b82c9019e79d0c209d,136ec1d920a5b8f7df375b1ff8d2add5b86effa0ef1c695c5ef12977c1b2c735,2,False,True
xes3g5m,9cf7a775cf4f5c280e5afb9b9bae81e5ee8a722a0766f4a30ba9bf025b1fcb72,217419586899b0cc7f9d2f40edb6a6e6e7b2939c64366d6a3c56a3fb83f204c4,2,False,True
xes3g5m,9cf9f76dc52c1fb229b90ca9d9fe6254686fa62fe76138add107233d9bd6176b,be958aeed70ec627cca1532821de6e0f0a1087d8b4f7abe23cf961afa67b508d,2,False,True
xes3g5m,9d0a109462ebf3e38ee7a0eb3f514386f3c42abae979ffa90ad5e6fd090e0cd9,170ad67bd9d45646c50b104633ca54a54473f0d0480fe2ba79c031d057f9a916,2,False,True
xes3g5m,9d1ec132da9ec8603c3f4f1d2af5233de2db6b0bb4cc22bbe67c2071d9d61312,f035923030a53449896f5a381de077d9ab4b9731ea5ce9fcee93737e22344cb6,2,False,True
xes3g5m,9d2b4c6d5ec56f6b62eb5feed8b8337d4ad29141fad6c55c8e5e7d800917b315,7a9905f46b12af37fb26565548cc47a5cd0bdda323de2da0e87981ac395d0379,2,False,True
xes3g5m,9d35f6d53dc3470dc67e01fca3a3c6e0abdf5b357214c9a3f0f6596e3c0179d6,194ca0aa59a230a39b8735ef23827612ef0a8d6ea91b8b696ff88d7152811438,2,False,True
xes3g5m,9d54344742509b49a3a804d192dcf55ce607c9ffb11cef3549491a6a5de75fd7,68929cb967fec909cc9815a5c1ed5758b560d5c2f51648e805d0a95979e61b71,2,False,True
xes3g5m,9d6488ae81244be47d73865ccdff813414115ded86f5fd278ad5385d0612367b,fd4ab3299279b098f2f2d3e3cba3e5a930c56893e0e347141e4b5401ee768935,2,False,True
xes3g5m,9d64da4a86c3e77a99e8fde3b93034d137fcd5c2ded47900afdeb9274cfaf612,f26eef011b8dc60b49cba15dd748dbe90a2c74d2024051765189432f63166b72,2,False,True
xes3g5m,9d68ec95b2dc9d8266eb86a4166e6e39f6551d03fa4753a88544911df2f8f6c3,8e657474603da3327f6f01237af5e9edee37d3ac0509183f2da29566171aba35,2,False,True
xes3g5m,9d8ed24f392c03a4271b996f4c743f2a2a314c55ef243f3c5e01cdc457e6bd4c,089bb89c08ff2ffd82fdcf4d0294a74d3e1a142a4d32424a1908200fa782684d,2,False,True
xes3g5m,9d9734428cf4c26572ba9570c2c5fb61581302949982832c8eb1de60abd802a7,6695886f35d4e91343c729a0ecb67ed0c5bc9dd8d7b79240b42f7fade8b885b9,2,False,True
xes3g5m,9d984f5cfc50cf288682784b0f70845fa40a467a14b8cec3b7046437d5965c18,ebc4822533995be9f4cf4efe82952d325393d0c433366824d8efc77c516b69cf,2,False,True
xes3g5m,9da9c8a46d14dd054647dcc48b06b2cdaf74d72860871f83e210204e2c2cd0fd,cadc7c4d418333e40d96e4db568892517dfdd8c14d528a184f8b7af527558b93,2,False,True
xes3g5m,9dc327db51e2e112d2beb4241ecefa8d8aa9976698b29c10bd164288a05e7619,be14d62ca12fe3b81014f425c3d7e08dca48c45b90fe187411e01bd07a6b333e,2,False,True
xes3g5m,9dc94cc1ffc237e36b9f143da9ced087acded6ec239d866495c688b4b0afe120,8b2a6452cd0ae2c182669ca92dbd45fe8208cdf317ce4673f4f2d210fd5602ad,2,False,True
xes3g5m,9dcc9580cbfb712c89f3ceea6efbb97c4426bd1f7fd257e3124b43bcbec11424,f7c876081022f69d32c39e8069c91041192e27cd01d82ccebf7b1b115c4d6246,2,False,True
xes3g5m,9dd7ba68e427b2bd2c8e0557d183e6d37e245c3f5205e46e9ab02c6fa8a9cd0c,519d57d5af264f38d8c00fe75845eb476079b6c4f7af1bfc8c7694b3105e8cab,2,False,True
xes3g5m,9de8c737f08d8bb34ba2e795e3fdc09e962e21f094a1c7062126cdf606f932f7,e4957cc82e7b3c78084da0237c0a4ffe5f77ab0571fecf65a31aaf1267a3d8f9,2,False,True
xes3g5m,9dfc7facc4743739c5f74d8d34cfed629b142f2cb32dce780dfa00569bb82e1e,44c673f238640531313b43c144819aeae822ccf79abf328fcf60751dc4fb1817,2,False,True
xes3g5m,9e02cb5201bde2ba8a28c04989ae4677d34cf4ac42456bbb2269ec7b22f04805,860dd015f2a26e32ed76f34326a56cdbf307830df7cbcc4e20daf6ea61289d09,2,False,True
xes3g5m,9e1a75c66153802a7b76127f6ad11fd8c4190e1f9591d39fae85ec67647f23ef,f39e44568be1afd4031be8ce0df49b30dc910390e36c9b8d0b944e89e0232d02,2,False,True
xes3g5m,9e1f59e26be3a4e2450837d08c073569c24747a4265ae151c555136e067a5eff,4878decd4ac934a45058cc4c4d8fbcea2be74968cfd07caf1e5304d636f058d3,2,False,True
xes3g5m,9e359bae062dd4634f8f495b7fc2353449f7ef8c3a35aba2392a5db8660d835a,22f51672ac5b34fc726532df20c6e68b68eee64d40c83a5a2fbedf8e62e2133b,2,False,True
xes3g5m,9e36618f2123a79a930611db7c877a1f7b69e2fd33999f8ca681843df1bf4f5e,7bb7d709a44fad31eb6a3f5e106b94d9b8d49c04d0102c26594525df5865aa9b,2,False,True
xes3g5m,9e711fbc0cbd32208849e005e2018fd9952cbec81b7742132df2e44e2a2f4342,a577d8e97d208dbbc8b0a0afa983a2577c702948711a868045744db5f8f3d271,2,False,True
xes3g5m,9e72e9becf66fe24a89990c2beed4e19ef3c42168bd8f84bc6324fbeaef3e72a,b2575f676a755df6efbeaf7ec9281558ec842c83a963a2b82de86f7fcde91fb7,2,False,True
xes3g5m,9e80547c59077df2b909be61fdf12e5646d68ec25ef54fa268300a8695e38239,71c520c4d53b8fb22089fd6304feb3f649208746099114321d54e72dd676c4e6,2,False,True
xes3g5m,9ea82f2a8808af87baf1fe2432d64cabc4b45eac43a983b98ea6e8cd3bd60f2b,3911cf11b7ca2940f56b0aa659e4fefecb82f7301cdfdabdcfd531bb5bc73afd,2,False,True
xes3g5m,9ec92c6a28e40f80ea1d5cb2ae568edc268f26deb523501e4a16cdb3496194d2,192578ef47e5319170346d06052533e4935138abe92b79ea84e69bde60182594,2,False,True
xes3g5m,9ece4fc6d742039fd402cf658124013223f8a1626544319eb8c48a6fc2ecc732,d6c02c918f12cf92d17cf1ce225c2411649faed07b89c103adaa2bfce5f5d1a9,2,False,True
xes3g5m,9eee669624f4d5d73e2153642ddd52b81718ff9f487396c228d4370e425bf927,798f549f468e0c0f0ad9ca12415df1a3defdd26c0803641a87b47b8186fac19c,2,False,True
xes3g5m,9eef187b4bcc4b3b5d294f143b690ebe11f12d54b3f5a20421bed6f7e47a3f66,0f7f420ba8f285d9e48d45baffd04b8658ea1749e89046f63c2151a55defdb31,2,False,True
xes3g5m,9efeffaba146096f4db6c72f94d4536bf00676b7c825bc08b04aee0d995b2382,73ed02eed234fab3a25693708ee55829a69034c975a9e811429d0d431119c5e9,2,False,True
xes3g5m,9f126044d58d202933e8e22c3e47cb63d208904edd937e575234515f3ecf2cd9,0772e40d480774da7de45220b4d81ea5e2d1ada80e2e9637d14adaba8f228809,2,False,True
xes3g5m,9f2965845f697cd898a4aeed30eb2b36c27a6a97c85354d1dcdd15e7a8cc17ae,0a9d87a96e11f5bfb913c9ad1195440e993010a891e1af5398ee276b8599576b,2,False,True
xes3g5m,9f355c9da1a91036bfa35c534cf2d3d5d912b01167fa6284878be96375f30179,91326f7282ea546305b1ec2eb4921416caeb5de6bee2d81067bc7007c150f172,2,False,True
xes3g5m,9f3cbd9d0c0416e759bf0535ca1d9a7bd863d335471ac7e2eec6045e3e501c43,8a6d3c23e55623aab5c72eca0ed1f6c6e1165073b63b694ffcde1eb5da1f086d,2,False,True
xes3g5m,9f470327e36bd0866be72c78c0e2c0a57726c47f2412c12a4b24e6ddb200e7b4,408480d7f9f2ede81dd667f7bb9426b5d6da77129e9c3502e8ec44c764efede3,2,False,True
xes3g5m,9f64e91b8451acdd9af07f100cc43b010757d7dc738ad164c5262050a932b0c7,a209331a22f22b78a5ef0ff00d3567a09c7eecb03d5d5b0d1e06a962d3f172f6,2,False,True
xes3g5m,9f6685c1f7fc659700914f12592f0ba08a7febc4fffae14c89a82c9f46a7dee4,4144273b20b88df4fe0dc3e66d02e7d84a2a34018a80bf0e18d5099c83a8c396,2,False,True
xes3g5m,9f838054d60d267731590542a23914588d9943b5a95f582c7c9458b24b291751,f7a3e68974d89bc614396a1aa84d5874ff4d8f3b12b97130a9e935729d1eb72d,2,False,True
xes3g5m,9f8bec709a3f12a4f278395edeb5c2b913782fdaff1dbedeff2655cc7717ad57,606ef18b81dde039a0587fc902c00d810338e0265a6ff9d76d78bfeec3dab2dc,2,False,True
xes3g5m,9f9cbb36e7ea79bb8d4678dc440efa6e5006b0ec34a0fb24102c77a98c8996d3,30af5391037774a7f8212b891cb3ad29c697a3d8f9f4333cbed8e2912bbd0b44,2,False,True
xes3g5m,9fa605d9b16d91a60c8963a235e4d013c17139816f319301c5ca8304cde60882,dbc9cc47683df9a7d5e88c372673fc7eca718a03e61bb893242f6f09d9724f0a,2,False,True
xes3g5m,9fa649fd715cb8fd547e03333abf23c1ccfe27e7a5276175518e2eccb335db42,ad57245a63dd0b78b50fd64bf92b3668501ea853098b038d1f62bcfcbc75a368,2,False,True
xes3g5m,9fb1be6a4f08b7f0cd7448504769a9f959ddda2478efa83796a83b919f3c51ec,9e96e69443890c3eb15f974b0a767386f26cee1f284d5df26b9c15d8009f567c,2,False,True
xes3g5m,9fbb203cf47a8fef6385c2591602ce82b400c76fda4f617438ef6c7ef531a4a5,931d4458e6daca2e5b9f8ddb85326ee41c35c690ceb34fdc18a6decc7adb3fac,2,False,True
xes3g5m,9fbb3ed62faa3aff6ddb8a9c30609200894f357cac14dc67af147acdc8d6065b,ba22a4700cc80a7ed244a4c7ee1206bc2cbcf26b5295fe71703a7e76eeee1d31,2,False,True
xes3g5m,9fbb653cadba5105ab2f7e8a36e656c0efb001db7ad7e95263dbd5ec76eb708c,3cbb3fabf97276297f6fe2e62438a94b44866e2e4440b281a27bffd2985c1ea0,2,False,True
xes3g5m,9fc6e77df498fd6e8ac4729e60fb8613839850c41bedb741c4afcb5698c439e1,9232d8217163384aae61527f52f2d6b2cf719dc738dd30341002931e3911ba5b,2,False,True
xes3g5m,9ff6ab883b69e45f85ec9756ca776aee535e2e4481471705e0ef4b4d346740ca,3d669595a33ac47787c300526ccd846102f4e5b6f63cd8b976aeb6d8f09bb330,2,False,True
xes3g5m,a0167c88c0b1fe10e011bee6d8e40ba569228ccd21b3c7c96baf713f82dcce0d,2ed10f52972f44fd1483ef894bea40967d10320b783307ab445ddb21607c1e6c,2,False,True
xes3g5m,a033c18b83ce1519a88df209f5e84f58ab75ebbf8d0a67c2027cfa487bcd4480,3509e97a5fa1e0f988f171c57eeee7e198e52ee90c0b01e0b8d71c0dc2d5e59a,2,False,True
xes3g5m,a04794d9cdaa356e77e90e43fefeb7da0fbc4eec5ea55026531e7ec4e35efbac,79b7e7d1de5daef68ee2cc06f1abbba6cc46546170812890cfe252d888d95d0d,2,False,True
xes3g5m,a05663b189d7e4ef7d84a6c225f349f7be75e474ee22d933298feadc6d430337,35e7169cab2763655efe938c62891dad8e25a48e215e3624d9f805f0fc62d653,2,False,True
xes3g5m,a064015bd8c51caa7786af48226ea0685e0a842d93edd18760bcbcd931751dc1,2849c66a4a0f49406ee749347a179581fa4ccf7b5efb49c3f37c51adc23456bd,2,False,True
xes3g5m,a08083c82805dc36eea4f5693bafb34f328687c6adf5bee511310c078a754e39,cc38411a18a15826781164aee0f97e69d35db82b3494401b53688c19e7cbe12a,2,False,True
xes3g5m,a0a9ad11355439fa0b254622a9bf5d5dde8df1d7966e84609b4adcd738869ff8,7576fe8bc1c4ccd4a43830a4b34b12ddfa649d3a8cc14c2bdfece0a37a8c8f92,2,False,True
xes3g5m,a0af397ec5b561ef0967a31c88be0bdded7b362fe1d5674f7f00a22fc8d3e189,5a7892b9910f9ac147762b428f03e7732cf716d5e32ef8e23f2acd77d2bd0e43,2,False,True
xes3g5m,a0b4e26f44717df5ab10d4160221a134657506648982dc6a4c0a36b4ee14c664,ab8f5f33de02a8484aa3154c65dbc8bef279c79e449a755dd506f962e07472aa,2,False,True
xes3g5m,a0b91bc69aecd13ef3df1470a3227c4c49f4a6af92fb795c04c63268d77c5db7,1388fb22383aa036a3eddc1d3f3a4ddf40fb582da2fd9a985efe1a2fc86ff4e7,2,False,True
xes3g5m,a0b921db82c8916f5bd476fd1b884db6844beefce5f1fb609c40754cacd7bc0f,43bed1e7649ccf49333f1c49862518677fcc25aba8adad47565d4e788f0a88d3,2,False,True
xes3g5m,a0c801e0aec428ce9f86499b2e5de2c97dd86fb57a4260e7c9e22964b62a6302,444473398601a23e10d15869e9f0bf9fd04b201cb0250fe6f0deb8b5ca9f38d5,2,False,True
xes3g5m,a0cb94265014b4b4a9dd0f0b9039ca322386a716eb4e391245f19f2d8b7e745b,337b0536e63d3d388e4d8328320f8a865da1adbb5560e4bda4176625ac260151,2,False,True
xes3g5m,a0ceb16976b4afe827acefe657c77c546c92918c842719002369f98839179b56,50d1beabc45246f12461eeb8bccd875f5e607566702fd1d1e7944186c955e358,2,False,True
xes3g5m,a0e2c32ced54120b5d26ffc4b6d1bb4f320debd8e667c546fe8688a105db5934,51f2756d629a33d94f8051cf1bbec6429b5669b4877f23c52f29174b12583a53,2,False,True
xes3g5m,a0f18482c9826ec8985fca2e670e4977c052e41c941a12dc38991293f875380d,8077c774e04234bfcaf42c66c6bbe1468a5232f97f97fab5025f92c89a65af70,2,False,True
xes3g5m,a0f416d5af93774e86ff200e4be373da3dbb6970e75f596f6464f3a245d7b711,c6447d13d7acbc42448ce04cd1c57138e6eb65a279d1b480d0a8c95cfb190ecd,2,False,True
xes3g5m,a0ffb6cdef875f3742eb40137c178b2bf6fff957ae9d916e20c412169d236e79,7a25e7d76883faf10e462bf72dedd3951cdbf446f574a5a81c97329e39cbe95d,2,False,True
xes3g5m,a10110ccbc34191e4abe881e6269e047d85fa1e105a8721ad0ecafb28f27906b,97f2b8dc665a5075a75bcdee34095bb69ff6dae5526b0dbec254affa1836aabb,2,False,True
xes3g5m,a118d330a05ab6840aeb364b9196b7814279f9fbe7a8575ee2126755ffda04e7,911621730e56c048c0a7165014b4549fa2fbaba4fd195100a4fb845e925a1490,2,False,True
xes3g5m,a1296a4e55ae6d5b1e417fd456641db000a2f3851e36c95d5ce42cc7f43c26b0,0757ce59e3e823d4647191e0af345cd2775d8a7d8602f3dd3c3faa6951ebb317,2,False,True
xes3g5m,a1401fbf313ea183cdafeeb8c5c5eefe43ed9d0f80968ab2ff1ede5c2618d892,ea87dd283d6d821237cee483160bbad66cc4b3451630773c114d86aee3774733,2,False,True
xes3g5m,a147d3a3bd96292d8a2625431187ddc947f389b4cf7db52c5c30d3afed7acdcb,ed1924c453e143c11256bbf00ba8de9841ce2c67ab59e5da6770fe99d46262e8,2,False,True
xes3g5m,a1635b0911700d7d2875f0122d48c08a6b69ca2c86ba2be3f9b840f701b47ebd,d9377617c2f3e36ab231a695252668a595fdbd31e40dcd3f31e022bf93cf8e65,2,False,True
xes3g5m,a169e61dc2278740053cf8d487921d14c0adab3cd3061b6df790ff5d35423abc,98e1c6323eb8e446a009749cbb6e909a346cc3babbd6f3bb738058738cf95f45,2,False,True
xes3g5m,a1724333deb559d2c4ef7537e6fb2f1e1c268c5a4701cef9e04deb5150a4c5b1,112cba8bb1253258cac432246790253e06bd0d7919d9cda722f8a3c29d97b1d9,2,False,True
xes3g5m,a17c298580a30a7cc4fdcf9cecd7fe37c3cc66d6b1f28bfe96cc358d43143684,54809b6614476463b31715e3c087a16edd0afd0424783451cf96db1b3e4c6c11,2,False,True
xes3g5m,a18975a8e34ee51cf0a87fcabddb3aa4a6e724398894e506098a8abe174f1b25,09b7c480eb8c3df21937f077fd6a8a77012db129d3d5a5d755bc6578e913df0c,2,False,True
xes3g5m,a198e10865c949c3c4c92b3c1e6f48da9b86b0b78c24b12cd82e441925882fb5,97846f5bc5622526d9c47aa6703ec045858e5716e31a8cce39c303033ce54528,2,False,True
xes3g5m,a1a695aba285f07078e040ab91b94222674230a50f43eaf6a4231035a2bc8149,6bd3ddb5cf6981191224eedbb475ceccddc277beb8a7dab8f6f9a13d32ceee2a,2,False,True
xes3g5m,a1d04f1ebc70d87a56cab11ad507780db63ffc21d36effdfa4e41e36e3a8cb4d,9bd9469d02870fb9db9720a1533b2164a05baf242c70e881dfb316dd1d054627,2,False,True
xes3g5m,a1d42c90198e2e2035c0ac2f5c3a42b839c24a610021649e9502a63cba3d8012,378ae19ce556da851a8a664fbbce4b6b957a960c4f1960066e54807a76bf42d4,2,False,True
xes3g5m,a1d6c9fa9436e9fb825e1c921b58a1520a6b005a403a2f803d540defdc1ff42c,d4fd86e28c3d58e8448bdd8438c97133543252ca0a162843008c4411d05c3066,2,False,True
xes3g5m,a1db9fbec791b5e30a6c50023a4c62950384fe89282ee3aa8f1f5d831c83a83b,f2f7437ed2b27132a0154e39bdc287378bcfb6446d67c6506f9faed240e1db7a,2,False,True
xes3g5m,a1e17a6c7aaeec9c64bcd2a203608cc8d40da6bf3d6ef7fe86142b7f3f6f03d2,1f205c189c618c350f3f61780b990450fd246b95c36f4280baee4116b940b3e5,2,False,True
xes3g5m,a1e6b5908f130fbdbdc17a93ed7d3671a96e9311f474cbfa3b4892fcdc6d1c70,674064b3b92f52865e7bb49c9e7eaa3e8a8d804c3d5eb7e774e3d231a8230280,2,False,True
xes3g5m,a1e86168df51acdfaf55da4687e8af19a5dbfe0d6e0b05b46795fa14208ac3f3,bd98a9ec6fda46f1b68cadb7b3f951480c0eda23ff0f54631453e4ceafff2052,2,False,True
xes3g5m,a1ee6827e3edf8af278b01c1a6effbd0469986018d6486ce84fc16aff4b7895e,7bfdf1d440482b69f19d11ee3fb9b2d31700d5ba557692060e9603e3a9d33ba3,2,False,True
xes3g5m,a1fe6f0085349629260c9fef6f33c19cea8e7e3f7c3425b800dae99397966831,6a33c25e316565df99dd4a21d07a9306c298a8df9475fe367313f2638cb81e79,2,False,True
xes3g5m,a206dfc227a5006fe715267872efcb3b2d01ebb10b67ab5091ca81628b7f0ac8,5ea6412572131f7b42084923db4a1e943ea699abb7d12e356042b70e0a1137eb,2,False,True
xes3g5m,a21880d9f858b8db6138c1ac0072e07734f2b392ba9518fe24bcfb7fd7e8405b,becad3376b85948fdce785e6fc97cd61ba79a59fab3e1b91d04de8dde22a1dcd,2,False,True
xes3g5m,a21a9b1324679aff0130cab7dcc47e70c36fd706e34751a139bdcb01972b8599,f9bbdf1388f817d62e2d16a7dbd0a7698770e1e745a9eab6707c4a282e6bf0be,2,False,True
xes3g5m,a22b6ac242268160925e85a75df0411b06908df0862cdde810d536abeb7a03a6,f0b00f80cee8f49c1080e490988a9a83e50e808103bf96de37546d8183e4bb0b,2,False,True
xes3g5m,a22d53d04768e2fa99e0d3442afc083b5e41055b707261f834e9f53f6955c57d,b6265ada22c1f086a3317e9ec6bb2958b321d173bc8104a49775327442065a06,2,False,True
xes3g5m,a22d5a99663e4df2056ee386f853220b80ab269fc261323c86d7f49b7167038c,369107d7becdb282f78ac6611a5585c75849532024ce6a533b05b4e22d9c34be,2,False,True
xes3g5m,a2302084c4a504e8b744f7f7e45c9e0b32ed22f0e673e00717e71675fc6513d6,c9248b6425a87b04d74649c74873cc6508fc33bc420efc2ff2df978c6b553c60,2,False,True
xes3g5m,a233cde527ac8d328e13ef4c3c0e84c6a1e0292875107f0c888a090dfe862e2c,40f9b9e4cf73425b89ea45dc96b3087711630aac3af4a60f9250a596360c80d5,2,False,True
xes3g5m,a23b835a208c9840696a2a50558176d53e869358b65aa8073febeab9f9ac2948,d7e1dad2100eeb65041efa0d4812f6ae091c77e2f95260c675e78daf42fe4771,2,False,True
xes3g5m,a2479944fd380e8217b53683e39518c87ee1bb040e598e33a3a7477d868f0796,4d069c1c45b2fdbe7802330e70c92cf10af8024b4b84a93cebabb4b5e959febd,2,False,True
xes3g5m,a25a4448111a7ef652a669fd01227a3e660637d9ac96d29908b691b69318f0e0,d30f6f210536b3642a88ecb1b974c8c4b4daebbc13021efb7839f9d5327d8561,2,False,True
xes3g5m,a25c6dc95d750059283902b2236ce9d6e1ab7f368cc9695fe04faa2bb5a16a49,b4d5436f61ccc40a9bf538193f6c905a1f49cce248db46fb89afe867fb8efcce,2,False,True
xes3g5m,a25d78ac12b05ebec3abb8fdce01252bc66e6aa0f662fd7fa96895206b5a96cd,eb49565feeed833af43f015571f2c787f0e3a503fdc42b411416c8458947165c,2,False,True
xes3g5m,a27f3c42b4f4e07eae12379653753eb399ab82eff2469a8fab51bf115430361f,e366f57182e2ef794f94542078aac2c54bef8d45095536abb5583003c466a4d0,2,False,True
xes3g5m,a28dd82f98b54cf08cd646efd70c75265001f52e46f3999dd11986216e9677ec,3ea700c0b101c903bbbb380beda7ba46a11f994152ddda481846eb71ba802b6f,2,False,True
xes3g5m,a2938590597a99919461a8a69169d66b3c447ff8b70cb0e9b77a72ecda1da66c,fd8ca069f05c76931896df003c2e7481cfa0b05c671615abf154d5f624dd3ac5,2,False,True
xes3g5m,a293f0c531e95e465716828468d33d7a83acc2ca13fb32aa36638fa4d8cdc575,f06271be5e1d0616d6d3e09edfb487b8fb38dcc2f2dd3beb2f161f90139d9320,2,False,True
xes3g5m,a298d2c88503927aeecce4edc66f006ec30af47698e729cfc9c1edb7d7a57b4c,bbcf95035109052e6c0938018e09d5391fcfbfeb3a9d68330d12b91574583adb,2,False,True
xes3g5m,a29e8c23444ec4c34d6a26592f6d73ecf79ebac6a41f8cb6c28f0f2733caff04,7930ca66d5bcfbfbf91362f0ce79a3883424ee2e7d7a684b3059f92bd66a80b6,2,False,True
xes3g5m,a2aefc9c5496ee89d3f146b9475a6b83ae642111f7e931904c605834c3e57a17,9a550b7311bc416a8ba01f079a0fc15f78ecf3b985fc046b53b01d7cd377f72c,2,False,True
xes3g5m,a2b414cea45fe784d65e4f1cc0b0cc73567633bdaa4f85573ec30c95d7976669,3a37c72a7aa9bc59694a74784ea30de458a14a1bb814dc4982a1679ee2de82e7,2,False,True
xes3g5m,a2bbd908162ccca620ad5de8e2dfb9987713606f9a09e53415800600f7a0e0b9,e22bde608dd1f7bfe29e191b224fa2478bed64f1ceb27ed97b3a86cafa02aec0,2,False,True
xes3g5m,a2cdaa655ecbcc5f888977a7ec34f8bd21b0dfee73ab384853164eace79ec80f,3c3d22a41ef9d3dde563dca40b7d3c6622a082125a3e6dc44ad47bc6edbcd800,2,False,True
xes3g5m,a2da0a96e1972af3a74f2372858f0dd442c258948e0fbce2e355d8c4e9fe5414,69e0f8f5fc09770a2f586af5c27273037342c7ba1cb9994b50e3a8e5ad6608d2,2,False,True
xes3g5m,a2f2e91d7ce6d4569d0b0824a505ed93c55dd2708feb51a058ef21e1ca8b8bd1,36c7707e91d4f15d9f0ea3b888215cf8d3e3c890836b76a5ba4309f3add42dfa,2,False,True
xes3g5m,a2fb880ffae4fddc0ddd6816dc4d25c875cdc85af59bbc55f2301cda65973bf3,a2631d8fb359404b647604544d5b8fac5d4287bbe25b886f98a685491297eb24,2,False,True
xes3g5m,a307b1faa5f827bc8b528fd85ed1f9709d53d80c5d01e7492c928f99aea111ca,020ee0442193ad8691c905a20ae7b2e7bc6a45b1a340920eda4c60642495f5b9,2,False,True
xes3g5m,a309e816c90e63f2ab3893ea6ff749dbbae504db96354830726bb4e039f854db,9270c45ff9cf6bd9509d43e7dba8d111559c5e8e343c3bd60bcbedc71400b12b,2,False,True
xes3g5m,a3147e0919af01ddb9b32e236551a8ffd71b0f41856be65252e3d99e8d2ed754,25b04a7bc5c951aca405922146bd91ff1588101e90b80c46efdea3b36e3f00a4,2,False,True
xes3g5m,a316271f6e466aaa7c6c07829dcc922be99aea966b6e2f5b2f7594b22c9b97b9,9161b212fc55ebd47aeab77f38b661b14a3ab1d90c8576149df68c4973954fe2,2,False,True
xes3g5m,a3285cf91b4beb3b0bb25e0cfc47c98c4cb4acd83ac7d1bea10701cdc8212a2a,745b4729b1897929f5f8b105da98faaac7e229bdb122129bc668397f5880c932,2,False,True
xes3g5m,a32f72f5d73932bfb7bd9e9936645eaf8801756edbddb40e6a5b55ab1aff113b,012e405ae47aed004497f5d7e2f318defb7bfa80841041f393821176b8ae3171,2,False,True
xes3g5m,a352ab6e5a5ecfb893bed29a97523fa3001cfeebbba841ba54e9e0775a577dcf,1acc664d40f02a9d952d4dcc6bdb2a3280e9d00cd8b1a4a930afd398cb5934c0,2,False,True
xes3g5m,a3584112a1299967e37d6be4f9db73bc91c9382d123f9c7cb2721aeecf3375d8,d2c0a3ce080d381f92a5ebdf10581a6d93b02a335c1fab068538004b70a42cde,2,False,True
xes3g5m,a3700498a6a17816291d177f20c6c75658493e315e961a44a9a0130e1613ea8b,c79ab3f4979b32e6a488cf306095008ee580d970e9a3ccaaeebad9616ca1b238,2,False,True
xes3g5m,a37712171f7f71b8441c216562762d27a57ccec3939269add516e9b6c54bd701,9696efa724594ecde26f4fa6723ee00a6187ecb4f39d4ccf1105da71763a8a0b,2,False,True
xes3g5m,a384f9d2566295e6a16fc7b0cfb8a7f60920635093ad98a1b7e8a42184f99f48,78571fc0d5f377ab23e3d8c1e5e25cf788c1a2c0741b5d52ac13b3a2e47e767a,2,False,True
xes3g5m,a38534af6adcf0b3dba7e18571386f7cb9bf1bd8eccd412ad56507469813fc26,0addc211505e90acd9ec73332349564bbe6acc0bcdfbba6e9567bce8c2ef6cca,2,False,True
xes3g5m,a3857bd4a7d00f840535c07d18109804c6ad13e3113d2fdca148035fe9d49bc8,694cd59f0af35bb2e5dfe7a6e701e0dbb67a8990c1e236e894e818d1018e14a3,2,False,True
xes3g5m,a38deead2bd8c3b484ff3057212026e01f12d95eb5e68ef82c5c8c532ac34f34,2f987110b7d6d24927e15fef41e5a364655de6cc942fc74f159e10b15f0c704f,2,False,True
xes3g5m,a39dd1cabdc12902a6d6557eb5331925c88061dcb2b262b51bc3f4b048c1eb22,2cca02699bb5676ed7c238b743384201785dc4e237857af0f30cb16b5baf041f,2,False,True
xes3g5m,a3b3eac3c2a1babd01af14171e6d4d480fad24c8a95eece374423bfc8059d71e,d42465378adc1ecca7af64914fdf74727dd207967555e742ae7d568dce2b91e1,2,False,True
xes3g5m,a3b5983737417890cf1dfb1f6216c31219f2cfbdf6659e5da5846e64a3ecd4b7,e1dd8cd8c572db47d707200150b6c24aa14ebf4a3a6b2076cf3cf15ee81ee7e4,2,False,True
xes3g5m,a3cdb146ab4d2dcf585c7d03c9addaa5f8e8261c0de1c44165ca095a7e2d5645,8770b55d310feda3d41664eba4ebdcc3113639514dc4faaf68eaeae43016da0d,2,False,True
xes3g5m,a3d451a799334e9316e21aa242dd6d2b04aacc2e1f93562d8da1a9f2eb65ed7d,7b5d6981d40cb003ccf819d94f2bc6380d26c5b9266922bd88320c05bbc0963f,2,False,True
xes3g5m,a3e76ef64a85c7a3e6ab88174f4d8784569efdf142ac7f0b92b2607269cf9495,7353b4a175b80d8579ca4b3d0a3c621ed95ab079ca0bd9811271a495d1511650,2,False,True
xes3g5m,a40aa9579863119a5cb19540d3d96d2bb2d7e7d82f0963b0ad8907550b12c1b3,5563539ff9b7871ac373eeb8f8cc3a7bd8e84b35ae791b2c7ef8c10eeb0487f1,2,False,True
xes3g5m,a41af362b1a4acda40219e8aabeaf0cbaf6047107de0f68c1b77798855461ac4,6ef54e4db83fc632c0d7b055e789a023254d26fab9e771e54495cbc8d5dcf770,2,False,True
xes3g5m,a42abb34ef2f6b42415bf8c0ad091e177d5352ac0b98c8e7b2698c8bdf73e7c1,0e86bde93dc5eb8ee2889132352b1e857a5fc92bb3c13eec552527aa832f1cd5,2,False,True
xes3g5m,a4373353b1ccb528462a3ee5d805d333dafc9c178d2263452f8d857bdbd41829,e07bc28bd9197becfec090fae90e934e3861be8bdfff4a4ea52f3375ea9ff8b9,2,False,True
xes3g5m,a44b124039101121013973f5d6b000f458ee457548aec909ad4d2a3f3af211f0,905e0df6c7cee75e882d3d92d42da5082f13dd683e9729bc63dbb01a40e0ea0f,2,False,True
xes3g5m,a471dcb8ab7414b8f941332ce6ea2aa62b6169468ccdf822526854d84901580d,e74281749d35d810d55cb8fa70ac134a0794f12089b23eb2896032c5f60b5226,2,False,True
xes3g5m,a48d2a471c958db73394f1d0d40bccdcfcd7d39692d122b18522de5e1d1d68ac,cb30f067322085d2d1e570ad7c71b5e45caacbaf104fc181354d73b872ee29e5,2,False,True
xes3g5m,a4a3e32117f41c5c80f83484f0b76aed30d3bcc3de052c4c955d33a3a195fc79,e2de094197440dc2bdd2d19452badf85010402fa4a0600869bd5d45a29d783e3,2,False,True
xes3g5m,a4aa06a1bc9c8f0295b8cd6ef24544a23ad0fe170a0fd7d27574df987b35bc1f,643d2463a3f62149477717eecf3b0474e1b242ccba8a0408afed3b525dea349a,2,False,True
xes3g5m,a4ac5a69ac3a703a3470b424a93bc22cd51830cf1ebd9224f34158bf1b9e8325,bc9b92c6fdbc70f420323b9c837347d02392104dfd4a679296b0eaba83bd3c74,2,False,True
xes3g5m,a4ae830735385ea3b70ae08b9fcaa6e5d560d229f8d0c5e136a8b394d175dab9,f7b1ef9fcd2eabc62286e2789b1060d80dbbc6cfbe14f2c00d85c9b29a9ea41b,2,False,True
xes3g5m,a4c6dbf0162afb91cf5aa4902dd7be575885f769f62e4336bea1634f23addb44,397e57e9d110950be0fe780e571db1e17de57127650c62bc66551df50fbbb7b8,2,False,True
xes3g5m,a4d46be650d6c26609e094fa7d0e6a1bfd7856a0ff9b7388b1dd30a08bf98607,e605fd8c34384b0836622fa16c753f4d3b20b7318166c7bdde90a68c1d0462cc,2,False,True
xes3g5m,a4ef376e50230c26d9bc33f3f4fa4eff1be26960c93ec9e5f5fd3d368730de36,230c053ee63fc27b9acc2b948b0cba0ae888358d4ebb8476a113e93167e4d999,2,False,True
xes3g5m,a4fb1b908984440d8cdc419c1e6df0c8cee6374a7702d142701e60333668d0fe,cd278dea57d473f2aa4fb0d8035bf56ca62437e3e4b1aab8ea7261387190393a,2,False,True
xes3g5m,a5040a33a9cabaf05429f8464ef9f26f96223e6acad63f828f2c2c38e8378072,b5ff75c70b2fd5818ae390b80305241193be22134e6c4071416645f7c4f37d0c,2,False,True
xes3g5m,a50eca2d4f4af4924dda60c8c0ff7351fbc88648a1b7510f60430ba7f25326d1,e9203214ec79a43364e6c5f8a43041434805e5d9ccab3bcd7c163696795c2bf9,2,False,True
xes3g5m,a51112dc93f593c96b957fb337c3199e694ce0a538629afea794b30d9a177143,faa3df12406e92de2356cb0f9ab52b1c5a4a607bf720fd5f4f8924343d7297fb,2,False,True
xes3g5m,a521942c993c1400844ca51d7728b75ecac7fce305c60c119885f5db87715739,d1cb58bef54e10dd9c7c5d05a54a88fa8eb60f2bfdf02aa94a39a591fe25a910,2,False,True
xes3g5m,a536fc17a80aee20a7fe895df1a91ec903ca02060f81d2fccee6c8bfd0ee8b96,839716caa287fe6df926d3dfcb3c5c06ff3afb77000e7c9bd50c772d02f60e56,2,False,True
xes3g5m,a54fd2f57a71bedd299ff83111390a94655efe84c15f00d39d6acf9c6393366c,b0d7344ea6fcd1599b8b97b5067cc7b86e0d73b68d502dd3ab5238ad58c4f0ff,2,False,True
xes3g5m,a560eda9d3f7ced525403a88123c8737fcfd669a54d71ab8c669c0e493c3a9a6,26a01cb7ad9fe07773804965ccb1b438d3725e48c6013cf4261830ee3c1125ee,2,False,True
xes3g5m,a564ce2be2194bbab9043038cc7d883a45c98bc3a109a75a4044fdd0c6d4d20e,32503aa74c4728a54dcd221469c78d375828d1b84b47f610c23f78ee1259ff09,2,False,True
xes3g5m,a59dccd9e891d89d7a0118dfd23083e589964d3b0110ba8496a3b070dcd79560,b899b345a748cb5863733ce601880c69e22f0947396abdee518b83470adb37f9,2,False,True
xes3g5m,a5a9ce19d29c506171690bada5e6b02d7c03e4ebe2427c5f9f1b77d9e8325ed1,0d69ad0f645e01465f52f8127e5727ca0a100dcf598ac68c93622494ec52d245,2,False,True
xes3g5m,a5bd75401d889339b3cc11f8bdceecbd49553b9763ed8bd12ce9dae0b38ee5db,12bdea4bb92b8ec5b088bb9c412071f36a5b84cfde562c49beb368aaa383b5f0,2,False,True
xes3g5m,a5cd760de6c097888c92b6a4f6414dd0e8b39897554a10af5219a3cb2d730fd8,8475fc882e635f3aa6a4c28a4b348236fbaade4cec044125fc489bd74b751b9f,2,False,True
xes3g5m,a5cea13083e3bbaf06cc27fb95b67780f0cc9c218ff3976e157990fce1e18e26,ac2f93249f0f3be7647c4fedb31e401aeffa34bba7ca6b513458047996f76df1,2,False,True
xes3g5m,a5e1c06aba90ebe99dde696a646f96f33cb0b43f97f59935c11b84393e47e618,9b7a4661548f0db15dc86b47b44285275ef45d6a579cd5ac214b0f9e250e1f76,2,False,True
xes3g5m,a5ec770abf38f92ae107bfd8b0f3bdc14e94508134318861191048f553888edf,e5dbdca310f28ca27b02de78558861c0224618768567b6271190ebe64b85af42,2,False,True
xes3g5m,a5f9ddca8499e7d57947455cc788e59710b455690626f7455addff33af6616cf,53e19329ed11a8771d968fad27b47eb7776e93fab0a0772ebf8574dd6dbcf328,2,False,True
xes3g5m,a619cee7f32177c3be48f473b278b5d74e9d5a6c99796fe8892da30bd637d9a0,9b7e0d5b50468c758be5d084d1e2a7e86fd0742f5f00ec6d0ac0be4b048f8db3,2,False,True
xes3g5m,a622e0c40c8c7830a29c170859e3c146c0fd47fa8416cb636a97b6f2547569f5,1db15815e6e518c56578f603723da8a183441bf74749ba26c88e0db6fb035823,2,False,True
xes3g5m,a622e2e7ffb858d4892e7c9455d1219c426850a2695f2b332173bf3ebd188a2c,d3b38c07ddff097fd6da380b23d2e74e03c5d6a3a732a16c0c2ffc12b99e42d5,2,False,True
xes3g5m,a639a4195e84ce2335937df586f7b0e14a8d365c2c8d920c327de2e0566df429,10dc8ae510aec37454a45d1829e1b93be567f52bde1d82742160f3284fd694d3,2,False,True
xes3g5m,a6679e707e856b1c128d5c470167ab3646c2dea5d51ad9a8fd04b04f4b38c1f8,1c0ff7b77d390543c4e00b24484fd8bf21e1ff3f44c7b348f9a9bef8bf569475,2,False,True
xes3g5m,a6693a45e54abd522adc178324bcb29e574693d64af6429e72673cb5b7f03c45,77291a8a3bc414dff38983df9f3bc45f8409c4e476bb628d68ed9e6b363a0f70,2,False,True
xes3g5m,a67619434ef5443ab97e1f991982de5075ceca613fcee505a13b5a27ff000843,3ef7d32bbf4507c8eb137bf97d5e878af4f34575718907c5871473d9588afee1,2,False,True
xes3g5m,a67c08f811ce99fdf2737df23a8eba88a8ece5a2df3449b69d7163bd1e170750,9e6bbb4666ec363c7131c3bbf92d8d809bae113c806748a84c19d1c2949f7c7c,2,False,True
xes3g5m,a680926ee2352097d7e2c4c3b945aa1fcc5e1b7196558dfd908e83e2f709d059,d134403ff79fa26bdf70545264177f432a344873ca2a3ac834e95609b461cc78,2,False,True
xes3g5m,a68b1f8fd5952cc438ada52507d37197bad5af13bc7c5fb899814bc1065c093c,6598064d0ffa14ab2b9185b557f80e11bb934ff34cb63277a22633c27ff9921f,2,False,True
xes3g5m,a6998055005e3e2b65a5d30b88d67ca95b9605980690e4dd73b5ae52e1b236cb,b1a237c97e1e2eeb5bcdb72d9a0a16c87d6e8d76b50c850e2f557cf3f350e8e7,2,False,True
xes3g5m,a69aa315a3c3a23817d249f9f53dd3dd7d4934bea3512ff06d6645b1d5c7ff96,bb4799e77944d3bbbc981e60b1bca481e6e29a6b09aa274218c7994a52339bd8,2,False,True
xes3g5m,a6a1bece1788842b5a59a24f0b468fb4b3a062dc6e1981c0906bd5d35167e052,ee1e0105b269be5bf7401c96eec9ba1fb2bbfbf406cc0efaf33860464ad88ff1,2,False,True
xes3g5m,a6b4ee41af2eaa67219946b6f50b2ae13fef5979b7ab886631b5da32960cebb8,27ca31f444d930db669f6afa802cd1256c74e9ce2d6620d098d250ff89c9c706,2,False,True
xes3g5m,a6ccc74f8dafc831b1b47328f320cd7ff0e01213dfae7893e445567ab6138841,9162370bd9c44f45714d1305fc350651e7e0cadafe84f10eefd64c28296e1a74,2,False,True
xes3g5m,a6df9a84af1ba05e7792d53c9da8a0e9572c1d0922338a5cefa7e2395d2268f5,623130719dcdf627933ea42370b0be69d9f0b48dcc13c35fd019851c49d920a7,2,False,True
xes3g5m,a6e49aa861c1b85560b83bbda06c945580e7dbde12227f533c821440749b6d59,52eb5bbdd3912c61bb74f51fcc144deaa8860f94fb1a3f3ce56136f6fd9fbfb4,2,False,True
xes3g5m,a6f4e043fd32ebf5db2ea8bfcf92fd77566558e2a022a10c789c3ecc780b0a15,40acc2e46a07a1d066a4ab3ce0b7132029b00236766c56b3275427420e9218b8,2,False,True
xes3g5m,a6fdd736c7fac37aaf178711437de861b4d5fa1c042652e50ca3090f4af4043a,a01fec2faddcc92557a8286229c7f0adf785c5d361a5fc5abfaeaca5c1c8db98,2,False,True
xes3g5m,a70716dd3f0f24b5d33ab56a407ade262059f25f26119cdeb45d86e236e98f32,8d1002c3e408810676263fb2961631b5b30d4076bf342f3c4d1fe1726c2b73fa,2,False,True
xes3g5m,a707891b7231da153a303ecf22c3e98ea578174f90f50dae513e954e0016c89e,b78716881691d4222efffe765d101a656ad2c60d922d8c262fe739a44207a1b7,2,False,True
xes3g5m,a70dcf41363090208a16e61adaf01f75675cf9fd89cae5a79d598dc61ed95b28,463830e3e74870512b735389058bc46040004f4bb598d0f0b4147c11c4a84fb1,2,False,True
xes3g5m,a72b2617c3a3aed3cc3c9d6acfa960e313b07c4ece0679550be5e93cd66d1d58,885595fb3a090192c33000806e4a26b3cf8a8f687516f6818af62b143127ca1d,2,False,True
xes3g5m,a72c25d8255d28627d8572664693512ec47cb61b2f521d327be3d855fb86c0f9,516ad56f53fc82c2817e58fca2329b8f843b2ca8b9d8c6aa95fd631414cd865f,2,False,True
xes3g5m,a736b23c70233c1dcff5d11f44bc3f6893f374519b3e71c2ea1e9861e7a199e6,216c6845ce140ae0147d4373f9e415e902089c8bf34a72c60b15f77e3af6bcfd,2,False,True
xes3g5m,a746fbfba3b68c055b91e72a345f3c2776d1a9e34a0167d103fc967f44f03326,1125b745d5b71d2fdd398eab4f27a45201a118c08d066ed07d21f424ffadccb0,2,False,True
xes3g5m,a74a51174452cc87a0195379b82d7fd6db611cc4e655af5fda63ff6f2efb56ce,16844e5d2f4f2166e9fbb79df1bda481eb8aa052789e6a4b67e42bc33d35ec3d,2,False,True
xes3g5m,a75ef135b7d7dbeaab4738aec5d545e12fb3468e2f155ce30b5c58acb84e95d7,fc6435fb2f3239dd585d57dae729ba8abd1631bbd893a92c200dab6f26902960,2,False,True
xes3g5m,a768fa9faaf652d6b6b781b884dc12e90efc2a1ec4efef4248ee624ab17589dd,e17644b7563271fed77a0b13dc8f76ab33c42625b02a274e988fab819970d9bc,2,False,True
xes3g5m,a77b1410bfcdee7c4998ca43dd7c68d096183a423e3ada99712f0dfab33615fd,060a7d11434443e4d1adac03b95b0204256738eedc48ced1a02ff5fa75d16a5d,2,False,True
xes3g5m,a796e45ac64cf1dc2e47fb37125bcce848a752914dcf5d664dbfd4186eaa5f7b,3e1f911b0843b2b858d34f203742acb34c11c124d99eefdea384743844aab67a,2,False,True
xes3g5m,a7986080744730d32bac12df67d6e966ed47a993a56c6225d14cd8050b55a606,707e7d584c1ff1e368759af84dc03eeae7af67d85ce1a2130a1eaa53c3c5e38b,2,False,True
xes3g5m,a79a56a60b82c7f6673e6addf8d09c8d6b396051495d0fbd1658e5b6cab406c3,bee29137bea3e8d78f9bec0f536fae4cf99b0760bf56e6157a8e47df56f24370,2,False,True
xes3g5m,a7a327ec7026cba044f9b7dc8ddf08d314f616118bd761241f883ebcca61c49b,d3ad04dedad3874672bf7d214c38da9fdf310822e3143b81a7f311c942c0f535,2,False,True
xes3g5m,a7af9b55c5644f65f370652436b1533358cdffdd1a61570479cfb022c1cbce91,46b1caaabee592a668ca4fd13f0bc91dea731f260cd94132093e68a29ef4e16e,2,False,True
xes3g5m,a7ca0a2c2d0fb11d93798e044ff26f095ea9678c5215328c3d35ccf7eef28059,fa5aa486e63e3683f785f1c81cf8008a315a34b8cdd813d46f71637dde34ada0,2,False,True
xes3g5m,a7d03297c71bbf19a3005f6b18c839a934e4b0033cfab0a9debe58c4729bf9fa,b24ce63072b75d52810357402cbb64dfcbd0bdf3292e549638f4842bac296d58,2,False,True
xes3g5m,a7e11eb7509c00e7b675fb1446a3c0b4b2f61a0f8665b9501b6cd8c9620188b1,d16a0f3f58b0044401ab53c7751fb281f0adfa69c4bacaeee8e013252df4f065,2,False,True
xes3g5m,a7fa31cd738ac19fff6b4b2b9a7e162d9c205c2673dca6224b3fcb04f248fb64,64a6faf1647ebaf7d8c7dd6e24ef97721714e83293c67d9cbad645f1c8e8afa0,2,False,True
xes3g5m,a7fe011f8587ce7e0179cb9ba602c3d2e9bd2fc7f28a4114b69cba03a1917915,45a4b3fe2026ff01590f4cfca9f3e72dd425e2ba29220d168e27625b9bde2a93,2,False,True
xes3g5m,a8085dc6f1ba0dee5f8713b1cbe36da8b02a4e41fc4e039525f838280676556f,06c57471867fe10e87d6df067e69b70e857eb6d4ea456e970c313e7c3314a572,2,False,True
xes3g5m,a80c17d743fda31177cea22a365d9caf097fae65f960dfc57bb25a5388af8a1c,863eeba04eb2eec7d2d5946a5f5a850c1ba29a0613319adb85284b9d170d5b4b,2,False,True
xes3g5m,a814174d6539d27719ab6404509d7fcd0c70bbfa9c6ffa1220c51b00fb724f88,c65060552dd1cf6fc8abab393dd4b59ee7b4b67e05e857ea7a86e61d4e673a38,2,False,True
xes3g5m,a81e3fafeedb7afa2676b03bdefb4592727775b12604b758788fc11744de131e,f18473b353ea733d8757c2c3f1b534182d9e04ababef2e3450e0fa57ee9ea45a,2,False,True
xes3g5m,a81ea2d8bedf3df9757a7aeb771939f8b17c8bdaa2c157d378408d12b11098a3,9c06b1f00a66c8bd0c5560eb78a79a561f4742c5f311361d88c568922ae1bb22,2,False,True
xes3g5m,a825ce0f091212d98d28ec54e52927fbd3d3ac354fadf1f20162d813df507f9b,91c1532796df0e862768a148bfc437c6c1f0aede14abe41cbe289331e2f84578,2,False,True
xes3g5m,a82b754c36704d1dfac69dd81400a625eda4825fd8484dc3976c2613e820ba74,3583fa9403bb5cc8b81564e994194a010428d6ee17dd8a9d15a48f0204d0a87d,2,False,True
xes3g5m,a859420d11255047eb4df5b71d4c519207843da5e68c7c3d321a16e1f052d13c,6f128b43cfadde51f1206aaf9fc96339d8da0265bf328765052dcc90d66fe168,2,False,True
xes3g5m,a85d94b8d8cf793dd890e23fe83b847e0c27355f5cb36947fb20cbba6b8f506b,27dd7d2d6d246793288a838727406fdb945c03291cb9af75068226e92d3a38b7,2,False,True
xes3g5m,a862651a1b997288307eb963bc5a24c73fa8cf63dab1727171319171b0ec5955,7d55708ab3b405a3509d25ef9ec592e35e5f2fd6a14736ab82d2c50e3d157c46,2,False,True
xes3g5m,a868e490455b050305bbebef10b00f1313f04fb35d3a3f96a95fc7d5c7683562,65faea97c85e6e0dc6231d3525891c7691ed09411747955382705cb823fae31b,2,False,True
xes3g5m,a86b85daa26b909954f8fd9ae215867b7db868cce5f50125ea06dbdd010c7fd5,d39bb89df15f55df8072858bc4c3611345c02f754b7680501440de603bf05c39,2,False,True
xes3g5m,a877a8b12ebb36c5ee821b288305b87832c1084cc8b637579af21b0c5d6e9d9f,543aa8023fe5cff49c881752a0dd891acc48dadf11752df3b477456a365566c5,2,False,True
xes3g5m,a88ed00f6555503a86dcb6db38616c442636f8319cf3a6d609c15904a098efe7,af4c71c6cd08ae70035bba075f176eb3ce4da47ecc99243f6f05e2305bdae9ac,2,False,True
xes3g5m,a89903da2c4a9013a47859da8ccc77c03d650acd369557eea6d8232e34de4fa2,21e7d3ad4cd0eb6ec434df08947871848e9b3757450c374f38b89462357cd86d,2,False,True
xes3g5m,a8a905a1c788d368bb177f733ab48ce6483e77ee6f8a5f48e7569358d911883d,49486bb74f34240313dfd20fdb46df9ece49f7196609146cffe8c9bc39615468,2,False,True
xes3g5m,a8af527b15e4d2e45f9227aef7af6c4bda5b297e95d0d4706ed643af01c82e46,656d286429ddb74509f1b5fed1f26ce8d26906023ff0c811b93e54a51c346fd5,2,False,True
xes3g5m,a8bbb8fb80a066eef52efebd2b289642950c3ac7547435a32957ff5e26cc9f80,3bd3c4b44077baf7e7085f6e0a9987b8b076c2b2da339235ea457d067fbb6de1,2,False,True
xes3g5m,a8c589c1a5bd2a4b20a7135f0361ba96461d31c78961db68f58410e5afecc5f5,19c0324d7f5602b1e214746dbed62897bec26f8ecd8f664aa321034b1bee8a60,2,False,True
xes3g5m,a8c7068d192d5cc00efd43b2273615ee34bf9e8bcc73b4181774d9c4e00e8298,f26fff799dc762faed8700ee470d0665231c49c6fa6c9fabfa9d93407c64c823,2,False,True
xes3g5m,a8e80ea20da8fe02bad0b55d4748f163b270696ecdd3a7999c9ce13beb72fbb4,6322351e2ea94e3b5234615640285f0a63804dd36900a9e2b1aeb3afff989b5a,2,False,True
xes3g5m,a8e82ed857ec70b88dee5e3e6e46f08c6e6bc415a45a3ad497edfaaf38218d1b,8e8f5058e4aee3bc25a8fc4d6d41225e59df4eaaf059fea858c84d8601f95a5a,2,False,True
xes3g5m,a8fbd5741823832f7f92312495e2815aac7ec624dc827f6f748885624ddc51d6,3d43aaf8461e688c5b5314392c2c5397d01b043a737e5fb7ae5ef518b74ca1b0,2,False,True
xes3g5m,a90962609e824a349212f175bbc1f39fae381da982acebf616d1f9de17998b2e,b053cf1040a4e1c6db697d2b6a3b3c284bb64ad4fa98b2a66647521cb9b12b26,2,False,True
xes3g5m,a910d0f777fdc06c35359c703af30c13dffe99911d78a269b47ffdffc4c84dc7,06f16113f72e1e888ee633465958c6c748c2121edf6617ac42601ab30619cc80,2,False,True
xes3g5m,a914535f0a905c085217ace5d487526575ec017319f424ee18c828f015d6b080,fdeea32247e2afcb3b37d8dcbd5b3340bef1588f90a70b8c733377e731ac5799,2,False,True
xes3g5m,a916ad38a891886922ca2de4114c558102e653c71b485e87482941131a55ae29,3ab146bbe0ed1dcf6cab81324074df5f24ab83cb30eee2c8bde9988d889fc567,2,False,True
xes3g5m,a931feff4a1bc759f99c4851709493184e94e5a72be020ecfc7b23241a15a40d,30cf58932473347dcb120f1d438f3a1a2bd21d8163a259b04a0c5bb8f0b77431,2,False,True
xes3g5m,a93239fc6c3663772e51ebbbfc5b06922ca6e0ffa28324700cf6a8cc67c69b94,d9cecbd84f1828f351fac5e4cc00d85dcb0e6f361abc81aaf4cfc16260e8f90e,2,False,True
xes3g5m,a949453bcf701151ef6b3e8e5b544bf748baf23d60fd2681e1d354381e36cd20,f089dba9465997f3e89f3cb07b3afd9fbae44884ced17564c6d9f3337ddd3c91,2,False,True
xes3g5m,a94e26f1fb3ebf04189fb8f7810f012f5b40a02266e9141877d5a959517f501e,9178ef436938b0c7f0d116ca7d2af7b63a0015a85a0e9a0601994efb849ec595,2,False,True
xes3g5m,a95d8e3e4911f44a610748964b7bc7fadf0bc0aad31f57ed7680432ff8563ba0,b2b37276dfde28b54f38ae0e6f4c22bad150deca77a3996f86a786e380b6e5c6,2,False,True
xes3g5m,a9b01e024846712f229966029f52c4f27b1844e4a3972f7db55fd2f99c61a0a7,1ca11e82a4b39747b338fca7463d2f0ac30a47d47171ee1ad962152538e96ae3,2,False,True
xes3g5m,a9b3d91fc34b63d24c83ced931ae48a574e3f8d4b1eb7db784e650f4a7fa0365,caa5f0d9d89b7bf76e1e010b7d47d8d4015b5c4dab59e58625caf450f60ebba3,2,False,True
xes3g5m,a9c4f010e86542664bd35bf6e12c45919df27b1addc90d21c1628981c3d209d8,a3dff597f7c0615e74845be4728527b6d13b3b2e01fbef692fc9666a6f7e535b,2,False,True
xes3g5m,a9d58b719d9458607edbed881845ffa1194166df7644790b03a01f77ffde9ea1,f3d9c6c77fe53a8fa51a1bab9f2757ac9b0518b629af3a2d4c925b4d98fd962f,2,False,True
xes3g5m,a9e4ed0b200f9fd12a177a2143318dbd0fd389e2b14c33bd3b362b65ab2e83f7,f202774048480c03e8fbafe4975426dd633d404b938784c1cbcb1306cea7c615,2,False,True
xes3g5m,a9e8c66f3ec8d5de2547ee56d67d4ad142d2d9b5c6e898c0d859b6e633f985e3,3642b31482ad16c5adca34dffa5c79f5ad64212f53b3fec8b5b7e57f90539d5e,2,False,True
xes3g5m,a9e96bf15d829bc367da8ca5f264b9fcd8326a40ab04e42a5e1e23483371e7ae,73e7c375deebde52524dc13d4b39d0043b219871bf69e873f1ed4205b9b1c0a0,2,False,True
xes3g5m,a9ef28962369f602eea8d7e1a41bd7ebed7fd90859b5d9d2d39476584c1bedb8,c0a4b30d9e8f0971431f67a9400faba14fb4fb8419c7f2e14b86c4b52c66286b,2,False,True
xes3g5m,a9f370813d7f6afdc26ebd52954cc6ac8acac2de6d4235183f1e00553bffbd05,daf0c927fb7a83dd2695baece260ed825018934c5ba69125de7c2cf4a8ea1bce,2,False,True
xes3g5m,a9fa0fc6589eaeec5aa02d5f6db1efe49138ee2f63c0d3a311e6924d344f2857,7197210fc276cda24b0cd6ed7e67b704fa08e46916d390d51867c37b11b0b2c7,2,False,True
xes3g5m,aa145f3851ad092534783a3a1f9764330caa36627698aafee6abf53ffae4d03f,d67a1ed96bcce5867e1bac5c609655f65af0c14ee4a410f08d7a0c8357467a60,2,False,True
xes3g5m,aa3791803da8c500d47055c056cfd0c9bbd6d73d854f8752521df75667b2a40a,fbfa168f5f87d00cf960beacf529be96302ba54a10cebf49e91da2f6bc01dd43,2,False,True
xes3g5m,aa39421cb941994a7a478e7899bbda36ecf6f591309db4a25b6f9c95a7c4f4a8,5dc977f1d20e4a0ee784289e1c0bfa7e20444f8397b5306b78cc48024f18a2e8,2,False,True
xes3g5m,aa3f66f72ae045d56695a7fc5c52828370c7db09b305aa9f0621540bb4df82dc,fe6d92ca75eeaf7a869e798d0e5b130a4938ee771bb434f742d2dc4f1588e041,2,False,True
xes3g5m,aa5469f6c96fd53642624b464f043bd001fb92d597873620e817e02deb56eb7f,2af3bf323606d03f76c5be3bb006340dd910c1e2e7a1887870c4f5861ddb1e03,2,False,True
xes3g5m,aa5933bf98796acbe0a84087ae7f7453d819c2e2094b6fbaa1f595f8c693c53e,35d6eae01510903400e508e14243560d3dd1d07021d86391b9c099c19cfb8279,2,False,True
xes3g5m,aa612b5aea86ee1b66488e42d219756450a014841b721c7c9f84d04cb45fc9d8,1cc627d861dbe8f0cb045b0616c6578c8c0c98e36fca09655c59a2aab9defe5c,2,False,True
xes3g5m,aab2101d7771ce5bfe7694d884ee07b647a9f1213616baee9b9f903d815b6e61,240bdd51ba403078ddac1cf54bfa00dc955a04748077ee43fc6ebe9faade7cf8,2,False,True
xes3g5m,aabae8a1f9138f10de5218ef46797fd815b599dbc697350fe1ef1db6a175d9c4,5563539ff9b7871ac373eeb8f8cc3a7bd8e84b35ae791b2c7ef8c10eeb0487f1,2,False,True
xes3g5m,aac884b1f29dc4de9fe162903acd7d189dd3d61195d3e873c86c05844de20154,7d794c21ba55521cb7f5a9aac9c0fa0350fa8c38201dfc624cb2332e1b0201d3,2,False,True
xes3g5m,aad2154249c2a3605aa16687526e2be97417cdf6cab14d07a70ded6aeeca3115,fdecab8e9c47517b738a2a50630e4ca7379d594be40d9e4421ffe19a2490a5f7,2,False,True
xes3g5m,aad2ad4a222290b4749972d6ebf85940185b7e9460cdd8bbf9367fe6d1c58f1b,a0e2412847fbf87a40c6d39d7f597a255bb13b8b15bc013b0b5a39052b0f3cae,2,False,True
xes3g5m,aae0ae9d460aaaddfd69e730c5f496ef27aae77e3a8aacb16f41038e15438e57,44d7cf7d7ff3d4fe71ca93fd06de996ac38ae2b627b3a51f3645e7e88bf1fb11,2,False,True
xes3g5m,aae35c1bde0d53868b828016869ea0ecfd2a0eae98e688c97bdc3a10c799bc97,2161920cbab1b8dbc2118efc5768da0c8296b36d04bbcd703029a8beaaf45429,2,False,True
xes3g5m,aae436c54e7f7d49a793bf4df162cb928b055eeb620a070e16984aed8485af36,7cae30d041cc1c512a0ca2daa3ec8bee16b6ab6b5a761f4a2525bca32c1be271,2,False,True
xes3g5m,ab007eefbe95d923e5a9ae9c67b6a7a5a414bf234dc4fc13dd6fa82390a91478,8f092007c266f31a66156b22f4de24de155272ec955b26ffe1ea0dc9d148ea43,2,False,True
xes3g5m,ab10b84b74449b543c5a8a9bfaf25f96854f04d74c1b25ffc001165db3e40627,3583d5db45bd55bf8f237f055ea077d2ad6fd0a611fe3ee463604c3a009dd3b3,2,False,True
xes3g5m,ab2367175bdf88115cf215dfb0a578b42d344222dba9e03e7f957d5a8e2b6948,5f297e5a45652100d5d282c188a70a3274470fe879e54ea0ba84e136dd2e22ea,2,False,True
xes3g5m,ab274893c98f9087acbc33695821715ab1ca5501b8d9a8afece58ffceaa7fc66,6a4fe8c736e5bc14ddcb1704c456f37c80fe7d87ed54e3ae984e75016554d3f3,2,False,True
xes3g5m,ab2a6ed046d4f1dad40122f56d0e89ece5434ce075206337c9a47c9cc403da62,25663be0f98b8b089147459fe3173a73a3f60c4e0df2fa67cc2d095b0d6f9e20,2,False,True
xes3g5m,ab2d7462b28393c412da765e7a77c282fe858b76e226d7c8a870e9980354100b,8e74c8ad5454404da5044f71b89474603da22d4d2a4cc38279f7cad459e8eb3a,2,False,True
xes3g5m,ab4ce21752cbd60ad9ef2ff7a3ef1c242e4df856add1e31777130e9fe11cfb7f,ce4cafb870fef09844aa567f0e7b5f03205280d46d0c44c211f08439219e46f8,2,False,True
xes3g5m,ab57f5050d21a90ef1262b74af1641ac50d34609dc71e41779703034b204978e,11531c769537f662518c0bdce662f3bdb0408579e239fa3f4f761b6c245d38ee,2,False,True
xes3g5m,ab6d1f2159f9bb77cf8789bf3b1f1a720b2b86ba6248bc319fdfed5b10ac058a,c51165d5f641d02550e716f3276cc3ebe04383a8adfb7e67c8b5d149a321b31f,2,False,True
xes3g5m,ab6ea2b941cf6ddde428f682caee0483c7c25d9a7306af31c9b29ec7b5173022,6a1c2874fd72efad4a60dca95a695db1c9171f6bc6ec0e04b7f4e7453cec7a21,2,False,True
xes3g5m,ab761cf9e4cf36468672353808fea151add0eab5f8b2fad947592748d6b5351e,981379a11d2d931b76db17019789c32ae717c158e8c1043f7f734321a6d56a05,2,False,True
xes3g5m,ab881698126059ff5fb8cc13dd620c256c9ccf22d74eddd50abd95cc8a8dccc1,f1aea51a9688af6897aaca91ba6f0142e8cc7efd5fdd4dbc9cd5222704723755,2,False,True
xes3g5m,ab9a3c58ffc21d245dec4e9a6016491990af1fda1a09a95632d9b814c9787ec9,627cfd17b488f399901f46ba6372b02c98f40913bf1975f2e9f0e6eaac8a53ef,2,False,True
xes3g5m,aba75509128b1c3dcea7fbe8e1c4571bf86dd44447d2a80b98886c93a9f4b840,ed01e3f23022bf112a208fa28f5e94c962fb02711b713691a6da82a468471528,2,False,True
xes3g5m,abc0835acc3fcfbe293a3285cbda8b8ff8c0c8802d413def7e9499a0e98e5428,640d06e7ec89bba8cea485670d33fb72048c245851c709d095cf563bc603352d,2,False,True
xes3g5m,abc311bc7aedca84bfab73f40469dfd0accac257c074943e63af36e8e9085f5e,1c7c468bb618e6ad75a028b7721e2387abe9cdf1f8cc129c17357996f0da6e9e,2,False,True
xes3g5m,abc9cb89a84e0e34f3f44a2d8b845cc986b268060ef64c7db4e69041906d1c26,cb84e5f3bf07b8239f6e079584c421622fde58125fd518fdadd57307a6188e01,2,False,True
xes3g5m,abce69f06f88bc3f6821b459e1b94bc85c55f3429ef8299bba1fe7340cde022f,759923097bdbfbde88dbf54752c9acc3895f19e59b661609d60d98529a7b43c9,2,False,True
xes3g5m,abd557a68b7391cf3d0f7841615889ce73a792b73dbec7c4c62c535d3ef69ed2,b63f29f32d0e36de1f3ad46b25bb1f7211430340ebefe43d37fa214a135d8c75,2,False,True
xes3g5m,abe9e482190d43220bacf49e664bfc5811e4d4cfb1530ae77d18b526eae98d9a,d705d6af2bad997b68dc387bc2cdf665758fd98cf49fb6a5db13036ebe8aa9df,2,False,True
xes3g5m,abf9c57d861c40613ee6e1da143f4a701e50f9ca51722d9c0e0a14abbf840525,52458a5c536272002cc6118a01146b73c46a805cf1b178a9c0973bafc72cf259,2,False,True
xes3g5m,abfb3ab354e2e687df2cd7c8b90e9ef6c18230a2787dba7bd09a709b47c7c991,39ce6a34ec826c5a818e8a85361dd76df09e1f9082487ff0e67216788cfe7686,2,False,True
xes3g5m,abfe4867f939728fdafbe38c82a702c19349d718245f7120c9f89210c307b806,2e40d3432643c07f358d17b49c1c22c07ab496d87531b9ca76d32b91ad30bb61,2,False,True
xes3g5m,ac062b8e61f24829616db6a160b2b35737c5a13efece4078df916bfe03c97003,787f13e92689cd67fd5684e6e4adc69fda416ece9c6c84e4e6e631fad39126c8,2,False,True
xes3g5m,ac6051d0338487a07c87a10ebd0d2c7668bbfc13b276c9dec3ab35d167f4d522,0f9d77eb4609409d8476583010332ef59385101a4f9efb6691c22d8319ba5c69,2,False,True
xes3g5m,ac6c638c50a819d4a9f332a8d44733422c2a0670fe4c2106d0fd678458fa85b4,3c3f4efcdc1d5a1c9117ed0a4c8d5e18efbd7beac2b314658204402fc090408f,2,False,True
xes3g5m,ac76cd5802c5df33d0c9bf6f584ec0ae399f91f362a0daacbfa2d5b41b2b221f,a78a923491162a52647590d9322634ce2b3b4c8ecb3bb8054224c36b3173ad59,2,False,True
xes3g5m,ac8b1b14ca8f2a0a39549b21d3daf9c76d7cb92eb17f35a108b11810ca51fedc,e41733ab65a4f0146b73764f1ef3315ff14147c75719b199e474120fd1d528e7,2,False,True
xes3g5m,ac937dcfecfeccbc7b67200bcf52cdebbf22e161bc0ac170699d913eb96bd862,80d9e3d0936fcc9c377fef38f34e77beacfee930d925a01814551bc5ce89c9f9,2,False,True
xes3g5m,aca4db617d153a6a01106371dc8f78091b7c86c0dbf68ea9cbfa2f9015e7e9ab,81b42589d77509a97fef3762175f202acb0d649fe87ed3a08b3d5c67b4f8d067,2,False,True
xes3g5m,acb6a0c0859d78100ec26aeabadb927c973416ad583e1e5dec7e93144a99302a,668130e8e276bf04aac749ecbe0287cd74bb00d9717ff9ad878a59d895a0c37d,2,False,True
xes3g5m,acb7bf04bd3ba6b7d09713f783dc3aac36ca4bfe7ac6e48e5228fb943892cf19,85d0ae3c08f110f5aa41231763d99da9df629ee2132ef25843597619baf652c7,2,False,True
xes3g5m,acc760a62bc7efabfc6beef5b9bffd1e2844c4cf1f90300ed9a53be36853a005,4de1ead442be30e2f527d2eefef7661a518e916780a66dde4be03f15fbbdf378,2,False,True
xes3g5m,acdb6bbd6e99e1a738080707a3550c7264f2e950a324b604b60ac85cd3a2a7a6,124c55ae658e97a085c6a95ba21971f8b38150c9601cf58d960beff4495846b4,2,False,True
xes3g5m,acee649dd37788c36ccb91efdd2a182941cc01a79990ca0250adcb19e6733497,6973d98288f6796bddc5ceca90a4fa0a76dcdaaef57084b653136c4466760c11,2,False,True
xes3g5m,aceedcf8c5386453707137bc58ab06069489f1a70c1838de43d5c0a7b807534f,56dd19125e6907e1629a862ebe50e6571f37c02fa271722102fb5e740ca438d9,2,False,True
xes3g5m,aceefadc0e26b9f5fb5c9f649429dad6b77de2b8549eb0a6992f6b02283cb7e4,9f1bbee72decfd0114afa9bfa30d82dc2a2c5a9c3a4459bafc18f0fcfbdcfd02,2,False,True
xes3g5m,ad023f59f4efa8620d2d16179056056d0972cec304ce45d1b418dad850ce9092,0d24623586e0662367d0d14f6c958be9116b01a2117015c2f06ca8e972180f2c,2,False,True
xes3g5m,ad08f93687b7871af61f17ee5c484e102b4d0998842ebaeea8338f4d7f86941c,c85e3c68d51b9edc1d0c562d597967bda54cbe25b142107e966b068f7d71ef46,2,False,True
xes3g5m,ad0ae9274946f643d5da1d65fd92f1457767369b4cb54eac4a308b46678082be,0bf36c349c9d8bf7c996b790c583ab4336b5758dd8e6feba5e667278bf056c1a,2,False,True
xes3g5m,ad2a64adee6c02971a8b97bbc370c06dee214f7b472c868adc4cbe926103bb1a,f062263e8f643325a4e59e7f0622d368cc81fa1ef13cff770b549f54799b54cc,2,False,True
xes3g5m,ad40c0fe3af5f09d5ad4a858e8992aaee63fc6f20686c1b4a8b5dfaf0e3bdafe,0a30cd81a006f5b2c25235d320eb884f8d62fc9ad8369a994b73e4043b2b5442,2,False,True
xes3g5m,ad5281edb561a16678d20817b034a169ee101cd959a6bf44e90e195600abf7e5,e1ef42a3d710947a20f8f184d1c96cf1a6d18b77c763bfd76aa8a9c535ee2769,2,False,True
xes3g5m,ad564ab242b62551fe39a30345d23a180e8a20af442e585892d6bd97a795ea98,80694e88e1d9ee5e50ad5b1b4a849b21e1ee7965e5b9b2871f617014323ec702,2,False,True
xes3g5m,ad5fed5601473810a1cac3617cadaad90deaf54593eff3b553788c77cd2f22ad,e71c913036ede88c625566d418f8ff9c7012d26194c4e0ca87f0f486693a7c75,2,False,True
xes3g5m,ad69c034cbba4d5c172dadd7d0c1b74282e4c0ad61481194a096be492ac9be4a,b9886aca0981328e19dc5246d503828a381d72f09f99a201b30146666d78e157,2,False,True
xes3g5m,ad7cd1b5bc09202f9f310328c31e77f48078f971080a8ff7bc9c6a5373acaa3e,c84be05ea2b3630818713d10c16fdd44c521370ef9430b394b8699782482ee47,2,False,True
xes3g5m,ad90e00519116d9207a4599b3e93ae171edbd30d276c17bcb0910f94f83723fe,4b037f19c838dafe940dee31cf21a69373f1b2c0102efa06e02e3f22daedcaea,2,False,True
xes3g5m,ada150995deac924d115bf181b4105841156ccc3f41abd7f368be4f4ccda39ca,ef9d4f11a06241fca8b63105941e4ef91116dde2697fdbbb9435b5c5aab89cd2,2,False,True
xes3g5m,adc72caac23601b254f5473a51376b69b6f83d9142d18e3f875e1fd70c35339c,78939441fe1e638ea655d81c6ab5bfecad0c71a703667bd9622b2bfc6fefb50f,2,False,True
xes3g5m,add331fddbb4cf57fa26681a665a5a376cdc872426ab478ee6a9df1328fcf1a3,6560c8b83db271d91e9212b2ef2fc1589c2b68cc43244b875d5fedcebba701d2,2,False,True
xes3g5m,adf00b852747e8164d6f843835d1f0bf8ee8288a3ac56a62e91e227fc000024e,3875266800e672668bf21fab34b7c929087a684b851516e98af04b622e78328e,2,False,True
xes3g5m,adf9f2a7384c6fd1fea5aff5eb1eaec19fbfb6dde20c7eef6117ceb3a3a6c3c1,24b56ee1042c43fcbee11230edb4f86a9c327848799594c983252387e8907334,2,False,True
xes3g5m,ae0824cfb993ac05ac1b62e3806a2f4fa0843843a3a65841936e06a798de98a4,5218c068041f5032991af25f3a33328feb30b00a7d3d36a355e2c83112e303f7,2,False,True
xes3g5m,ae093126d8c7660153333a2b62510ffe35c2b4114be02a0409fd45a73f22e2ca,e5f01b1facadc1b0929b33f78ae39817e81219d3b5eb2177717095362176431b,2,False,True
xes3g5m,ae287a938cb6ca04b4e89859e88f818d7bddf8622fe400bb46842f2d5cf4459a,d0c2c6781c24bf40aae536289337f0c6383f84ff25719d4fc07c9264de46c385,2,False,True
xes3g5m,ae3328ee3e48d4e803b610604fa42eb6e06e28f0eb8d04fc0cba6cfd2a42a187,35d3e90161b47eb518f7b8ee3c85d9c85e3177f3f550fa690cb78d77844b39c5,2,False,True
xes3g5m,ae46976612c808c3f2e22515e19fecfba5511fbb1a2746d8b499307102eac55b,28e944f06429b2c4c40daa8541db7a9fd42360384269ef080b658fef511b0649,2,False,True
xes3g5m,ae475b8b4eadc345b3b2c971b1f66b68fddc538a40236b4e0284db8c21007285,d472a7eb925f1df40938ee7306d89921db4122aa570c879fe9d0266172146694,2,False,True
xes3g5m,ae4b9414711cd648609b0460268a19bd3f05e3a62ffd2bea47a62db5e5ece19f,66b9bd62054aa3ad44c857717ba55fd229ed65fa1cba1a48cb4695aaf2c157db,2,False,True
xes3g5m,ae75c788beea9d9c86f964da2e7154f6ff0ba94dfb000756e71da1fa796c45ed,899489ba2830247eca42749d120290c79ceb44c58289aa86d50c3a63e44c900e,2,False,True
xes3g5m,ae799c0650367642593d69880abae642f040b1f2f90c1203fcecbc1f857aa412,4d4d6ce0d2758752adebc821139acbe2a2acadf45619791c26a64b9a3a07971d,2,False,True
xes3g5m,ae80db3a071ef8528a812dca61114aa951edc72fefbfa1852b0aa935b7834e61,34fadaee5aaa68ba6c1da143ff102d9f86b8b773f3830fbadfa8b1692d875e5e,2,False,True
xes3g5m,ae837b64b924b5ff0cf781d4d684d86feb8d3066258cb93050904265eb82976a,e8d77beb542d8157efc106298a05e92faa9f76a026116d33794c0fa25eba5ebe,2,False,True
xes3g5m,ae9882f9afeb7b8f62366c52f2469f10dcc2b4247939bc8ab7564d267245af0b,142816e2a6033591738cc93a10cf29b5ef8b888b8acf6c96acbadd649c36e718,2,False,True
xes3g5m,aea4200504af9b6cac66964ad939ff20b4ab8302f43397f856d5697c57f1a114,e80fe9c634644c0a3c3d5756d021f15fd7ca67dc06798984cd87cb5a97843334,2,False,True
xes3g5m,aea7a4b1c98ff028cc95219f3635224932d81956f07a348d4e41717e4e69266a,7ea26e78f5874122bf543fd57431c55d0473a3d24da7eb3dd944b20b1a4fd8e5,2,False,True
xes3g5m,aeaabc5c4ba54e6036dff7bc79c15abcb674e6ddf985f791e480514c7e865e17,674993a7b006fff335ca0735ceffd250186a7fc14cd5026002d5f0ebf3e528bc,2,False,True
xes3g5m,aeb1ac944be7f2b23d5b4fdefc73a4e5eb9ca400389b52974c5a3a4b3170b4a6,3dd739c673187e4c2e602ceb1d76ef73ef7cc7b3c6c280942d5a8fdb1b466c42,2,False,True
xes3g5m,aeb8e9915eabc116fb41899b27e545401987a64a6b40a37ff4081cc8ea0bb5d6,45932f3e1b3db5e10803993b7281827385e3f57e197ca74f62bda2e833b1a57e,2,False,True
xes3g5m,aeba974cd3179b4e8bb61dc425110d03330786d0ec57c3e201508cb0e232020b,3c42bf06ebe6d77733b29497dfc2d55200b8b942c2055ed29c234725e329a5d9,2,False,True
xes3g5m,aec3a99636783b1fe3fb9cb8cc8623cb96a322f539fb58deb95708e8a99b47c1,95dd4369c66b047ac67356fe36953e0b656f1d4ddddfb8180207ce58dbaecc38,2,False,True
xes3g5m,aec6f08ca593d1f1b2b8c4049b30a3ab167d9017d850635cde9acc335f4dee16,b4990666345ba3a6e1c538304b4a84966a4581c933e2568f527b246d46bb8f36,2,False,True
xes3g5m,aecb91add28cfdcb10262d5b368f87feb68ed8aeedc82f20f1845002f963c3e3,6999dffeec67c0826488e5539706c082a6c5f6ea351ca20db1642a1e7a239a3a,2,False,True
xes3g5m,aeceaca1c82a6f80bc46ca9e003e67f52732cbc38104d05aeb600443528183d1,3b032d1a577fcad9accfe7054ad261e8985e8c3a68d2332c62bbb345ea619a2d,2,False,True
xes3g5m,aedbc3e6a819db987c89a4f4b29733b40e00d14d61c0a643dab16e3047c1f776,132e01cf165efbd17e4cc9d11ea49621172b5691752fa2ea4c9abb0e5449f17b,2,False,True
xes3g5m,aedf21ee5bfbad2f8b4eaf957b163c4d4782bf018638e1401c2eb40ae2113fa1,c78734c20e37f28e42dbfae29177decc77e16a20896a42d168009c972edc830d,2,False,True
xes3g5m,aee3d4a2c317ce6b7d7dd624930ddfbd6524c5966a1ae93aa56df8d9c7b76a30,1baf4507687428d94717f95ed0e8e4749c944fd1dbd19d572faaa189384ce07c,2,False,True
xes3g5m,af0645f3303fec130c897da397f11c9054dd8c3119c6c3a42054daf96e301845,bb2769f75b5d836322634df84a1e6608516500990628efa28aee40950208e7f6,2,False,True
xes3g5m,af2ee251d4d46e8c75e089c6dae3b3cd2d1387e1fe801c48c38803002c46d730,f7d583cdd6bf6bce611f1e568bb3c266ea1aeca9397663496816c404521dbaed,2,False,True
xes3g5m,af469f65c0dadaeb8dc595103509ef8c80c99f7190d5d1f2dbeb2ec807f4989d,fdf5ddf5b276a40b3118623e1a23fb5afb10d705b312def0a843caf402cb4ff5,2,False,True
xes3g5m,af4bf1cb4cd8297c4671d8e8c562cec4256828991010163fa362be0074486f76,f8413e934830f7dd2693f4a513de4104032620c1fbde3e8a69bcb13aada64ac2,2,False,True
xes3g5m,af616bb5bc0cb33a5e54ea990d5dc4397c46d988c051905658d17bffcbe64d44,1272b53549e8515263d8ac61d3d5695987778ffa75c4a6fa0b349416d28a2097,2,False,True
xes3g5m,af6bcd1eeee011ca9e60312e74b6ef850add5f79cdf51ea743028a311af81fae,eb36ed8920b2b92b8624984a1b8394b555c754103046b3c37afe4af9df556abc,2,False,True
xes3g5m,af7b7b1e3c15c825bd40fc98944cffff063af7c5f9295eea8c6c9b7e289e7361,2fa3ae51c9c56cdd75b4575bcf83f741c9c1b6d54a5078d77a1666b8c30d3c27,2,False,True
xes3g5m,af7f8d9fee724d5819aa988a2ddf0c5769fe558c924836a63f84e8ff8f19ea55,f10ddb596fd1437cdfbb0e8a69a1d2e72dee60eec80e539cc189fabbb8b27a0e,2,False,True
xes3g5m,af811478a08d34914c42c30de77bdc1515cb756a0f47c8963e79d6ef31df1373,27adee31f3403e9208316315eaa2cca4710e982bddd6cad108af3728e3a3ffa0,2,False,True
xes3g5m,af836fd2c5f459021055e763cd94a2761083066879aae03b3f811abfc0351aea,0d4d4226ebdcb42c34630170134c51ed7e07c31376c86dd4df0dcceeab8b8c7c,2,False,True
xes3g5m,af982cfcb8db4ae31491d0460ac03b455adaa02da2ca981e10d82b0925d2edca,0636b7c1aa5965f4e785444eface471b9b55f63ebcf9ba1b39224e335a416231,2,False,True
xes3g5m,afa4b35b39cafc8e3d73b7d991f39b92c462bc60a24b2dd9eb5a4bd2b4e9abf4,62dfedf345b1f2f34307e83b6258dd480de2a86ee789f066a87e7904ad3e3909,2,False,True
xes3g5m,afab7a3a102d94ff92b4ffd87b9836caba47cb0ed997f9a5d67550b36220febd,735859c5ad72a45e4273c7b089520c75698c0256f6f6464aa1d907c3b94c3210,2,False,True
xes3g5m,afb406be285d5fe44f353a941bb4ffdd713d304952df7df771abacf3d761f019,ac287156114194d43e591dda794390533c0a0a983335f0a7886f6b60515b7178,2,False,True
xes3g5m,afbabb023552634e1729a2b4f08721ed5dcbd22da32f8a3cabc9f36d36727d93,4ceb4fa73bba456d7be2b4da68cfe0527c31e475e13189f7f7e888af659cad85,2,False,True
xes3g5m,afc0f876751a2a29fbc17ade9387963b661f5b588b1e2eb84e08d201ea09feb8,51bb6e35b6027fbcc1abc9375456efc6e7bf7d99c8786711c4cd9366161199aa,2,False,True
xes3g5m,afc544f370f7e00a7317b515095aa64df5f586498f9dea41de6e3cd97bfc36c7,dbc0880ceaf8eb74b021d400dc99ad18024d6cce088f9377a39e341196ec6115,2,False,True
xes3g5m,afd9d681618145caac3f18844f39c095fe97006411c2bb11c0b79db2365934ad,5dc977f1d20e4a0ee784289e1c0bfa7e20444f8397b5306b78cc48024f18a2e8,2,False,True
xes3g5m,afda995d17e5b79a3532e66f0a6e10006b85c90e712288ad0ef0af3d5d394429,c9224142d6e5b305632efb115941e0c04ae9d640ad517a5a8488a845c5b6d12d,2,False,True
xes3g5m,afdc3663ad580ab18af59e0a587cabaea87e4962b000c9d2a9be031bd8ade538,f6cacc32b14ee15b1071b2e8a79cbb81307ab6a4ff05e3fb9db9947fc50c58c6,2,False,True
xes3g5m,affbf560a185bbef097132f09dd3c50cf040f353daed7283f03c51f46275cd2d,95e3a4e9f68dca3f4c668e632e222510ebc2c66cbaea521949d42157d42874c1,2,False,True
xes3g5m,b006163784ae6de40ff0053656fb3b9988e0a693f7691e729b13b9e93540b322,c751ba474eb5de4d77c254dbd437efaa52657098bc8b0e548f6439cd55949959,2,False,True
xes3g5m,b00783e46189d6da51c002904e918527255eb53f7f2deb19ced4496030c0de4f,ce05576ec72e6014a53f7591ec235859102dba45fb8022ea4e76956f4b41d9ce,2,False,True
xes3g5m,b00f100108272d8ea3f49c08c752f654a4be85dc71d7e29c8ff117e74213a5eb,cd66e1dee9394c2f02f51ea7e1d72a48c106733f14fad2f932abc4d39d40e6dd,2,False,True
xes3g5m,b014a044d05028f064af713c746d7293066021825d0f14a9c4496e2832108c38,9ec7434640bf7702b40da95a7c739b24815a2aa4116a8e2e496e1f8b19ff1e5a,2,False,True
xes3g5m,b03edb71626f708eafdba56c721242e1392fe9800f511e7f67f82cb4559237f6,569ff5ee2dff64de22939f9295babd0b573ac6cbf7ec8d9e2544ae415ca139f2,2,False,True
xes3g5m,b0451fb9b08001181d0977b7ccaa00bb99aca7f999906d054be86781178f5565,3d8e766de65d2f085ed6af985c0a20c8349f113cca7a945cbd3fe8305f0fe516,2,False,True
xes3g5m,b06702b4c802e4321f376fad3a9c7be209b61a434dbed85f5d672970e671ccc4,7733885e00ddb306a1bdba37dababa4b922e960f70f7f76aa1f07a68ec56f0af,2,False,True
xes3g5m,b06d46f2c6ec3cfad5bf3695081ab2eef6ffef8abaf862bf81a54f481d494535,82a31c6696879d1cac16f96472082397d60096d9c9729a4cad43f85d08b12544,2,False,True
xes3g5m,b06f9ff03a19c1fc5ad98866f3e8b42ea287a256b027b383567a176745542f82,efef844f595a87b1aba6b697529e2773cb13099bdffb58df1f5cdc1adcb85bd0,2,False,True
xes3g5m,b08e0ee2cff447f1299be1fdc8535973ab47170b59d4f7dd577ae2974951815d,603a1981041cbc0bbf96c14fc2884a732debc36b0523cd442d041c3027410277,2,False,True
xes3g5m,b09077450a8b7db7b2b6f0d9210de3ff43f576f988b3145bb32278394469188a,0b345074e8448d1536c07fc9fbc321d9568983af4741fa336fa318a73790ca0b,2,False,True
xes3g5m,b09a9ce40dd3b4c50f7e0cd5ccd455f6e4221ef3091b5da3d5b4a8bfc895bbf2,1b68d358e579cfdcfdef452d474f99655e89e86e0fb6d5b2e202255ea69fa714,2,False,True
xes3g5m,b0a2d40ba474fc542656eba6ab203860614848f0b6b9617214f3dbeda9acf959,c3efc068d64832e4e4ed83a87edcd18c392f455d5acbad42f0432e7e6f3eef4e,2,False,True
xes3g5m,b0a43c3b75459311b437da322708a1cce907401958faa4949e8bd4ff86d4dfa2,4c08788b9e545ba9fe268d14a6d3c6a64d9593c219ff5819da9499e0561d283e,2,False,True
xes3g5m,b0a9e18e8ea8f3c9d6b6043387742813d955167e5fee24855d8e5dee74c24f85,4600fa727cd97b126a5f83f6bec0d00fe64106642355fcb62bd02670672bb0aa,2,False,True
xes3g5m,b0a9f6fd344627a310de9126cc658996446116197fb07cbc1f93b3ba2c575d97,837f55f3d9211f89fcaeadc67c213545c2a140b66d40ec11392b08e038ef509f,2,False,True
xes3g5m,b0ab30e2e4b08db5612d719d90d20d6ea6d889c1dbbdd899d0313eb46ce17a02,46c763ff66c2498780300d6f9c304aa38670208f3a71de3f6b268462c8c30b57,2,False,True
xes3g5m,b0c2abcbaad65f6efc7d17d6684c662dd357b81a16d8990a1440ceb06b25c22c,5d53763734186badd9ce3caac31840f5666ac827f792abdbc920205fd7f6cb83,2,False,True
xes3g5m,b0e4ede1d39478deb3a5a04a574cd92d5161788cc278efe83050533889e7fba8,ac66f26b968c613cb553ba8fdcd35f3753469f3b48f2e4cf2eba1f6b14f4d0fd,2,False,True
xes3g5m,b0f9ee01dbebf03f114025838627ca8d00b64b813d7e9493f0bf8e7ae32884cc,a61b0a4f292c6c009d530a6870dd0ebb00d387ba1e3e763a7e7bde8994d9b5de,2,False,True
xes3g5m,b10b2877605d639822341fe791d2e90691d52b730ea3ba362552244f78ee0dc1,d08d3afa5113f1b52d1be5e6f8e88d73fb594ebd4bc53cfeb650531e98657b2f,2,False,True
xes3g5m,b10fc2b8f0c55a234a7ab5a0bdc698dc715241b3a3fbbb63a1e5a4807c0c2133,2d935fe8c66e777815be973637f3e66c0218f33b3ea7ef8ebdbadf8685dd42b9,2,False,True
xes3g5m,b12369fe918c3328581dda8ec84f9e85afd005b0fbf14e8c9866c8c8c3a6252b,d65f5f6465ce592299f06f68d8300d991bb660c6f5d743458ec06bacc97ccbe5,2,False,True
xes3g5m,b14e560dd664b999947ca1f3f6b13b8dbc18c0b7a05c4aaccd15b31a26217480,d2e60452793f8b2b3d2f264c00fc2a1ec942b3650494ae5f7e26f12ae93f0d0d,2,False,True
xes3g5m,b1657c36a19ce1158a04f8d5d07da6536d2695d9f8b3e0a911fd79bfb338008c,e18090f43cca08abaf4b2071af427e93c51192bb32aaf4debafe7c26518e9a7c,2,False,True
xes3g5m,b165b5fea705891fc390bff83aea8b6ba8d38789237a431628f691017ca49ae9,5ffa5c4042dc47b806b1bb1e065188ab4f41548c203d584c6cd778ece0e5ca13,2,False,True
xes3g5m,b1712cd3b479cfd4cf23fa848402161558d3bab074f11af0f9230775672e528a,42a485a81def0ddb0e248ea71f418e1af85cf3c1231ebc63509b9070782a7025,2,False,True
xes3g5m,b172626833a6d507bd342c4b2b8c038a2c08b0d20d3979b6d3dbeb410d6921d5,e43d75797c80c94557892d8e0f8b6c06d216f54b95550d94c8ea45d328a9547f,2,False,True
xes3g5m,b17a34ec19ba7355ff6645b10dc124c0246a7b4b8a2a85b46e2f1cad54d06785,1fba5d27551dd34d2ab4ee48c42ed319235501bbd17114942121e01c0adc4cd0,2,False,True
xes3g5m,b17c61a3834cf27a1b90d7c4d869a0156292fc36dbf0ec6d9592e8cb79fb1703,22969250a9bfc0738f856dbf1879f4333b3225b266eb85b50bbdf0dda1e99c78,2,False,True
xes3g5m,b1831a28e968facad1159789922c8f3002bdcfb1ca891bef9b2fd1c6da943b41,daf5b7a87920899d9eb5855384c74174993f60b3e7c7825a08fd709c3655c1ea,2,False,True
xes3g5m,b18c1c859aeeb4f8241881931499479a609b8f0ea9b961ae85d49fb2bdabb8fc,d9e88b5cff8b2d70c8c12527c95a4df3974c3fa825236b1cf7c0479200fe2243,2,False,True
xes3g5m,b1b8b8c200807ad561333862b044111564d6eef59ac45adb1684e269e838a50f,c5efda74b9a7d1bb767d2b94bb271a68da6a51f9857920f70e3c5969f59f9bfd,2,False,True
xes3g5m,b1bbc975b89ed3bbf2c9fae8ffda05a13086df53e412b971ed8b41726f705a78,a15fc3591dac40dd0264981cad692dc57cadc1dfe55cf703a67fa640c2a28c0d,2,False,True
xes3g5m,b1cc62a3b2c19e193c958f745fe99f3c6eece500dcef8a8613895d6d35677f8b,72adde5910fc3db11b1315eb2d6bc439c8b4df3a000682ba144ab75c3105c6ae,2,False,True
xes3g5m,b1d695536aeb5a48f784507cdd2235e1d121a2e7f2da84cff0e944c1efdf5b09,f284abd59019fb4c149f4041920b55ac74ea2c9aa333a4e944a73aa068ffa772,2,False,True
xes3g5m,b1dc39633b21497a37218281189580b26124d9074ed0e6f28c0cfc8eee68ea74,f4aa1a14ad22783c5d087f6ae6c7ea69875f3e148d0d6269b0afa5dbe003d038,2,False,True
xes3g5m,b20708bcae726fa858d41419c8385464a4e9d0e061fab11b4036446561b41c45,e9b0e30bbf2c503f3d51206c3d55b57ff5ccc56afd87b3f3f88b00af2bc596cf,2,False,True
xes3g5m,b20725c458a8f23ff8df6e2b105713bb69d768381a6628f32200a896d2e5025d,d9c2060f5ad1cbd61beb962a020c9eb1966531f8e3bc3179872dbd0ffb57b43b,2,False,True
xes3g5m,b20b9eef71d304139b2cf08bfba9bf85a1f66706a43e4bc0ef5fa7d80cc788e2,bda0fa0e6dd328d5fc0db4ac0cf3a2df6abb3298c932a370410a18c6262c43aa,2,False,True
xes3g5m,b21034eb83e98b27c5fc1960091d6e1e58182dce2f921910e1e1690e836dde93,00777cbacb2159ee05ec2647beb872acd1c011c82b1a849d1bdcdfe1a0ee0a71,2,False,True
xes3g5m,b225a73a341791910cca8c466ec2da7c8475e8f8ec3b4ae808a83a601b43322d,7f4b0e3a5e7e278b1e51db936fbac15280d630abf3e468df968472e100a8950d,2,False,True
xes3g5m,b2275e1c5fb28171d362a11bf2ec7a176d15c5e55fb88f96b04673e1016a3a3b,fa59e8867f8163521547c37d098d6406b7ffbd0d787e306684b73991944d4cf2,2,False,True
xes3g5m,b23409da7e22b8fe5655b02412998d67ad03d3f5e6683c05845ab8c0711d0d64,ac0591ab6f00a3dacea85cf51300087e85e4eeedc92b3daf5819783f76ea69ca,2,False,True
xes3g5m,b2374c47a465440822e3e13939f952c5ebfd449dadb7332128bec5cb76bf2336,5d7c4a752c802952600b5b87408506c622be8ff59b4e9addd0e6afaeae42a287,2,False,True
xes3g5m,b23fc5fc69ad25107347acaa321e6ab4f35baff268e800401b5cf3f57282b814,0d7457c26e5cbe695dc18f6e1f67250d5c5c5ea7ee2e90a64b2e14f44e0b611e,2,False,True
xes3g5m,b250159c9c57aea57db7ad77f938024a180d3b3de4ede3983ff9dc96a217d010,c02f6a6d592df549bb4c04bfcb65c579f6b8f03006166b4479260243f3d10c73,2,False,True
xes3g5m,b2571d3cab8fbc5accb536721f94babd23744d8278ac6b878608179b5a9518f4,a8cdbe5d4399a1e9c6b6da8dc62bb4022758485dd55afbd661d97419229f54c9,2,False,True
xes3g5m,b261929e7da9f3b754fe450f31afc4fc9191688b730742bc916162b6814e33f4,9e80e43af2f11570a6590f25d78fb374b54e448be2aea4d46d4b4a25290caf84,2,False,True
xes3g5m,b27db36e2e1557da2610bfcb2bb0bd5725a1bd805c502db37720f693b2e3fa98,7b6b3758d48c95ec3b984134a27c7a2882f714b28ff12a6bac3eba171bdb7a52,2,False,True
xes3g5m,b283bfbbdc79368940005ca226b5cf5fdd8b64de562efd30d42a217c84754c99,03244651e6c1cffcec5c023ecc8f39eb33cb7e5316b28feb424f3a021d26c305,2,False,True
xes3g5m,b28da6491ccb6bcde161a3489ae18ea91c3a9f58f64859a08320c5e254ab6222,dbae387c35f15d9b9fa4b256f01d23cbcf1b885c936c85c14d079138cc9bf86a,2,False,True
xes3g5m,b28fa7971b47ca0a4b0f3b9b0424e9517113f9c09d6d22e71ba17c5da95943e5,d79575ba12bf4469dada6083d93e0368e07e8f0faf5d16318ddfd57e27265a46,2,False,True
xes3g5m,b2ae505def82f6d1aeded50d3a1fef00fa91844842981846c6c9f166421f5241,e8476e1338a02344c8f4451d93e9a32b2bc8d610ed83dddd005221fc72cc0df7,2,False,True
xes3g5m,b2b4515cd1b7b44703773a5a4e3af18539c32caa9557f1580850fa5d889487c7,acd5df28cdbc62f517079c0aea09c7f9e9a79a09e04a4d2f69575fca521094b2,2,False,True
xes3g5m,b2bec9b915cbe79bfd2d3495e1f69af41025e14c4b22a60d9fa1ccb3ccb5e027,42a7f140abe716dfecbc7a207badd442ef3981b595ebcf11179e78a14c123646,2,False,True
xes3g5m,b2c2498dfd8e503c0f2cd5a04362e9d2c3cddfe0cb1d7821980c8daed537b4b4,d3ef2b662bec910a9a98aba4958f09683b8f73cba80bc2666deb7e11a58cb1db,2,False,True
xes3g5m,b2d2ebd41a39a5e4c60b860dde422a03737aba106aaea7c3eea2ef16e6c1cfc5,f44d2c7fca115113e4643d9843ce1276d10802070a4850c643e0c7c7e2715817,2,False,True
xes3g5m,b2de83b440332193f5226aa2c6bcd1c6c0714460441fb74ffb08b61ee03ca1e8,7625c48bc460c79f55da92bcbcaf24d03e1d879dfe1f2037be4c30de2e8bf3b6,2,False,True
xes3g5m,b2ebfa909c93cdac5e21f341b3db49d0e3b50c98a6356837504f39dfae8b54b0,5a8ba2cc499b96391dfce21d90b879e7405e16066f0aa308a8ae2f38bb06a55a,2,False,True
xes3g5m,b2fbffc8b9a29f0b08d83339e51b91fdf23103d022916ec61d02030298a8e10e,f39e02f44111ee86db3fac33f3cf96b0abaaf4ec2a228304d3f172d12ffd1a45,2,False,True
xes3g5m,b303acc5971e6bd8b7dc1987fb6a7bcebae267984d65ee32be76d4c76749c385,f61156b147e301dc5b1c2a5b18b8157fb39a33e27a5e768acad8ec11b0447f97,2,False,True
xes3g5m,b3066b1250e7527c65ee550b57cf105c77e09c7a22f1bd335bb0b0f48c335de7,be83b08bdf8a0cde7a83bb84c1ed841c7e0301fab1af62fc9f36459662f189aa,2,False,True
xes3g5m,b30dcb38db1013c2b5f19c463461088969ba114be6ed46ff51f0ff1a20b23044,be440b89076baf1797178d55b92f9324e7e13baa1b23ea4e5e6529d3dbdf6f2d,2,False,True
xes3g5m,b31a6e7105198f4813f43a547c8ef6e56122eb6975434950ef16bf40e6b550a9,c06a68414da93bf956ba7efe3b7c755750d6ad89365022a6b7c061c9299abd37,2,False,True
xes3g5m,b323b6a8edc621830ac78b4f65e91a8e706e3919957bee97bcb95b19aac05b82,a52de0751f780cea1f059f89068d28a29d30b369fe1cbffabca4e51caec4381a,2,False,True
xes3g5m,b33bfd45519ebf53c893a456257aa9d73bfba8c90bb39c8d31944a814e73a9dc,9dac2b0b50629314cf9bc41803a57ebb3b13ecae995393b38a29437f59574479,2,False,True
xes3g5m,b3429b123eff62ff0acdb64851f8755a52780da3ff037e000ba75b75dc919d57,052ed6d811982385a8bd018dd3946a1459456450ded3a5e39ff60773b77b1ebd,2,False,True
xes3g5m,b35d271d1195e17cf05ccdebe44053860b349f76c9f1a87dc4f20116f2f8d1e0,8f70c225ce8638c3748c7bdf0adc575486d605df877c917d44cdd730c999d45d,2,False,True
xes3g5m,b35db231cf4738f512ea15cd762e592f277edb7501296a2ef380678097d64dce,058512c54e9e3fb56bed58fa8153ae49522f6966ba2dfb2d971207f55ce8f294,2,False,True
xes3g5m,b35eb1164c42aace85ed7f11fc274eb2bfefb820029d823efeb3b6e5dbaf2915,526a9b330f262a6d1cfa5b988fef8412ca1173f985320aa6dd109d5db4518e4e,2,False,True
xes3g5m,b363b7e05597cc2a09788881d2f96d961055c398d5bd7475aded37f51c985b2f,968840385afed93ede6bf973cd111f7b47386d880cfdc7a2372e0f748c64cd0a,2,False,True
xes3g5m,b377373f26869ee3478061a7e48b8348ef6b73401c6e7190bf64668cac0a9d9c,367034030e0df1af0d6e997654d4986866fc95cf75151e1530e4e1089dfd872f,2,False,True
xes3g5m,b3a54533dadaf52c9d2464c6898278e1f26e43480171861dc455c8f06ebf8479,cb013276d1f99747f15abc4a4c25a2bcad8df3bc902a54c9d00fd1317ef2e0ca,2,False,True
xes3g5m,b3ab1f7251d6c20a14b0d7af07760f8863f8b9bdfc3d2d586fcc19ad125b7f93,96f863fe4c08df429f837c73ca2ab96194b87c0be4f3ca2b3bf59f858980dcb3,2,False,True
xes3g5m,b3ad30ed8cedd51550d7ea7471760cb6888e9d9211ef9f486011841783842aa4,f6416ee3905f9770f3ca811c714fc759380cf5ed6e7e5f903d1b88a699a8645c,2,False,True
xes3g5m,b3ae01d78b0d99a697678173676f72e5a18bffb2d3c71c61d2f5a5a182abf207,aa7997f2f46cbaef23a38010757e6b11e3428a678118bf329da298b71276ae5a,2,False,True
xes3g5m,b3ae38b1c75e4753b7eb211e5d323c8f9d467d883391d0d6b297a7ccc1260f02,82d48c0bf9472d51354e982b30e94b5c7c31668e1cd476ae04f3bd14aa60e353,2,False,True
xes3g5m,b3b312f0675459db4c28bb5813d41dcb78bef360b082003bfc06d8178388690f,92184d7353413e16d211b81ccd13fe8a1498fbf40a6e26c113290f148dcad24c,2,False,True
xes3g5m,b3bb8f19b8fc57197951b0ffe21476bee347e3ce596dbac5ef21dfbe7dc1c8a9,2022bc47daadac7fe4040da8b515a887f597058e5f3f9e6169c42aef01a15dd4,2,False,True
xes3g5m,b3ccf01d8a41a5856ef177c91b3c1dd14cc7ee3e41c8b9ae11a344b1f964c76e,ccc016df6996dc32743e4bc91d113b9ce405ec29e7e256b89d194b6b18db960d,2,False,True
xes3g5m,b3cd145c690304c437cb529b8a3f79b3a2a5dfd4598332b0a243173bd62146d3,253f22aadf2da58ef2ea65678aa4838784c23b9c5126b4544f2dee0aaf65af5f,2,False,True
xes3g5m,b3d607aef4069080af4f9522c497ad97ab863994a6ddee4b362cd62b94fa1440,eaa1571b798cea875ed0f85af56e36ff7d9ed36fe7546c6d3c2aa6d52d909f1c,2,False,True
xes3g5m,b3e4ccbed7d7863093f4808920018495cabfc0acef1d3bd1b6e47fc8a2265533,8d2454a67bafe2070f9ac7d349e3c6a8d92f091955e7ce4217cd1805830084e3,2,False,True
xes3g5m,b3e60a16a6ab8f6578b4fb8e36b600538353e51ed31bb8464edb764c18f1fcf5,e457465246a784eeba81edf8fb97fddeb86de3039c75180165ff5f59fd7677eb,2,False,True
xes3g5m,b3ead9ea25f6910a261ef517ecce8c3174d31477378e03cac62f6070c4c648f1,ad0916f5741a2ed11f02033d3d89ee69eca211344d11b74f2e6f5579b0855e13,2,False,True
xes3g5m,b3f0862d24df34815d28569098201237533825d0634d5a072b808c7dbf5f2404,f191259d845b8e40020a01c1dc02c77ea24a4ee70307240d84ecb7561cd5c44d,2,False,True
xes3g5m,b40710b9fe2a165c5836d34b1732b367af1b033a33f229615d37a1da98302c3c,8af1b46b1ea16fe363dcd5f928188e4837d4c8a2ecf14e0b427cb28148f79774,2,False,True
xes3g5m,b4095b9a44353e27fe5db897c3bfe2cc977839c4629f350bf6bd257b1ca7ef9e,b6c0be87966601f77627f1938c427770c7ff6883711721561bd44465ce26d254,2,False,True
xes3g5m,b43a6093df1fd31021f6988dae3ff07c021e26fe53637fc26423fa9fcced3b25,c1109326894c28fab71de5d1d8e3290149f012cd3d78801cf595ef857c39a10b,2,False,True
xes3g5m,b451d40f499a6057023a433d4ae4f47cb7f822fc8f233f7f4b5a8582a234a6a2,dcfe2c278c4b2d34aa2a42152520243c9869fd19b7239cf9374dfc460bcf2c38,2,False,True
xes3g5m,b4747db3a8cbecfbb26b4f170887341b1005779533e8a081b1ecf47c173fee64,f93eb218c1e9ee18f9ce34e01e05ba7d59f2959cce94c8afed8784ad2337df18,2,False,True
xes3g5m,b47823fc327931d0e910f67f65c8a0f53f48394ab3b29162760c10a909360dae,95d06609d12fa7eec9259480721a67b26abe07bb7e96691a07d4c0c654d00d61,2,False,True
xes3g5m,b495e42dc9fc643dec1eaa75386eec402d23905e5b78ee9c5737892cb98dfbd8,37039d84f3e116c64ad2f69ee4bf418a37cf49fc5f4970d6b85983eb41a3ab8a,2,False,True
xes3g5m,b49bbe80b523611ead34d25384c85bbcb09e999f8c449bb4e8225e736d868958,2a0eb168db68964efd68d202a9fa040fb0bcff542b6835098d77629d9edf669d,2,False,True
xes3g5m,b49bbe837cb7c88cb1e428318680e25a2705441dd14a6ab92e3d768c0dcdfb71,731ac313ccd49cbc8477a8fadbeca03882f770cae50d1320a3be2302204a3174,2,False,True
xes3g5m,b4cdf611327796274c5734bbb8e094add3a851da0de11451a22192a8eba90da1,2a9972aefe8511e9ed5e84ed8f31a25fe8f0b974928c92618129370657c836db,2,False,True
xes3g5m,b4ce11b3b75fb1f553d4efad857579d0097c9869275c06f29c685f440def1868,b6b3cee2e5d65c4e7cdf060e351afb1d58510ebe487586e058f02e2191a46987,2,False,True
xes3g5m,b4eeb054a8149c12a95a2706e7f477ebeffe7c50e13a93989ae0584e7701a293,bef8619f566c65c201c14fc62818d82909e06852c8cdf9a2611a0de18a91b695,2,False,True
xes3g5m,b4f006da1d69d027eb78bff30d70d20e2fe4edcaf129bf25d7dd06a92bffb417,410825686b334a118c74f23c70ca461f6ea103f1a217ba505413e09033a0b57e,2,False,True
xes3g5m,b51002fd6b999af42dfecc8fab05f0e051929fd138ac4179ed1d75c80cb47c14,0d5178a4374db1c6b683217c90c43a38c3af850e52193ac508d6360379476a64,2,False,True
xes3g5m,b53497676073837c1b8e45a8453a8b477b3370bd8f2924e57eebf3f83cd3cab8,7fd282b012d59612de2d7ff2c0de4625a09a0338e3c1667fa0eb0fa569f07299,2,False,True
xes3g5m,b5525715d12b9df0ca972363e48e0def8285fcd42f034f0908568bc0c41a695a,c448f4e69607b5ae27a624a9d12a78ba9216857515af29e058eda6beeafe7321,2,False,True
xes3g5m,b5525c5876b1c11dc4369ec7f37eab773829f0ea4b4c0dbb33b28766b13d9966,294eeebf8acf41d881afa6d1ce056ed6ebb5bc7a18f47661a693e5845602660e,2,False,True
xes3g5m,b5537102cf4f0b7eaa883d5b66befdf0abc4425cbe6faaec6bd49a97f3dcb407,bb720016ff3e2c2a0637f6a8b413cd44a371b37b9af9cee181cd09f336704847,2,False,True
xes3g5m,b55d96ff7527262011573836f494aecba9a3c030526c4fc2fe4f7d6a227b5f79,3aab7a31f26d68937fe22e2c4e39ec25ab357354a73059c13a937205be1e9a1c,2,False,True
xes3g5m,b565c7710f0c8bdcefb2db8128595241c5e005b26c45aceb9e2d6a1316e042ac,e6de6473d536fc660049458a94805b1797899bf132ca52b97c3b08043f4ab53f,2,False,True
xes3g5m,b568b6348c41d9ff0f311836900bad06060af5cb89bd1550d378192f209b6709,cd5e9e435ffcd742539fe3bae0d4bd6c583fd543a4b321aa3d02f6267d08a696,2,False,True
xes3g5m,b56d66544d365274891cf69c664ab154f6ff507bc00be730d99592cc2556f9b2,7a6c39ddf4e3eb942f0aa51ba507c1bf4068100064c1c6f56f9c0672428eb7ac,2,False,True
xes3g5m,b57db6eb74febbae03ae9fd732c24258b8732ede6f5f402fc102f3ee5d681c29,1d8dd1b1cc8552fcb33668413b4be7425fa2474ba09d6ad61526e14518058776,2,False,True
xes3g5m,b57e1dd6bfa75cdbb3ebb9a14d0e44e79bbd4ce4bc1b09857a26b91208c72af5,5b7815f7d4fe8151310d0030a7dd1c5d53102c5c744c017ad1a6ced1a58bda23,2,False,True
xes3g5m,b57e9b0f3f2f718909d3fc77295eb1e2f689aa00d7dd73d07cb1515adeb78f67,e165a15d85c71036b081f8d40d8413ae15a33b88580e70947956a0c1bde653dd,2,False,True
xes3g5m,b584e768c83f645fdce8147c45e874ff8aa60bec7f1773004120a33c97bf38b3,39bb35fed846a4eca1398c7c27ed519b3f7086974239c031ead499e2ccb3bf1c,2,False,True
xes3g5m,b589ef281faf2096dbb428b36e0c0251220cc2865125d4fe87d6163b212c1c86,1279e6ef52490e5cbc045b76d8f8e92a26cc89b4f6b517933238ade31d814003,2,False,True
xes3g5m,b58f4dce3ab7e8109e6ee9a4e5a07318da3e8ab1362feebb9bac9a7f5ea57756,b5fb8d5517201b0d0138df714ed5a38018274a95c132c35f822ecb10bf8c118d,2,False,True
xes3g5m,b595d6d8432d499fdcf50818272fd9655cbf7b62005a5bddbbddba7f7ac8abe6,d3b682a4d9697287e243006e11f8e969ede13d90fedc45b812aacf63b077e596,2,False,True
xes3g5m,b5ac21c05dab6189e1ada0950d1c62aba7a861d2d70c19ac0275d671bc7ee89d,eddf534fa69629337e2d89a7de90b08cab48ac270d738f510f630ae61a5e4c81,2,False,True
xes3g5m,b5c2a18713463d8dd042b43fbe91373782830027df900667a93366c4064e9d88,a7893c684245b2c37e4ab28dba425ce954eacb0b33f672061a1b25c123afb5c9,2,False,True
xes3g5m,b5ce8df69e9bd92b69f9128e6fe647689e92733d83b58f23da5ce7a5b8947d89,559b6fd8f63e749e436959682a9163ac413a3740060c11291ce01bfb638cc8ac,2,False,True
xes3g5m,b5e2104fce9b3be1a3b658c7545c506b7acbcdbc0db3477e570b59b7b6b2471e,33c1c3e89ea0b266961c5e73b7ccda790eebdbdd91614c06019d180238868d3e,2,False,True
xes3g5m,b5e21247a40cb58d0c3cd7ffd129ca4c655cbd78dfae6bad3f37b1916111673f,44c94008414cce62966cd4cc13fbce161a458112e6b56f7691004f7ca7fbe13e,2,False,True
xes3g5m,b6106bcc5791e158600c6962c8c403d4f4bad7c477918cf82ae2c1b00c0c85a3,7584fc94f84f84b4ee8b903656f3e9e1ff4337d644756d78ea9ad1b1528a8e72,2,False,True
xes3g5m,b62f3c5adbbaac8941c33a3dfa32f657fd54c68d7ba1f1bea996b0cf7bb03141,392d484b2c44defd955a92dcfa1d195ad4acd9998f3548bb1a221d2406dae4b0,2,False,True
xes3g5m,b646e0fa1afcf2b0f95b8d781ed7453a713e26ab871d80a875c074a55b26b88b,c8a509973b79e4de12f9e2e0f532d19a48197fb7b0f97ca0c2ea9c6f8e1bce41,2,False,True
xes3g5m,b646f4ac2ffef7a6a34906e6bc6401084a9e4d5e064ba6baf0877f270797ecde,ca2972226c09117c682f0185586e4d8baa0343a5b27b0087c11ff6d880e32bed,2,False,True
xes3g5m,b65eec2be75bd9aa141fa9a906db1c2dbf87f0524e450ee6d1a2c92b6fc8a185,e5289200478b549d9aa4d4ade1a4f821d58730e4f2e34f2d7ef7441a61690e6f,2,False,True
xes3g5m,b66697f0da62730f331ae6d8acf108be0ce9bc104ac425945ca4c0bc62ea1669,a1dfb9007d2427c55d855ec429f19a567838e0517819ae59f589e13d191b287d,2,False,True
xes3g5m,b66b2fd1105f5ed616a16f2ea8b018878e3b3827ba2896a823d9beef60f317ef,e64f158f6164285bf60b4a0279080fbf8c104b7a12f0f4c8bc67e75d6997b7f9,2,False,True
xes3g5m,b6725c12449b06f604b1f2259296043bfb6193c20ef5f6ec1aab394201435872,86a8c5cda30341aa6daf6439c733d501e312a41cd9e5ff1aee164f9a59ef5916,2,False,True
xes3g5m,b67d65f1ee7d8b544ced240c0a18525a203d8fa0cbd51e697b8b18c000f9cf23,2b1b9971752efeed06fafaec2780b4cff4377739ea7be23d64506438ea4ba625,2,False,True
xes3g5m,b68693c6a9e399fbad5681b34e7d65028de9de175f58057fc0da7009b127b02b,61dfe5f9fa0d8770d355de7ed0d1ae8f8a6d05c69e85917b66c6ea97ed9dfa65,2,False,True
xes3g5m,b686a737aeeb1c3dd356ae41bed3b55b2d0dc1c4cce65c56570a7ee5fa67618d,77e58268e1e48a9171150314e1a4eb69896130a5a212b83303094adacafbb1a0,2,False,True
xes3g5m,b68abb67e25164350c6a1761ea27f02825b4092cf7ae20201ceac073251704bb,f538ab70f079878eb7e2c4ef8e086325877e13f91f2e2786520c630b0102b69c,2,False,True
xes3g5m,b68eff7402c6cf4d14b02f6c7e7404f8458219a1d021f6092f7f36b57807e0e6,63e71fa4163fe285524bfb69546f74616623d3b82e461de26262d82bf65a2acf,2,False,True
xes3g5m,b696da1011d9315d10d55f17b6232899b4b715b18ebad4a3244de02877cb5771,93fcf1dcb0898196f7cc97d27531f0374d0b3b6906cebfbb53ced259276b1dab,2,False,True
xes3g5m,b69d9630be207365abf49c0a85995ad89e8ff616c4b7a64ecc0ba7184d22592e,72dbaf354738afa117e578d6b7c859eef6f85367de11816936bdbf62bdf8c731,2,False,True
xes3g5m,b6b0faa495997a3da294e88c3d06c8493276644ae5f1debd129a9c2d21f0f196,4b50573ded5de9e12f35d4ac7200ab65e309f55a524c780ad3a8b714203e15e9,2,False,True
xes3g5m,b6c1897cf4ae0da94eced009df35ac315b84b35e37c7c44edd77327fa21bd721,0a6369642d35311e831b1f7ea170abd14addfcb9adf49e9365d7374dca6f5101,2,False,True
xes3g5m,b6d1a2870c9f5fcdad7d3f88054fff8c3c0f70928375736d092c9657d2091352,969f5b49816a28dc43b63db22d8020201e3e944221612a8b90139c2fd575bde0,2,False,True
xes3g5m,b6d38e54039487f4df6e4dec1f362413056904b4ab5ca890fee8b05220a61cdc,e92b274037492e60b59e3cf14a855a52e55a0fe3ece3376e09584133441e0303,2,False,True
xes3g5m,b6dfe556faa8a706b2ff73a9847999b8316aacfaeda0f50b9556aaca83e32bef,a4c7f4fb7b104d2dbc8e86a0e6528b466fb4a9b430836d07261844a5c4514793,2,False,True
xes3g5m,b6edc7ac277c894adc78b08aaf3a98b63051b0a7c51ddfe46f40033a771b99ba,b89479940fa6f9e13e3fe8fb4c505dbce2956d410a89711f3e9da09a4b2caca3,2,False,True
xes3g5m,b6efa7abb73f498c0d8ace372c0fa87cf68d11b419ab7463cb4d75e2000f7a36,66e20635ef85c997d337e6d64552803736200ec6be5fb65257334a8f0a30fc71,2,False,True
xes3g5m,b6f26dab072f9cd06d3da224faac28918361f5607c218f402167557e2187cbf9,7ac7618e7d3fccff40c7c7b89b993147f89bf219763d85b6732b7a1e6a616349,2,False,True
xes3g5m,b723d58e335c34d85b809ed2eb14911854113d8c9e283c10bf2ee695c8abba70,4b8867ed97c99d73c92eedc816070589226ff55754bb931e7d1042ed131af58d,2,False,True
xes3g5m,b736e3c9b0b1b3c61c03d72ba47562171b1c1cdb49b35b0d354a4ab51c391869,b844a9ca535d80d37e803a72bf07baa4337856b0993ace3de81593a49b321d17,2,False,True
xes3g5m,b7468ddba38435f75b046744b576a96076626d9d6f3f97d78aa73b2845b3049a,ed78764334e1517f0f5aa3d5fe20d5f98c3a0068b0df22a94634aaffacb988a1,2,False,True
xes3g5m,b74fcb0f6427a90d52fb111c745bf0bb50260570e764a9ce2ac3c15fa1b41bd1,5bf82638bf5e8b3ddaf307a98387fa419741dfa51e52383eab47f255fe5ffb19,2,False,True
xes3g5m,b756982ecde44aa747c2639b2fa3553afbb45812403440c037ef7d188ed1c66a,2b7ddc63ac66a6923222756c63663affad353ad9e50a55c1c8a75318c51aecdb,2,False,True
xes3g5m,b76c5e44577e846f7384023232c0126b8eac067f976e49765043323addc23333,8a07db01b4c48477f390376a930c2c9f103c1e7ea0c44359067718648fc2c2e2,2,False,True
xes3g5m,b77a1b132f8b6711bac4f71003852281e3a6a8edc06311d5a00356d8f2c1ffaa,e34ccf3f1e6553e893794791f1eba6fae4a44193a8f18035681fc490af77fb2a,2,False,True
xes3g5m,b783a1e73677ac6554975d9ab6d86f129292cea352f6cdf8906746f052c37eb1,06287ad465485b5b0ba8754e94e7b7f7baa06f612650e2dad155747e903fc2e2,2,False,True
xes3g5m,b78f78154ac70f3c3cf897461adfde721d6d3fb022ca12a4b2d1cfdad994d946,4574f01c1b27762b0cae0bd6ea2c842a720b50a2323f79e5b06d260d48e54e8c,2,False,True
xes3g5m,b7cf4bcb2ad178fc7f19080983e48ec555d7a2287d570ca15f6b4a082e1c7e99,a02bea9534a90199ccbfc40cf2793a627b2be4502038ac01aae9d8ebd4cbcacc,2,False,True
xes3g5m,b7d5412ed87bf2e1f82c3c58e2ffdd7c145f759bbf65eeee6c51333e17346831,2035ea2f00d8aa6a380cc3b67ce7d374c0681b19002f61bd8eab9a14aa6f2f9b,2,False,True
xes3g5m,b7e19bdddd0b9b73636901c0d0f32c5778243ab04be947be3c326a6be828c400,4f3c5c116ed984b366977631990e005490aea78cf8886efed9a76d21d75af259,2,False,True
xes3g5m,b7e936e07575671a740682ff44dcdbebd7be9e92aeb5bfae63c82737121be7a8,e434e1d4198c7789600461e87005f182f5daa51ca9e61bfdc414d4b89653a1db,2,False,True
xes3g5m,b7e98787e69ed0b2d34d209251d83d82715b2662ecfa3f374b4fd0929dd8cbef,58f03d88a91d16da4644e8d923f7e7f70b0085d8b85cb08dbc8bce7f80888dc6,2,False,True
xes3g5m,b7fb0d737c9c8f3e2bfd0e258b81671dbdd2067597308e85aeb422d08e97a274,0e6af721a3348ebaef7ffc458539e3032f8cd3e2aec27e52c14d2ddc48f290d9,2,False,True
xes3g5m,b81d8930ace3875c088b5b56b323007ba22af15940c1bf968ae3c01271d81b1b,1aff0b0ed453a695ebc795f3940f6b137dd2c2519cdd4e93c5486ed77f791c72,2,False,True
xes3g5m,b82282ecc48526353954d1b83c19b91a45f9a5ff565a1287758a56768638fe0b,0f528046be33972508b0cff82465be7580d0ecf4d83c9d7416e0bfacd2954ae4,2,False,True
xes3g5m,b825163d8c3503c4fefe456ee92eeb947ef1d9aaf62421143d5439553e261b88,7ed16a70f282e52ec94488b764ae9e5b5fe55d40d3cac9bcf427582c54485873,2,False,True
xes3g5m,b82cb79a89ce3ffb4bcde78dea78978f8b7b9bae15f0e360f32b203579d60f33,ffda301089778f0965628a58bf6519c87287499162a9dabbdbfd2b11194efadc,2,False,True
xes3g5m,b842420509efd494e42a0ac4899f9e0efcf13030ad9bc8955fd151cf3df05497,73f2388f367ad48c66ef5f29b5c9d71b0eb80ae6d07d412d43d9bbf2914bfa95,2,False,True
xes3g5m,b8452a27f55f0d41bff88ec406627ce59be4736734466a08da2bcc56e96e08d5,aa2f258c5d4bff0331cfcf79ebe845b8394c18bbab97113cf03883f246626e42,2,False,True
xes3g5m,b845bbe88254de19edc00c6873f888b45e9f6f71348826ff1175d719a5c077d8,27349599373bf83833d3024048242571660371b9f7edea61fc67863524c25246,2,False,True
xes3g5m,b8488c87583959b85d98849ccf413bbe9f42ca6616cd63ece7f42e4d2467edda,eab6fc7f95e7bc2a9227a0c1a57897519c189d64579a6aba683b3e818f7c05e4,2,False,True
xes3g5m,b849491182d56458ad5ce973f817c178423374ec7072a2545e1a27deee5d8644,4812db5b636af7b8980ed9065b983009edbe1991b735f07fa25296293f32b84a,2,False,True
xes3g5m,b850f74a4849590ab8d71155ba0762e8a72c86fb9549dd685c46bbee42e7fb9f,ae37e6b239066a39b35cffec4a0287df66d7b807c2ba0d0d65f34a9e4c0c5bb0,2,False,True
xes3g5m,b85879b32eaa2f8ed58a5673678eb5ffb79a190d0c1bd155895313903e24542e,d0c0e7087e2bd2570a8324d82977bded3db577694472efc5ce1e8cc167d78e59,2,False,True
xes3g5m,b872184cdee0b0c99a9602b2a61c718c6ecb75f1605f48d170471b80c5b582e4,4c27e3dae25dccc5edc082c8e955322709cfb9578b2b542fa1bd51b0072ec382,2,False,True
xes3g5m,b87533fbb8344cd1e3809a956e7c8d331ced930e5dc9f42bb05bb3fff28e9a3d,8f34c2730f535578952ba4cfecad07d5fd00b2973776c7a1b56cdb3c95d50067,2,False,True
xes3g5m,b8782bd2ce418b4410383bbc6b3c6451f051b21bb422d2f67c102e709d396815,a4a15bc8c8c21a3633005598cf12388cec9677e6a2122879682d45c719795202,2,False,True
xes3g5m,b87cec317659598e9735e3df93d7cf42872db2d4885e92f86535611a672a153a,411020bea3f6773e5879d3b8b197cd7db4c16e7e07ca54cd6bdc590b1f9a9ca8,2,False,True
xes3g5m,b880d48790e9ef7d5d616b675adf4bd3550e51fb02a4eea09ae42af8197df248,44386542c02b962d144064da371bafd20db572dd34704013c1cd0b26f46e85ed,2,False,True
xes3g5m,b897140580aee79548ef971037a737298c198ae148c8fc3d703285039f92f7d6,fb2b23d0f02c3ae2ec8dabc89f75adfc6306c4a4590227a6ff2debc5b64ac3d5,2,False,True
xes3g5m,b8b02b418cbab51893bcaa7aa9685919bc88c50dd029646530ecfe4b00a584f6,83a6dd8402ec776cce88b49b1c19390f0a73502dc14e0e954a97d61c438c0618,2,False,True
xes3g5m,b8b0de92d5d2344de1c8052b2b6226921057f75697a32874cc46085067ad72b2,44b9c9c0be242081f943d960bbbd3f9e56d7f59ecd75fb7f4063e5a75edec26e,2,False,True
xes3g5m,b8b176053ca064c17554485257b7cf1de61f60e9803a26b3144acd3fc9a346d7,189863911983a592c79897e669875918f8fb79035800486d1199573eeed70fea,2,False,True
xes3g5m,b8b59ccfe840eec35fa21315f530e4ec9199c4abf7312f914e888e65faea6cef,f9b5ce5ec7a68c8bc0952120306621b17cc21208e2d2a46ee38277dff7b74382,2,False,True
xes3g5m,b8c5663de497d8d786f34b3c1dd81b835b96a22ffb5163f9b32c82a4aae0799c,91f0defdb2d2fabe44238f14915f35ee4d1a3162f0f04c02e04dac54d05951fc,2,False,True
xes3g5m,b8c5d76bca5a0debdebb42b36a12b3ec7d096c249ee27794da81e31fd4b86c6a,33d56b123781f2a5e1a74bfc09ead3acf06a3ceb4b95033244e8db14bfb81588,2,False,True
xes3g5m,b8d1d97a5e1564e410cf63ba045113211c4a4a4f88698be0d36bdd27bc25a42f,df0b97656d33042b25c59ddc0f01783663ac780d5bd8fe19c8350002fcad9220,2,False,True
xes3g5m,b8d3df429a4558e380af555fc043893c525959af7f3f13325db42c82a97d653e,c13dd12fa2dcf0378a5194db5631d83c48ebb39d23b1ee89e2c8195d99b456e7,2,False,True
xes3g5m,b8d971f6baac3129db16560ac3a836ea5bc294641e7da7d4305f28119968b52c,0ee9e5bb341c4eb1dc1e58886e380974bec3a320262306614ab0998982825b97,2,False,True
xes3g5m,b8ea15e1669aee15952abe593427fd71ae5cfb7489a0511146da9664ddd125f3,d806d8afbde8f3f291cde00bbabfc5fe700a48d8b368e0208ce67023413971f1,2,False,True
xes3g5m,b8f1b5e06015486b3b9ac9d686c7bd5066a94ebfff09418e6d206346db9990f1,8a34ee2fd4db53a8cf62b163112ad2f4192aeaeb68308e630f16f54b7c2ed8dc,2,False,True
xes3g5m,b914f2334380d8fe534f771ecaa8a4ec86be39dd530a019e123fbee883701886,330ea3970a6a414690944880f3db294e3ebb4209b6e6eef35130bb1575686f43,2,False,True
xes3g5m,b91ccdc229943066092e2e38d5500b0b9659685fb7f6608e78b54086bd11895e,ace17ae81f9f2e8c398a8161a9ed671412549f0f7723d1e134ed20e61ebcd293,2,False,True
xes3g5m,b9393801990fca1b8eb9f19bb7511324062fcade873eaab135c43a4871dd2321,d272677b17f2a382a9aa80dabddfa80eba56eca69bb46a69cb7ea3af742ccf95,2,False,True
xes3g5m,b94181d5c826a603f3c6ed2b3c8f2c4cdb7503509bd5ebfa76ea9f158c3f271e,ff5f561c3aec1ef79fcda3518213c7a28e569de973fcbd37965f02c4a9b0d57c,2,False,True
xes3g5m,b9453725eb7cad7e7911bb14ac092afb99720f8c7bc65a9d8cef842c871d82f7,395a2e74f631767412e0da6b9e13e90d793083ac272a6a872e12df8f85c0bcb4,2,False,True
xes3g5m,b9590c7d991421c7cdbfaa3ba8152cb03e71e26cb75cc2282bdb858e419b58e0,e5d5f28173689862c4efcb3d33b40f6e83a3787a932a92d94abff5e8cd1126a2,2,False,True
xes3g5m,b96e1a340b2c8cb2fe6fc450712b23365227fab49331912cfb257eac9409ed8f,b33d07d525a0d4c004caac907325b345290e389397af8ea4cc929e500e3cda72,2,False,True
xes3g5m,b96f01cdea9e126369a7d80b9d209cf211b5a1d8baf90387b61bd0696a684d2f,ba9731ef50362b8430e5645c0849d2575b6fff8d276d9a390b36c4e7b8807201,2,False,True
xes3g5m,b96fe9e7da710d213a2ac763072a009b69c8750f5d67a13e0cd97a78a89cae8b,fe16725108d9c74ebab7155f17b3a90c5a69df918e0ea1ef3e8ffee3d5a6abea,2,False,True
xes3g5m,b97ff2e13f7acc29bb6e3c5bf5520bac29ffae4ecc4ab0e2a0458805466c2c0b,a1fb93cd50b60bca877d088e047225352d387268e5f95fc559588b54fb868afd,2,False,True
xes3g5m,b98e298c2ab961818e15f1dcd23ff7ad85a07edffae5dd8f6ad91d8668fd2b4d,959e86623cec9f2ebf116e3089f7b354fc138c3fa54ce41f42c769fb6efff1e8,2,False,True
xes3g5m,b9a57cf059e664b302ce624e4d96c69909f97720ffeb032d1b7c159962c8928c,8b72f39c3bbe0b58b2457ee03a91491254b889a162ac00162beb1770779a54dc,2,False,True
xes3g5m,b9a9566e85b294f0acae7e7b4163977438d5eefea424f236f9bb590077c4e22e,a9617cb0fe99a35c886481d2959c3fca139e586291dd1d6167c96d45cd82b880,2,False,True
xes3g5m,b9ae97569aed3ea1b4e53d29836685d11e1215a19437ad03b63b5d43a51fe5a7,0b0289b06f6da425d0b1542b6b04a2fdc1593a44cdbbb535a51993e85f7d404b,2,False,True
xes3g5m,b9b9960c1742bff8beeabc6d3a3c2981351158a72a14cdcfff5ed99d4789c5f0,f56b8fb9de95e029b67728cec9a373e5ba3620fcddefa4e0105555daa91012e9,2,False,True
xes3g5m,b9da2350e6ab1f8e7aba96a786bbf91a9667bfc26338b6f1b4f64faabcd8ff67,438cec4dd9155d5c3fd3933a2b6cdc8a92a5f268fd6af06e374eb5549d63dde6,2,False,True
xes3g5m,b9da925496f507573b8011b2dcf9e39c5ce917e11084caba11ad1b12cceb0a62,eda29b2af9542ce9815c0bb1098c328d8665778056b9d6f25c4fc9b62267f04d,2,False,True
xes3g5m,b9f76a8efa318c718ec02ec428802fb6ac1959f9191299f11615870660e4bfab,0772e40d480774da7de45220b4d81ea5e2d1ada80e2e9637d14adaba8f228809,2,False,True
xes3g5m,ba01cd51991817d61de86cdd767cf114a198a8b4ff0e35f43b25d98118c254db,bf39e7f8fbbfecddd5e4ab5a08a39e87fed9f6397c7c3c8a6dd5b3f3afaf82c1,2,False,True
xes3g5m,ba039c8b507809a69ebc7d6b36a1217bf7c4e6ee6fd8ab70c9fdfec66ce8ba85,f4564b7b68de78c72a39c3622cf8ac2118c161b5d255902330e59c5c19fb5b9a,2,False,True
xes3g5m,ba21590d8bf3d8b2b958c3b6d2aac67f58e1f3ad51eb82b7908a4218bdc239db,5e5362c8cebff4ab021e7bcd0e2bdd6b884f9a123caf396504b87b2f53920a58,2,False,True
xes3g5m,ba2cf7438df47fb22bfef7225a5d6252cb7d255a567e26980f084b3ac0946cdc,6852f46d2afbe3e41f3edb91cd86990a600079e322d9081dd8e89acbccc60cc5,2,False,True
xes3g5m,ba44e6f6eb1d2688f6ccad4f969a0644809bec49fc97ea73cd3faa139730b13f,c90feb25f05784e874e87881312b3fdd8abb6e5f031381dd5caaf145415bd280,2,False,True
xes3g5m,ba45e22dd5ad12245014f2ca6a44e061178edd3da29279242b87ae08f565b8fe,3349765188b7cb6886954d0cf8f137bf42261237a20cfbf767414ec7abc76354,2,False,True
xes3g5m,ba61f2dd44db7bf16ad709f24c43cd3fc468fa0644184cb8ffd014fd429a5011,7bcc705d7cf1a42f50be29a240484148c1771499b937c7781a6bdba49ca4af56,2,False,True
xes3g5m,ba73d6388e9a663ca646d93ec449a14045baacc014adcb42607a289f17fa0a66,3288a840ba50dcc36bb2f8686d966cde15b2a5e568bfad4c77d3027b98b07bc0,2,False,True
xes3g5m,ba75509c800a7070741e4846e14c2184a9c0deb1c5c865c16189c32ceae1fa52,9022bdd7ee6f81a768a31b6e39eadec756b5b68a9a42c63f4f0b49618fd3a306,2,False,True
xes3g5m,baa3c009c6a6966462d5b8a0fbedc2b306a8283e30e3a26ec201fa8e6da3f06b,d45b1e193d7357571909c9f88781d785f9c5db670d46c159e483f9968eed4428,2,False,True
xes3g5m,baad6f7067a60c7a2db83398c54f217f1eb1ba72772816c05b89dabd622b4fc3,ed6bcb02cb77de9616dde3b00b62dcca3b43b53dd5f1ecdc9354b8665129f94b,2,False,True
xes3g5m,baaf21f56fa73c1bbf527fd663ef72191044a634b528948ba11182c027b33ac9,df869b6343373b0de2ff5d9b31ab3a73f2ff0751372cb82c804fa38cfb889f4d,2,False,True
xes3g5m,bae660f1d865206d97cf2ada05077f398b447ad517523f146fa58001e5726eb0,83fd13033b4c1c481cae7c3bbc9ed375a1489cd31c6c768470da802bdbf35a63,2,False,True
xes3g5m,baf4b1ddcfb6644724c83336eb04d2a152651cfcbb4c72c60d1ca32bc9195552,bd683684fb3b902c56cd30819f02f61f8d684a690de12fe42326dca5583be37a,2,False,True
xes3g5m,baf62bd4b83994489f787b4acb5b11ab4ab6aaf8abb81da7dfb64de80d480034,8f8b3a7fcdeb07e8a5057442e8dd31889623f1abf971b90dda6f5f5b4de0d105,2,False,True
xes3g5m,bb154dc4d91d97ddd954820dd3dd754e529395b3b02da76ca4d6c8e20272e3e9,84f76a1d0f6cc911cff899fa6122001913a963d387be8cc5509bb8b033de50df,2,False,True
xes3g5m,bb2bad7f590c1f8892c9e087037c87d6506ce29dfc822d3c0e943bcb2df17e2c,dae856d53d5444d1df33f60337db815077488d5f8c2bbf3900abf6adc7ac0aab,2,False,True
xes3g5m,bb3815c7fd4ce1a617bd8b5759bbd8f82068e0227d09cc53ff0e4d0d3e3f3d06,5a14b9d92a558d49567277fe549fe8486364a40608eb2ca58e970707d4ac80d3,2,False,True
xes3g5m,bb5803ab064df0830923348221c91aa2bba6c3ce4fe7425142958e7171e7f979,2e9950e621a18d101464ac228285e4e512cae9483950f1457e7e0e036df50ca6,2,False,True
xes3g5m,bb7a97019a284c9febc608d053cca241ab117c0a739326e22e80cfbb93180cae,6117681abe5596d6bb5ecbce7213c43a78597f9c32c90edf8228c11f954ac9a6,2,False,True
xes3g5m,bb8455eaa11c3ef55d53fcf5df280e7e6b84699cd67a701f2095ca77e83b5260,d3708c0e95deed45cfdfe63a707d5321d143d27a88b343d78a4470065e7422e3,2,False,True
xes3g5m,bb8965e37ac4fe146674ded8e99508afe42b3f1a2166d40b1f9af85f5fa0a9ce,8a8db08b71e2c2b21b2dda73fabea666eef56a868b80dafcdd58eb2b7f2a6d6c,2,False,True
xes3g5m,bba2eebf99de4cabb46d776ae50b7361fcf6ce566669953f87f19ae3d7682c1c,f5ff89cd717b9b028266ad5912011d3134fe416ec24e61e777365e0e893a002f,2,False,True
xes3g5m,bbce31d44a6cbb3b755442f445a9d0121f4ef20f9301f7c61be61ff82564a61d,3aea8425493a91c76f75e92e81b2970a7974ddb33660a7a711f57834d350b54d,2,False,True
xes3g5m,bbce41722f839142a018a55df621b13a4f514dcd3624e07406d23716cee3f1ba,0c0a42e44848f8186eaf2e7953b5360d5f88a3945f6ba9338785743375640929,2,False,True
xes3g5m,bbcf3beeccb8fccbf6160d7353ddccbc9cc3f8112a0f8b20cd9f492da4cb8995,a254e7f907332249b0a8c9579aade596b7e85656189703554fa2e511ac866bb8,2,False,True
xes3g5m,bbde294131c66ad474a50cd415a44a89618516bee144aad01695d1967e397c27,14c1e6f8b9046b88c9a8eb3e42d1108b010096bca790439eeb897119b8267bba,2,False,True
xes3g5m,bbe7d4c555ee44786867c4b901b4b1bdaba80bcf6e1c8b5badce5764e8b404f7,1efca126d2b0a0606079ae9ef51ccc6f6ac2e609816765d44e93fb2220652e05,2,False,True
xes3g5m,bbe80a3d3c7299aa4427ebc3547499d5be5d3449048cde8f75e35bd7a80016c3,ce7c47de5894576f3886a928b32d1fe6e4d5e3ee9a6ee9a37e6fe02fb1d753f1,2,False,True
xes3g5m,bbedc431446a8bbfa6d60c5760a35d7f4ae6fcc33691ce672e27516d53c9ba44,0a30b81284aa96cce8449b9c7e1265b3ca9e2bd68b3636af7a1e723138ce45c2,2,False,True
xes3g5m,bbf637386a52220ebd5bdf05447982697bc67b97aa010fabebedaa058fa63011,130d38bc53e2b604cd81d8ce24ad069b2aa35dd1d1723d64d0105d879854af20,2,False,True
xes3g5m,bbfbbb8066385e5e580ef9f1d38b4a8d6473b897d35293935236002289891c40,e94b21d7b5874d08281a729f281a64f4af4be5c5209b97f8dd82c74569695e1d,2,False,True
xes3g5m,bc165f7904227395869e14034de247fe6eda178c049d818cc98c5afa1e0002b6,35ac6cc895bb3cd7003d1de136a4bf53a2a8d5dcbbca7a22ad68a99783c0893b,2,False,True
xes3g5m,bc1d30bd9e87449391dcbee3ba94cc4688694ca41cb338d619b41f6b6834688b,a4ee7c6901d7bcdde8cf4f4c342ad59dba1eb738a9313ac5c7641a5c20bfab19,2,False,True
xes3g5m,bc38cbc3549f364725aa2f7dc00c4e5d806caa2e024c4029cf73cfff99d49e24,75c61305d0947b6a43b52abb0569e2c199a2f83b711e0a50a64080c095571663,2,False,True
xes3g5m,bc3ed731c14f8a15083f6a59a35d323b9b871be8a56d5c5f5ccdfe9649258d77,6942f5ce109277abb96562855d48a4213cb1e371f49587cd3786d2a34db8ed4d,2,False,True
xes3g5m,bc4db2c72430f4f672f258ed2063dc83750893bd1a3b185094b0dd2047a4e7cb,f4fcf4290a1187636e852681fdfbbce0408b2a3d6e963d3f6655927ea55f378d,2,False,True
xes3g5m,bc5960d7cfb2b8a88b85315bfc0e9157a1038ae0da441cc9a3422500e307b99e,711711cc1070a1c3d58dd6f88f7f0a65b4501d4070db46ba8b734548de10cb30,2,False,True
xes3g5m,bc6c379c99d2dc59fff67a42d52e228aa52d93adfb30efcb3f31aee2e5be85fa,badf79899b5c014a8364b6c798e6a54193d71d33a9407e896b4df6a6cc250592,2,False,True
xes3g5m,bc7648a25f827470d4e0970386061527b38d421d8eddda0c7377499eecc6e39f,de9f388ddffe66a7453ce8b8ba853f1ce86c3f6b4de85b8a41725cd2071418f3,2,False,True
xes3g5m,bc8fb38dcab9043cef4abfa041122618e917b094aaeaefe5e8f319186aa8aeef,72f89661817ab3988df14a621c5c8f5cb2a73ac818be50c09e6bf32d9400bf9d,2,False,True
xes3g5m,bc908a60c59bf5ed782067a135c485b989f6785a28830f59c61ce58ad56bec74,c3c87c314abcf01368123194ed831c302254f3c85f34b7bb06d1c060a7fd3031,2,False,True
xes3g5m,bc91d995131ac0414d7cfba1897e106fc6196682d6b9fecef0b6535eca0da1f2,41dd97916192d3f30cb4ba33d290057ab38627f3167f2b7230bb035a21a00239,2,False,True
xes3g5m,bcb958dedb1b741a31d9099416f1f03f9cb1001696805571170466fd89f58e68,695173077a16266785d100c35facbb85985429a438f2e74b56d86f53948799cd,2,False,True
xes3g5m,bcbcd30b79e6f5ec222e28f339e5647c55a7d11ed30c4b1b3f1f440fb83390e7,1888bb34f9a9e2de3b6fd7443c772718b57f2cc7d1320f809a1172716138b933,2,False,True
xes3g5m,bcc53756ecf7695c5a14f18a57aea117430c40d26e6fee921c3e28cb8886663f,b5c118c512e119bf0ccdb79eddb838ae8a6f7e783baf4ea98d0effccdbe5b374,2,False,True
xes3g5m,bccd847652a04f8f43428e974cf1822adaf6190f1509fffd04de5e820889fb90,eb3d8968d8b7e3f4400cdb81ddcce352e404b7664bd6a21a8f8855f7d09adeb1,2,False,True
xes3g5m,bcdabc041a22a62fcbbfe6136f2527870dbf50a9ebab388ce7820211da03f06f,f47ec857b0f60d2185664fca30aee6b64aed9f9a116e380ef6240ec0d0098a94,2,False,True
xes3g5m,bcddc605671516cb4617de0771017cb3a66640d12b4b2b7ae72ebc18b5bf793b,6f97ac3e7e818096666375d271457edc5f4d30a47dc73cb549eea30ce96b22a5,2,False,True
xes3g5m,bd07f71280e54ab86f543a667999e37510880a0eb76d76fc21d662ab785a9bdc,bfc67db31714fc8496df92787a9bed10b4405fe1bbb00e8315f2d016006e5f26,2,False,True
xes3g5m,bd1c4a4ab9f171f12c89810f2cb76e997f8e549bc3f4b9d1d9c683313aa6be4d,707ad87d30ad904cc65c7722cd55f9a206a7e0f838ac8fcc460d29277c65075f,2,False,True
xes3g5m,bd21718e8d51fd9de34261015d794c29669e23d3747009039ccf98ff0ba1bb81,c26214b6181ebbdefcea1131b38c0cf5136ae5e4f99729046372cffd32d61e19,2,False,True
xes3g5m,bd46d9a1c4ebe5511cd1051d7cdd260daee45b92b9b4878587bdcf33328600c5,aef42e9f39745fba99e3f1055c3d72a57e926fec00834069631f82d667ce13c7,2,False,True
xes3g5m,bd4fb9bef390a9fee737914555d45a6064ccb32d4ca502f6008c75af5a3f56ad,1ec230dbe7f4162844c2777876e88638b9583e7215f8d3c0e3e30728f47dd652,2,False,True
xes3g5m,bd836efa3d87d07330e3b6c121e82be2bd3fdac5c6a959bc3c1ff838e47c4c51,4702ace41752190f08e80d7a83e442177787f29fe5c03a2a45c7d81ce4123f66,2,False,True
xes3g5m,bd990e5543f79950ef8ddc221831a85784f78d5697a92e0c7a46f297338183a9,c000ec2327a1e9d6ade49818a82e7175f5885b2b4e59d7ef2b3a46582dde95a8,2,False,True
xes3g5m,bda868d458cf6932c9a3eae2d931098b995f17b48b48a99a636709e8504a62dd,662ad774ac42c4387bcb93972181080a9deb7558f7308c29a23947b90a530e10,2,False,True
xes3g5m,bdaa2428d0fa87bccdd8d00661a70871811ba7bc0b05aeb42cd5b81f44485a43,2b8c3954b1f5268c5a04f937f3f67e66bc181d08ad1bc33bc3f985daf4593296,2,False,True
xes3g5m,bdab4c48e3b2599504fddff7d80ba728c84e625b2ca10b51a398cc674847545a,4c08788b9e545ba9fe268d14a6d3c6a64d9593c219ff5819da9499e0561d283e,2,False,True
xes3g5m,bdadea92a09755882c24a909fc3470cccad5d3ceaa60ba986ab9a19fb0483f54,72982da3ba826a8226121b03d9db9d9282040ceec48f932bf50e314a3cdea341,2,False,True
xes3g5m,bdc6f84412096a334b41a828ae91722f2e8138f525c1199174210d1913e807fa,4ccfc29fbc3f606bde4a4181a8f22542d8aa61704e87d422d9704a1a5e5d4f32,2,False,True
xes3g5m,bdca890f2238a0f4a069397d985a4ebf339b3d3b08ca99ce61b94bfac0c2dce4,20adc5d1d7ec28d3b59f87a989215580e883ab51a631b027ce0a2c68a74b6d35,2,False,True
xes3g5m,bdcdabfb1f9d4d448664f32af02daf24c2016fea415cfe1840a782f4b3a8bca2,3689c5a6de1b15b84dffe7aeeda6537a680537e2a60a1dff1bd321bfc867e280,2,False,True
xes3g5m,bdea6c013fcda714a0ae8006e7297129020078406a086383c35cab433db65228,0918c6ff30c011cd15704f55dc1a6e4e2e342db38198cf192c91058ddf711ead,2,False,True
xes3g5m,bdfcd2d96ead67a3cb03209de8147d1949b7e9f375ba1818722f812c52b4ecbe,1b465bc4695602faab692ac54926baa556ad9fe3d9614a5564bceadef5bb4651,2,False,True
xes3g5m,be0105abc5429fe5365b234df9c3a526f5b1545e07a286506300a94e3e0ad6af,c38f3095a56e02ec7c44104099322eb8511f46d6808f3a1dcf59394606575048,2,False,True
xes3g5m,be2d2c7662844430085bbb89dac8a8517cb6db486d636acf0cb2fab55eb5ca9f,addf7fe3b2f91161d6bed6f6d67c827952847ae0bc161bf3a92eb5fd2a63b1dc,2,False,True
xes3g5m,be3499daa6681c5de2804c8aceaa28cb428738215174ca5cfb530d98b02354c5,073912c675c6df3e679261deac178e4e4b4e5dee2eeb8654fab8c01e5cc4d482,2,False,True
xes3g5m,be3726db7cf0c301f2f583652a4938cad009befcf6b9240caa4f928cc78cb909,55e945101f49d545db568f65434625758e2c9da70511c289371014c57910b45b,2,False,True
xes3g5m,be38f5143b93980878cfa627e95901afefe474d2ae9a89a0651cb1ce46f1d463,fce3b7118c943662162e9aee2d8293b64547178c0bf2fbb70513be2e7c1dc8b7,2,False,True
xes3g5m,be3c93a1e0c638ae136d2a9fb1f5e61aba24337da8e71fc698b602cc05ad2ec4,101779ce6d5365b3725ec82d24f9f34ad24ea9b32ab944117d8250bd5fe6c3d6,2,False,True
xes3g5m,be3f8fe674a8ba3155245dcba43700adbdb8eb90e88bce0aa6cd75234e5a6f35,736419430eda39cc64ee1f94a07d14906f6fda08b6eb9575fa0cfed49a809248,2,False,True
xes3g5m,be3fa8bf17cbf130d7931c3fe4a5a1b471b362ed87c65824c23e1af95a7d4e18,829dffa0259717211164131b30af7627f1c165fd137b41376d86e8c6d67f8b04,2,False,True
xes3g5m,be475a549f38280f2733c73b9af3e6ea7b4a53a8c36ac1d932846b6782bf67c6,ccb94ffa4af76c62849d96cb7bcedfd9e080df17099d739cb1371e9aa59b15cd,2,False,True
xes3g5m,be57a6f3f9fa2c76bed6c350a56e08fb57da49e8b6a3e0137b199bb08a95b4b4,819958d7bd4217fae47527ebc1a6de159f7708f5c8fd57251ef3827babfb0cf0,2,False,True
xes3g5m,be7547d2f15227de710ebc25f534eb734a07f838f2e86a0b113e49a357a56643,0e846a9be55b7b4716bb402c76b29da00c8a949742be26581e68e10064cd1e56,2,False,True
xes3g5m,be7c09f3f5d61f55606f4e857cc7f905419d021440457c66d6dcf795122131bd,9f534cbd5b1b1a7822d77da7027b24ab3f687f44ebb7b3f8d723addade3da62a,2,False,True
xes3g5m,be8756905ceb9252de860623bf74022127d1ab82cd08833e2baa32f20a900f20,231248ee29213afa1b68e9f25834f1231a28ae4ec14b80f9e20b26791d835faf,2,False,True
xes3g5m,be8c8ac8c6403f72da46941dbb7128445bc3fbc9628aebb78f2d0ea8e83a0ff0,df4d759def09c6db04e1ed6f966560606237187554dbc5ea560a80df130e6ca4,2,False,True
xes3g5m,be8df537e3594be6e2ff452c698a56a6fde65e7f898837d6dab4054cbbd0e07f,ae3cc839523e98696aafaf5d74aa9bb75f5d582a0f2e20577c8bebbc37970869,2,False,True
xes3g5m,bea684780adec78cc9726c16cff5051f232a3c050e564ed11e9670a725a93917,4d3ea1915af161c2285943c5c9f90ecda55c0ec0718053558f1ac6f9fb99d89f,2,False,True
xes3g5m,bebf26f6bd7fd698892aefb8fe56dfc1805dca9f1948fcae30b7beb013338358,9401dfa924e524694d1543fa5a412e57ed96a9ecad13e9b18c6f9f508c45c167,2,False,True
xes3g5m,bec4419bd821b75ad7f881c2c83285cdbb362e4bf07bdc9f93bd9a022a2b492c,8ca5e1dfd839f3e00b8d789716c3d0d08392716ab1b2bccbc9249d7b6e8bb44a,2,False,True
xes3g5m,bec9244faa29e27a54015067b88cb23bfca04de499232a79081537496b803ebd,506218d685c4f28a1c14ceb40d7273ebdbbc43b81c19260bf1ace0bf0f2847de,2,False,True
xes3g5m,bedaf91132270889393661a46d68d1a6a59a9f73e1b41629610489604df6bfe0,22079a6ea52e0b442d4f027004eb05262083f74b833d4130bf48cce79da69bec,2,False,True
xes3g5m,bee3f65134490b432a7c019f73f77273bcf5542658acf9b1044d49bf24e54edd,48d0d33f32d30d110974225b7b8cb0edfb17acc4fe550719bd7f711eef164e9b,2,False,True
xes3g5m,bef0c4e4235b7336a0412f64df249c993ba9b405823f16127b87189a06c8de6a,4c933b3404fe3039f6a3ae0feac2007f6494e6a111929d4afaa7be0de87fa38b,2,False,True
xes3g5m,bef567e3ebbac12ffdc7b0d72411be9eeb3c254c7f9bd25b2622fe942bda514d,231248ee29213afa1b68e9f25834f1231a28ae4ec14b80f9e20b26791d835faf,2,False,True
xes3g5m,bef5db1fca97d4abf5bd73338caf6c07b383ee1a8168cb45f7a9de031e90a17c,00e52cf82f88ecab58fa0332540166d90e8bfc8d7891d56a708db2b0db0dc415,2,False,True
xes3g5m,bf10a944181c04fdfa500689947f444463f52489f7cd95bdf3e2a7b54b23879b,ecff944a2c897b02c2b2ca6d4ef2be1d0242a6b16bedebcc7ba7712899b2780f,2,False,True
xes3g5m,bf13002d0d6807a2718d62119ef12a817cacc82ecefc56fbbd3d628c6ac4b666,6243f14fabf9deeed296a77f867313607bf80f4b7de7c7180d8f7fdab7647ecc,2,False,True
xes3g5m,bf1a53ec6cfe6af1db38d42dca7527dabcd1f95eb8753ded22229d447ed54717,94e57890a88886cf121a2a2f3d3f59e3ffe47b3fa07256b0572c675d02ffba22,2,False,True
xes3g5m,bf2b9d851df0577abdc009a24280afe779dace41f1722d60e025073360481fef,cb619ce02de15508a136530d8726131d038f2c4d73f0388a3584f77f32c4f47f,2,False,True
xes3g5m,bf30a69ce5e6251151d8c023098f08055269b447b19001c15310bf50b228aa0c,b9d2c7ba606ea73bb8ee4c7a2e8a82544c8e7148aa21bd91dc94cc5f0d99d077,2,False,True
xes3g5m,bf4a6ddf320ad5249ddb11faa7951737b55f7f1bafc0c6b8150e168665f07d49,a69a16b177b539bf374b36efd6f965c8164c909074ea0665084064bb2d629beb,2,False,True
xes3g5m,bf5f41237ccfe5429d6bfd0e930ee53d292548f09e358ec20870d9f70ec87fcf,d11f84743eac14fde81891fb78d1ca783f671a0f6a6c63af8ae826c95967d33d,2,False,True
xes3g5m,bf65ea8b8a3bded160d348fad6bb1ee8229c758a7466293891e9bdd162170c77,2b83836a1ddef78fe4f16c0a8f26f31f0de842daa7ffae96722b4c926f0a4a14,2,False,True
xes3g5m,bf6ba348982fdd89e4f386ccf3b32b614bb70d810962e6b6998fdd02a2ca6db1,b516d2b4ddc8f8c207a47df6e2bc204df524d6bc683a0a6521355fec091e38b5,2,False,True
xes3g5m,bf6f9170e013a2e83b29468d3437f5f2490cfc741574f03d261fc3eb8d8b23f6,a276d6c5a5a161f85ff6b3060961d3f05548caad28e7216514ba228ee683c4f6,2,False,True
xes3g5m,bf703786b6d6c43a4457910cb5bd72d3d16bc7f9752036883cf57c92a48a3ac9,0cb8e9965fef418c0b6e8426d953ff0a021e150ddb33e50872a7e1d2ea2186c9,2,False,True
xes3g5m,bf7a476fabf98a7487e844a497417ed9562311aa470036bbf33beee7fc9a852e,539de16f555fd73ab47d3088264208b7b219d097d858d6a80a5069e11a6018ad,2,False,True
xes3g5m,bf7e7db4a99a553f43ae1636a4963e9f08c5d1585c4b77795d7be4028c79f9c2,54fa5a7a3c7af9cc7b5edd9ca2b33cccdbac233cb48dd581303748524f22e66f,2,False,True
xes3g5m,bf94d949ebacd35c4184307d701ec85ce70f5ab624128eaf45bb143197a7e7ff,93f81ddb8f8008e38f846b64264dc7e74557f4af4322d332c789da238f2c1106,2,False,True
xes3g5m,bf95d07f76127a1884aa21750abfbdfe34fdc4f3cd6fd82dbecf5fc52ee3d6ad,7761a711a515bfb50a5ee96ae414ad1696c3d7e8337905dbca5839875107d98e,2,False,True
xes3g5m,bf9c96003189a7f1fee748b949cd4e47f5ead6bb0ca9ee5d0d62cfe5bc49a41d,c1dfd1a47193f893af44c9f71d5f75a0875dfd51f163b83c661c9c032ad2826b,2,False,True
xes3g5m,bfc5d5b01a24f1883f2829234dd6b173177a4ef2667a72db3909216b6be7d847,4db867ed6485934d6e71e39067838daa2cb16c0c8118e87702032d1bd9a5fa8a,2,False,True
xes3g5m,bfce0e0bf2eea7cf1bd0715dd85457743415140f93aa73a0c1c11877fdfee11b,baf022bcf1645304704dcd14b14509e677094de2ad18f8223c756f03bbf15bcf,2,False,True
xes3g5m,bfd66751bf51eff25fd404f0f207b9c2de548743fc4001afee2a87c4f7fe65cd,6b4500a4d5bba0936cb41e5b7b5345d63fe345c4ef57a9b13c195b08e02db316,2,False,True
xes3g5m,bfd91c4cbb8846f2b78875d9165afb8990712bea79f298a9056489251261b999,28c54d5349b8c17b2c1301bb33b24e40b4195c96e58a8d9329ca1354400f5a4a,2,False,True
xes3g5m,bfdf3b8d2237112f6602e74630a89d3315f0dfbcb2e8a5d376ba3c084fd49597,e8ad0f3fcd7bed1c6bb1c04d90b77522eadc10b3b5a7de9af4ac2ec200939e8c,2,False,True
xes3g5m,bfe31f50091bd5ab6315fabf3e76b37a3bffac6bc26fbf01766c8f63283e7b89,bf58cc22c129ea9a9676c831c16f01a07d25329eb69d15382417ca3ed45d9f55,2,False,True
xes3g5m,bfea258323eb8f974058d82b1707b8189c0fae8243426f238e7b695fd7120f19,f31ff64e31693743db3f8b97e9ac9f851f5498bd63f73d23e94bbf2236bf90d7,2,False,True
xes3g5m,bfeeec63f37e87405bc1408662b26fce06f1ce4fbf8a99d0235677928bfde15c,6a0128ed711da0732242e6679c644f352171d57cee20c019040a2b714867fe6b,2,False,True
xes3g5m,bff48e2f6b131ffd24971c00adf8707717a2521fdd869fbe5fd0b649f7b8168a,3c9bc13d5abaca5a5dc7dd35fa561ea0ab9a8a9ad35f227ab96786f7a83bf88e,2,False,True
xes3g5m,c01328430b06cf4c014491578aeebb57589e8aa0111e58b4681b967d7c27e482,cdef4a65c4888059132a644e65c40ab311d20266e6c53359337b761cc7a09c77,2,False,True
xes3g5m,c01f94b7a713dba4fd380fd968503899aa093b4e97c1dce6795111f9cd447029,2d614c7222b3095911310bce1ce86c7a581e1369f1bf25e66e7b6785e47a62cf,2,False,True
xes3g5m,c0237b8cc9ff28a48888697bc5a18633c30c4178ea446865a8cd6f048159c974,8f25ee4ceb410d76b50e38b150728c81d389e66d8233698dedc74e20ca85ff06,2,False,True
xes3g5m,c027fa973c60c44f7e33bbe7429108978ee8d839d5ea5399f059a510a6c8b930,a3b26c15360f717d08232be967968fedcd0b657d52fc0379e8e86849c46f0f17,2,False,True
xes3g5m,c03383926e0205f94e28cb14295770c2508730ec27de8238274d355cd403db35,a2b0d591bdc6ae81035dfd900824186aa975aee2d435b1939517261770b2a1b1,2,False,True
xes3g5m,c0520a66b51a91c00b50bdfc105d4f0925e4f88287eea388a9e9fb37a6cdc43b,64a6faf1647ebaf7d8c7dd6e24ef97721714e83293c67d9cbad645f1c8e8afa0,2,False,True
xes3g5m,c0652fb58af0ee0a8f110a85dbca58941d5fed038e58e8fdef5ae0b1e6f60e51,f8e7a9631fd100abc1e3c839ec092e2a25f0310a3127ef5f9f6241bb4df96083,2,False,True
xes3g5m,c06718201a32e2b40ad2dcb22d3a11a08eeff0729b91b049f1b8dcf76d0e07ca,7190ce47842ff3c58b74158191ff3a9f7e4d835195407af88b9fd6da780e4306,2,False,True
xes3g5m,c077120f4f69b04f8b7e4f13c1db1d9c0962ed323dbeeca7d714854c131837ee,86cd2cc520340932ccf9ecf68471880301e4a71846f594d2fded5f9f17ddc47a,2,False,True
xes3g5m,c082ca4666b066ba24b982d6234231d764e7d1b3f2609fcb4414101846acd5cb,c777d67e4cdc1f8e15ea4555b3c4b8855190ea8fd9556a8304ee97370f29196e,2,False,True
xes3g5m,c08f7d713c7cbaaaec8ec03f2b43daccb8173689eb349dbbefe73f294b6f3334,5ec7d636fc316d9eaf5faee5abc4636826103da5a2eea8182f117e899e485b18,2,False,True
xes3g5m,c0bd8b689fdedb830d4b532ae0cd0053d953aea4ef5384434d3d5f9d9cabf4a6,bae14975d7a0828dc137e778845892d873c4064aa84256f0904f2fce7bfa2f38,2,False,True
xes3g5m,c0be5083aed8323eab11eb0b93c11235d198e8e4e9838a7104265df5c76c9b19,27ab56e81aaabd4808461d644ee1622fe16f32cb459231be9de50d0426a77d9f,2,False,True
xes3g5m,c0d01d3dea8da329a1710ddffebe9fa38bf0f0ae0b244c1797ccbeb501791a1f,59392ce73e4c9d0819fe3e3e51e31de5eea0e97b4db38e217a69bc3e3e29a061,2,False,True
xes3g5m,c0d427365dd5c94c6c725a4f53976733789cdd2a33ca4eb31b4d0e633d32a672,355685b49621553023299673de3ec983a343078df80c6fb26b5252055ba90a4b,2,False,True
xes3g5m,c0e793971dce3807807e07908af5d2a2f282a9d855942d4ade14e49ca85ac925,fa5832f586e0edbeebc933d0cfacfe431d0a843a575a4afd902a9390835d0609,2,False,True
xes3g5m,c0fff4d99a6b0bd488e056d78654846e727ad3891229b8f1b4f4699903b74004,05268c1adad18ad4e903134a0cd16fb7df74283adbddd1dc3036bb806866e23d,2,False,True
xes3g5m,c112c26d399450eb6642e16067b495cf873e6d9b4d6dc307af537a8c930c594a,e6530ab5013335307e11c1c80bbe5b98f8dc8452b531a1de54a5cb3102041698,2,False,True
xes3g5m,c11ff8717d0c7e5bcb51e42899bbff11c067aaa67792bbede00a8795c5ef3e80,e1313df7d9b561336d28da9ab6aad40c40bb355e98d5301658330c055e37a314,2,False,True
xes3g5m,c14f296577cf7d9d68058750a6ff4cc3028f009ee6fcbf797f969452e7a62975,5a5b9282636363573132dbca6d3cc637e274d17b66439e3e7077820f1fa0441f,2,False,True
xes3g5m,c16b1027722043ddd2bfb54794d1177069aa0a3fd6e21753b2c0ef3e4b57875f,eee8b61f67211a3e6a67b816d30ea986777906bb9157494de65a2203bd51b644,2,False,True
xes3g5m,c16bbd82ba95d7b7e32e367ecc3ab51fb5a6cb95f494a8fc4be8c5b6ad415b7a,652e349d21cbb1ce234c75f4890017a6e6675a5cbd987ae053e8d14d472e9c51,2,False,True
xes3g5m,c1703a2aa9f569cf6744207fb9c5a8dadb3e2e23804caf92b6c4b92d9b41e924,0e75bd4d56db3640944a7bd77916dbe597c6f2a8f39dc1dc041c96ad67f4503e,2,False,True
xes3g5m,c174c7dfdd161c4dcfc0def87f45b95d1bba1164b4fdf0f57c38415bd76a108b,31749e53ad4188738a04866a215a126768641f9c67fbbb0b6b83c41da1e133e2,2,False,True
xes3g5m,c183f8edee73ca1c01ce12f481c38b5a0e50df33bf3e7d5a2cf53edeb8e2d61b,88583cb60de9ae9934aa86dafb0634cef73d51927766198b4eb720267604eaf2,2,False,True
xes3g5m,c188e050badab9d1dbebe66ccef4e3bf110c33d88a2221917b32e3fb250655a5,57f4c766acfb460e52122b8394acc9460e61fa911108e5e2edd403d454722f14,2,False,True
xes3g5m,c18fce3ec60b1da2a5739e775ff23fa3aa7985db4b7beec86c497fb7775fc86c,3715f6675009cc5781bdb264a2b0b446b926cf9ca2f92d03a43c3991ad9545ba,2,False,True
xes3g5m,c1d6798d28ba03a0e6c5b56837dfa7aac8495e474d45a42f7aaa7c732d896152,1e6aec8b54e34279107b33918fddfd0f016ee7c916f77a8a5e661607a8f6cefb,2,False,True
xes3g5m,c1dac9aef6a81b49a3b90c42e2edd15d447ce540fbb83aa3967a62b1765459cf,1b9969ab9bd8873eb87b4dff4b267729fbbed80f1545bd0964d16ccccd58431e,2,False,True
xes3g5m,c1dbfc2dedae1e742cbdb42a9befc459a9f028dce9e1524d8a1a7c726733ca80,983f0853f1ba92187a46f6b77b5ebfddcad860dfa21280019db708252fe3d4f2,2,False,True
xes3g5m,c1e7d4575e6dafaa9b916ac630ed369848cf8dc8fb1a0e66518bf1ac9c886e0b,aa0123aa9c2ce3eb6f3eccef468e24ec03225a1bebd224433f4a0c3b3c8d527e,2,False,True
xes3g5m,c1f7ec3e44398ab7fd458b11a3c2548f052a59b3f22312aceef2815496572fbb,3aa5f3ce5f041a6a5971dfb159d08eef920476daa89b746735afded723293f35,2,False,True
xes3g5m,c1fb728d19d570f678d95ba016d87338db4d93634eb442f749003b0365da42c0,8f2d953eb2f66cfd4e72f9efef09741bd14337d0144558234b3159d2b0d693dd,2,False,True
xes3g5m,c213145dbeff9d26b3e64017a4d2de19f4aec2cbd2287d7ecf5668ac593b30cf,23d6cd0e4a7c5c896a505cd14d2dcfecad47778e7d880014f89fd3b947db3be2,2,False,True
xes3g5m,c2136d9865f42ca690183e27ba050bf5d402a5d63855fe14cca976df639f6898,a7ac0f03edc9294a613738ccd2a28a8443c3e57ba336bf879ac0d52f69fca7cd,2,False,True
xes3g5m,c21eb2d6610e5d83c3a70441809987eaa809aee99f2bb243283e520159a254bf,3ba02282f4df226051291f5c6cd1d591b537909e1a555825dcda35f2eda8048e,2,False,True
xes3g5m,c2230d728d4534571d346d698ac851db9cccdc7c5ca4f341830254117d44679e,7274ef2a3d9ccf7dd57700b5ede5427143f1ff7c1f80f9dd9a55c3da2c47b046,2,False,True
xes3g5m,c2492a48fa7e44d256c6bd0ef0794b112a63a1be1571577cd80d93596c66bc2d,2d10282eeda584180614163f130ae1eeb241e29f683f2f6b1ae56c5afeffdf52,2,False,True
xes3g5m,c26394fed79071f668df8842ba523cb250aecb5792d956012979bc590e16f611,30fdf53934dd970c49093d0284addd92467038a0f7f3b3a080d4e1c9e0006e56,2,False,True
xes3g5m,c276953eb76e056b3eebf85c04035997aba086db60685f08561a18c463a4ad0f,fa4f75b11b0fad21865d2e12208123d75b5f5ec2b7ddb6a12ac81a07e7954e87,2,False,True
xes3g5m,c29a7d37b6e99ea45dfd9bec38257b892e0935f482333a357dc9f9d4da7e9148,48b5a9cd4fdd20bbd7112a740453bd9635dc53dcabe09ae17b40579142e177fc,2,False,True
xes3g5m,c29b659a20a168a408fda4d40c53d3bc94e6bb4e6d30c5a2d75a0871ab6c3086,6fca94102090980763afda9620672528cb5195992ec55401501d511482de4aa4,2,False,True
xes3g5m,c2a86014d61fe9f02e854e963c2d83b6c1467617c9c45af9fc68ef467c791ae4,a5c4bf783892aed63532dbfb27128e848efdcac298ee117b110b4079c987e0b4,2,False,True
xes3g5m,c2aaa67a50ee407cd3a79bd84fc49cd8f7f0ef2566455ac02aabe8e7ad674b1f,fd7f1bad7928a2215eb30eb2433dba822db3a9a612d1dec3749c568956fc51e2,2,False,True
xes3g5m,c2b7ca55277e51e0c63be7684b41326b36301df6faf4bfd71d45d57772422ace,af902fb74d0e6f205beb3a45daafcac9cba2266cedeca391d3d2e94d5952b3d9,2,False,True
xes3g5m,c2d9933df1fb82af7c5f9610824aa3fc768d6219da8406f123618343f3a826fb,1e138e60ce685471aad18723afbbb6fcfa00b74caf27d0468b52295ed8194d30,2,False,True
xes3g5m,c2e50e1d72a742166da54e9afd1e2224110b9c0f8ad3d7a13737fe88654b734f,b93b974314c003465a4331f628a8d32a36c511136bc46439f7030b7af84cfe6a,2,False,True
xes3g5m,c2e7c8c6292f640706c19717152a2872d1fcb3ae194e4e9722adf8a4f048a5d2,7efa03f2a47955b34806cfc145d73876bf361833167f00b7665f8c257c9aaf6c,2,False,True
xes3g5m,c3043e4baa111d98b0a085f8ccee20899582cc3a9ecb3484059acbd3e453d5ae,8813a3fce04b38368ec314810c407902ba8554cff98eb71bb7ea2e948be50665,2,False,True
xes3g5m,c306bae8e7db12dacee21bafb41740aa367ab228ffe101902b584bf660dcd6b0,fe202bf26c425b2567b47964b64995cfef0b44562a623bf2a5e238bbb62a6d79,2,False,True
xes3g5m,c314d86ddb5b946789cfbef9e44612e580f27f07d3672423af25e7790bf75ec9,8c522601f0de2e5d5a4e7b5d74eac35f2566329ae1486852307bf02c2609e7d3,2,False,True
xes3g5m,c319da848895131302e8e50015fcf7c8251c6b8512328b8fd0442f7f701b5aec,857c55d3fd6547a06b823d5e98483d32883201f86c09ea896440c9138fc27d82,2,False,True
xes3g5m,c31f7ddda9fd0999da13760f5e30db536135d330adb25dedc88f4fdd6c17f6b6,819e0ccc9fb555bfc4bbf93469200f3e4d9c1393efc7b237fab7d3ed6f999c0c,2,False,True
xes3g5m,c3225f2a936b7ecf53360a4a3f42e4e03c7c1aa83d67b5dedcdb02b1a3ba045c,62fd40d7d5e23ce954b04614eb40a3108b51b189f258baa7c2ea454ebaa74c3f,2,False,True
xes3g5m,c3282598f2896e9a3e46c25aabdf3e729d529c13630aab4d5456f556f6f4f41b,cd8a8942ec0acfb9f055cf45fd8d493ac7f319563a5358a4f10aa47084217c9a,2,False,True
xes3g5m,c340f93036badd42cda79224a14284600338d9913f71f7d4f776358b6036242c,b6c5eb8dc9391983477b12c7e1ad6dcc88992317807fe68290e894dcf570dc96,2,False,True
xes3g5m,c351af05aa9bc2ed661b85aadad748a98c8282d83c701eeac900b8759cb549b5,87e34bedfb72ea3bc106016ff8225ecb02e175847f0246add4a282643b29b3e0,2,False,True
xes3g5m,c372e698448b88b9b439b27fce3e0912902cf5a95b3499ec5e60ed8c7577faed,b1ef511a9537e0643652f865f8ffa1f152b79b8483aa5928431b8630cb8854c2,2,False,True
xes3g5m,c377e4a9d9375698283565ec561e8e6ddb8e24c970dda3f7802b82dfde48c1f9,fe801f551a4e48de8321a72f6ebf30d1df22ccc51451861c1b4474f58b82ec23,2,False,True
xes3g5m,c379f56b02d51d1b2cb4b8cb73e9653845109eb446a4c53211f1de650d28de4e,3cc24d98cc4b2797a2f0121a387a735a74e06844c8c874f573619ffb076a5d57,2,False,True
xes3g5m,c38289bae91d420c5677d8a85864f6fd2d2dd72ee844ccbcabfc0fea57a618c0,05bdc231688a3a0945cf17b54b76bf58b39a1f13062d9a81efffc1c3655b9990,2,False,True
xes3g5m,c3848494bd174116b539543fc5e69cfef27ae787e56e2fb4fed62d574d3fd4bd,c1d0b1e9e185fc989928b087aaa02fc82d705db7d55a7a06f508cfef9c43df2e,2,False,True
xes3g5m,c38eaaf0a5d867c274ad5fa0d3fa59d572a67e61666440e3cd7f2cd030b06396,2c63f30771ca7d8b0cfb739c88272d9c14154bb98f664952cd4c44546a40f845,2,False,True
xes3g5m,c3934961604db99c3449b80d7af3973c0a98e8d6844c9751f5c532d8600d63cc,ff4aef32ed22d9b000015645f1200696618e387651245c592f5e9f5cb3a33ce0,2,False,True
xes3g5m,c39965f2079f4635303a108637d5f2a3402bddce15650e4a4424e6339f854c0b,13789048cff61fb7da43a653172031369c62d1f3e179aa09dbc7ec5995d35ca8,2,False,True
xes3g5m,c3a3fce96c86a3092d3084d5c60758e85f9afec2060fcf36a3c9a2f6b3eabfed,8efa0ec63d0edb3b811f8721bc9e1264df28f2af9b3914d39958ba9de88b3beb,2,False,True
xes3g5m,c3a48129adb8aeddef58cea6ebe2b37a9ed3ecf20492d90b890abc05dc1e7983,53fe1068c1341a6cbd1b5139728a670c6ee57b14f212bf9e6e8239f1776da540,2,False,True
xes3g5m,c3a8b4ef39987f8890e9ebd6c3b7ab9e44fb843ad518d5564667cc337e11b374,150f40f9db0b3f71aa678196bcde4ccabd549f41b54d95c9e02c89320e6ef3f7,2,False,True
xes3g5m,c3a99fcbbd673bc6e71ef74ee5900f8d39b5739a562e746ca1cec77c2a0d893c,8f787b4a2ae2490fc9e8d665d87c22902b3d43c74e5461d6bb89e6d32f182bc8,2,False,True
xes3g5m,c3dd69b11050500103341d7c78adb78b19732494f60c2f6be37d593ed730397d,b9c3a76354a678e5c81d6c5fc26001fd019f257ec7743fe005b2675207da34e9,2,False,True
xes3g5m,c3e2b533ba713de6d225f34bc225aa7b448503ce62c751581850c2a5eb132a78,d2d88b1fe721289043568f685cb1708c50f5225b7bda0dcb1bd8213d8442586e,2,False,True
xes3g5m,c3ec75bf1236a57803ffb5a62ffb6c8e2da83348b4bda58ef6e292b6ed8401b9,f95e65d8d7a7d200eba5c2e5e77a3128ba132d08232b106f9980e65a824924db,2,False,True
xes3g5m,c3f33a64be710e49f9ae35b811310e5b6ffcd870dc577681b954146114935733,daa3a2c927f33f32bfc3d4882e608f57d3f3ef791b74168207167e19ad49f3b1,2,False,True
xes3g5m,c3f4bc7ec646d2a5f0932345f1a3508c7beb84fdddf43489706b91c51c0d15b2,62aef37302f5184d80982fd8501a2ee8c684c2006e3edd6ef85ebb63b18baae3,2,False,True
xes3g5m,c3fb901b1976e66f8994bb0d8e2bec879438ba707a88941f1c4ddc19fd22e244,294da552c4f41c0f2034dce385baac9457f08cb11ad771541336fac910460191,2,False,True
xes3g5m,c3fd4c920b266c485892bdf6b8d3b14f181686f5d28be3dd45853fb120ee3e61,49ce67cd46980b12d158ee0876ed40b19394ddd355b39cb98a162b8126ba56de,2,False,True
xes3g5m,c40000942077d01b27869d8d16e028ab8c66c27643cdc6e58502da4222f82515,59518582a4a1175fd736b4daf516c950f07c94bd0201cfd5205614bf1c1c6d4e,2,False,True
xes3g5m,c407b1c91a30236e2dcd7f17eb7c1a4458572fe1ba4ef64196d094c6c5664f81,dad9bd134b05d47052ce2718c508201d240520df0cefd7cb6f3f5b36be800f72,2,False,True
xes3g5m,c407c7ba9265a3f876a4d3f8fcd2f5ed16962d4bf2c1df24acb554f4cc3ffcef,4fabdcdfd16dc233f2da4e5bad5a0a997fd1c7f3f09921a0c3086d0b946099f5,2,False,True
xes3g5m,c411f8c96d9f7f30f38f832622bdfc4d712fdeba42b8b0e8e8886388258a6799,7dda3f1a2404a5bd1ce27e647b9a225ae0a766d7bf8401936ec4185efb64de6f,2,False,True
xes3g5m,c4181935da610ccee44b9a29f81a8b5156bfa59587c1fbd485961a57775a32d6,75680e78e92f861e69038e2fe84be12caa501184c9bab9354f6e42c64e1ef3dd,2,False,True
xes3g5m,c42d67fdfae4867056009c1e7c120333be3036eaa603dde6db13eaeb145e15e7,be8346acf2f023dac50fbbdcdcbbdbeeaf149dc5f044c97dbbe655d3ec83ff1c,2,False,True
xes3g5m,c441ad854cebfe86e6d59b6d20aeef6cf6cb2b8b0ff3451a7baf8fc89d3d7be2,928a0aa5fb7c41e078600db2f9abb9f389fe4bf5ff73636036e445c2f1e9e710,2,False,True
xes3g5m,c45e703b3b6627a4351921fd654d7eaf984aeaf7ee3b6ac9d67bdb8ea63ebe01,a2399692c5ce2d27ad7c7a73bbcb3c4f90908c5430588ee270ef145d22eca7cf,2,False,True
xes3g5m,c461171997057655163a44d63e5f37c8f3401e22d48df0c1ebf2bebd254a440c,4e1f3f76147d354a392b40f6ed2743bf7564ee30295c0aaf8b73ad1eb1ab71fd,2,False,True
xes3g5m,c464416d63aa0180297f88ba382b751ff4f775e435b86bc71071af42f4ae1b17,3232a599e1d2d23a27bc8780037b70fd8932349eb56ae80343468313dfd4888b,2,False,True
xes3g5m,c480d48e00420ddb553c5328da9ec2ee6a67177a58e9f0a721049c7f5967b7c7,99242cf180d6f095753379f25e26b2d3a917a41a44e6912b1592de0193391f92,2,False,True
xes3g5m,c4a6e3b8e5021672f0809e8c7c2a00de74141593f21d127b35364d747c3776ad,ca81bf811c5b27152c8d584b1134d2225750a682b3d3ebd8615c9bfc3233708b,2,False,True
xes3g5m,c4ac5bc8b832309abcf83edadf8cc73b02838d0d09981b8926432e9bd03dc7f6,59f750239d7572a6544978ff198f08ae8452e3671c647981a9121431bdfa6512,2,False,True
xes3g5m,c4cadbc952593e15e750a11ae4a9bbdf77d378252bcb7f4f896a91fb2389196d,f7a74544a8c80156a7ac60a54a500db36eb43b2f6b6fa6b8500dcb1e265d22ae,2,False,True
xes3g5m,c4cf020eb989a7c44e11610c1d26f0a537fc8490df63b66f85495eed3992e5df,bf6c0af54fdc82db14a086b3012454384b98c33c591af2e5986e841d1e366b6a,2,False,True
xes3g5m,c4d6bf3769cc125db0462ab4ddd3282470aa302122d0d85d1067f586ed2d1251,4eba0545e69bdcb974371f24b5f5fc0f38059ce520bf96856fa77bc058dbb839,2,False,True
xes3g5m,c4df09ff6aa7fc64de341f551cb5d715e3d67c588cccc628ce217d5a4cd0506d,6f68bc83e3803bb382c8ee1673317fbc962790e81f2b985a6c9a4637b5517911,2,False,True
xes3g5m,c4e3e431fda6667b9abb670d9c393e7e149e6d02c475ec2ecee51fb7b18a7857,fa3665b0154f765bb5397a8eac0facb1c523b16c05fd72fde59f2eddfce82530,2,False,True
xes3g5m,c4f0222bb238eff160094a3b70960f17f15815ea5baf27856d6e3ea6e281178e,2ed78a4f75568099dda13484221979ba9c26589f90bf56fa39431d66fb6aa291,2,False,True
xes3g5m,c50d4d12629104b4f288f8a37c9fe1afe095e0f45bfad730ace6cf412b76fb79,207a99a94848a9e5fe6dda6bad6fc9d57b73d3e5930b5336aa42274fd48b6848,2,False,True
xes3g5m,c50e2a61ec94f99c5fa708eed91ba0b58ffd3ac6afed21e7ed2a676df1711958,5b8ce13b4dea78f838eef5b7e39272b5573689d52c8acce7b0d249b60e0dc5a1,2,False,True
xes3g5m,c51c5f4df4e27247781096dab4afffdaecc14c3562ab53b9bb0fc622652adc97,ccb94ffa4af76c62849d96cb7bcedfd9e080df17099d739cb1371e9aa59b15cd,2,False,True
xes3g5m,c54e9d95fbb336944b37d92ab5bf5bfbb070db88beebba1a39f105fba8595506,08090fb71cb8b68939c08b320be7e72079d686e34e946d9291461b34434588e5,2,False,True
xes3g5m,c56e65d717999719bace881d4a59ce238e08caf99c6f17b5b2a8345d24daa242,c8eb1b32718dd82420089468b83d7835499fdc6b8e9033c92b2b95b997069210,2,False,True
xes3g5m,c573f8285b1de7ccdb3791c867970e0a549b8659235727f745768dd57734cfc5,2be722c83219936e94bc46c5f8661e7a87cf9bbc9ec09518074cd572d762bd9b,2,False,True
xes3g5m,c577b56a55d617df6425dd54489e96e629a003f0fec425858d2d240528006279,a74708ecaf8db1eb28edcba355680b02f74ebf9c9e3ceb0951ac41eca6a2128f,2,False,True
xes3g5m,c5af00bf7e1a00e8bc195cae02eee51fc2fd4ebed0c63221c50b641d00e961f5,073fca6db410b7eb6270399918e8e3dcdc8c7ecfa204dc7d10680d3930dd1826,2,False,True
xes3g5m,c5bf39f35eee4c938e361c18903eca540902115f7b11f5d2645f9a99e03266ae,f61fdaa3468b282861c85d420318e4bed36e324acb1a8738e2c4dd0e745658b7,2,False,True
xes3g5m,c5c5112ae5ef6759c3d0adcdd2b3401982fdc35494f0e7457089578b978838c2,b1e59a58ca2ed41e1edde001c40d6613d66cce19572836713a302b94fb5205a9,2,False,True
xes3g5m,c5d84c156e78f242f5daa7ad46fc195f8a76373c1c39e1a67a26d204e8df8928,0a0cd5c72e21d8f1759c0fd9e18ed9bce14fa779312ab5d21e18872e3c7ca59a,2,False,True
xes3g5m,c5d8dae5280ef2699665d0418974e70d97941abb31a559d60c9cf91d4f42f99f,1a3e6bf863c016b84426ec77fc7192a4eb7bdadd13a763d9b014665b32594655,2,False,True
xes3g5m,c5f0d82e0e820ffc7aa86b26a408005e165d098fcfcb6e650733c2e73a6cbcc6,94dfdc164d05db1050842af699f109ebe5597339d91e607bc0cc0fc345de3d70,2,False,True
xes3g5m,c5f972156643d54bddabd8fe56c2172b1dcedd7a982adaca5505616e9763682f,8c36b256d9a28523b81193f3512e8c550193afb440aecea3f0e56b18966ed27d,2,False,True
xes3g5m,c5ff6906965e6ab5dc972b434fdc84d9534c976146f27733d58c07715f1dfddb,213bf40a5f878e265ab41ca2544bb201aa16543dcf9108624449516c34315793,2,False,True
xes3g5m,c623bf1e7579881637ce62fc6a86a6638b82eb0a19d509a1e2b764102566b1ac,30c8b8a6e39bd3b7408db626f15fdf73888b8d6df7e703cf34307fea480fc83a,2,False,True
xes3g5m,c62b495bb875f4bfc8b6d1469874e3999bfdc3ca912449c35214289a3b5d35e5,66933c8899c3eedc25d0c020b3f76750230bdc6e0921773dffe1b44e16765c61,2,False,True
xes3g5m,c62c0c17b7b82aa40c0824e8cfd964cc0cd43186065009aa9fb4fe0c95f4cd22,6faae6f07fd19e32abb21d92001f9e479fbffa0de086e8fd5e4459ee2601030c,2,False,True
xes3g5m,c632839c43f22576c8cb950b9435caba3c0226354607b397e4919588b6f076f1,a944a9756036803104c502f263d7776caec297efeb97587b112d397157ad6ea8,2,False,True
xes3g5m,c6377e8cc01269c1c7191d1f6fb6848ea16e790523ea58b884bdaca259a8907a,0ee3deb0ceae86b9042029052650779bbf241fa5190bf8dea615b82201d008f4,2,False,True
xes3g5m,c63df8c6adbacdb9b90c3d478645f16f0e638d33d92d17a6b5f21646e1c57f75,106bc68e3d24ad7113a78bf0590eba12f2fd41a489b53d0de3a66898f10f87c1,2,False,True
xes3g5m,c64cbc409f1eba22461a9f077686334ec3d8cad4b61be78905862e41e47975de,5d333bab3907a3e3619804679f5c99823dd72a197d991b06033d97042b6c852c,2,False,True
xes3g5m,c66051f3dc470752d7566c1cace89b3ebe50150d95f3dc9d4a4bd4e5df41e320,8a3e04a9d35a35e95c22f38a9cec3da7284e979ef9c6af24700cebf6708af0ab,2,False,True
xes3g5m,c660b9eff0ba790b15a49657203ea92675b5684e2dc65bda40aaa6bb3fddba31,ce17cb2caa65763315091f3789c8fd89f77acc4eb5e5f98ecdc1b83624db6530,2,False,True
xes3g5m,c674bddd4d0f63ef14cb05f42c2ad360d9e2cc4faeb36af2985b52093c4e223e,bca849e69b078c6da32e5828ee616e1f629e7b10f2c8fd5c4d01b5df8b5a4cae,2,False,True
xes3g5m,c6884036f60e049ec31f8f97ad861b3181460bde4fde06b43ef7d5be4311869b,55196691b85ba4f23c28b7f2c8012774f8ba05df67dfcd825f1ee6a13d5a1249,2,False,True
xes3g5m,c69c1cb35eddbfc2e52b8ee3833244eef5590846d98e11401a8b50d15a30b046,a834c33b3c30deddce04d68ef60c609a866851a78aca2000253b98f525b09792,2,False,True
xes3g5m,c6a49cfcef2f2a54323f3aab852eabc74880ad686dca85e63460a0732db83d3b,eca2ad5926d47b6f6a5b6f4671fb922d6b4c53ea415eb179a7d563189b322cbc,2,False,True
xes3g5m,c6a65d1d334b0080f017f51722f424af07388f575f6f536ca8c8ca530e9a9632,816dc1df829b281ae66623cd8f56e72ed037a8d8d86d4002c16f5fd960f9ddd8,2,False,True
xes3g5m,c6b5f90cbe077dac52e4ee41064651951905ef5d4aeca43e546035cd02684666,f117af6882e255a444dcfb0e5cfa9d6b48d973b378a4f37d3f186cf0fc7f1d6d,2,False,True
xes3g5m,c6b69fe171d14426e5d184792b6e0bda8aeb880a5739fa17349a2f62259c3229,600b4d34c4c82b76a303824244b6cf8b5e5143d3eafcb518b5553d83fa9ea54a,2,False,True
xes3g5m,c6b777c949d1fdcb3f34426ea1402f2e18551dd5cd73fbefb5793c954e04b382,b1381ed3ce36418fc7f961fe41afb7c5c2a1ef15163c97e1d9112d656de30688,2,False,True
xes3g5m,c6c807148dcedcb15f84835a5c8308465fe1177b9085d2754aeda5456683de77,7bff6c41d1451428c48af7088e348497bdefbb2e40a2e116b46ebb110bee8623,2,False,True
xes3g5m,c6d080f84b8d3aaac2a1dd851c8dd71c55262e2441d75def679311d079f1181d,551e8bb13711043df743bc46aaf3c92dcfb68be5562b4ac45dce0febc4f1efd0,2,False,True
xes3g5m,c6dc70349449790e586aa74020b83139881d9159895c84b242a4239b6a8d09f6,fda871fb15d5f5ece969151703d2ef1ffa69738c7ce960d850ac9874af8de1be,2,False,True
xes3g5m,c6e1875824cf0103d7e6977765b170a3ee68e62560e7666780330a7e9bc295cd,322ed8bbf48eec0caa5e2b7e9ab3edc82667236054e9c7e576cdd6ee951cabec,2,False,True
xes3g5m,c6ec922de1c20fbf3ec4f6a7c72ae00b67019f33207d21e4bc81b507fd1d2039,e7b9a515c5058f20e273d1fe7c3a782701040dd13bc0b99d9017113a42574b3f,2,False,True
xes3g5m,c6f170403acd3f4e1ce989914f4ad48a3fc07448cec7d0516cd1f0ce6e2b4b53,76350a1aff6835a2e9447ebb866a494f7ae0d486734815ddcfe89eb35219e24f,2,False,True
xes3g5m,c6f364cee422f325fbebd5236a4a0d27ff309054f6ec74973762bbc1e2ca7cd9,925382b579274f7cbaa50cd5263a0b9529871aee2439657580fd556c29bf5701,2,False,True
xes3g5m,c7056b3bb7d65915f7dc59cbd66d34122199d076765caeed527a966ea8656116,6951beda3ef91b2a2797f288d41092d6e3922d88dc0064c2e9aa14b87c331dfa,2,False,True
xes3g5m,c709a7f6aab1d52952e92b15a5ddee7c5efd7a9778ccd4d366e2be26cfa4acd6,a686d8e9d252d2b5b0485cb13c09fab8cf4e57101c43bdd21cc6272e6e72c5ae,2,False,True
xes3g5m,c717cd4a3d02a4d4d042ade39fbc5a3640e9c8d2bc35a8fc04cc293d34e323a2,dadb7edf5bc8eed2446bc9cc5c0b2cc0f5513191b5596ca8c498e6a0e838ad61,2,False,True
xes3g5m,c7346895ed252dc1d7af373dabb628a8cdaaeb4d236f8f0d24d117a86411c146,cc8da89709bd0e8d152473374172a2077688b657ccbc82462acfd5881dbb1132,2,False,True
xes3g5m,c73caa780f80fce1d4d808b89735a5886ffb8546452ab5456d572f804d693082,266f5dcacf1ac22e5a05594bf0c3e65336e5e45a378ba35ddc6061b14910595e,2,False,True
xes3g5m,c744d77f1ea35d3a944cb581f809082e4f9ac15e99b3cf36d99b5ceaf33668bd,a36306c4fc0b7735285e67beeb38dc17b1fa1f6e72debe36cb18af26522ef5b9,2,False,True
xes3g5m,c74a9dee975896a44444b35d89dbd4635c9d084b7003b544d46e886dbf5be869,25d4e69378ff86cec3672b8db00d001a0ffb2393b7a9911decb89267ba28d273,2,False,True
xes3g5m,c75e15e249ec96831aed0793ef7341503c9b5fd344c2a38def72113ab0928fe4,826f15fb1a80f8bd626a148985e84e8994b450976cc160696313232812db710e,2,False,True
xes3g5m,c75f24eb3ae56f05c0805070ed98e92038833c55216fe73d4d09ca885216fd29,d91f03a014ade8e4f41bb92b12f2b1276210c9037a8397b06f7780bddff415e1,2,False,True
xes3g5m,c77957b360896865424e82cddc33f8e2cb7de47d2e54cb4b0dfa3bb1c234eab2,0debfb209364a44445a4be6beb776244263811fa02e3214760b1e8841053f5a4,2,False,True
xes3g5m,c7884140b12d02ed2eeef9c0a5b2485b2887427cedc5669181c2a5852fbf992c,d197ca0e5c319096ef1df377416169dc0e2600ebde34a1048558d3cf0996d333,2,False,True
xes3g5m,c78d16ed92993cc9082bf91b6e8eb89c2202d5eb88778f7eebf256a708ad24a8,d8c3ea171fb924f788435cfbaa0388e1ff13738bedd4624c26fae2932294b64a,2,False,True
xes3g5m,c79c5fd27d82a488f88f4a079ae092450ddf74df21ba25085bc5a63ad4a54b2f,2a917125dba74e45615521cfc56a0fbdd54c65ef131421107126eefe72486edd,2,False,True
xes3g5m,c7abccd5c763f4ddc5bccf6ae503e771cbaa3b3753f419cea56dbff8829094e8,8336a3e3ec233657dae896032a4994cd2f272e0911ef88c427a105d4fd085576,2,False,True
xes3g5m,c7b30d3e46c01ec5c1f4d2b568d97a950e62172cf97b2334536f9ac544031715,6b87a4b645242c505b778c3dde5b8347d0ecda2dd2ad5d1735e44b8ec4fa4911,2,False,True
xes3g5m,c7cbe2ab2ed647a6e5dcf8ed807573419c8d56891ec3dcfaf2c6d84e6ce83508,61ec6cd31efe79aa419dbbef56e5ded0425481058b55f9e999f6c474886c2dad,2,False,True
xes3g5m,c7d83f3248dd26d94590e4c743d4c2afac85448563a3a5ca63940a54567106b3,107c0d78853d0378e3b48d62e70f114262973331884f03d1bda98c14d5eb3ccf,2,False,True
xes3g5m,c7de1737f13c38923d1fae2fa4ca5965ea7da23572d67ee7385b68f9d3b15ef3,f93ed0852b212e6ae645e1b79254524a63086af120f7bd072d48a1fc7ef244ba,2,False,True
xes3g5m,c7ec9dcd51690d835e3e0240b9446b5251e8b2a2ecf9d3d5d6dcf36be9d41bc9,30af5391037774a7f8212b891cb3ad29c697a3d8f9f4333cbed8e2912bbd0b44,2,False,True
xes3g5m,c7f3ca4fedb2111ed2adb238471e288f036e354db87613cdf8ec1416a714e642,da312139eeb17a1a63bee9f9d601269968ec2e84d6e0e9ad84996fe2f1563fec,2,False,True
xes3g5m,c80a4a1872f5e8534dd874e44a1c6229441132668563a96b0f09d0edef470364,1351c5c36b239c8c482969c52c2ac8f6bf3c1db0ae62cf197c1cc6e3fb65f76f,2,False,True
xes3g5m,c80f1712854986cb162727c38e82f0a7e48af6542e8ea12871e91634c8262c3c,e0fec39d42d717b5e63751adc9bb3dee206c3b6dac5358d4443530dbc60f3a68,2,False,True
xes3g5m,c815e4e848478924b00b54da57ad9f56dc19e04c7dd6209a5bc542fbc3fbd785,cca11ebe09ee8a716c4bb927a7ecbbebea493aaae8ef05b4af6b450ec8491d6d,2,False,True
xes3g5m,c8238a6f079b76ebec52b9046a54a15170a4d0131d00ae4fd3bf3580e914781f,2fe8ca2024c82518993583143dbd0992687cce5a0e2f9dbf4586cb04dd4788cf,2,False,True
xes3g5m,c8243a74ba963781e46be77305d92cd4cc6497883cd5d2e84acd93d6590b8fd8,ea6e11b437fe08c67433df7ddc31558153116bd095c8e9aecd736d36aaa2297f,2,False,True
xes3g5m,c8310a67f257cdc69789dd68d4b2f1a05c56a4a1d52d1eda99bb03ff092e1370,3e7c24b91369f0b9623133fd8a971ee1719c2f6df2d8383e72480fea8858849a,2,False,True
xes3g5m,c8766d67bdb949baa5afd2cc137537ed19be0c6986fa7a7d49b315e8db26c7e4,b75d3eac27dc3590ae4f4567e3fb692bd2a9ac5ad0d6885f0eaf9adba8f8a306,2,False,True
xes3g5m,c87f4da4944363bed93547fcf326e02ba314d707332c7fb61a7d10f378ed5950,3b3999974cf142fee72769f466e6c1602c5d036069db2e674deceba882fd830b,2,False,True
xes3g5m,c8876cb5423c1f3a89074ca58cfb5a899d357de1c75027b14b4d003a1be8e5e6,ff8ca4c641a9d0616c499744dd31e0c78d76e4874916a91451cc20f6c97aca59,2,False,True
xes3g5m,c88e5b3aba9bd0fcc8c0a11d7d3a3be2cafdf1217abe1bbe28068016f8f3b3e9,e3e2acd8605018ab316500532b8e510fd527d9d46f048fdb1030712b93eaca1a,2,False,True
xes3g5m,c8929379c234e76af8162c2e34822f45c8d3e23162ce63ec5a6954e6017a31ee,a56611fe3edbaba3329c40af54e726d281c504a0c82d63966ff96750402d27e6,2,False,True
xes3g5m,c8942f1b38e09662d0e86761716f6dbb418f1565da1b1e810c082cf2c14b68e8,d14480fde83d9f82b211e266287dc659dafb2e2194ce3ac519080352f3d62be3,2,False,True
xes3g5m,c8982c12d93c408b1993ff3f1fbd0437511227c1dc49381110c722871bc8303a,fed6209d88c05f662dd1aa5a9bf26518034ce207b9c642a1dc35a083d97ab358,2,False,True
xes3g5m,c89d92e64c59338fa45e40e0931c314b44ff9e0877a5c85367b8865c72645bab,4dac421190c43d22e20b6ca5af5f56ae8ac7db2fa6216d2316dc6d6526fb2d03,2,False,True
xes3g5m,c8d2348e71e4517ff251b2a2415bef87dad1e2ab6b3e1561023c69c7c4148c45,1ca24a107a0de2851b8a2478739d8e64fc5a08a9ba8ec22b66228f268ea9d18d,2,False,True
xes3g5m,c8e3de610f0422a8e9d05452abf31761b44eaa8bcc5baa7920715be120c64a47,2b35917ab6144ef80a1b04ff90c7c07fd154962eddc86fe7fbda79b8faef32b4,2,False,True
xes3g5m,c8e63a54967da8c86c3879c186e702e7e7041a7a08ef22391d7fedbcc96a0300,0642837faaf672defbbe825f364f6b778f0d87e0e5179e1bd77bfc1eee7fd0fc,2,False,True
xes3g5m,c8eeb8f316ca4d10f674f78169f96f0ee3d4363a60ea5db5a180b8c656939f39,f8a800e574e5e363a25f81738e3371f356c95606f3722460e8372cf7e68470a8,2,False,True
xes3g5m,c8f3138886f347103ed202e947db781d803f347b7f4127568b5785d8da30dfc3,7f29c1166b674004c9943768a538bf364018fcdc54afb924f2da3498923568b4,2,False,True
xes3g5m,c8f37e6ea7a5eff24119743c9f041b0f1e217665bd5bf963d8801a750dfb209e,fc5ac74305d428c2840c8df9cb15f5c2839d6176c3228d316bfa4bc8145fa924,2,False,True
xes3g5m,c904edaf5a7ddde694efeb46615aabf5cec5410c98cf0316ed2f1272ea2601df,46a900190ed731e83d51f29a20f8f59f32a96724e77b9de11f847189ac4df5fd,2,False,True
xes3g5m,c90730881c6aea83b3e363cd068cb93c083e07b94e8f0344d57a8527b8e41576,c5716908e099dac17942d6317893494cf63f37705c2f069453d47278c8223d53,2,False,True
xes3g5m,c907c6ff2beb4dd928ba141df9e341923dfbe3f8a5e47b7c18c720fa2957238b,2b51ea3b0c1069c01f95208f11e3209c925e04455b74e6e33c1bd0804222dc08,2,False,True
xes3g5m,c913981583b51df1b1fc2596a933edc75ba7b90adc14cf1b5501f351b25db9da,9d7ef18de3f4f6d3af4272b700649b785eb77c54b05c900de417db8f29938fd5,2,False,True
xes3g5m,c914acbd42e52f4beb4aac56aae6cd5948e571dd488278d37214754c3b06db5a,e5567a04d945d756c53c3bc8f2070fa79194be84ad856d22a043b125809b03ae,2,False,True
xes3g5m,c929a39860649e8d23912da3fedd43bb9c30e050cb1b4f3336f1eccdd3ed23aa,87827e2979a54a341cc65d166fe0231b450d8fde37e40717b37817a339c04adb,2,False,True
xes3g5m,c934079ad16aa415fff5ab4865b30f1bf4631c45708bb4172966991d99de59c6,a02509a1d54fb1aa86702e2adc4f56913b752613e6dc4328326fad6f9177f1a5,2,False,True
xes3g5m,c9373fb2ec2fd05e69a74f930c2e5ff769fb434ea482d8bf6c331fe0687b9ac7,7c09d6edc8808a04e973b1b885079355b678d66b40c09adb9de7412b51b95f47,2,False,True
xes3g5m,c94032031d9ff1e2440b32514c2975c1d0311270586288f54999f07cc684d05d,dc4f1f939c183c478dcf7590e304e94de1419b536653e9f9a0eba79d6a48fc15,2,False,True
xes3g5m,c94a310728e8016f90a0f44d84c0f658a3ab7e98744eb5b0ea7911cd22e742b7,dd71e367d72671c69d7e06927eba19381016add962df26465a8067d90ca4704d,2,False,True
xes3g5m,c94ec54f9cfa2e461b040142943960deb5bcdb22a717d71bec9c8920853cad0b,2b936c76dc53ccd7a93edeb7f0b928cd6c4c4445e3a62a559a5aba39b57155b9,2,False,True
xes3g5m,c9574f2cf5e1a7d99d9eb30c93a6263bfc68b6a1886005b4a3350f3d83474bb5,dde46fc7cdcbddb780ff31166f47bea4bbd3cba21bdff3b3d20e0cbf65d179ca,2,False,True
xes3g5m,c9580c4e84f8677db68721a78b7111a349a759b9a9a2006b9f8d79cff11b3238,b5dbec9cc5313c53605155316cbdb82e68fea12492e4269522d1c49fec458187,2,False,True
xes3g5m,c959b0d5810fcf8b39bf12fde2e9d1524691186d37d61f041474b6b0d0f89c2e,1533484e43d9990176de64491b9f74a4e093c2c71a6ad88b2189e6bbdc16d9b6,2,False,True
xes3g5m,c95f1405c06f3da93bacccd0e192235c125cc286a9ee02ab33323c3f8d3f70d6,d06f76e2b678c66e4c9ba87d9c829f03bab5140eda39869400f2a9147ed7993f,2,False,True
xes3g5m,c967566babec1e25473c5b3ec9a34c633ba0cc7792b5d627a82b94c79b25a067,5aa1fb538a8eb141c690405b8a5efebb0fa9f73cd4d559e9b7fb08f7f94ea196,2,False,True
xes3g5m,c96bcacce9b34efbc1729b3c74f2d92de76e6ab50a6f952a6a992314b4641249,3af152ecca93b5d68cc24723005b99279b8d69b532d56cc3c6c87d5b9820af1f,2,False,True
xes3g5m,c9851d0332d64eed8c68e6571c36f981b4d3fcc03edc93cd2f1c5c6948f42709,c455bfbd6fb05f4ee1153818ba298b9ca55b99774772da07c12d64cc8526dcfa,2,False,True
xes3g5m,c98b06a78502c0aafe40a00d7b5c746bc679c603668267f49659d800bf7a4368,1f69640e7b5adfe33853b20e41feded12b5e7e9ded87a9557b138432518b8b53,2,False,True
xes3g5m,c98f43fe1d9bbf9c827259cd414accb3d76021f960298b2581300a845ed84598,41eeac26f8c9e3b5e0bc9124afcc0487b37800e8e930c9b2b8f9429fc3e8e060,2,False,True
xes3g5m,c9acab4c1b30f0d19449c30f5ea96f0d44ff4574fc668d983fd48129684f1db4,9484eef7d3352777b4b484469d5479a9d288d0ce5a3352efd1b67d9015e47345,2,False,True
xes3g5m,c9ae34d3385e853c5ad0657df374f1b29bcccaf56103df99fbffdb084ce1f2fd,eb7ef637264333d2c500d0d68c16804523178fc1034cb1c52f1aada563f17a1d,2,False,True
xes3g5m,c9d80ae08d51c2e812cc4afea462c0846a6ae541b6cce725bc8eae793d92473c,a0418a4c000cf356e2bcac9efcbe809f4e69912f6736f2a63978f437f0cffa95,2,False,True
xes3g5m,c9d9fb901a9c3f9dffd31f81f3ffd161b22ea46b90f0fcaa76dfb5ccdb4de411,4e05212e8f82800d1ecd9a57e69a8316edff8e5c6fda88d20020f4f8601f3984,2,False,True
xes3g5m,c9e314f69f64e79e7bd8ace828ebac2a689108ec09fc81fb60a3beaf57ca9f61,f16d13a99b415df852052bb3cb7c30b14664103b8e9230f75249d7882edc479c,2,False,True
xes3g5m,ca1bd1b99b7e346ecf14dc6cf5c128294aeb2e509a6f47b9b7d25a3cdae39c4a,b0a2fd34a7962634226260792674030bd1c7b949eb5e657ed9b707209e34087f,2,False,True
xes3g5m,ca3f6e00308b4d6740ad130ce0b1004ca8c64ebdd9320048b90ec9cbcbf85f64,a847cd4fc15b8c1345085921aca381681be531bdc45273054924b03ace13ff9d,2,False,True
xes3g5m,ca447e5d2c4e31ff2ec5afe06b9a958ade20705e0b9c5910a746bb097a60f06a,db5b13597eead4f6957be509fe31f48b87002e04c7fad12c73b57fe9cea95e31,2,False,True
xes3g5m,ca545f1a4ac6786e8d00229ffe1f4f0ebb6273bb858365d03da3fb5b383264e0,cb69f6718cdc8c28a2f794c591e0ab6500b6f946cefc2a42c52a45084ec96d0a,2,False,True
xes3g5m,ca6f3771bdb9c8d9c7e55f2e9becb9d929af87ded7e6afc02ee48ad6c2a1d229,dd5445bad1517a07b77c2af38b1981ca7beb970850e2c76e2201df1ab5c132fc,2,False,True
xes3g5m,ca6f848796873ebe5b71b1ccb1a172c3ecf7f4dc82f5c14d5528237f8a14bcd3,b5ea01c9017034db7d899f71a1b7d76323c481cf23d9f7f7f5ea2b311590d547,2,False,True
xes3g5m,ca706889a9306884ebd0f1d9be2f8e562105970ace209533d953a64622887f34,a6ec7fb9c9770b97e3b35df98ef011be281f711562e0bc718c0e04086be5b4ec,2,False,True
xes3g5m,ca76995f4d65316204570e5c1793e4e2b7d7f5cabc71ac815d4062dd096dd3ea,3be99316675bf5829c98e7cfee4cedcce106479952c6d759b333450c56b86410,2,False,True
xes3g5m,ca7cc925ac419466995d5d7fb12403a7aac27b9be6a4609df7a0114737dcca2b,b773d75150353ae56cfaf286f930f00919a2d9b68857148ebcff6ab34f44dbee,2,False,True
xes3g5m,ca8474f24b7121a29cfea8405d3e3f36e347fae998ee547774e7ea2534588a0e,e909f408f857e26d89a1e5922d22f3922503ae3689f3ee1ced869cff90edd09a,2,False,True
xes3g5m,ca885d43d3d7c5ecb6fa1df34e3ffa3f534a8c64e8c079afc3054eb4d6756e68,686acfb69f93542aee65ef0f4fdb7d188a4df833efe9e7cab8d04f04f68150af,2,False,True
xes3g5m,ca8db2033da3eb705fc61a27fd4deb0b3c8d7c2c6979ae94e9a44b496741549e,f4afa1b05b51d2ae9fc5aa37241ba4f8e8d23dbc896957092bb56b341322e641,2,False,True
xes3g5m,ca8f187072bab09d25c8625cdea91df4a9a4db1110296503e0cedc36fe084ec8,1baac4ef7c052026774c8e812da7374930ce744c27f66038347ad8c80fc26bc3,2,False,True
xes3g5m,ca983300fc2c303647d50332ab3845ee0d64f771165820bb4fd416cb9a50ecb2,282d6ca2ecc428b948fbfb4c639efae37992b4aaf13970fef14d9b63258af164,2,False,True
xes3g5m,ca9d552ec8cb4b8d53aeae80d647aebc4ce96b10e58bb7ab74f38059b224b009,df23e8003620e41fafcf2938780c0f35707f1f834f025deb7273d9631d2d24a2,2,False,True
xes3g5m,caa5119833f1425ab75aafef0fd292d58e59445671d7cd3437e0da1a42c43aec,257a7f950852474a8a90c86d65ae5970b873ba3c686d3be4dcf4b8eb4a9f460b,2,False,True
xes3g5m,cab7891823f3ff1131ac61c8c5a2bbc9f1f864fe0a1fc5fb69dbbc7958346a1e,4758cb3298ed0042bdcb20b213cba484dc24a70bdc294ed0a364681223d794fe,2,False,True
xes3g5m,cac3c11198765df50edfe6931967e92d8a403a1cbce8c04d581a60fe6df1f2c0,b1208da2cdc778322bd619514970a5ac85fd910349a79cbc49973978a5b8a5d9,2,False,True
xes3g5m,cac823f6cbbdb7ba71fd75cef9338fb1dbf90e7cfcd2f2996d8b595f93379008,73eb0eda1104b3f5fa831425c314676901e227aa6ee45188f89835405aef4be4,2,False,True
xes3g5m,cad82390a332f3126794f00fae7de5e3d535165a99711d1603b0308423b2d4c6,ce7c47de5894576f3886a928b32d1fe6e4d5e3ee9a6ee9a37e6fe02fb1d753f1,2,False,True
xes3g5m,cae0e53d88b2c2a88b7cb82bc2b42762428e865978fb496abcec2e2718309a9b,c2f0fbe4b7cfcf2c2a59597da1d9eefd0b7423bd8aa179f06e88d285140108a2,2,False,True
xes3g5m,cb07e29f12e57db98f850dde7c20e1486a9cde5b896111730383d2191fd27447,006855e44e6ba354a04e2a9b7e7cbf129d55be60dd1aa1ff64075cbd33597d9e,2,False,True
xes3g5m,cb0830ac58eb2068f4db72c0cf75f924e4b4f9b60541bff2570b0255dd846bc8,6452346888ad7bd0735bd5301059554aaf18ea83a746aac635370989b904b92d,2,False,True
xes3g5m,cb24ea4579d48f93af43e93b47e1990f3bb92abcb575ef4c1c3ecac333720f67,789bc0446d93a556b7f5b533a2bcb5007e1e7e1cc26a6765a5d35249f33f3c36,2,False,True
xes3g5m,cb269bf6e767eced98988b746b1a717ce4aa9eaf01519bbbf19382f5edbbc8e3,db5590f10f3548ed2ee8483930b8ebda4b327129c8640e0397d2503bed068f54,2,False,True
xes3g5m,cb2db3678201ea5413f903d88f7262f18e3ad5b1e018cddd40ca48f6d7da8994,af62dd700858d54d67e98fea8d4e2e730cc7a06bdf9e1fce545e3d30bc9dff35,2,False,True
xes3g5m,cb31254fe7d05375bd5466e6e5a1cabfa49474e56c42400543529606800df095,5a3bdce3c1704c50a732185ea0a6eed05e81bdb2a752fa2a8326d1a7f6fcbc45,2,False,True
xes3g5m,cb3269fe894c98d96a14d89b2e43f4bcb17a990622b6cdc0325f8598a4dfac2f,b19ca2e3a4eae2f4286ff0fcd9d841d0732d6573cd69c7a8d5b20a61c803675d,2,False,True
xes3g5m,cb44d8a0b8dc14b44c455abd3af7a99e5b6637de72ed6e36e1955fe86a51b5d9,4f1e70b9b29100f5217411faf0f4e41fc28306cf28e63b1a3dada9a215df6995,2,False,True
xes3g5m,cb5909af310abd5741c276cec7acf8c5f648be6146823960a5de6d9cbff687bb,9e0759c7cf17a970c570f9bc1f522e81d255f935dd2d7c009b6f66780511f46b,2,False,True
xes3g5m,cb76342ccb578984e9333b956c63755606e65148ba287f3ad924798086a9421d,30226c59144a8997d1b6f32f03a8c907a0f0c509edec04301be4143cb21865c2,2,False,True
xes3g5m,cb82111dec8a1cbf0f0577a5ba55d2926a6e58dd842f9f25cb482c86c5efa509,92ab9af6f4a56771b05427fd1c89d6ede7fed5e607543ec0038ec863d2506aff,2,False,True
xes3g5m,cb93594741d8f9c51c8f336b261a90404a5d6b3e897e14e8d1d8841f0c0d96d7,b0c7d64b9b27cac0f90613740cabd0bee7543bc0194b01fc3e37ec7fbedad71b,2,False,True
xes3g5m,cb977bf927636e7d27dd650929e67a041eccbe4448ab32abdbe7c2496c5b0dcf,24b0bde8573d1b48c84f37e429cdce7786c17fb613218a4dcbf682bfa4354352,2,False,True
xes3g5m,cba4eca9a95fd781fc1b528a70a1d4c85add00b86cfe595478f16c21081267e4,0f528046be33972508b0cff82465be7580d0ecf4d83c9d7416e0bfacd2954ae4,2,False,True
xes3g5m,cbc1f538d9b920111260fdb58e44cb08d8cb7edba05bec744c36e5b5fdd376bb,b58ffa905f2d9045f53b8c4c865f60ee1f0c8a11b455077ed1ac122403cdc828,2,False,True
xes3g5m,cbc5c380239f0a07d90f9455e261ce98b5aac4ca773f5f789f456c235eaf4a85,aae57451ac072202bc8a72ca52f3f20f6f4d1795019e6b7d3422b3e17ebb3799,2,False,True
xes3g5m,cbe59a610e60d427c75c232fcc8dd44d6820b884a65dff71b42f7f7d0ca6a2cf,f7616b7b160553d03d2f49ee142090ce98cb69c7114b50f1aa43fdc3bcee0ea9,2,False,True
xes3g5m,cbf64df7d60ec01782e0f14f2bd0d540c7adff220af5cb0963e0507d865c5375,fb8ad1a3d7c847fd2f2857d78a3657bb1363bd57f428a45f0e6c9d934ad5a11d,2,False,True
xes3g5m,cbfa66c5ac07a477fcdef0d2db7b34fe6154da917e523d1788040bded7b8e938,601430cf02edc6812229c1faa2f84ddb5cd9237c690f01f36be6e88f3d5d1657,2,False,True
xes3g5m,cbffd506a9ab8aad696a308afeefabfe2725133391e2be52283b98ae00667a73,3d113b82b2691ea5428090d5ab2f69f3deb6e8847faa4ec0d1dfeb22c56a3392,2,False,True
xes3g5m,cc0926f6ead2f3c9d06ae15db4ec0accf0bbecbad92e522ac5b4b7f6e65c5cc6,7474a3bb689fae13ab763e7f77328d89c67c183d643dd9e6014a5ba72c90bd7f,2,False,True
xes3g5m,cc0cf9073d353e030cbf1f53fd39c9645c3fc700e98ccfeea465c306025b28d5,0ded0b35cf7d796b00050303fa73f01f42dab5ba90fa9fe8a23571bcb4d92ec6,2,False,True
xes3g5m,cc138b2c0bbd49574d88404d988210ec01dcca4ddba34a65eb5d655bded5eb48,6e07b8787c80eca4ba45cb420c75dc7fb84aaf58063048be99c0636bc0eaba0f,2,False,True
xes3g5m,cc189dcfc53bb56af4b3e90e99e5d16cbc0a131c4ad6ad8cafef2c32da9dd83c,8426f528d8b0185af19f39cab4bfe95efa6665cd2d736706e10e399a358df1ae,2,False,True
xes3g5m,cc2955752e2e9e157c620c876f7b3be813fe54de03735c5193ef02951d71c608,88ff370312bbfc6e8d82588be8b336a8a326d0586779f6e095fe2f323d8bcd66,2,False,True
xes3g5m,cc2d5fd5e11ac5ca05ee09c799cd2694de03ff61540d8f51337b5d2da7ae23de,0e37f40c62faefc56abc4077c0f180c7faff64d2b238de29f9e389dd52efdc4a,2,False,True
xes3g5m,cc305ae7fb0c7720fa527aef47d68a2850aacedf23ebf65417b860c97345ec42,6a1d206c267b97d48ac945aecdf1945d476f493064aabfcb04db9622d10877c5,2,False,True
xes3g5m,cc3301631097fb9502fc004138239b276c18ae9326a3260d0a8c0d8b285a4c98,d69424ba924a0623112cf1d74475546b8510509bd6d995c0d089433cf0903e3c,2,False,True
xes3g5m,cc357719f40ca8623f1c1baa147763a6d4081b68fb5ee0751972a107da387d64,fd2cf83ac3f2711bcf1351f8eadbf0e2e5b736e390cb451d05e7577c6ea004c4,2,False,True
xes3g5m,cc3dbf02a19cae8f184b866653e0557da9ec9f9c35af72d5440240d4ed345059,3113fa5837d12cab6df51864f217a1c554d2673bc73d65a06869c555dcb6634e,2,False,True
xes3g5m,cc47e5755a819f33995eb2f89655aabd34dfd877ab64b717c05b0d59a15ba91c,edc291f94bae145c188a76e034a72f866abfd9b9a84fcf8c0e717a1983117dd5,2,False,True
xes3g5m,cc4e865ac95b496fc8328683fdbfd8090baaca84de51481c6c474b7569d584ca,2e7ee4545b114c55e95d5146eab45791c20be9090f94c45ce6f4a04e5bc70f54,2,False,True
xes3g5m,cc6356dfb6883dfdde3bdb04e81bb890b6567233fd3fed30ee2e664071c0e39b,a7eb77f5e9c25f2a2d9d39152a849303749191039c94290e51b03c8eeac69d5b,2,False,True
xes3g5m,cc6f03fce3e68aeff59efb7c1746b6407a075271c666819c83b1cafd53b53078,f73c895068b4ef007998e687a51b7a22c24a70c4709e4c9f00d8e48353646ff5,2,False,True
xes3g5m,cc7840eb1f36faa808f743fc5871d73d734904020b4a803dbf6c79d7cf76f750,f79a18e0a50ee68eee69e714499855c1b1e291d97eb5b2b755bac84bc5f1a57d,2,False,True
xes3g5m,cc7c975b40faabc0550e59da59dd38ce0f4bd724caee22d21639dd90462f1bdb,eaa28eedf25e309b4eec9e1580a841a37f625bc2699edffcdfbd21948568b2ce,2,False,True
xes3g5m,cc84bdb3603d612156169d1ae5726efd9a148b83ffdee54dd4d188730ac25a42,e47ad88be7a34d150aa76ec65420d8148c308dd9f6f01514ac90a90ad84c2839,2,False,True
xes3g5m,cc85b506b736935bc1a46d75630b72c95fd9810fd952506831de7cae886e4d2a,f5cf780076395095269fdce3180af7a0e77c8f6aaa1f51ce56a287599860c9c6,2,False,True
xes3g5m,ccb2c57b1a4c36da185fdd59fd8a9df17e8432348d16254f749e9df7d9076257,a80c5064bf2e8a6abdf1ffee666edff1ec10e0fe48f7145f4b9c406b0f05595f,2,False,True
xes3g5m,ccc4224d302054d5c2dcff87063f5bdc33b977dcad0995f0337d194e22a43c91,4a0c6450a1842fdda4bee556bac27bc9e823657b311f72b90ac80585785d50d0,2,False,True
xes3g5m,ccd2c035f63f70ad06f44636c8493687fadb99459f1ed44ab1e7999e61bef3d6,0f6a08391770c70b9813de34f2b7849861e8a4c2cf4c8d1f9d265716b78390b0,2,False,True
xes3g5m,cce74b409efbbb5171efaf285ac1ab1b9031d5c9fcca2e450bdc272237b11dd6,756c1c12bdf1db5bf858d81cb6d61965f6a9452d8a2ae88d2255a101822b2780,2,False,True
xes3g5m,ccf08896d47c54872db85a102985334f924e71a89366d849974ef686fc2507a2,4766003ffd35f95988e870b7fac6cc7ac7e5fa43a445f5ea13d37e1a7a4927b9,2,False,True
xes3g5m,ccf55754ce219b6ea21719794018216a462283b8ad3aaa5bc3fcf6056c1ecc47,106371b2f07dabaf3c15f1af0edcb7c1fb20b3d5a9e303226c3d3a8d6edf99ac,2,False,True
xes3g5m,ccf863d4cc887355138bb492ea2fc9af6ab8a15c7f2bd35800b8d3fabf9166bc,bdc01c2138c83336b9a6da1a8234183baa8eb962004f2cdbfcc62612e42cbdea,2,False,True
xes3g5m,cd05ff32077b9f03bec52f8ea9b4e61ffe63771b6d92e8753a6816dd9803c820,a28869b9d82399a78bbb53979eff6559621ed2c81d7b3a1d98aee6d2f94183c4,2,False,True
xes3g5m,cd18ef8a2bcd92edb801e75cfd9e92b415014ca2b81196e52172f65e631ffbe4,97b23872f5768fadd154f1fdb711b7b4288fc790a5e2bfb75df319a95de83d41,2,False,True
xes3g5m,cd1e6219fa13febea19fb502049a432888613465ba6fa50bf6d0962e48fff1b5,05ae93c14639650b2390d8d9157319dee0eb461ce5814fa0180b220f98d30af4,2,False,True
xes3g5m,cd20e640996c2775125d8f43fdc3a7605f7c150342ba374e4451ec5193fc64c2,59cfbd58db40a08a0300a9c69e73cb7bd40ec48c5b409e9d5a70b1330b45fa9f,2,False,True
xes3g5m,cd2ee070bb9777bbb2d34b0bf214463b1074afa317f9de06612e31f07a7034ce,a6cfe04ffa9465f6cb4d020f4ad3cc7945c7f496656424fa853ec37ba0e73497,2,False,True
xes3g5m,cd310910135746089fa1798574d902f206fa0470adfe32c28caa96c58715533d,830a76aa9591acebb33cced7b31384c879bc2d27d00578115b131b6efdc24ac5,2,False,True
xes3g5m,cd3455a1cd2345373db3e879b605b2aec8fbc8b7ce9dc82db1824e9790149675,24f93c3a0713efcb442626d873c2d8fa01507318807d3f8acec070f1c05331a2,2,False,True
xes3g5m,cd3a71b39d974e346194c5eb2ba99fe341f8c6345ac06a64c6455a2b5c5a2b73,2d132f5e47051b479d51524fb5134d201cda23911652fa4a3821224343c3e250,2,False,True
xes3g5m,cd3bcd3fee4f59fd6bdc21c9eac3922e82b5c4c41314bc822194504918f6ab5b,b5e22f47449c20b8c0ec3d920431d54178a1447bae015a8a0a971e16956d8878,2,False,True
xes3g5m,cd4325b426f6fcdf6185d3cc60163a47ea311e7e4e430837fbcaed7a324bcb43,39934e6aa59df18d444c727dc6935d77a9fed3ae7fdf4cb5a9677645f1cab7e2,2,False,True
xes3g5m,cd4503f40ac00676b12d446bb13e171dabc44bba1911ab9c3bfcfd9c1490a65b,de36bd99e8b03971c3b3c7e9bff90d293b7d9e0b17d4dc3f58368d592ccf3837,2,False,True
xes3g5m,cd46612a58aca2aa89431b60e899da986ab52b32eb99572483eec684f47cd087,33edaf5a78dc28a2da757e52c8fe4746cce88416324f20e1d14bb09634346a26,2,False,True
xes3g5m,cd5416397555c73922066b6044362396c18adb0657a05baf28abaac0ec9a080b,2e7ee4545b114c55e95d5146eab45791c20be9090f94c45ce6f4a04e5bc70f54,2,False,True
xes3g5m,cd86909c91b8ef3f7e990519d5903f4483fc7d06d430677a92d565537fe821cb,8659976cb10ad1abcf36b3421d196de156c43703cb623ef5e8c2a6cac2350cd7,2,False,True
xes3g5m,cd8c0d10e12bd05660045e282737d7f57096821f80800c584091737779ec91b1,11f1e88d19292d09d38635ff74b4826656c1b52c2d42e280f1c7f83ce8b41955,2,False,True
xes3g5m,cd9f7f9b56b4523b50a556634f5bcdaf7873e3f3c8b90c218950fdc43b2863a0,972208448aa7e8eed318a1c22942d5ef35e6f00d37b55ab9dc6f0f5d3f61a4c6,2,False,True
xes3g5m,cdb4fe5add698ab5e32b8279905f9ea39e32e149c7d65234bf4799a828e2f13f,75f926a659731ab0ccec25613c9e37a94618d71e89e51b0e158ccc8f05c33a9b,2,False,True
xes3g5m,cdb5316f6f78319579b323261d372a056ed7cc0d92b02917461666700840e333,ee4a86272685bf7b0ba553b4805620e235bbe31084685a666427e2d9c1901d16,2,False,True
xes3g5m,cdb56a002ea1ef04eb4abf046615c00d122732b01e4431b229288f2fe2544305,e9c43bc3be527e054f209333c339c692c8b2f887bb0067a1b27310b61aa4e7cb,2,False,True
xes3g5m,cdc245fc32bd537946f38ae4cf1220ce1ea6c9f12bd0fd99872b73c0310298bb,c4e13916006b8e37cb2e9cb0e2b04a0fcdef01cb61eb8605501cfef1e61c458e,2,False,True
xes3g5m,cde262d619cd1af111cd2286eb002f5a9da4089492ae444fcdf80d71fda09ab3,3cd7b1461112e52a243527527d5539a34ad89e5356391e32add707e453396503,2,False,True
xes3g5m,cde421df1eff71a95ce9dd72bb858a554b8bea3b3ba50cfa6e3f7ca76af3c61e,a6bb9aa4fc8abc922eecf6b6fa456d151286eeb91937e1c6849d4617cb3426e4,2,False,True
xes3g5m,cdefe1da549e9fc956cbc4f25a5e3a26656a2690a26a7315587d0a36407c106d,74137c5a1690d1d75a0b1c234fc27bd9ce47af98e567ddc34a40aead03845e77,2,False,True
xes3g5m,ce0828f183c0ce8f014ab376d2e3324f92287396f1dd2ba2fb0f6be72aae48ce,1baac4ef7c052026774c8e812da7374930ce744c27f66038347ad8c80fc26bc3,2,False,True
xes3g5m,ce1b9ce16f6423f8706298e672e881110bfdaaf6bf36927401af1ab608a8100b,c845466b0430a8e905160118d2281cabc3eac21e405104a1cb8d79d5dd397880,2,False,True
xes3g5m,ce1bc0fc918b0f628e6c7dbf5c593e43c0fef6600026258d1669d840380c3b45,1f14bd5cce7bb5656aa46fb76f54d6d81397a4b8ff4067acf05ec8f48ae6c0bd,2,False,True
xes3g5m,ce37a087e4ca49fd7a515fa21b84ca7ba39f91809fa70bc768a14b89a82e1228,9cc4603670e42111d7bdd96970bbf57bad89dbaedcf0772d3fc99f07f13ee0eb,2,False,True
xes3g5m,ce51510467b28d4e2a1a8b6d2858789174c3e339b32afe578b57ffbff56c1ce0,8c476c0b89f85bdf795790241c25cd0379b29edf565d16549b60baa780e19446,2,False,True
xes3g5m,ce5157ec601e2641a92b1532b07dddd27f76590f65f1ff8e02e8ad4d028080b1,4488b7b0a7096cf399efa44bb5038a57346c9e4b8439a246643714e277ac12d4,2,False,True
xes3g5m,ce66fcd9636fd440ddc1248b7e8a422031c11c0a18db9d75b73375233c6cd36d,9a73ff9e12381c8c40bc3e79e2ecae4897fdc89e97051b521d09be2be3a2411d,2,False,True
xes3g5m,ce67ec6e5ed9b5ef9d4e9ce7d151cae23541b5ec9acb9ca501cb87f58884b07f,f19c4fffaf9154218b78919b67a97786bcf7bd3ccc8172b63f89cdda68d6b6f0,2,False,True
xes3g5m,ce6b9b5746384e11e8326352676247a4d5ae7d299fd37dacea3c4c24e34b3e22,22de0eda708753760e4ad93bd86adf0c3bc39432b8b0bef812b2e5534be1b8e6,2,False,True
xes3g5m,ce7055c83540a4de7e53d496edacc504cb892ae4b51f53eeed0a62452b329a5b,c742c4e35169de114a387ce474e9714bc3b74be1e16d8ea22959f2d8d725802c,2,False,True
xes3g5m,ce7221c2faf6fc0a898ac8fd6bcc222c2ca9ee4c1d47cf4161d25042c5052174,ff4b6a5b0deaf0137c7f1cd7e7dcbd7caab95aea488275315fa0aa9819007523,2,False,True
xes3g5m,ce7604fad4617755739a013f910cd8176e46edc4ed36a5a6b50a779f15216b07,37108952e2b116ef2522eaf1cfaabcb60406b2c7944d0bd5ec7de523bb8569ba,2,False,True
xes3g5m,ce7713a3c61e0bfbf3018aa59c115c3d78107e0600e7a31fd92b46a0a19c9275,809e9845925053b2e1408fd2e8f21373e59ebe39a17146477f1bcf761cedf0b7,2,False,True
xes3g5m,ce78d01cb925c904a928b4edfeeaf32ac62e4bed85e67d6758ccf072eaa7303b,94f42ee3e98f69aede5919a7ba11a658cf4970c1dfdc476429772309dcecce30,2,False,True
xes3g5m,ce8241d184fd823c2d479449c5dbee3a0a4e5207c139a18b6f876d64b88afe20,de68224a755638624fac3f4b92e53ae92b37c4a0982a6819a79494216dee3a21,2,False,True
xes3g5m,ce96738f7e202d14c9a3ee9bad9723af5084bbf52ab359e06db4546f7482e9ee,c6ec30a252bf65a3695bbaa3aa3bfbf3625de5ff3194f8fd66e48250b3b3e14f,2,False,True
xes3g5m,ceb3b67e5177d41fdd69f9a6262788278f255a03ac3d7f2ef0d513b7b3ddd5bd,a3460adb625c056b2305a2777635f49d5946f663ba73d1c3b4649387b7793ab4,2,False,True
xes3g5m,cec72ad5a01d6ffbb88d9e3cb0dc7530abc16cc78f9103350068604beb27fbf4,015b23181274b2f371a9f11c039dd7b8a1898ae42749d83395aae92b1707decc,2,False,True
xes3g5m,cedf58aba1140dbc4723e5396f9ccdd23c39087020f97c25edeb57fb4bca1972,fe55306e9eb65384ed6cc582cc1fc4913f30db91b59d001f22d8d3adb4881358,2,False,True
xes3g5m,cf02c00643368bae48b45ddb901a09987ad62cb5d025222e4aa244ea15096b8a,b609f1bfffb41dd57e371388d1562d4286c4ed20dabf070b0444e08f4e51dae3,2,False,True
xes3g5m,cf196ff141911f51fb3d08e65a5c1d68c6796421ea5e2eb30584bf5c6242b544,0eef3533e722d3b8d5c0d23653e2908a0000007b34a0898d858696f023cf4d69,2,False,True
xes3g5m,cf32504acbed9d2da83708b05de7368472b2e6cdf71947539545ddf4cfc1ebb0,0693e79c963521da8909b028b95264ff70c2f95ae923ee9598e3433deebac3d7,2,False,True
xes3g5m,cf3455bebeb9e9e35942218c3416517c59b17db5f9a0df96b63c553e9a18fe12,622e141189df83ca19cfa0c967f216bc382729fb20c0a2e3a6d92e4bf0c15980,2,False,True
xes3g5m,cf38dd95645aa675ef73697134570de056e16f2ae8e20635d208aeec09bc8f9b,f30697bbcf55a3147ec4d12706d3453756092a3d42b197d4d2a884dd1d6d5a18,2,False,True
xes3g5m,cf5a590101c6b5ddab58fd7aa27dfd867bbfcc3b0101733b49c964bfbcd506dd,b8c1f102924dd1343f0b92fbc8b117d9bd3f1d13ab32a1974d6bd70a7dc0b597,2,False,True
xes3g5m,cf684dcbd4ebf633eceab4f98ace0f9c193e0d213e98fe73a6e07477d4324802,c24443b14a4bb4960f440c459111b12b1778a49d30b0bc2471d10057d5d20783,2,False,True
xes3g5m,cf79e45c11e8551b8f84cb1dbdd58fede0f367f3c3364062882300a083d1700b,bddbb7adb3216362656fb7ac0f1a1c0178f0b04110dadd4bf7de93b570f2d9e5,2,False,True
xes3g5m,cf8c9674488810dab834065858ec032fa85cc9c3367a33c5bbacb1a1e377a1a5,246eea95c9e4b15fd5aebf9c331903e0cc0c7e88a7c0f1213e21f70757517b8e,2,False,True
xes3g5m,cf94014e1ed076fe46b8514b1db99be4ef3c854878550e6179042e897252d839,35c71a8fccb6a4c1732101519bbc487069b4b9fb965d645b42587b0cb8165f7b,2,False,True
xes3g5m,cfa7945fbfb9b19194c3a30e3bcd0eb064d9cc909ff6fe6f0ae0c6f87f631c27,360973738a05d44e4ef0d0108c8a361876db3cbe17feff7cefc41fc04e838372,2,False,True
xes3g5m,cfb31b3c0f03117b2a7fa80bf1d5229fd62288d4f55c2beabf81e805db894e3f,f46f49fbd874debb03c008a2590f93e2ec83ea73077a12f1bdc8d91c67358c24,2,False,True
xes3g5m,cfd071618f42e4d6ff610cef90eeb6bdcdb13c61f5ccf415f1504605b1be8b22,767aaebe3e4d49d3584f691669707bc5c60d00fc26f0492bd276851aa54bed0f,2,False,True
xes3g5m,cfe62c7716d4a9bd91cafc7dc2a98c6e7432e87ee8f298965bf49dbf7d1e26ca,09da58be0b9dd79cf1e2ba0354e9dd30159f0788df041459f3a5cdb7b8b81e83,2,False,True
xes3g5m,d014bdad21113c9e6502d84c0bc1d6f20cef7dded1f92b712ec29dcc28a78947,bc397c754f7e189881c9a8368b8f0ea45ff3bfce10df419d24893abdada3f1dd,2,False,True
xes3g5m,d01cbe73ad0b43e01c5ce4c4e0505caadc03db46dccd9e863d150ae708141abe,a1b4c8000e06d99efb3dfec56955ad182856ec38e4f42f5bc9e051e010397c33,2,False,True
xes3g5m,d01d3bd6f004a3c3cfc8d110aa9ea399d4ce2e47d6650ae0b909bfc67b67c1a5,89071021d81f330c3badba897ce65e22d406f44da4ee39e957827881325c486b,2,False,True
xes3g5m,d055dfc2f278ab9064b2282f27fbbd5a1881e7eb729fb85d39d719a268ec4685,d7a1123a42f4c95236d0983e02d73c93f10fd22e574b4b2f6599a4a0429649be,2,False,True
xes3g5m,d0657a7015e1ab1df2013a8415a70b60f2eddec57d8f00e29e8a838fc79a86f0,5ae862a9a629a574d8ec7d6000380900bf3113a993c4438ce03840bdb01d464e,2,False,True
xes3g5m,d06cd54572e0cbf3e4295f0ccc14f9b7072e15c8d6514d9cf985f8bbee551a45,bb535499c5f82c53966e783cd23f4a11e2fe7e5b8da8c8d6a5b8d22d2c3339e0,2,False,True
xes3g5m,d06fefededcd7aa21d6702befa2454a9f6273dc8d337b8ef21abbb261ef19210,16c12cffb9dfffda3084e952350bae7fbfbdda31c3b6c7666eb9519bf48b00bf,2,False,True
xes3g5m,d07abe07e7c32553403b71582ebf346d9eaffa44ae0b09a8d323701c9f18a085,9cd9414100f2bbd77ffebbe80b29039871164b3ebcebf3dea5e9208a941804ed,2,False,True
xes3g5m,d07f82d415bd7abc879ab84a26c04113cece429b6c6477e6a41dbb848cb202db,2ada9e83b5d5b2c40c1f176fca494298008629d9ba5d939e1e19b517fb1e6d61,2,False,True
xes3g5m,d0896c2ad40dad51a1d728ccc168f47c1fded1776f9afea347b9e79b0f08dce0,efd0e6d7a96ec184ce2ab45f354b3371952a407ff5616a48d5e55ac598d41087,2,False,True
xes3g5m,d0922d1b7ec01fef4a74154c9260cb67489044ceeb92f615c3ef082e8df6075e,fe451d4d52a3aa03abfd9b6a30433c4eb38edc9c6b050f9df5fdeefa0fd37b7c,2,False,True
xes3g5m,d0ab532328bcae3b0161f54a43fa6d2101304558799c6f3b944be6c56a85b69f,0b40f4eabd78b2a6934a9de39d30f522a7b6eb765d729c41d61cb7ec908a83ce,2,False,True
xes3g5m,d0ace7feca6a73584f31ce944017c572dfeef5f0e0299be931fa81b1459ca20c,2948774a1e4e72eb4c063d3c5e843655372b080a08f4b7097a87f9990842bc28,2,False,True
xes3g5m,d0b9526f165ceac24453a8f60ccdf175fece325f1fd5e37229d9cf3aac457cf0,9cbfdeff8d28f726af2c9e6978f278d89590d86c42031426e3fa29c6c6b9abc9,2,False,True
xes3g5m,d0e2a1c4d3c71bb3c6353fa529671d83dde87a9432b11d98b99f3855482377fe,565336deb594e26bd924681d35509795c0088427e14ee84fdbf2a1e52486e135,2,False,True
xes3g5m,d0ebf76f15f0014b28188ae07de1a34841d9cbeb6d2b4acd6da4ea01debeafac,fa93a796df7c39b6a07803007a949d07ee2bcd5b220995dd9d3cdca31d1c225b,2,False,True
xes3g5m,d0f1c9c9c1fbeb1ec09639f6feba766e266f8807a8ee5734535319b7e3bfcd83,df015a96c38b5ebbe00c07954f41c340753135641ad8d50c7d7bc4b9bf6cc9bb,2,False,True
xes3g5m,d0f3791239d3274a7e998624d668482e484b42efb6e8f890fd735b4be8e4004c,91718f59e230c9c00ece430ad52824b231a13faba04805f8ecfe48f6619fc14b,2,False,True
xes3g5m,d0f60cf0d0524d7deb111d71e60f629deae7c4087310b82ed8aafcb9f0ff0189,75abf79c294f4903b05f5d8f0f1302772499d02ca322606c73f04448c58bf6e9,2,False,True
xes3g5m,d10554938d12b9367906bdb057cc5f2264b5c6ad69371486fbd5f8988366b7d2,6451c827ee664e8b2562fa9eee98c7dc0ba4f268a72bec05ee387dce8b421eaa,2,False,True
xes3g5m,d1099af1df01e38323c8346d1e20e9276dbfc74b838813e098f2ace3589210ef,78fe77791fc9c74ef018deb3de6e774aa4ac0e104d11e640803287d5275e56b3,2,False,True
xes3g5m,d110c27acc5d6cf75608bdc8228e3d9bc4d06ac65d6b2014497ab28871707141,6117e02bf8db2db776f255a0c4464dbc064a643ad7ec6ed3263f1df083898ba8,2,False,True
xes3g5m,d11b3de1340fbf9560b368dda968458c7c9fa3c24ab394c8eb68dcd3c245a598,cbf4b52737a8c4cc6586bd55ffce7944f6cfe3f396facd21b9299575c609da00,2,False,True
xes3g5m,d11cb56484b40df4f22dfb816534dc2109ea36338b74bb23bb6e6c63d06be2b8,1d67b0f2f93ff6cb78af8f0dcd8ed790632b359832deaae1529486e0aaad650c,2,False,True
xes3g5m,d12e994ed66b2ab3841dfe8f048f0cfa109c3a54cde9691bc44d45af719fd5b6,33012becbef0f31a2e2a3a78bde61f748257971fa2d14bf168dcd9858512a888,2,False,True
xes3g5m,d14b23d8c548967eaf6533a7a69c44bdb3f8b61f460ac915401c63c99aeaa7b5,cd76bab2cddd7edd74810f4c384b24952c1f603347d6b317acf14eaffb88e788,2,False,True
xes3g5m,d161e8f4f7486965f9f4def043abc3a0c5463916c6088b23c1cfa91718ca24fc,64dbb7cd1b675d2962fdddbe160b983426b3997f3c8dc640cb7469a14bc41dbf,2,False,True
xes3g5m,d16ca274fad826f1d1e86457e19d14c507cec445eb028568132ae26980e3ab2d,5da1d1fefd66d03dd6a7cc9dea823703f775d0a0cfc8723f6a7f14243ed53146,2,False,True
xes3g5m,d173243df77587680dad5a1cb403f157eaf68f42759649eae3f4d43c77114edd,1f7c69868154e15881704775b028122fbdb2602fb2fdceaa4e2446e215aacc77,2,False,True
xes3g5m,d1736c70743d3b6c1b70ba0b7fbcb2416e98af5efdde126390c7be5f693c48e2,b9b667cc0ac0ea3bd5b39ebf432ae321680e12a44550aee5d3fba4a4deb47f2b,2,False,True
xes3g5m,d19f482016c1720d286f70b15ca5fa79af6ba3967c3d310ce517ebb1ea2a9516,c957a913ae2cea20393bd44eb666f2f4c62a24b70574a6f2588104ddca2f5fe9,2,False,True
xes3g5m,d19fe44dd67238da496a8b40bca91c6f78f5e915573ee89dd210464cc52f9cc0,8a579203c0daedc308af4093330f83b64d7296e938cf28f59ea8cc22a18c6862,2,False,True
xes3g5m,d1a298c07979e659e067ac31cfaa6c5d1e693f6b815738aeaa7061a79975f53e,c000ec2327a1e9d6ade49818a82e7175f5885b2b4e59d7ef2b3a46582dde95a8,2,False,True
xes3g5m,d1ca613168f31e8fd00dce6c795e3a139425f9c61a8a0c1235d4d3fdf8714fa8,6cb8aaca3c87311e68aeced5764395929985a90bd035517303049643afe31163,2,False,True
xes3g5m,d1e472b9e14b0eddb879c94e5bdfc55a50933d6afe84561352c2716814f845cd,7ff5f01a62d10d90fa9d773c90521fbdc9add86bf22457f1662a0f1799dce75a,2,False,True
xes3g5m,d1f2b8e713dab4f31e4e8befc908666b06b2fe452b694de321f7ed0116a1dd05,7a90d99b36b7a869b54b9d2586f42b688a43ce35ab531f7f6098420040b9652b,2,False,True
xes3g5m,d1f431d1b1ba1d28000133990afad1060748a1f9df488726d4df2dabf683daed,a8729e548b23daa5a6de82fabede567f80d37aaed2947cbd436a4cca39d1eb22,2,False,True
xes3g5m,d1fc27997eca8ed17b30d0af855508ae330e352ffda18d6a0ffce4d0d037756f,133a215288666eba81fdf61e0abff340521511ae75a71699bb185c4a5b6eaaf4,2,False,True
xes3g5m,d2151c152a282361578e44211f2535384d387c6b6bf7a512e2d0937b1d2f7630,ce098e8d286c3b099bc43f071bcc621045c4e66084f563b041c28e56f443651f,2,False,True
xes3g5m,d218999b5f584380f576cc9a3a42535ca07b1765e5228f8aefce61589c11a4c0,e22675a3dfe361405279683b05390d95cd18748a96453024c07bce20bcaf723f,2,False,True
xes3g5m,d21d2a3a93f24a4e301ec9848461812bc4d1c81b6df3d98d3f1dda0fdd41cc31,51693ccb832ae4f9b41fa2a8c3c5ce157e69b408d96a73f1811b2269b586045b,2,False,True
xes3g5m,d2246ba32b3d6eb5c1716a60d024fee6b5024116cefd3678342e1ad0a750292d,711c2e98d6d29bd37ec6992646c3adf7d4153330592d82eeb1403906b951a3d1,2,False,True
xes3g5m,d22de3b1e9f78c5453ae72d467f27dcc71d1a4c08904f42d14211e9239652e96,defe0019cf70e1cd31644793cdc80bfde76ea60a7cdad70ae27ddd657f030ca4,2,False,True
xes3g5m,d2365b2f5bee11a55681d4643eb55fc52dce69a48484a7562197485161d3e1b8,6014fca4317597569ab91c4fc114fbaa2456b3516c830537c9957c4d0ce67fac,2,False,True
xes3g5m,d25591cd201365f485b96b9eeeb1329940340c956e384e41eefcaebfd9524fec,9d2ecbac780f35eed36c36f1effb0121d5a1782d7ccf9d729029e2b84ae3c7f7,2,False,True
xes3g5m,d2629816f1871f401c501f4bf99414a48b99c7a623fc0fb6cac8207884a3f2c4,d31cf404f37ed0b3b1d49c2c906c5b441e5d644d1331b86d84ee38c48d552e24,2,False,True
xes3g5m,d26db5fa15270863e45ade3e54101157465ac47d88a1bf7bcc7c4190c06609e1,03373733aa7e1f2e3d3a5aa591ac8755c2ee7fcbbfd3c50062d1c92130281966,2,False,True
xes3g5m,d26e9ea5fb5346c7f0afa588f6f359c7fdf4e4bd05dd710789a0384872eb6e2c,eaadb3d7e01e897381b0edb9a484905ab3f548a88721544916753287468a41c1,2,False,True
xes3g5m,d270a8e179f7ccb863e0524a8ca262f01a05cdd6b27eea50f0490bcd576c72a7,193ceb5d6218307c277853883e9f967dcd61b4c0782a27ba9488a9edc45cb208,2,False,True
xes3g5m,d284e72dc842e1642d755e1a0c81197aa558d61935c12954ae7e340a82e2009a,a98ddbf5296c10ec74e07f04b91888aaf15ee9d2e5c371cbae6e32c3ca51150d,2,False,True
xes3g5m,d285e9d5ed3b3229682c58e6040bd30977089ce5c4be1375dad4c0dabb030c7b,8fec9451fbb87e26730bd32d1c162a466afc094eb91916f29d765a2b176116c8,2,False,True
xes3g5m,d2dadd46402f0faceda86385bf1258fe803e5e7b89a1be04472417ae6fb656d6,2b123797f185f7b49ef2ec6733d6b65270d9482075d73ef1a334e6a468ff84d5,2,False,True
xes3g5m,d2ebcd94ac4e6058cb80f509693d9cebd7c75fbe897d7c7d9f1b474cc02120ff,ce2ed9df859428d338a53c957a9e9cd434f8acce0f80624b5399ae29867c5e7b,2,False,True
xes3g5m,d2fa7d73f6fae48a51afd216226ec47fe73bb97a6f06935a2fd9b7610c799d84,36b0aea5d8256432b65958397996e8cba5c6480f4d2c938e206e6b0f2ea294a2,2,False,True
xes3g5m,d312919a36483746c2543a54e58a5f1d9aa5dd2d6ae4d272c78ca27730a5f319,cbec491a618362cbabf860370ef7e8167be6faf84765fb79724b913c26538ed8,2,False,True
xes3g5m,d321ce37700bebab6add74b79964d63639fe88ba713c71c691a3d846a904f549,398bd5c6ba21e32dc55eb2d6433f465864b8052beeb17fb4d9a6a29ce73103a3,2,False,True
xes3g5m,d33585cbdfdf6c746e857672acd8a893d75a1a5dc0eff8587f11422a64d37117,2ef10a3407755dc85087eb10a6fd5876ed3fe1add99dae3e230b8f7bc00459f6,2,False,True
xes3g5m,d33bf4d0dd27131665d6de607ed77152c16b826fb21ac68a018c0028b94b7e6a,8903739f39676cca69661eb47032133c117f25035d45960301c63be8b7c52efe,2,False,True
xes3g5m,d346686c689dab501846a21fbbb2cc74582f5566fe070300107b55bb6ff61627,c5d5c3b1c0ff0549e003d7df01bf0e53e6b50149a2cd1b624698a69aed69aef4,2,False,True
xes3g5m,d34c181036994842a361a260eac0278ad88fc3071f302806c7056422c761a82f,dc33003a8d845ddf331eb46575273f5a77054327307f506927e9e1e8410e9d70,2,False,True
xes3g5m,d3515ba506e37f6ef0a5b39048f107862b969caa2bf0e96b63f22c5723bbd3c0,434c84ac44bbd61c2d346b673a03765f182753d7fc3b86e08c16f6444a4ad3a9,2,False,True
xes3g5m,d360c1058ff1109c910e9e5757e373910f01fec74ddd653d81fa2f3e89dddc08,59be70f183d7540c2d23c1d2bb57408333978ab0c474334c54212f983e7091aa,2,False,True
xes3g5m,d36503cd212e765cc5a4072f7116c744f14049278e27f78908f2bd07ae116b93,470f1ba200be57c53e94dbdd554297c50af522cb8ed9a398ccb99977013c132c,2,False,True
xes3g5m,d3721ab87ac6f380b9bc9eb9928ce37165aaa2ef5c5ccb483995388b553fc36d,e8c86ea1128ff3fe82e257b8977f526fa33637e611337b979d063bc65e81f5da,2,False,True
xes3g5m,d37f3d3f6b6835f9d8034b417bafcb9b89248eab4183b0dcbe1fc03692bb6326,e701c94d8f16ff2b8b068e935fc89d8632d15f2f5b21268339457fb36e458e66,2,False,True
xes3g5m,d3a077920d9b956c6259f8608a41f6889d5789272941962f472f9eced5fa45cd,98e26265b72cf062e49f4cd08238b675c2cd6a220d3a354ea7befb6d57155864,2,False,True
xes3g5m,d3ae3d9776fe98c0d5485343cb638f61db2ac4f4c83c1750ec88e61415514a6e,427b62e8e1ec8245796ba89ae0b2f4c3074e26f30d0d21976fbbf53504144fdc,2,False,True
xes3g5m,d3b01a68cdf4723161a047bdece70f9d4b5c6df0719df2e1dcd674378701b83a,9d7bbcb6af8b192bf8d9aac134c29346eaf441cf64584c3c04ce178b1b50ed9c,2,False,True
xes3g5m,d3b6e260b3257286566e285841fbafa5f9e40d3ead8d63cfc3117fc0c86103ba,02825a84b0bbba71836b5894e585822afc849e02eccfc6c418fa3ada9d9e7e87,2,False,True
xes3g5m,d3c339a1381fd4e5309288026d770573bd98facd24f797cf7714761bf2cce185,3d12f66e3fa0095253b062b4a45d211375b3fb195243e7e7df4dd7018dc91f23,2,False,True
xes3g5m,d3c67de5b59ad0f91d72307ad3ba905f1f9160a43abdb652d1b85fbc49ae9353,af07d2ee132112a3a5866aec53fc43aec193e1030c0421220c929a6488283d56,2,False,True
xes3g5m,d3caa118718fa61da7c0b49cec325d07806bbfb524f23fc90de0aa3e3ea62807,f9614d885f4fc36d125acaf2be750d7de2dc93a2f7eef155a97ebedc1203bb95,2,False,True
xes3g5m,d3d0325fb03789a0a11f838947fa5da00c653489f5b58262b0051336f2ce4150,757b3d835e10780dd5cb5f4c5916e68638183dfe74af1cd8ee1706de3c660423,2,False,True
xes3g5m,d3e9ab391ab9579c34d84c4c3438156e0f6dcc65c3284eafc88b190cd0c93022,4aa560ab2f0c70fb3fcc93718a92eee2eb0fc6ad947023cfa0d8341b48d87916,2,False,True
xes3g5m,d3ee14e6cc4cf74eca5c1a4dd8cfcab6562bd40db7c56a2b9b934d80c14c527c,106c8cbee92444b4d8932e41c79dea7dbd8a1b0cf00aff02fa91aa20c3a14ebe,2,False,True
xes3g5m,d3f00258b8e732dcc029ea94865be6049d1d5b0f43b76f612784fc22e2c9624a,78d55b232003777e0b3e414b552701f17b7bb18739768133e385d68772e204df,2,False,True
xes3g5m,d3f0861a2ccd39ab31b586ca3b6a60a865b94614b82a97b86ad6677596fe9f84,53fe1068c1341a6cbd1b5139728a670c6ee57b14f212bf9e6e8239f1776da540,2,False,True
xes3g5m,d3f5a010d6a17e1564131008f5e75efd64f671cefe03f2dd33e1da677353c739,05e5bda54f66256a5031684b9cbf7d282ece7276f4677369d61e20ce7ab8b4f5,2,False,True
xes3g5m,d3fa46b134a42243bd44344fe6875d02bf97cdca50de5102f352534559188aa6,85923d2b01d683875e054d2bca720dc1e412a6c7349a15030bc06cc38f18425d,2,False,True
xes3g5m,d400bd10629e932f700e1cd8b9b20ba260a049ab25a258bf1923245dd300e7dc,e70feec72ba10d49e4647065dc6f734b60b817a65ba478fc5064c8cc4c8c2d21,2,False,True
xes3g5m,d40552007e9b59a28667a3eca1b7b5153c74dd8be76481c2cba041ee9d87648e,4157452d7141c6d66924d07374bac031753a24b806fbb9f3729276fff84c8068,2,False,True
xes3g5m,d40784f7382338ed95739f7f5706d0cde4be5fab2194f15d54725fff1678b9b7,b986507eb6522dbf11b572f8d4ad2622eb0abbe1fc30bfb01648a28ae0b609af,2,False,True
xes3g5m,d41bbf0feb6bf092468559bb195a917a0ead8d198977145c8e5e374070bfeaea,0757ce59e3e823d4647191e0af345cd2775d8a7d8602f3dd3c3faa6951ebb317,2,False,True
xes3g5m,d437211d0b64d52636b5b7ea6423aa0e4491b0f605461c7055b2d140ac7271a8,a5fab97d0c4f1ee63c7a9f793a97c9aec104de4710b0c34ddc1ad7bdf2c80953,2,False,True
xes3g5m,d44a0480aaf8316b82898c47bca33d3eeef87714647b8677fa95549f9cc8db56,d33d4994d7384199a64c24d0875a9ce2629f19ee62127f88226492e1f1a1ff8f,2,False,True
xes3g5m,d45bfff0d185e240fe23938ca8d9c235207f2671d301107a7b3b730179cb017f,31ae7e43c106f4dd4f5b9fa4e61028732e734b29378f76d2a5c76517ce51a3f6,2,False,True
xes3g5m,d45dede3b8ff9f289a36e75065e7612a7617f483b949648dbc4979e2689b1003,fa046afb8d5fe35de6bc4787f3a377ca8be37fb73f00026da7a2e3cb5b2f2085,2,False,True
xes3g5m,d47121b6ccad99c024c784676538e46a9a470af2723e2b29c265e1de2e32ae8a,83b6a86c595bc7b5caec46adc699c3aea645844728095217de6499ea0963b51e,2,False,True
xes3g5m,d477427c6373fadf0c001e47551f73a7e5b8badbabbf17e9b39459fba048a97c,bf49c18a4dc861f8208a0950b31e44d2a4af0fee1cf6b856f12b3b049e7b8550,2,False,True
xes3g5m,d47c12778cc87b98c1f540934f01137032340592949aeac5ebc9fb11a7667bd4,fb6434cb526402b6c5ee0c125681dd80441608cd487bf46bd81bb76c43991f26,2,False,True
xes3g5m,d4908effb8a12528f7737c95588979208f334d02faad8ffd9344fecdec7a6f40,f85a6ebed0f49be3df12a12a7b543fd5b38e31a035a91030877254a1bae64cbc,2,False,True
xes3g5m,d49ed86131a5d18403f428967a61081ec3a00f0d8853d380210fbe67c2f3961d,f938a2172919028d0a44d6b3e26ee80619c1425d0b5562288e6a08e5ff801226,2,False,True
xes3g5m,d4aebe63403cb1304ddeda7ffcaab004666c19fa02f6eb5b86abbf543e0f4dcf,b8d60ba2ba736e1a680bad216e215697de3b66f3419dd31dc95f318f2a7cfc67,2,False,True
xes3g5m,d4b86c91e01c3732bc25829205b94440e391172504fcb55a8f7878bff17b16d5,db8d182070ebe859d4baf78abbc0e8a454c5f3cce297daad03c7d0eddd1309e1,2,False,True
xes3g5m,d4c7d49c1ffc0498ad1a37d3df8374e231a2bd80ec7538edc99400d1eb3af642,901ccb67ee928f6b6d0a524ef20a9e399d983652bf40ca644db7d6318b14820e,2,False,True
xes3g5m,d4c8e4301ba73c37d80d1374e877e0fe1b15e4dfed775f24c275b8d8a5b89181,3462a96c3d9ab4179edef461a9026c04293b9d57990a5a9dc26702e3ae7e44c1,2,False,True
xes3g5m,d4d133d257074fdf66f1e103af3c8d79751a5c38e7d8186fa8d4a3dc77648729,a411e8b5ac0ac8985ee3d5eaf49884e40c74f6e993cd6d7263a118d74e2c5291,2,False,True
xes3g5m,d4d184e052395edb826c156f2ed41242b17ac37d3ce3634de8c010609e6ed135,abfc4d864909dbc03936dd34e20f1c946aef16264a8046beeed103dd435d3618,2,False,True
xes3g5m,d4e0825d4551f763ba633182f40abb942254676d674fa877625cca3667a3e181,a6902f6375a80f816b2ef7a08768bffbb16e4784d8787c628afe2083673e3e35,2,False,True
xes3g5m,d4f5987f08852ea2f99ccdd5b2be0d57ce913af6b102def133fb60e8fb83129d,a3b3185147b36930d60cf8273e79b9732df929ced66f610661413847c78d13c3,2,False,True
xes3g5m,d4fce224ab995c103b42a15b0ca0dd11de647ffde51aa70092162c5dc91d6293,4a9eeb9d16f7462cca0d587c0de506af77b4f5f7e92cc8662d0b0b1f5ef115f9,2,False,True
xes3g5m,d4ffec9ebc473075bd1706d5993a1b462570ed18335b1e32d784d03fb4a870f9,421e1ad18688a57d0c07d6f19707fa2d051645bc36d6f0d8872b45c19fd66d54,2,False,True
xes3g5m,d50141bde04b096ec44c2ec7d92b21eed2a4f2f50bee7dec1b36740920c93f19,b4df6aa35d2d8da8db66420bc869ff2c96ba90bed2cb49ca045d069224bd393f,2,False,True
xes3g5m,d511d8a3ff39ce5e8bfabfa2d9ccc36abe86ba88e9c2c47cab9d2b02b7e44dde,776e175b00fc9ec224115f2b1b5bca6d83b7b57241ae14962a64bda6912e3ea1,2,False,True
xes3g5m,d5130c5264ad4fd842a771e5b4af0069409bb99a98e92b2b5cefa81bd76939a7,be22558dedf4e4f7708cf129f5ae7a894d6d2d03dbe15cd91c381517b25f6dc3,2,False,True
xes3g5m,d51426dcb7e307aaf199aef1fca6e1d54e8df37b7d50a2544a33484e22a5d967,918f08041bc106da879890b77c67c4c88e1617635cbb4f2047970d12c2fe1416,2,False,True
xes3g5m,d52b83ee9f663599e9194cd22243764689083075fa6c71c5bcb3b0c1de3eb41c,7a4a774759497cc111d5e6595d567d94ad398a267a46ceb744b58a4ee24f9074,2,False,True
xes3g5m,d52e980cc00299f47e6425c136e89d0826001e7bbb92dedaf5d7494a6245f337,c51d47854992484cc0f9ecb9e0a96924568fa9e9632807f3d6e5c0b81e7ac4a2,2,False,True
xes3g5m,d5305aef84ee3d5e1056f739019111034049f7aee7aa84d5c2979048282adfe8,2417cfac985f85237cf131ee7c3ab088c704af44bab0b69ecf9f65c4a5ba59da,2,False,True
xes3g5m,d54a28f8f25cd22ec4a28a1ea54f2fe10650dbe513f2285b2bf430ff9ac2bc41,7af524a507e9eb2f7825d079893234d61b9fd8f34f966b272cc849daaa5211d1,2,False,True
xes3g5m,d551df55f2e2e954fa5769d8f3c857308e7f6de3524fb03d8a470290ebf790df,f0925ad62d45f8e113b5cf3a0a15bf94100ebffce69398c0e8aea9134b06adc1,2,False,True
xes3g5m,d5562e72ab87b814a61783def2d5bf46ab23919a51f103b53564324f8d2321d4,40526d8a5756bf775aa12bb24caf0502af123fdb99b02f318f7f0971b099142f,2,False,True
xes3g5m,d5571249d8a93c08ac4d1345fd479af4410cf0efad98f03b4bb554e4e0e74bbb,dd5fe0bbe620bd1b7723b3a80885fa6e34b455b05a514cee17b21724d2b97233,2,False,True
xes3g5m,d557d63bbc431c2effb1088d573b46734f4d13fd860ffe41d09560b2f5b1c37f,1254aaa455ec7f1da708d896774cc98ad31bb39f4e6f3bdc593aaa0b3ea0cc81,2,False,True
xes3g5m,d55c554d7b48e95a848f95d4cd0f7653b97e8372460f67033fbebfc4c2b4f92a,a887c8c97f37c339b64fb30ad2db929b7fbc888ad3cabe4eec4e6c7c91496e89,2,False,True
xes3g5m,d56dc0b014d00372b1588d94d00884253cca3a9899bf5e12ead40373505a4db2,ef5f6946173fef38c0b857bd46af11be946ebfb06b01170c1a8b95a29f323023,2,False,True
xes3g5m,d583e4c1fd47f999e60fb855827093af12347b09ef2f3917561f1e11e39ddd80,4f87880381281a03b23b66bf14b9ad3b05128d3943bc2585f30a4c25b0860a23,2,False,True
xes3g5m,d590dc4d4f8ce1000e387d7d28d649c8f09ef7702a8e4c5069a90f687eebf96b,47a7605193e5ac19d38be66d2166410626c3c0fd447305cf3f37e6e08dbf7ad3,2,False,True
xes3g5m,d5935060a6258c9b7b1875c1a03fbfbae1a039ee525130d726f5d2576b255240,b0d7a9731744843ffd2a541030c0b1727e1771a864ec557f2dccdde53f1fa6d8,2,False,True
xes3g5m,d59692eff97c6d674183bc0bbd9d358fbc74b973df76a6c4372bbbf409fe7c7c,a81eeeb68ffe8b5bfd72e882fe3532b24381789993d554a33689200f8797f9d0,2,False,True
xes3g5m,d59e424264491a9cce16ddc53bd137f63c0eaa236347eec93fcd2e670d5fc6cb,3396a24a58869adffbde7a6db092ff5ee6c780879489692da43322770b8f7794,2,False,True
xes3g5m,d5c63eb4a2c467fc41499391407cf5d89a7d8f14681a403799418068f8dc6dcf,eebf1396968091a3a0ce301f100f394e9c7c97af68e68206a2d5aad232078f25,2,False,True
xes3g5m,d5cab15870d969aa127139ad954671140e93c4040299e10eff8916ac810be199,86734cfdcf453a46e11c5cfd70768014600a8b4a560b6109dcde0d80c91729c4,2,False,True
xes3g5m,d5deb0dcc6310083a2bdef7afacbd03370e823dcaa2757dc0e4559c9ee738025,1f26c510e5188f241fdb28a999b7ff7ef6ebbcf9ad6a38b864d0960680012445,2,False,True
xes3g5m,d5ebcf500c35029da2547c935e8d79392ef6c986012f54cb9d21b77fea4afeb1,7cd5502f3218764ee12e02fcbf2320b217e34f70ac30315f18c0ef6cf00be6e1,2,False,True
xes3g5m,d5f025e6213f78f3d1c6e7f1772d736d5180f2641398a12648a9f31849c0cd97,35e0767cb549ac91f47f4dd23fd2d8e95ac8b1c4ac02aef5fd55499874e0b12f,2,False,True
xes3g5m,d5f55ce332160014025e993780618febe76d30bee4089a01efc2ebb4c9c91d19,17aed7fcf50c88176e8cdcdddde3d7ca4de1edc049c770c1a108ae99988375e8,2,False,True
xes3g5m,d6052313878dee3fbc84455f20238ec204f3dcff28c5176e4c0b4703c747aebf,8b75ea014b0a2d8406ef7a2775d7beef3524e2165f645c485e52f3a4ee59a261,2,False,True
xes3g5m,d60ffe7ed67b5f912fad45dd830a7b302f1f3c1135415df61e85dd29ca33c990,343d3c2843ce1bcf7f96bff9945840a7b327851a69d05e4cbcc5f433059f81a2,2,False,True
xes3g5m,d61283fb0dd5645552992292b73c11d120fe97cc4bc429b0bd213f6bdf4aa51b,59c26bd6b5d6f862afed2d5ffc2048ee3ef831aacdedd48661492329b1ed73cd,2,False,True
xes3g5m,d61720a3f080de8f56d996308ec9ee48ab974486cfacc8aaef584f89f726d92a,d381d24b21a7cc298737f14bec54c45450e512dc6b5c1d9bc067e8d5991ebd60,2,False,True
xes3g5m,d62bfeb8a6fcf0a90bfe8e8178638ef3392e4527f3eb2d63d631b3542cce3172,83a900f8d9a62a3470be5dd81c6d2cf58ce6799b28b0e61f552416f1ebdefe58,2,False,True
xes3g5m,d636aaeeacd9676f3fb435baa879af36a271f06cdcd545a713d6da28a85d0db5,cb75e445f45003e0212c9fce065f16aa219e93ca5ee005228bef24858b3b4a72,2,False,True
xes3g5m,d64c3405d14b076ebfbaa13355c41b188097ef41664edc5977920e861b0059a9,d95de86e8b1b9af06d234c1379065d7151154e850019af9e82b30795930798a5,2,False,True
xes3g5m,d65a41510ed71fa1ed597c6ee1a22ca99cc70a30f0000d6b7f771a635a5e9b9f,6162675c6d60dbae8cfc79cea7a2aa06325a34b55987c3c8d853b42302512fed,2,False,True
xes3g5m,d66419f4f2230807968da1092b1b810c07233afe5716b82c9d3d3c4def343813,e46b99ed09de4093848e2754c62e1235d222659dd0e9d4006c5b222ced69d01a,2,False,True
xes3g5m,d6648ad411fccacf6b865139d2805a158a52059b114a73898412c4d45850dced,3fe164e9625dee565602be2d3134286ce76da69af79244f8fdad13190f1aaea5,2,False,True
xes3g5m,d67279cbe34e91357663a5211b0e166ca89e379b367208cdf7e765eba2242b62,f5164ba5488b62d0f529abf4a55103b05efc93c806b2ffdfa4ad19ce4d27f87a,2,False,True
xes3g5m,d6923e994e8dd6d65f0c064a8ca3a7ac9d4dac60adcfc1512c51fd899f979a06,3a0a0654605322aa32cc207c230fef74b6dcbba6f2a44a61cd50a48ab0bc9959,2,False,True
xes3g5m,d69a4af0b839851eccfd2a25f9c2f0eb5daa916129f6433d7832a243e2851963,6a1c2874fd72efad4a60dca95a695db1c9171f6bc6ec0e04b7f4e7453cec7a21,2,False,True
xes3g5m,d69ad0b5012d7ebe36953bcba73e62c7a4ee7d2cfbd4f51ec84b98a159554a61,e289a56c6d4cddfd2eb22d9e191cae3468bd2ca3ea23c68bdd16c44ffec54f28,2,False,True
xes3g5m,d6a4054b1d2211cfe0c7d53323d9f62da9f8a95a857850cab45d0cf636f43dfd,83f83fd756be07e4cf5d71e2b291b992186f59d64f11d4b3525c3d63c3f5fdf1,2,False,True
xes3g5m,d6a602a5cc95af1871792ae20ccec92d68940c41b9a65ae66a9d492f3c7cb267,adf34678f4edcb2059877cb93cea287ed1a045abaa27ff71e55cad39b9a66404,2,False,True
xes3g5m,d6ae9e62e3ed0c73f95b8e9ca765ea3b09a602ef3447d08fdf26bb9b6eb3347b,af3de8e2693b89fae1863a41e0038ba3afdcbddfdef175aac92b8091a7b4d033,2,False,True
xes3g5m,d6cd4a61fb71bbf6cd0e86f3e1cf8dbb0de239c2176b6cca736ed99bc23fe5dd,ec4c85304fcc0cca275815ea4c796ebbdca2605e5b7322f364d3f41251cae33b,2,False,True
xes3g5m,d6d91c30242d9514b690e2e88cb64560554a64e37b9b2c501e80b12a91c7b172,53339517708c94b95f0bd32056eb66693698d7c1e6e5d01d82f59e836702ec6a,2,False,True
xes3g5m,d6da872c725d25adf3aebfea767f7c2c8c134681dfa9cf6fad7d026bfa095243,88cacadcf2ca624f137b1ad7892cccb938f83ce0c66e33d2dc6171cfb7d068ab,2,False,True
xes3g5m,d6dbfdee815032550765ad52215c800e3f7334330d346bb8e343c76875e40fef,679f916fcd19af1c4265d9715aa25d34b214b5fb0f50f56c60d036a7647876ff,2,False,True
xes3g5m,d6e010da519de70461dab6be014840b1bee1d4729b937fd621be455c0b43f056,6f23ba0aefc52160d339f9b66cd6081583d0644fb1df5411f1119a4fa499458f,2,False,True
xes3g5m,d6ebae308b497811721d586709d974d50d82c1b1f7fbc7a0f8ff7678c0ffb10c,87dfe3af9089b34b4d86664842e7a4dabc7ff14d76fc6e353dbef61a6c55eebb,2,False,True
xes3g5m,d6f31a39b08fd4e3cf244099ebb94b945b018c55c1523d540a384873eb7bdcf5,97248d182669ce9fe426bfea11b662238c6e8897cde2cd5e33146f5a0f367091,2,False,True
xes3g5m,d6f6c8e20bc164bf7da0fd9abf2772308e2998e12dc9b772731087cba54cdb39,d55780cd4720d5f467c6c584fc434c3c3961cc8039c2ba43c9207abd6ff041c4,2,False,True
xes3g5m,d6f6e16de17d2d3fa74ab74fc54704aac225b32dd86bc86c6b4ed30b0828e6cf,32d4e56a0906dd173462afca1d7dc57724f212b41409f877dfc832bfd5de5ddc,2,False,True
xes3g5m,d71548211390ec424bbd0341e406e4a30caa905bbfc2e35e931960761b05fa8e,ec398bf491a2fb2228c68f16d4a78dd7b87e08f8540b160b789888b7b6e94eec,2,False,True
xes3g5m,d71644d00adc957df4b36f4218e50c2740fe75b441af59299f85ce39b132a1bf,39c7ceb468f6c879af5ae47376f91dfb5a0bf5a0df431076aa62704c9f56e965,2,False,True
xes3g5m,d721f2ee83e87923a4e99d35cde41691c254dfa38cf1b970a350a81a2dece859,13b2bafc27813f1d966c3ed9bc12ab5042db7027a637d1c6212d1378dc5e76cf,2,False,True
xes3g5m,d728904c5b432252c0b831b4d9afa09194c92873cc4d7df93949187267315733,44bbfe88ece4e0f164b5399204c185a87d169b39c7aabff67fc855d364492ab5,2,False,True
xes3g5m,d72d9da8f525257931f176ed0461a8dc9516e63768aef475b8dc70577c415644,7e77a3da5a8268c9f703ea98d6af29d7ac7baecf1d1841c67a379282895f97e2,2,False,True
xes3g5m,d73da1fd4525e6c35e62ddb18e411b63fc2d8ed478936b573d25eae339bc661c,950c93933095a40fc64b45148058d3878795f4d22d4f8b3debeee58f780658a4,2,False,True
xes3g5m,d75c761f43d7e520572104dde58cc0e95c62c861e16ed52715d3a0c664eb922c,d62746110a24bb73ce7edfa7bb5e9a1d3255064c57f5da36a708ec56c1674f0a,2,False,True
xes3g5m,d7720e6f15bf4e90c735534ac203a2028f1f238ab908e8c64f2affca5c4cb64f,19c0324d7f5602b1e214746dbed62897bec26f8ecd8f664aa321034b1bee8a60,2,False,True
xes3g5m,d77fa9951622c1591c6f44c80d6367bbac6a072fd4b53a7f863fc36b556af89d,67afe05ea4dc20082de6b856c4b5a1fecd63390bfb2d800fac3b4c8fa3b89eeb,2,False,True
xes3g5m,d78bf40c16e7c100090344af5b1e8cfaf53c89a3849730c4f9220c6990ac0d19,a118c19b55c81e049cbcf8beb132955844dc6bd29a116b9d90d37055a3876f20,2,False,True
xes3g5m,d78c598d25db0abf061ff42baeab52e56d6d600b1b91f6d7c04d81d7b2f9c5b1,5b6ee0f56921ccaf1d8f5feef720bdf599f45150d24812bcebb20b6697720e66,2,False,True
xes3g5m,d79228b623d4edc0cfdc91756d88cce188915852b11b91d25a3a486735c91f40,b9eee3c26ec7c9c7e7ef41db70bd6a4ae404fe3ca98b1962648924dd6a6bef28,2,False,True
xes3g5m,d79da54db6ec7ebe8daf9e9d04dc04998911b2d0e34498ef783e47bd3f6a08b7,5d80d7f8d64158dfb8b25ee6e52f5487ba119070907d6cc36a282e24bc57e5a6,2,False,True
xes3g5m,d7a5059447b74cbde1fffc38cac97b9d08282ebf86c48e9ef03854873555a301,e1bc1d8e1267274610d0268bf42ab0db335e0d76d5c06416a81d1671cfa2a006,2,False,True
xes3g5m,d7a6c3e677ca50b64a2257143918215259cf0f387ff19d88a91f6ebf5dc0cf48,5f74e62d2ea9cb244e11ed37878391f72e3ef3d8f054872c3f761fb76e8a1feb,2,False,True
xes3g5m,d7cacd6868996b8a181ae9a2047d16f4f1282f588c160249e9bc299d7b33b773,fcc1205fbafb560b546a107cfc5fbce999ab0fcdf0e24eedf5814eafd45baab1,2,False,True
xes3g5m,d7caceaf21c914518fd3a80363ea9e209bc9bfa964f8f795f4294c1e7b662f2a,79c4e2edf8ac7249518ce608ae70d37946cc75aab1585458c00c8d0c1b4cb52e,2,False,True
xes3g5m,d7db0be9b769531c8391199fcf9ed0b2cb365172cfcff1f248e96825b18bf17e,4e30e8caf1997b7cc42bef90caa6e647d83d5b2ea7fec755c01cf59c13a9055f,2,False,True
xes3g5m,d7f95bc1eae252e56872e59c5b064bf08a07e932e2af0db2c34d43803bd4d890,fcc673a521abdce6017d18de2fa3e62a749654429420bc9f78ea9d5a2fd6e3c4,2,False,True
xes3g5m,d805bbf85e121a38cc7a615bd43171a5db02f188af9bdc5b1eb3802ba04d2a24,801561746a67ef752456fbdbb13a1d49ee14d43ff25c3466d9200425d0606c03,2,False,True
xes3g5m,d80c8f1e2c89ed559b220da39c262a1a6501e6c86159cdf696e98321facdca44,d5a25a90d4ab3b95e0259b0ea00f15ab4ddeed27c5688cef5816cf9805f24ddb,2,False,True
xes3g5m,d812596b93314b20f1548a212b92b57f2d4c3f10d0cddfda3b23027c29e891f8,2334ae807a0be1cc1f77087cc7f77b19534dc7c0ed903fd2e9c3126c7efcf645,2,False,True
xes3g5m,d8261fc85b7bccfbb3240b937b89958a943800cda8e7718e4f82f5beba36122b,fba0d789c1f3dbfe1a77868d46d2bf89279956ff04ff9770f547911540fe3e68,2,False,True
xes3g5m,d83732e8f6897b0a4e9b4185c32f89387144f008f7fa9449606e12ee014f9216,62d8c096be6f48adf3ef42c169d2e6501b6c213a914d43c2b43996dfa90389ea,2,False,True
xes3g5m,d83bf29fba74c851f7e26928f66c6f5e607269ebfb813285562d3720aca962f1,1e735fffcbbae7cafbfe7a7f8c98fb4d825db6ac91bbf6a9e88716f957d414f1,2,False,True
xes3g5m,d83ca641bafa391765b18190bb2057b0bcd7c6ecd4fe93358c019a80c8d91547,3ad584ab38dba7cdc1229687d980a2ccda2ea725f8db1b41b605fe6238e31300,2,False,True
xes3g5m,d841a47b8067ace273132a13b4f71456950db25d198682079e5eb9aff1e020a2,8480aad6aa0afb5505436aa709810e124944535a10ea57be8cfd5db1e2695dc5,2,False,True
xes3g5m,d847741824a89633586538f7809766575e68e74985909ffc51d2710574a53f69,524abe59a6a48a0c5e4d31b74a1a74b51deb724721af83d722bdcda5ad8e85ea,2,False,True
xes3g5m,d85311f1f1b1d9e250346a69af175984d60296d875df7f66e95597ce67f808c0,afee66fd72517c610871788d9a8fc503c568d8dad1f241013f7dae54d47076e8,2,False,True
xes3g5m,d854ef70bd032b815ad2d1903945b8708fedadb3df2d18e587cabfcc8464742d,1e280f5a09b1a2c90e03d6c8b130596119e26826d6e736fa813fe0e47eb90ed7,2,False,True
xes3g5m,d85aedc0837bd866219a7e9e858ba92c15c7f691ce3ca33ba184adbf86e095e8,0056511290d414ed37c5a5adc4023c0eb2764d5439f83624d3cf45f8baf99866,2,False,True
xes3g5m,d887d818fb05c375cbbc73d064420b55e9d4e74b3aecae5b025d3eaea5d3a277,b8f94f438558d54a3727b2b7c3614144a42da20e249bf347fbf48d693458a5e8,2,False,True
xes3g5m,d88add9fada83651e7529d0fd69af75af73a964569b3ce80e672b031c1720e9b,619a8a67b1cb4840409569d6bd0a320962734265f641eaa57855f7e6f29aa610,2,False,True
xes3g5m,d8999b991a0281f63a52a70e2455084b5febcd2fa4927a00b57c9e2a675c7731,cdf9a507a10d9bb0d9fcb124461d8bb26416108862094caa27c2bd1d4d184c9f,2,False,True
xes3g5m,d8a13cb4eab99a81fac9af392f0a046f9432863a6f0c4af4726eb83496ad55a1,d53fab7f9c2d2306f7cc37f2976329150660eeb04a15d3210ee8a70fd27db310,2,False,True
xes3g5m,d8acf48069c99db0300ded07edf8facb52fae592988609e7ffdbba7a36ea6d2f,b2eb671dd5b1c67d6007bd14a9e38a41bcf09655a5c82a8361663b0337f67343,2,False,True
xes3g5m,d8ba42190dd0639ae4239935c1b2a3c8ba93c2c2508b4d150d3897e3aac2d4e9,d7025411e85d9b1749e9275c11c89855be21e7422dc9dd0450f96c4ff967875a,2,False,True
xes3g5m,d8cde3c0169662ad046d83071f874b2ca123dbd8096a1c89b634784f740f9093,c8e9bc2c491ffde7fd36caa8409aa12141d591082217165ee51800f82ab73dbb,2,False,True
xes3g5m,d8d0f31f0a2c18f751b45b97e2896dc98c7592388b7c3c71d4f69031b5463be9,966392053fb84c3d5515dc9a664db72fa060cafb087382552c8f22ebc5237064,2,False,True
xes3g5m,d8e6c3627406e298656dc55b132e49b053e9582febb5fc19a1248443e76a845c,7d26a89fee808ef52431fb1b426b97d3226d68e7be20c19ef6063c8aa78f6d22,2,False,True
xes3g5m,d900ad9ac627f0b90af25192d3a3a75a93df47fc39feee50af83947a2862bd1a,e2e7c6227468f69199e5e5cbee3e4b35bf8de091c196606796e3909ee9d5b20f,2,False,True
xes3g5m,d906f1c943375b27ad47933a66a4acbf3b8fd9355f169d25afbef83e2e029b58,10a8487249ca0afe4bbdcad10aef5474090902cf14230b1d885e7916f4a76595,2,False,True
xes3g5m,d928464737028480c0e3faf322a2e07dac032eb34daae23477833da88698c6ec,0b79f2f2f983cf7eb4a468f010082d56bd7f067efb3152d1781fd4e393cfa081,2,False,True
xes3g5m,d934fd16ba65076b4e70bd3a2dc05503cac997857c822dcbe693f3908e781a8a,4b31a11f908105d7c8dcc310699296e0686c650510d4377ef2a54e067970841f,2,False,True
xes3g5m,d93ef1db8a0f8b0927c6566ead69a1a2da5e034c6915457473577e72911eeabc,ea0cf03e400bbcd9ef6fcf131e10eda7e0b295964070c7aedb9296a579b4dc9c,2,False,True
xes3g5m,d94fbb827b4a441dadca5b33b90bc22dd5018f4ce2f43f1f301748ca568be74c,6b5dfba57e8e0ca6ed2ff156b8dfbbc5dffa2f358afe0975305d16a94805b49e,2,False,True
xes3g5m,d951f3c95f1adc342baea0d0f51851f081d43d6843adbb280693cd0b3356f8e3,64dbb7cd1b675d2962fdddbe160b983426b3997f3c8dc640cb7469a14bc41dbf,2,False,True
xes3g5m,d9528961147b1f4bd1533dd94dbe530e4c0bdfa78dcbdd3a432370864295c18d,9dd987b6d479a1759511fb6f0e8cf46da52ada016907e4428fa182f2a03e9336,2,False,True
xes3g5m,d95ca9e91447358924de2ec0f58ce8168eed3d59376538b6c383c6d09dc7e926,2404fb193c4e62f5702b0c35ce0a12d8adf6b843f46bfdbd5fd6e778492d71cb,2,False,True
xes3g5m,d964a89ac7314e99ef83cb1c52d21db9a29886391b86d62e048ee3dc2bfebc3e,cb6234d6ae962544e33d192e5b2315a8d761180c904e1aeaa9296bd53eae7859,2,False,True
xes3g5m,d96a3910254d5f4c58ef8a7f3d6439317d242e6c132c6b4cc54ae9763203e116,4a30ee939a5d3af34b9af20933e36158756b8d8217d7bb440b821735c655789b,2,False,True
xes3g5m,d96ce89cd322aa7fb0e1c1ad4c0ceca1ea0fba775c6600d6673d0a328c02768e,3ad1b5f86180a20fcc461a8d240cfcf12a2cbd434bf917a8e5557fec985fc2a9,2,False,True
xes3g5m,d9708028f16119cbdfe4ca96a91267908af91e3ed9c877c5f98f670c3541c6ce,e1cdb0c3c01e8a3c9f6b7478b8d58c8f658c5300bb447f58d229ca72c4a36425,2,False,True
xes3g5m,d9748d29527f62907b8516ae19e89b402aaaff099d0fceac16950d489207834e,cff88ca54a4db5eebfbb072ca3e645890729e8caeafb90ec4a043503e40fce87,2,False,True
xes3g5m,d998cc08e4b03ed700b5cf8e2503abfe67fad2500de1b824a1d8586a82a4cc4d,eface2fec6ecd276a8ec4b07ce51a31d1d60ed11755c6de65f4af9afdf417ac9,2,False,True
xes3g5m,d99e580afc82b6be510f89b9976c910acb5d072f03fef456abdb95ab37fd1e46,ba9731ef50362b8430e5645c0849d2575b6fff8d276d9a390b36c4e7b8807201,2,False,True
xes3g5m,d9a97558cfad9b84b02bd20461500e07daaf088622e40c81b366b71bceb67691,f5fd2acee82a964ab7e8c2a8ee813273290d30b04dc29331ef1923cda8d4d015,2,False,True
xes3g5m,d9bdc24069f8df95a05d9c2144cf0fdd31e2bf2e069bd795176012e0b137450c,f9a37c71d822cc721800430033db738e0e35985c54abbcbb1a416799ec4e59e2,2,False,True
xes3g5m,d9be7be4dc92179b07c3ba59e4c7adf0b9ee966ce0b30417941e1189d5347113,72a17e0caad6115b854ccdabdb52b167c26bdf43de071574c7b8893b37182f16,2,False,True
xes3g5m,d9ca80947a61f2a325fb5fde60ecf0d160cf8aea37d794ac6df87b9b0c114af7,96a75ac1d799528c93bbd06b4289ea28c7175f62e8d3fb625467f7156f28320c,2,False,True
xes3g5m,d9de5b4e6ac54e5627b76ef5f7fed00030109fe3a5250fa66fa78dc86902dee4,a7b3eb446665eb900ae962b345a95b5b422cdc3c7aebe40e27cc662c84cf8e53,2,False,True
xes3g5m,d9dfef54b36787ec7cac436c917a9c6a33bdce2a88d366256d797b47092733e5,f677e220a23c270e5a599185d4c2c5415ecc434edb5d4b62b20ad8875585b069,2,False,True
xes3g5m,d9e1001cab3232052c938bfb93f26906d40e287cb28c74cedce21a9f17ae84c1,3745089b88ad019c81ac09213128796d34166d9a410ec8e266dc74d6f4c15c85,2,False,True
xes3g5m,d9e8851c9fec812d008530f49d0a2e2f7b997dd8f0c8435580437ba90c1c2e8a,cd49ab21b49f4d1fa8387e0dfd43c4c5c0ede393e63484f5c34f1ee67d8233a7,2,False,True
xes3g5m,d9f7cd82aa2ca7af47c451fec56a5692a6c0f1fd5e18f255a99f55677bd3d540,7852e53467c64676eda4165c98242a15955e7100cc1a85d6adcd7e0b3b2a56f4,2,False,True
xes3g5m,da162f190a30c4c66e63e90b19c8ac09888fc0e5efd80e68bd2bca26527824d0,a86264f2e1be50db1776b2459776cf1c64f411208814eb04f7b0c114038f5a9e,2,False,True
xes3g5m,da1822c843d0d74987eb68194f514f5acb46a210f33747e9bf6a8056ee2d21eb,653bfe1d8f11c4efb3f09263fff5a27ff5b8459155532f16286d9aeb5f33d11d,2,False,True
xes3g5m,da18bccea96548449de9436e40e9dd028147deeb1575590a329921230013c61e,ddda244b8695e6daf306ef294f8ea36f8402fd3833edb4c0d546311d98ae8077,2,False,True
xes3g5m,da2cb0bd942adf04e5814c3fbac904e9b275fe9e9db3dedff52ff86ca114c658,f4e86290511f705cdcc205631b57bddd7fdeff9523a2f7db73442a9112bef6f3,2,False,True
xes3g5m,da2ee236b57fde407ddd5e2fff85e779cd87469868e25e7ed19da8aee20bf57f,7b95e7477f9ce0c49208afae373122cb2ced51586f99533fc194036a78737f84,2,False,True
xes3g5m,da37b1556e89fb4a183272052c2ff7604139bccddb7e54b93e941ebf9067f32b,b457dddc610d4ffdbeacfcf68a4947b43df06d36a1ee6e6356f91d043badf324,2,False,True
xes3g5m,da41d5e99429c1fbce1aed61aec4e47a14bd39e65cdf546ce8dee31af174f01d,addf7fe3b2f91161d6bed6f6d67c827952847ae0bc161bf3a92eb5fd2a63b1dc,2,False,True
xes3g5m,da5aaf26b4ec1bd3c2ecfe95f4b9f494cbbcbdfee28e104194b6d895e6f31f41,c108a3a46be700642273faa9f6a9ff56a962499510b69f3971fdbc459b1da2ed,2,False,True
xes3g5m,da66dd63d66902428fb1c764ddd256220dbb0815a387e847b99d72a377880726,6b513aa2ac094f9688b4aa470dc5f6b2dcc3df108066c0cb44372f338c88cfd9,2,False,True
xes3g5m,da78484c8688d576f34736f0f5a547599fd5856d5e7fe84cea520d12749ca2ef,928a0aa5fb7c41e078600db2f9abb9f389fe4bf5ff73636036e445c2f1e9e710,2,False,True
xes3g5m,da78c8233759456f2bad47f2ac2b42d563368e8c1fa2aa2510ce61d69671c987,808de3fc482a2c117608d8467126ab4474b69d84f4e1558ec0bf5bc053f2f0e2,2,False,True
xes3g5m,daa2319b7f348d21b1a5547eec48307c65c66f7b17bd206a0816accb64c5e4b4,9a8db9d11a9d1a8c6a0f9dd2fd314ac046ec9fed3ff1f2b8f4f41424a704d9d7,2,False,True
xes3g5m,dab4b0d0c5230d1bf7e34aa443dbdf4fa0c41911b0e0a73779d6440d17591526,b116d795701a3401a0443460ff4eeb9818c2108eaddbe9796981c88c7fe1108a,2,False,True
xes3g5m,dabd6b2a4c21589a45030e5a7ebabd0dcb6ba45695967b560d5e128867ce86d4,7562d57900107528659531662c1fed73f9df58ba0ca3d167b67e4fa0441f4a7e,2,False,True
xes3g5m,dad4031334f67701ea2ca3bfc21a18de1e3162f7835c975d341d07c7cb4e53ee,c742c4e35169de114a387ce474e9714bc3b74be1e16d8ea22959f2d8d725802c,2,False,True
xes3g5m,dae8277eb1ff18dc27039ca8e267bf25ea599f4fe4d2cece4ca00b28ac76ff02,111c4d1dcd4606925aef4ff8b6dd773e5ac880bf74426b4947a79be76324b13a,2,False,True
xes3g5m,dae89cc25c023ab08cc559a2e7ac912692063157acf2290ef54a2762f35e6241,232900236c1a544963b2ff0e3ca03fd3b5bbb9392076bd307c2260bd5e7a8169,2,False,True
xes3g5m,dafd51179df1ab25f018220bfb6a187105b92e174af86e744da5beed2f403a5d,686a8d6b32bae3056e300dc625875773b471de8101c919ac8ca8d13ed7da2e0f,2,False,True
xes3g5m,db06e532995df3cd8447affd640c01411160922309cec8bc8f0dc89f65eae40a,f3b0d97bb84ef327e7919d72f2be1ab841c935567330b34a5068289cbddf486e,2,False,True
xes3g5m,db0db011b0f81e246e557443f679ec15d976f4a6d952e8763e06f07cf5a87c54,229f3441e234f9910f39bea13df8a2cc3ae2dd504cc6cdae4c771f05a6794fc4,2,False,True
xes3g5m,db0f17c714ae2fa90c44630aebfbb1311fa705dc635aeca7f6843a4aa3716fa5,747e3189326f2aa262656037e0f46bea87d828b32f78fc4a50288ecb04a77a79,2,False,True
xes3g5m,db1cce4b87f8b1c04e0016e68939e88a6d9f0ad5acfeceda1273822525a68575,1a9a4af113f2858763f81b6c48c32728c370bf7b48716b3c98786b5d7aaef149,2,False,True
xes3g5m,db2831240fbdb2191004061c3d18adaa9d5f2b7be1ff20c7f6047496ef0c3caf,f87b7a357e90ee25a2d79e9348dcf2033d5d8fbc97c1e8db18e0c393dcb1b123,2,False,True
xes3g5m,db292bbf42c53405851c1bfe9fd89e578a3bc938f82d049e022fbaa1ae2aa7d9,3f3b64a65a8ec310307aa1e4ef72947601e98984c15fa9074cd16023d07d9f30,2,False,True
xes3g5m,db46a4a7b75e33ab9aa03951867310dadc212a81129713f1b704cac1528ca849,24b26185176fcc1cef37146fc1776fe6a65e24c92fda83ee2f0cfc9e2482a2dc,2,False,True
xes3g5m,db495ab0e31761b9d125db6cf9085dcf956ab52170251c1576e407817e138242,b6693af3c2fef854837d76379d121352b3e0ae8dc8b7e3178f382c9cfcfb822f,2,False,True
xes3g5m,db49cae530f28b19f5cac4a59b50847b79335dbc2b3606599cd53dc403549f57,23b78e85c98e1ec58287de27b2ef7efb506877ddf3457beecd882cb13214f49c,2,False,True
xes3g5m,db6406266591a1fc92b8ecac44f062965c152cba1f007e5761813ad721d19ab5,4ef864c1547de4d813cd5f190150d04804cb9422133c5a93d4409bc48339b5e7,2,False,True
xes3g5m,db647856b313800f809d1ace6b1b07033bc14607b0af525bae866dd2732e0bac,fd16ce8648503a4235e22457471333a498ed000be793f5c260945e54581e5f63,2,False,True
xes3g5m,db69c960d401bf3caf2d74d9d5aa200d07af25793dea558e5aa497d1a1f4ed81,667907b437fab4ac9fd0e2d1234a654ce514a1a5afe113004e923873ff878889,2,False,True
xes3g5m,db7d3ad007cfebb39c0e52454c8c4dbb67bc940c744a31f3b4e6b036eadd91fa,6f05bca94245bab8b49c1cf949156b8fe9e30b464b3aa555a761ce90cbfca625,2,False,True
xes3g5m,db870ac28427ad5082398a10028e7b11cbc253bd019ca14296071feaecc74ba5,28b55c7934e66f8366fab9bb094cba2c42ac2a88f73a6308fe0af64d5da4da29,2,False,True
xes3g5m,db8c210d996eca8ab55d41c8c57e797ee31c7cab986e04a39e26836b235f2ddb,2b7a1cbaed40d916fba52d08f680be6530e76d4c4929fd1d343d73b5c7b19ecf,2,False,True
xes3g5m,db9bb69e40bd0630643a7cd6c6b8f56ca2b89a34d9cdec94cd29d219bdafed00,1b79097d77f3aa40d94d55e2659f1aff04f021fdb05522959dabc1308113e27f,2,False,True
xes3g5m,dba20867bff0f959bf3ffcd3f5e8c50821fc1dc8a7aa7f22fb085f282aaecff1,96278994dea4ab35db8c9c5ac5c70070b2db95d2879e2213807dbc89d53d3304,2,False,True
xes3g5m,dba630bdc1b979648e170d9d8193aedc9c6f5321488b0bf44c5ee080266b8aa6,3833b2decc0c90d5b93f3f65aa2b9e78f645366264e58831d4a3e06719befbb4,2,False,True
xes3g5m,dbbf6b029edfebcc48082a60eda2a0bd2be191e06804e84c1ba2d2df70a6bf24,79cb4aaf028401354dbad24a5bf115d9eaf28dc4e9da207c24132c8e05e3176f,2,False,True
xes3g5m,dbd1e0d563bc2542af0ea6fd49aa141db5ed1353761d501d5f80e3bf0bab8afd,2b097d1f1a2268f04312638502be9992488340018e6916aec3a5c70f3c43d5d0,2,False,True
xes3g5m,dbedad058f6a7cd8c741890d8cd8a052973a0b23b0a19dfb6905dd641ab44645,bb17927d37f4f4810d67316378e3210caebf3ec5f4262de0f5cb7301d035665e,2,False,True
xes3g5m,dc04f7124bcafc8bf5f02109df09a9d79ff2c38f19ec5a3928e3d81e44ba148d,7e14d3f200c769ecd3b11d7dce5a04b1c3ea0ccffe97fe8fe439a06a399ffcd4,2,False,True
xes3g5m,dc07d4954566ee2bbda176ac7e3dcb0c8a57670811f24c0109a8a050b660a493,a9d35c72975884b9551df99cd76705dff0ee2d2c7a69802383a0ecc70e736bbb,2,False,True
xes3g5m,dc19609b8152d0efa5e4414334e859f60ffeb622c52c4b118fec5c78a69e8e6e,0065e0280a818a9c096a36cee3caa305e8b9921e9d1c006db38e266f4695d850,2,False,True
xes3g5m,dc29236e6a8901173b6e7071cf99b04b6aeaa5bc0931ba42a97070a7cd323f1e,4e87c463bc441af824347824ff57655baae4558599533c387a01eee078b12479,2,False,True
xes3g5m,dc2a6cef4c3de5cab57f75d243fc1a82f94d05ff1539ea0d787d5e8de5976cef,a9d98e8f4b0b54cd07e735f93cfc45e909ee8c3dff3c05944204cd5edaad5789,2,False,True
xes3g5m,dc2c95f48a21c8ea87ee48244ce0d7b9f91446376d3dce350850430db6e53d7b,54308cba766e170b8e8bd2b6a471116fd7c8c03721da3fc06ebb0ee9e5cc0027,2,False,True
xes3g5m,dc3e0784f0ef32f05e3cf07523c1c8343fe4425fd4eb966248514248027ffd7e,6aa15de1856cbe3caa2e6b1f07a8b3dae1caf0e0c054e6a963d8e09ba19cd407,2,False,True
xes3g5m,dc4bd9fbcb7ca3fa65d54af2ca1e3e5f8321eaa28e71d0df17c48654db650386,f40f2bbbc953c7ac3559c535a6410d4f299efaea0d21436d820020a84d705bb5,2,False,True
xes3g5m,dc58998bd8402a1b315e89f03d3a5af93beb54bf082afe569b17d8d57f1f9c98,895124193985ed2e98c706a9bd0832d4a6a60471555385036885fd8678695eca,2,False,True
xes3g5m,dc651bdd6f507d9da5266a3ae4b5c0f16686e2c512f7ab041daf8abbc4eac7db,4c570ff72679a6847478d3282eb12e77e61d677656f92e7d014a6f4931b2bc94,2,False,True
xes3g5m,dc779325a6d7c06ed8e8fe2e5fe871aaf57cddfa2308b5b2785aaf164a0aea9b,82a782638181acb18bb6a7e47cfd08dd03d839a8e0a32c2506ba757246933c64,2,False,True
xes3g5m,dc871af7086c10a8cc66f10e968b4d5ac3be9cc50fd503f8dcec332a1896ed28,9c490ceafc5fed1b6eb7e8fb908125a94fdb4a18c0008b0cad05bf29aa0a47d0,2,False,True
xes3g5m,dc91ad2e7c3f1daecac64ff0a556c840eb8531381c8797059c32310ef9449d03,65eaf0cf08e1dd079acecec82a0cca7451a76e2a69a453b4901b89dd7b89754c,2,False,True
xes3g5m,dc99a79b07bcff8b6e6b7ad7419426ab2936052b8abfb306dbadc63d45c3f510,1bc9590ae61abb07aa068b3116b0d930b3095bb6f01057969752bbc33f8dceed,2,False,True
xes3g5m,dc9e1964425f795a3dd00541dc8b44fa9dc0196e76d4f61e5e02ea58ca01aa13,b493ea5a4318f8319cf4a6a2aec77168bccab5cefa29c083169291355338e755,2,False,True
xes3g5m,dca97e7c1f38d750c31032ab56b19ea5dad655e1ee70a5062670b451ea8715f6,f32781627af4f37d303f817b29daeda5235b2dd46786ac5382f8e304d52b7dcd,2,False,True
xes3g5m,dcc306be6742d08f3716272d4b6160c2500fab8f4dbac3e2b170cc7641f9b86b,220cc1dbdf2e7eb5eabd58c7ba1e631f014c5540bb2697e02c59a41decb4239d,2,False,True
xes3g5m,dcc50ea24dc286bd946ca039f6eca6e762fca6077a5f68ddb5bfe0258a47297f,e761863cfd784fd57ab97b44fb54c61f661a7d4250065105b0abac19c5eff6e5,2,False,True
xes3g5m,dccbaaf03a93745648c5b40b3a890c1bdd258dd0baeea20cdaaac74a56002611,063a248810e8faadac1662141bd902ce1049d9b8b5e19dd8b1ce991aa5799173,2,False,True
xes3g5m,dcd130cab4e52c415d25500ba420b06a6b6ac34edb5f52e0a5772467a35141eb,7af91867e0b86a013d13ae661dd7020ce8ad448c41c91b5119b27d22a6853d3c,2,False,True
xes3g5m,dcd3e1f0ebaef385b55e9fc4fe465c92950e54cd3ba938f40d4b68d116d4bedf,891320523e8df5d34b1c5528bd738890888ca16c35265193d9231f74a374e2f3,2,False,True
xes3g5m,dced715f0ac3a0da608aedd45375ac9cbb5dbae6d4dbe0f6ab284c5e6d0b2eb1,4fa7d464c130c71bf9f05c819a4aec22564cd9f03542be5136559981e52cd72f,2,False,True
xes3g5m,dcf9e2bd109f4d5f96e7f35a3d141f418346c948a5b3d1608fc12aeb43fe294f,b84451ab9a1efc91053fa46090e51c101405ee273edf10a31a30e51438aa2d75,2,False,True
xes3g5m,dcfe48aa92dbc3718b6c392965f5da2e239bf13f87ba82f3d3d429c900b6238c,96cf090d77d0979730398de21efdd1fab4a8d1afb230c6adc90cd2f7c0776a1c,2,False,True
xes3g5m,dd022b042f3ee683a11f7b4e56bc69397bee5feee230678d32488b7718dd1a69,54e2f23aeacc0386037fd1e673c5674b7f88b65c06dbc1540b4d92a9b77cc359,2,False,True
xes3g5m,dd0d7458f87fb41223611bc6d40fac9e80b9b3ad3e2d324b789a2f38807ab11f,873a8742ce5064f2022b0c0ff3ee6936f3b509d938a6c898af39bb96080a3013,2,False,True
xes3g5m,dd1e26b3bdadea6c27cbac0583639095a96460a4076f677a2c4f5e6a6d330aab,8e453a447325d400253b7867bce38501a7e9187b52849f090db4edb2c369bd08,2,False,True
xes3g5m,dd29aa962bdf32ba4b28305fca1018fa6020d987d9f58fe655bd5054acc8994a,5ef2a74d61c31f1f789a9a43d563a373835799366b466b578b7416ed028c8c21,2,False,True
xes3g5m,dd36e62e5f72dc7fc98afb7c807d11d47b2bc8f930df12b8dcb3be3df230c8bc,9aa6829ba54c7f0abeb073c5c123a38e21c65262bae1a9f4c7eab2b1a2250ce5,2,False,True
xes3g5m,dd3713fb5c72c556cdcb282a6062050838f10fa9f102df31400abef6c115791d,bfc67db31714fc8496df92787a9bed10b4405fe1bbb00e8315f2d016006e5f26,2,False,True
xes3g5m,dd49055809cd86384f4fe4504e39ff9e6b9d4a77e8b05e20ee4b17b8db3c34ce,be54ad100dd14fa2e71d7bfc2e50bd44b22c3a6776c26634b1bce971fb398d45,2,False,True
xes3g5m,dd4ecb8074de031562c474a0f284946556c872e01bcb4b9882b1b7a8431e3493,63c7b70ff887b975c9a5220730e07cbbf7db70ccbd1427c389c430dcc7849b6f,2,False,True
xes3g5m,dd509513c731ae12f9c23b13232591e74e4e99789afb935360bbdc0129583627,21378c7ddb2a6a87c5556adc99038084dce91a6d836344fa9eb3a309ce5b40b8,2,False,True
xes3g5m,dd605d27e3ce23d380dd26a5440457981649eedbd9f34eb88b20ad6103b447b5,232c08b65c39fc8052fa93ec9a8d3fc28815d9cd9cac895caa794b656849e581,2,False,True
xes3g5m,dd6174fbf4bec56d4f0aba4b0543c962a669ea97ceb007f92a9fb2fe5171352a,88fec03f3d57cab6801529b4db77421804ccd18e35777e5954fe5f27c6178950,2,False,True
xes3g5m,dd7141cc18ae86b2d45dec96a2e0cf6b7c08020c6e460ddffb7de24e7730b7fc,32b6ae2f14a107c964b851d57cb1edfc54d9397f6e96de7259a7464675f08eb1,2,False,True
xes3g5m,dd723580e25e683a94c228a2b78b6e7f9b6a7fba09986016b031c4c6911d06ba,3160108e24ec290c6ba794e4e3a9480c92d24381c0cb4a29568ec348e782ef2f,2,False,True
xes3g5m,dd7949c1bd3800e8718a63a4b949edc5b4e72e79667215e15da7f00ce113c748,ab730cc3ded88dab47f9428689a89d83fd894a3c5507375f1c100789f22dec5e,2,False,True
xes3g5m,dd82c406eab0d01cf3dddec67bf9bd17ea7f653b2b903508a597f7adf6ce7bc3,c959fcb2864b0ceab929834cced75364e088f9c45106448ad251cd129cc20469,2,False,True
xes3g5m,dd8364f065d86740a321146bfb1b860f0a26891d2e62027be04b91fd3dae4a11,44bcf74f255de2fb4bb126eedbf4b0a620a0b3c82f65c07fc22d68c2583a5fcf,2,False,True
xes3g5m,dd83a7bba90fbdf282d1c16793c57c2643c195e719e0450a080a09131cce5706,f6133d7aa7ccc7535bf0f64a095cd3864bfe6eb55c1739a8ed3fcb25e8635789,2,False,True
xes3g5m,ddb0a6b4666a3c867d34a112737e09453f1fea283c907053f09be11a55b9a431,f28d8a42b3c69a010ee568ebd588b9ddfea4f711611301934a0f23e080678f53,2,False,True
xes3g5m,ddb9313a4fba82af963639f1fd741b1fe81758e264cc4a5f438d5c18790d6865,51f8fb47f3c5bc3ed17edd9626eedf1812c1db94c1779a98161e8e9508f799df,2,False,True
xes3g5m,ddc08724b935aa116790d3e75f46fbc55b591ddbdb67c9ef2608b4e50a900de1,a11cea853b7ddc881034c8bd7a667d97ea9d5b4243c323ee35bd3c8204f78a1a,2,False,True
xes3g5m,ddcae2af2ef7038de60325414dce9b6a5785eada16450df43ec6fe60b881b4d1,77674cc1d1ca152b445df66dd2d414842815a85a9f0500187c57a07eea3ec5e9,2,False,True
xes3g5m,ddd3a1fd59f08d09fa3d748690284aa53a517a59c3ff0269acb4a32bce5271c6,08b23ce51d4308bdcd3135889dffb660fc01c5cc6edf91be97a38c9cd68af734,2,False,True
xes3g5m,dde4d24e2ded573c5b8dac19b3614e64f9545f7a25fed299dec74450bbd0932e,fe10d28893d7870ce11cc6e69ae441ede363dce921a9de2d098a94d63710f73a,2,False,True
xes3g5m,dde5708ef396045104ad9e507ca24a1bea986b9518fdf40e9ccb9e40167bd635,9789ff90c8a48c43f579ed9c3db63f303206fa3d7076f13bffea91acb5caede0,2,False,True
xes3g5m,dde9b4a8391d3cd2f8d5ab24b10abce6fcd95dc53d1c1873adb9ec1a651eb104,075dcc2d9ce746a44c75089fe1e21c8e930a78f6f04847566109e22043f8faac,2,False,True
xes3g5m,ddecb188368c389ca36b390375f9784c6dc348d605937f6370e042d6ee9e99a0,d8d58f30b8c09a3430362ad6c9f8dd1a1abc1a84d69edc83752f591dc88a5261,2,False,True
xes3g5m,ddee03a9dde6e1e1c821c6a00b93ed9fa36f85f690de67b90e15f9f33d85f628,1f30e4b5020096d16582abb8b0dd8db0dc7268995001cfc6926fd6d123e25e74,2,False,True
xes3g5m,ddfd92306b5bb8779f72079731d204500c310e4906acf9123f707c7d9fe3a7bf,a675e5fb1f66dd343d58baa58f1ea2dc6fe93b2dfd01afbf69aa064f57737ba2,2,False,True
xes3g5m,de04ba46afc3165d82999be5e4fe65e5bed429a5586e67ff2babd1a128c4e223,0c203794bd6d5209153b97e070f2255f6432938f3044791f7962d938a9d80c4e,2,False,True
xes3g5m,de3276b1235563eb9650ff7f0231064bcc4c5a3f95e5b8a414500d654cc428c4,52727dcf1b8c57d47a08d83ee4bd6310c1b6b710a96bec579efc4b344bbe7eea,2,False,True
xes3g5m,de4dd882cf70b82728b6a19b29f6f0445593758f380e8925de40402da600381c,e3a7fdfb434508b0f9a18fd74c12495fe6714644cc3c8c352df00fea5f1993c9,2,False,True
xes3g5m,de5718a87011abaac5f01e687ee532926ac7db1c1c90917bcbb88538ba050b66,3adb8ba0007c4e3f0db0baced19d2b0bee5d64264fef0193ac39e7001fe52624,2,False,True
xes3g5m,de77cda9b18411f496390f9dd1fcdfdd52f649ad457ecbe80e62119688fa7b2c,2cbfdd09d58c3dfdef0923f828618229429a126f0dbcf80b6133dd4f572cdc8f,2,False,True
xes3g5m,de78227a8f3b96637c4591187a91cf9ae9207ef3be6eddeb6f3eafed464b7976,cfb738e5eab8d9efcb7962747ecd56f0f764d779222622980ff264066755ac29,2,False,True
xes3g5m,de7983b043a9da04cb4251d3a33d65fbef3c98ca8ca10ca79292b8b44ada9056,1ae96d5d98da8451dd6180ac497555d08a31b0942311717ee465715b865d76c3,2,False,True
xes3g5m,de801273f94b34b912468e02dabd79b4dfd9e49090329face1aeb5d15b25b125,2725fb9f1288644fc84d1cc74f0f8f4686d2c5f88798b5891d95d70e6064091e,2,False,True
xes3g5m,de8511103e3fdf1aca091d467a5f39df9c6f4f45d000e802f636776bbccd057d,d1007ab88797882d0ac29fbde184d3b817621c7df1e5f3a63259e4f31e908faf,2,False,True
xes3g5m,de9b8ad39e35c401b3e5ad4ab8f2c2cb734bf2cee9bc3d2a717c5b3cdd7f16f2,f9a6f1be18086aa218b3f3cb46c60aac31d0654214be9c0831aefec7d7a3ae63,2,False,True
xes3g5m,deac9d69f97415ec62080f41dfe09d30f7c66ed8301291bc6cc18bb591c74b7a,7b8aabd9219a32b62e645d415267465a4a63b34653596070a5e31457d5edda01,2,False,True
xes3g5m,dec7af0bbe674164d780ba96e7aa6ab33cfaed0c4822500e7be82aebfa420df4,4a5a629057b4c46e535a01468cfa4b682cf43a6b21e05889dc99dc130eba4bc5,2,False,True
xes3g5m,dedf3a464135c77de53fe2961b458957a3c20c8b638dca07c604ce860db3f7e0,6f9ccd3efde9dfdc99eeba8f064f926a8c1e5a30e6a6d5c3def436186ca9f8b1,2,False,True
xes3g5m,dee248c4594537730cc2d82f1f3601d49ed88d0187c40f9493a8e7bcecaa41d3,699bffbefdc29a98f1606872cd939c99a79dba5ecf7484cb925df116d73d7ad9,2,False,True
xes3g5m,defb15950617dc74e87c97d3d32200acda71a9b5bc5c3661d28dd054749b08a4,8f92a803818faa6712bcbd71c75363258d9345b5130b3b515fbf4612cdf99783,2,False,True
xes3g5m,df0c2e74fc25ddc79cd70dce41702e1d84fe4cad838f98cd3fd1db650e0ca61b,968a92f4af593e35672268f4448f63ebe94db5ce5ff5dcea4d740e787d3699f1,2,False,True
xes3g5m,df0c3f979dbd120b24ec51fc9a88152055cc1098fa6f9c2e72b20f1152e4e7da,09b92bbae6822438a56e5816e56ab7164e654643333c3a71beefb90739eaa7a5,2,False,True
xes3g5m,df260e9b97975f3e5c17bde5466269534b2be82123da23f37f98f08bc4cafdba,1763b93d7c1b0e83d4a49a2fae58226b34d4d0f4b1917852dc3499cc58eb30b7,2,False,True
xes3g5m,df3058662c4c13f091fb422963894aa3c88c7fa1e4c788b866e7e0e9b1628499,168ec8f766d20f1187bfb5c793f00588c7e5982331d972903fda51dcfe86c1fa,2,False,True
xes3g5m,df34f5928d35f0b9c583821922b31d4e07f4e8dc1f35f75f6ef81c8e1195fef0,dc8f113cc9511634e2d1ec109397fc63760ed1b64c349d5f99fcbb786e7bb9ba,2,False,True
xes3g5m,df375357dde975075420e9b8f40f2e3057ccd299d1fc096c9aafb3d9730d85cb,a5251acadaca73210c14bcdfd758cf54b6e75c6875611ef14aaffd111ac2dd37,2,False,True
xes3g5m,df4535b9c3519927c403322b527186260a7cd4d6b445d981e60d21e34a7f85dd,8f393fcfc1624bc5a3f4b20f2cbf39bd1c1a95e1db02971606e51e23f1f75a18,2,False,True
xes3g5m,df53050cdf32f3372e98d36133d34944e677bf0a2ad18ba1d45f15af956cee96,c95959d6870ba61dcaaea7508953fb2abe13a574e0381a52cccd6859edb1cca4,2,False,True
xes3g5m,df549e54c1a9aec15dfc828720e12cd4a8cd466c826d72d0ca3be3de9e0c1633,4f5e36f822474d5c257d17787a73b4280830e5cf53e806b2f6b24f748c8bc855,2,False,True
xes3g5m,df55aeceaccd657485a7f477ccfc2b75840e7c983d1a09d0d6ca15ae39c5b993,e63d4b72b80b915cd4d8790f14d9059e4d65ff18b9f004c26a3a5bd0e1e6bb01,2,False,True
xes3g5m,df66172990dae81e50a8349411fb2bafa4ddd01171091a18c3b24da861373bad,8336a3e3ec233657dae896032a4994cd2f272e0911ef88c427a105d4fd085576,2,False,True
xes3g5m,df75c94e8c329a38d7ec903f33aff4b1a15dfcc1c43841faeab92c3d47a76d75,c56263a11abf26babfd68221f04efdc0e67f82172f8bcafc0a2c794cb3f891f7,2,False,True
xes3g5m,df785fd8be6f5f318b40c09c47a78fdf8007754af4e36eca5b92c7acd958194d,e83e7f5b8a5b8a2440d0b647bc7e26b9a4d8721c84db14db88b7072d3f1caa4d,2,False,True
xes3g5m,df9671efd62c6aba8a153a9cf71d3a15fd53a69e490e99356afa41a5f6c00a7f,f221cce45d6a97e4faac54cc5332618252cee0d271d65ec79039e00766f4a6f7,2,False,True
xes3g5m,dfc0ea991c29c7311dea85be07afd05529e675c2a78c836501cc7fa2982b373c,a7c013bc864f215ad33cb78d2f618680cc692647d7e27d682cf7fb040453e4be,2,False,True
xes3g5m,dfc9030124353e3c6c383800fc9ca3db8c5f9d63edb5211e6249f2e78318bddb,d88f2b231d4c1e2c383c63402ad8fa5ab9c9526995548e5b26cf70b6c4ebab9c,2,False,True
xes3g5m,dfc97b6f6f7304ac490f924d8d620f8e1760b57567e26c4c7163e74cf816dfdc,cd6de172739aa537da5f572fce371e0f6f4bb46d2d69705fc88e899b861432cc,2,False,True
xes3g5m,dfcf48984965807a231f35f3af5691a52bda4a6de0988c50c4dd1478a8ec122e,da64c31bd2620134801f4ef6bb86c7225d24b1bea8ab431f097307d2e6eed4f6,2,False,True
xes3g5m,dfd060fcfad791c3c45b92389178a8d567078bee73856fbf51df106b020549e2,2375f5d1f9df15a543ba0117f2e8eccf655340c6d64b1af6dc25de1aa1b01434,2,False,True
xes3g5m,dfd41f060c1cd5ea809c9fd9c17adb7a6bb67ef8d3becbe7b0338bfcc54b1b26,0398cec0a01c978bdf1a3e5fcd7af0f9553e1031a177baffaf153fa0abdf9899,2,False,True
xes3g5m,dfd9f7597aed8047ee18318860bc1176382d7d14300b631efdc5abd36ea35189,541360323c0c812011256d95c62d692a45bc4502226653a3b9aefdc3588ff41b,2,False,True
xes3g5m,e011b723a8a1453e2e42f99a445a7e6b29d9024aee8a09cd84be943bfba3f961,62d9eae3dbcf9b857abfee3f5a356413286f8fb60a9378a43e65b8e630d456f1,2,False,True
xes3g5m,e01adf9409e8283fbfa80d47493db58f663435fe4ce32ee60e96768a22af683b,7da6607bb3f13ea1097a103c3af908960534a278b5e0fccaf5b6e592079525d5,2,False,True
xes3g5m,e01f4a22ea6d48158feafaee6f64575ae90bc6475a23cbfdcda762744beb92f5,62aef37302f5184d80982fd8501a2ee8c684c2006e3edd6ef85ebb63b18baae3,2,False,True
xes3g5m,e0247b9bb3ce691f9b4bc858b83ff31d03e982ffe98af0a3a0f13f8395d9360c,3743f52ebd44df5fb4347ebb69101d08c2d69dad05f5a4712f6d99987a4edcc7,2,False,True
xes3g5m,e026449580e31a5ccdbcbfce2d2aeb27f26b50c2e8225a68c0cb63bf4796335c,59e62cb887d7f71ac45784467ed0981221e1f83b8b2727e354a160865a3e88a5,2,False,True
xes3g5m,e0313f7022d1fc487b39fa030b15754daf1d1bb3a68f55ec468265e1280b38ee,f1995ce49c6bd5e8608858adaf11c757dec84338ad4e07cc9d3a7f200e4a1b51,2,False,True
xes3g5m,e031508af6dce3cc23790c0954463af4c27a82cb9ebdfd7d81e199371c3cdd03,d3bda7c30634b8642609fd6edd4a5f66f432bc0d5fb948966b7118f22cefa326,2,False,True
xes3g5m,e03cd798a2c34f379c991d4b2e5e87069c7e903ecf234ae5566e838cbf49cd3c,866d5d08d41a90d4df9b447090f242d8951dc8df0e7c201394a9e9d9ab58b101,2,False,True
xes3g5m,e04514ecf35cd4c11cdd330beefcda861439fa138c9dd625ff2fcb6c3558587d,919c3f6bc82fdb98148091f46f9dc383a8ccdf9fdc4e127ad73096e1164d5aae,2,False,True
xes3g5m,e048de570bc934565de8211d0eaa15d2269b594a209b6f4abeadf5759bf87ac4,8d90b22f8ab83340eb8d0c229f13abcca84c2568c60c134b983847b47e9a25ae,2,False,True
xes3g5m,e0522e09cf06d8308afc2615a2b3efcd68c6dd2907738a0a3e77f9d7cb6f8f88,9b4671412f1201dc057d8462c3c37161c790211423114cd5a527a96fff2a4dd8,2,False,True
xes3g5m,e06824cd58259422fadcf9a3e1c58acc5f5d1de79faeb8ec25cec7bea2201ac0,b4de6cd4e07a3c6747a4fb066e254f4da85d48f56be5c107e20a12d805dd92b9,2,False,True
xes3g5m,e087c2f9680834d1625c45243e4c44629da908950a4dcd5db6ebe64f593c2846,b866e6ae2d11179b6fa2a9652e57c7ea6b9c2eef6e2b11976b464f295ad89908,2,False,True
xes3g5m,e08908ecc46d58d21d7ac5aa7e2af8ae2ffeaf35ed5fb1fde7af3dbf5c4b8c85,e5289200478b549d9aa4d4ade1a4f821d58730e4f2e34f2d7ef7441a61690e6f,2,False,True
xes3g5m,e089d3607869713ff7fab27ce12bf8c8ed0c726eee0561ef2039c9608ecd0748,27ae809a2a3748518c63f297e1661a97969c00e579cfbba4ccd2d3f63ac89ed6,2,False,True
xes3g5m,e09c21d4e319091c0bd143c1177c9c30b8a3fe3ebb0b2b8bef67dd8632e97484,85cb8bee16dfd7249e3ac5a8197b85206e888aa8c2da8870269173be6b5aef8e,2,False,True
xes3g5m,e0a09add4d1102c5e1ee6422d5ff6e5f0c6ab37f87184e0369690d556dcf1f32,4144273b20b88df4fe0dc3e66d02e7d84a2a34018a80bf0e18d5099c83a8c396,2,False,True
xes3g5m,e0aaf5f74456772f4c9e7670d6fde508195c2390603364cc3cfd62654b20b371,b3056158968d69bd141da23366914530c3826a97687c93703d0aac0f2ae27f6a,2,False,True
xes3g5m,e0b808d97863245a15ab7824d44555dc518230a9fb48b7cba930a105f5df6eb4,efde937f73c61709edee8057634d3a39efa1af0504b1778c32c70ba22ced483e,2,False,True
xes3g5m,e0c65a08b55c08948c88f246a634c884400a07384df1c3427a4ee15ff4364db6,b436b125034f50df04b6fe478622c1559fec042266f13b8f5149f1f31cb09bb5,2,False,True
xes3g5m,e0c806081dc0770b257926c12965ac23b94839505e214a0b1f7b821e310ae411,9500b0d75b7d7975ec09c01ec16d2d96e3a8c0de1f76fbf3626d3403e2108fcf,2,False,True
xes3g5m,e0ce85e49a8070e6ea40e9140e710ebce73d8b9272ccc71ba0baf18a8e41d1a1,d184d56b04ea783d1ba03bc644b49a188a5787413c9139eec7fdc222003866cd,2,False,True
xes3g5m,e0d1042579a8f5baae42839710dbd2ccb961b375c4db9c3926fbb5dcc82c585a,def1e76ba47946232c7e3b1b09686c91ddddda8694ed86874454c6b6a72970b1,2,False,True
xes3g5m,e0dc16a16ba458b22c7ea938030ae1c14936e4460b3686962bacad5860b4c383,ce3a873d40611c8bfb4867fcbf9b32f95e566d65e86cbaec25aa7068e02ecfae,2,False,True
xes3g5m,e0e16b900532daedc11d21a370234e607d96e6a067fdcb55c5043ff14d1e0120,b39d3cb938806d0ba6f1695cd83c290b73d51fd79679e2224d002728c4f327ba,2,False,True
xes3g5m,e0f7850ee1371b0a573579436689bdb153926d2f7fed1312a62cc8d4243d61b3,9a40cc1b584fbb70dd2dcff4983402327c7479e7e94877a0ca431a77a4eceef4,2,False,True
xes3g5m,e0fd4efa099a8114d6daebd4b6bb7bfe310d7fbeba30ef0a906482f0f6f57e98,a1b47e3a1fc5a169c0774bf78d7bc42cd185c5d01b6a8bc8f6f2a1e0bbe4f488,2,False,True
xes3g5m,e10f2f2c77e5f394b9935a081c0fe29d0a4adbd2566405defadc96452fed7b7f,aac5227bf6ed8ca5d72a7663f3c7bdeb77c4930bc023584cfe077fb7feb2362a,2,False,True
xes3g5m,e125e7750769d06415201795e9ef853cf8855eeba2a091d5205a23b3af629b39,36daa1d0340f86a6eadb12be545824509fdbebd9be08bdb12f10631487d4a3ac,2,False,True
xes3g5m,e128e96726b8b73ffa85cd3a9cffc2da93be84d954b7ea41e7ec67612abc58bd,e3de1a36d70743a87bc0dded0fdcc2d09b53d6dddcce8ec919611c3c0adc1a50,2,False,True
xes3g5m,e1372108c5ce3544a98352c761c343ef42423012735712f2c0a0050a889be50e,604c038e00d20517a07618b563a797ca20df9981deee6a7fc5f4d05397ad6378,2,False,True
xes3g5m,e148fe5cb9b49afa85d8e81aeb79777e019f45de01615902565d1b14d5ece555,e418ec1cf12d498c2c26cae7e7afe19c38692641c0d5b419a16f4f04e63c688d,2,False,True
xes3g5m,e14978f742bd228c1ed96f7c0c35d12eb6cb71100f7afdca9ab9b5df40874711,6f96a20c9f1b7c6bdb269a875ff5b6273ae9ddb51ee1ea81e06a9848c0a78e3b,2,False,True
xes3g5m,e14eb27002d0c1fd6626178ccbdcda43b7b2b1d10b09ce4db08a9026572c0430,bbcf95035109052e6c0938018e09d5391fcfbfeb3a9d68330d12b91574583adb,2,False,True
xes3g5m,e14efd4f27b4727a3db316057b47fff0228f89c10c92dcb983ab1beb1729d8e8,77693a347212f80d4aab759565464f6c17543ecc3d2276f8e4cdea9a4dc66ed1,2,False,True
xes3g5m,e15288afa256042f2a16eaa5ab2e9d578a75f22a61dc63d8f344cea7a6b740b6,b3c7b3474ca63bac3fff470981867ff7b32955b8d514ed235d0269ed83e6f75f,2,False,True
xes3g5m,e15a6d14622a0566850dbe3e08e0351d9fbe9bcbffcbd4f9e75f7f24474977ae,1dac419cafe5045462d8c10d3eaf837e6af6028d64e230d4ae6801113bbc44fe,2,False,True
xes3g5m,e15ccec981d6aba81b1878bbe8c98263a6f3bc53c26f07c5f3d1ec9028b06b63,b0097e20b98dc3284ad7eaa54cbf4fb95d43bfa4c3e22e1515093484b8e0172c,2,False,True
xes3g5m,e16d61de0857c6b1031844863ff42480f3fcb2af594c8b46f87f39c7621e4b8a,87b431b83318568de9e7a35f2bf5a32e2c1f13b0033a1f41663579f459a2eee4,2,False,True
xes3g5m,e19116de534e4b2e4d8ecb410832f66ce3b37572a4fedf88069a3a2986c6a782,17d2fbb14074759241a769e8ad6de8d13d68b9b20429d4068df1eb26783f9a5f,2,False,True
xes3g5m,e1a3470a122880c90b391a5fcaa8382d39eaee7c0582ae2f61d17e560d1b3a73,e4284287f45a9f7585e0c1b1ff097c808473f8fc9b6508d6446bfa817be24153,2,False,True
xes3g5m,e1a4abd024129b816dfc4dd817d171e9ca10f02c080d6dcab6b4bde36c9f1a1d,d93302d16c72e3798095adba2e340cb7c583304dad47ae6412a149300188c5af,2,False,True
xes3g5m,e1a9b0128e1ddfe0cfd83246a348bbcb26272eb1a0f2537ffb1f7f569d0aabb8,638810ed47e6b24b1e4ddbc21ef42be2ec58e73b5d95781cf377a44b4a4e2abc,2,False,True
xes3g5m,e1b99b53b5fd565994b5266d419e15468fe902cfb7d77e81f19045c7fd411e32,464f80e9f89f278b06c62ecaa2643830248013530d0a021fa4165f8b78d1e960,2,False,True
xes3g5m,e1c081ff0f58d327c33bcead172be58003cb2afe8067cdee21e75a152b45a6f5,9eac060ef63a92005f6e121cd538b5d5a499efbb46b804acef4c8114b5c3cf61,2,False,True
xes3g5m,e1c0d88c6265c8ba4ebea42ec5965487e9900c58edc1fb54e6d50ae84293843c,46dd515e3486798f6eaadd0253ecbace74f68b40cd5965cba248529be7340d70,2,False,True
xes3g5m,e1c73c8df32d3bb0df36ce49ef9695d55af0c6f975d339d85686dfa78f4f74b2,c2acfa625347dcfeda31dbf7f9964831ec0f13dc6a1bb03b7610c41bf62f681f,2,False,True
xes3g5m,e1d9e115cdefa8b05953d3d77ec0227145b76a1f83bdc67e4500d5f573aa932e,f1dca60e2e08d986dc45ee3c82e1c1f6e69d6148289ddb887f724a808bdfe27b,2,False,True
xes3g5m,e1e3639d07bc0d31216667148d4b9d476e4d861aec704f74e35416f6bff1a811,1e835bd720971d55012751beeb80e87330d14f7a3887415dea1954d6b8105fbc,2,False,True
xes3g5m,e1ec8aea48f44308aa8ac68501bd563559dcfd81c7446ae2eeec3f4299e6799c,7507dc6ac7e03f52f82c7a1e43925603ca795a18515702027229fdf20507d9b8,2,False,True
xes3g5m,e1eebce67ff8b8fe1bfb4556404267c9e437e0f1bb057787fcfd292ba2b43651,ba2a41081e9d890a730eb8dc0a690277b35717a0783ec57bd10c49222d112ff3,2,False,True
xes3g5m,e1f1de647ebdd23988dc4ec221440d23cc9ea91d6269b16f047602b630dfe760,08168fd7aee96892924817cd140227de1dfdb7a613688d2e6fb267feef715fb6,2,False,True
xes3g5m,e21971870d8217d9f3c30ae3c427e799412f3cc3b2c683df78fc39893f248f1e,fb074c3c85a5faf0bc3cc0cbd1cda0dd552079dd34588b1c8b5a7e73ceb8f060,2,False,True
xes3g5m,e2392630cc54f73fbefd20e985f995898a10392ef1b5be96cc335e8c8c0c182d,eb2412809bb40a467d4e3b07797007d11d4151e7a2acf2689c1ad4b58ee860e3,2,False,True
xes3g5m,e24363c98c6e1ad9b70d58b23057f5a997f8763f41c65f8567ee38de0362b178,59a281add5b936ca31078b80ff64323a3514924aa4e41c630681de34654e338a,2,False,True
xes3g5m,e254f46fb6356ebe74e5af8ff117a879a80b156d79997be5e0e303d09e20e4b7,5f281c018f6c319f9fac05a2f173327ac15c2f503bc8b3a2b1d27dc6fe7ecda6,2,False,True
xes3g5m,e25a63f884de4a47c1f79fc4217bfa1b37dc6150526aba4bf486dd1b62e96e99,30378d0397ad8e94718f2067ed8d7bd7552117c6c58590716e8c9eabd4ee7f9b,2,False,True
xes3g5m,e2a08d801efd7893dd51a6242f8709c7785149faf56d21aef83a1bbafeff36c7,38a6089dcdfe4918d185a30301f30c5cf16b72f5e161e393d5cb03f2a4a2862a,2,False,True
xes3g5m,e2a2de41dde701235fbe5b6c9abae5229b7b3668cdaf56f2172d467d5c84b277,93bf26febddd998261f60da2abeadd3d622421b4a49e836728c619e1b2151c7e,2,False,True
xes3g5m,e2a7b03826df9ddde23f829f7ffd81256373251297066e216380d4f04ca04c63,8d23813b7e040dc300d77b57f37fe5cdb65f890ad1a70e37c5496eec415b0152,2,False,True
xes3g5m,e2a95c763012e16fdd86cef5721d8459542e841f4b59a3e25bf5bda308cd05b0,58e982dc76ad662adbeb160096d01635d8918b583e092adf46eeaeda64d9d41f,2,False,True
xes3g5m,e2b2cbd2fbef74338544ced9e010a1e225f0b74da4957bc5f821ef491cd10493,2013de5e1bff7a3efd004a1f8316dd12077222a477a85f05375800c5795c7ade,2,False,True
xes3g5m,e2cb5a69f23575381ff714b6d0a022b6e685c4b2b3d007583d6589f6f40d5f95,ae005be8b8be273eb37be8111b3cb9f9a6687fa3ba2922bccf8e2130d06fa08c,2,False,True
xes3g5m,e2d03b7bf624315f49e3f0b31f4d326c9adcb694990cbb839753a5a1ca0dce22,158f5c1e956ffa9aabab800428882a5f069ab990a68b52ccc481da918a644eb2,2,False,True
xes3g5m,e2e78f08b02ffe9b5e022248ad915734faf0b28e97751d7655c6cd284f4bdccf,8242a988d65f2c630fcb817089ab1c31fd1a0f53b6d3806fae730be749d1c4ea,2,False,True
xes3g5m,e2f15b0f2990d218a0eb7f180482f3eccac9257dd5b9be5b5e157992c94e012f,49edec87096dd6185674ff99d6c36a87e743ab09fb36295d1445348fb4dc1383,2,False,True
xes3g5m,e2f5cfa9500795ad582b79b50b33528cca0f9b1f3f717153591dd7e7afe8c2dc,56c1e09954aa1024a3b978cd7ee88e4d896f24018e5f5af54c319dbbb76107f6,2,False,True
xes3g5m,e2f86df654600d39cbb8b84c72e5e4357423e2ecb49ec21a98a8a80fd1560577,e403ee4e8f6acda96315d75ba6bdeac3baf090d3f4fa490dd6b546b403b7ada9,2,False,True
xes3g5m,e2f91c164e82700d88443c087f427cb9c8f50c1125b7f9b0cde6f6317606c859,d4dc4a31436e7e22a84a7155ba4edd31e8a0812ae07ba8404443e3b9383e1371,2,False,True
xes3g5m,e3017d5a50c8acbd4911d31817fe58c65fcc3771a78ec2497a02a392e3518d66,fbe5505327b3b6bd46dbcae6615f767937c94e6b8a0019d55fd7a0d5bf92df65,2,False,True
xes3g5m,e3126ad01cd68c8206b845d5ca319b8c5724115b6f61645fa6be81b0a1b8dc37,bacd87c747dd4cca3c8e9a7d70ccc9a9d03f13215f19f6a924a781e3bdc5c0dc,2,False,True
xes3g5m,e321fc5504623508c5452e6de16a8ceef5ed55294a20a1cede5b530a285c0139,80c49d6bf0c509bae93ef2784115ce61bb6ba41a9ec44f36794be81239bc598e,2,False,True
xes3g5m,e34199baf2d0bc8c5e4398c3b5c8ed83fb6dce75528df4263b6fde9edb39d7f0,ff1fc039411ee26bad396e6e3702b21d522227a19ebbccadc64ec11fd16595f4,2,False,True
xes3g5m,e370c2a845d7bdec2473e66b31432e5d74000ee44bc7dffd241e83f998b81ee2,228c464f7ca4c69e7b394a7824500ce0d05c13f339ba08fce5896f0e55040338,2,False,True
xes3g5m,e37bdb1374fb6c1761a37cb7569083a2a6d2f4b30ff4d31f1b5fbda74db8d792,bf2a8645c8da79f5c9e7e6461c397540ddea2344f33c4cec7b6846265de9c616,2,False,True
xes3g5m,e380743c3e88a3dd786da10869f8fb0b50210524e8e23feca0c5c3741d7f3693,b14186bb9899f00d769a77b0f0dfc4761d944536646e2b3438b5d89a5042f1dc,2,False,True
xes3g5m,e382d832fc910d4cf09953f8203d1e91ae45bfd1c1f97cc27a79ce7bd5415cc1,7cf91cf6fc4b94c935ebbbc04a63b9353adaa0b162a92845ca1d483991ab7ef6,2,False,True
xes3g5m,e386919535760d88ca230681cd037cc8ffc092a3c79baea8ca743db3c5ef383b,cc01a0228cbbc7ecf9584398cbd96f29be7e17e62d9c0c79d8dc8bb0c0cc7c77,2,False,True
xes3g5m,e39021fa40223a8c37bb861d57e283f3f7b4379ede0d9c7d93bd594194443352,905f2943a5822eb8e35e255f6f19007440ff7a81085065a2acc3156b223d34a6,2,False,True
xes3g5m,e3a595441944da9041fcfd00bcf0fc77db35f22efd0d52b033e8e4c7c9209620,8a4a05bd8139c459d228fb9e8e08931dd603e84b3dc0c3562f62991249b2fca3,2,False,True
xes3g5m,e3aea55d1ffffcaab9cf78128a32ab7673374c3de7f03271aff1fe0d6edbc81b,f4b848575625f222519c17fa8e2b5382437633f278394f8d365fc51880063c3a,2,False,True
xes3g5m,e3b2b3118296e8f339467721f9e55495798fb4f5acf7990b6db2cf37ea0f3ba3,595296803b1f8e4843d832fa6e2b4b15aaa7f09a70ce4b03c8dddb0a5c91dec9,2,False,True
xes3g5m,e3c162d75dda2e08d457c9f69d4f339254bca11924bf2d2592355f3f5d71f0c6,93e0056788d8c4402c001e53bbfed176efc27bcfc78dd2a3b215ed4d351f14a2,2,False,True
xes3g5m,e3ca4bf2b9be22999773fbcaea8a7b8a92b0477f91d9383cec6ced44e2259d84,c6fff272c7f3a721d884a909ec18a29457af2026508d1b97704723353c70ad5b,2,False,True
xes3g5m,e3eb276f4d2f8c7e3ebb19be7dd241fad713b6e894efa373e1b358bf9a57cbda,00e885aa70f7014ca817fb83eab73e2093c98329cf7528054f2fb0657c04f526,2,False,True
xes3g5m,e3f8b42db4deab453694b6c89b9ac7a0dbf0444167208de284f65af5b45971b4,cf6db27525218b9d89efce086d89cd3eccaea61411fa7ba308d4ac195f04773e,2,False,True
xes3g5m,e405e2f831ae6c061cf866bd2cd16828b542f35226a0391a9bfabc6a920f5bea,0286c2437873a318f4a43f70deb2ca9e39a9a27bb68a36c8902a774e917b4c88,2,False,True
xes3g5m,e41a71bd2cb240c7bc4979a384b41daa6b2d14d31426e53ae23590a9a0c47a31,5e7ac85c7970c056082ccad95042c8335f180dfb4009c73ad19e8867d30821e2,2,False,True
xes3g5m,e421ac7308b4dd9844699eda4894fc5341beaf0c10dc833fae8828b8a584f5ec,ccdd6c9abb2e80c1a58714a32afc09a6e0860ffc1d2b50aa701b3f8a2533396b,2,False,True
xes3g5m,e427a9cffc70f8059b7749062a8d2af92e8e5fa0d898fe85543c7ce12da0da6c,0e4ee6a2154b8612199cca1062d2aac9cee6b8966b316706902a7e8750349c36,2,False,True
xes3g5m,e4286b1cec662af39e82f542beb04a6a38799b2a98b345fc7e27ab7d3570bc83,9cba1ea3fcb425bffd5b46b4ecd8508be3130d623afcf53f29d9c9a4057ed99f,2,False,True
xes3g5m,e42bf1a84fc6c3b2037557e390b45f215fdb865c1fcda6178c46dca71a79a18c,62500a0a128929362a25dece9ea5d2b85156c276dd4129c75bf317d309dbb1a3,2,False,True
xes3g5m,e433a525490227ead0ea184c8428e7669780b801bd94a507750912f1c4358bf2,2427d859a5da49044f79f38bff11be2e6790b23c6d47f68b317ec3016e1b1484,2,False,True
xes3g5m,e44c7857457a8e14182d922c7d58cd2481b5fce94fe7276354f5ed78266e657a,b973dbb14a8d6efb2ac71ac934cba887dedd8cdd0ab6342ad355abdc74387879,2,False,True
xes3g5m,e44ef2c22725e9b68c4fe7947bce19d6e768c32fac4c45960a89f2a227ef7717,c7800c115590e2bf433e490c6c97976fb7b0dea657caa0c59a794e2668d35928,2,False,True
xes3g5m,e45801e1faf3baf0c6a76130d115d6827d22c55b284a4ed59be0a282de838961,82ad5837e1b3cb9ff21d9c11de37854cbda66b654e04220ba230bf233e6f4b6b,2,False,True
xes3g5m,e458ef529fd1c4d4eacc1e66bbc688a5e1c0f067fd23a55ac405461c328937c0,59e8a407a8234fefbaedd0b31403fa831ac9c248de9553ec7938c027f94915b2,2,False,True
xes3g5m,e4594a346292e490f5051fe77169f51057cb94c26a8195938eed0cb1605ead67,0e11aa8791edb6797e8cb4d87b036cf398cd5dd59eb7c12fe9ca9c675615752a,2,False,True
xes3g5m,e45a53692ad8eef8441cfe8578121208db082c121a4d535eff05b0353493a783,f45e6ed3a8174fc88f2d25eaa3b069e9a6517e87027b28efe3c6cfbc8e2a8ace,2,False,True
xes3g5m,e467751f8b38ea7771be762b648a85d55b0bffeab0e28ab07e2c742668677edf,5c86057f13ada1636c5ce75fcadbd2371d073c1a6a81926c5cc7d4e56505083b,2,False,True
xes3g5m,e497078e956e62d8b1e2b857b04352095407f87b9e8f933c28a1fb5a48cfadf7,ffd37df0393b1f28f668a7f4b2c309f7a743650815f1a807a4822740d5375087,2,False,True
xes3g5m,e4aa0c33369d7c8d80533c0c737e72d83dd3d9901f5476cf39c3dd18880045d9,2d307f116108b132d9ec6cefd88764368e9ff8231933373510855722c0ea5979,2,False,True
xes3g5m,e4b1fa1c59cceb3bfb6721574f81cc0aa56c09acf214f2e0e02d991b996f2501,85863a2f9de74a6b69c40b4e0e8ec336b28f4c638b7d64b730135a2b6c49a088,2,False,True
xes3g5m,e4b8d660dc93328acb6da89d7506fb5b3835a395b339ef99b79c47584456b7ba,ae06451e1e0decd065f5011d04ad041f3afbea6e302d552b7500ca931ea25b67,2,False,True
xes3g5m,e4be212979cee16220c20fdfd59728739887ae867177f4c455c64ac328947992,ee1812371b60020426bc121aef5ade78c8108ade31218960a62cae289851a3ab,2,False,True
xes3g5m,e4c9432272eb33bbcea6e300a481d30cff3dbff6375a7fd121a4d5973fa9a5bb,81ee9bd573c35f90fce064edb3e5821664b5923a9f021cc9905c1b33910afa9a,2,False,True
xes3g5m,e4d527c00b46b5a41fb66b5badb43bbd23cd77238b4a0ee61a83af577cc35afc,99f348d3587140fb767054e900ae2a4e060695648c20fd5e0aa2420ace2842cc,2,False,True
xes3g5m,e4d79558fa77500dbf857070b460f037133b8f03b683ec7a8260db8a054f2df2,53ba934c2edfda68ca1f91fc5b972143578d501237c808f17a6a568f0b4cc080,2,False,True
xes3g5m,e511803e28ac3d3fc81deffd974768198a115a04d589a09cc63012a564db5163,c30487d97b372f01347532e05a27e8b8d76b6bb1874e408aa0a97373b05ff25d,2,False,True
xes3g5m,e511afc49e6bc7dd5ab3499ea5a5c9ce5ee3efde18d3d939a0a8f2c8fc630eb6,74e4025f96f8041bc55708815a0b46dc18986a114e93cacd74b918b3a4896ee5,2,False,True
xes3g5m,e511d00a39c2969643d5a1a5fb1b68b86004ff1d3d216e5c8c773911e566e55c,22d56f8ac92d434cf165ff2a608574db586f2ee4bd6da86544ac476a491224a2,2,False,True
xes3g5m,e535642c81054d5a05dd835fd3d54874906c897b5a123b291236a9cf823f3261,b931d270b23c9bf23ee9db7d3f5f4f7e4affb44b132871ca206b44b2c5283da8,2,False,True
xes3g5m,e542c7ec210239aab65207124a9f94bd7bf43f09823a0f8a6adf513fc26ca995,46390b63ee1109ff67fada5e6725e8494400a081cc974c3d529556e94583bd8e,2,False,True
xes3g5m,e546b80e7c40fe65f3b01cf3c1d933eade5e817f79dcdc3f12af3041a85681eb,9fcda91330b34829da398712371fa3224da919efa7760c50e8d40f9e4a1479d8,2,False,True
xes3g5m,e54da959a4ba5bbacffceabdbe032568408459eb61c73c8b557ebadfc9a12b2a,e66e91dff0ac927906a7815ca83ef5b9239e6dff5bef43b3f82f2239c9463eb4,2,False,True
xes3g5m,e56000ccee037bb324e9d83f6d67000cedf9ee904424a17d6fc31c8bb9a275a3,5555135ce93dc3296fc833e4305fbe065472fc4ef2aedc2aa721643dacd8450e,2,False,True
xes3g5m,e57da117d47a5b107588e7d083bf0cd4e1c93b39b2fbb8073f1b49cc2e69b81c,c7571b16681f22e27c0e16208d7233691f9d78f7079a7b4e0855034c5353974a,2,False,True
xes3g5m,e582f31df2a69d9c943899eac357dbb9cdf215d8a72766e7526dbe51e82c5339,e41722aabf24a734e2dc4257dfa11457585a0d067fc61e92502344595517386a,2,False,True
xes3g5m,e5847fe3739ee75efb6b54ef91cd317db99e9b63ec6c048efe7069ee25067a73,eb64a37be4201eb9c684d8269b3c84fef27c79f6fea484b97619bd0edb66edb8,2,False,True
xes3g5m,e588249ebefc39d46626b4257467b15233fb33973fcd3f2dc34c48efbf17486e,17e1b876b96c9371600c6343d326c6c54e10bf01b54e0d2067aba465be94f776,2,False,True
xes3g5m,e58ea9a754a37812900bd0a25b17fc7b22695bff2085787a7a0b9943c63336eb,c5b255e21d6506407b1ec90fb8689f53898713b8230886632830bcaa98807b05,2,False,True
xes3g5m,e593ae2329b8aaff21682aee36cfb621a8a87de5e3f77feeb735a59a57ed1cae,b373e02e920f9adc11fc797624f8277dfdf714a0afbbea22a11cfb02a8257748,2,False,True
xes3g5m,e59f8639ac85d1696da7fbb8022a2fd7d2f75a5045707c7b14fbdf1ffa18a963,b199069f5a15889c3c1f4859760336aa890b2b99b970402a5027cfc92c6fefd5,2,False,True
xes3g5m,e59fa234ae6c3b0a253fe3b4a0e02510586641f9836cb302f6704af1494d64b8,5f4ee67abc24e905fdbe795ddb26ae01e10ce1f7683e50571f0d835009439a34,2,False,True
xes3g5m,e5c1a47f897831cf66f7362b77d877ad9fd3d561f792e487a837665ca9a40208,dd8645530335c7d7bce4f9e1236161fe8648d8f2c1410edebf17f7faff0a1770,2,False,True
xes3g5m,e5c4892e71b8f1049c42ba94b761c67ad896953858d810d3b45638a1b57c7dae,426a81095a1af978a2fb6829771b166070e9a6ac1023671879f0c0471ac6910b,2,False,True
xes3g5m,e5cee05db3a53f9a4098fbfc8f0a5e819b6f0b07da6b6b57c21bc7c7a9733713,ddaf81924656d3d9a35588befff5d9844cdf6c0a1e5a8211ee3829ce33b3f965,2,False,True
xes3g5m,e5d0931278e0a68afed824363b0a9c88e540541a211bdb1ff1fd062de09ffa37,c2e4e7b2510ff47a4c69feb2f2d3b73fea80e8414875dc89923a11d41d8f9b09,2,False,True
xes3g5m,e5d2eba63e0ad1fa6de91bd8d89beee6f5a83d75744394b20eda91cf7a786462,edb07c451a2ad1b67d13b4a1de5ecc560c72b14730541af015a5b05e2af7e075,2,False,True
xes3g5m,e5d9a358ce5207274dd1182c276f597fc0ca28cd0fde1d46687c5fd116238f4b,ea6218c1a15c764402c794e7a0a77ef7abaa0b8f5b8f6fdef563979d0a43f642,2,False,True
xes3g5m,e5edf2e0368a9d113f24b8cead91dfe7892d059546996d8794c6e2d228cbc299,5232f79de040cb762ab5e2333c91c2c22fb0bc7964451cb8e300b22c8ab7902a,2,False,True
xes3g5m,e5f1a3be77a24342dd48e212cd334d98e668bbc3817f2f6ad407df468c666595,aa1efb9c9833cd6fca7017efef733faedf391947a9d4709325cb81a861aeb95e,2,False,True
xes3g5m,e603050c9cf6a264b6258d0341469f1efe0cbb3fff313cf1d87801cc54e08114,d9f2fec3cde8bd93dacec030ac993db09a28ee2b9132c6d2c4c1eb8eefb2f657,2,False,True
xes3g5m,e6040f08d95413225e3e0a49974dfd41bd38c801ef2ca2429a4bacbd34473794,7d2b8a6ca14bc02067518b0052c3399ff04353fc76ccd30f5025406754347816,2,False,True
xes3g5m,e61517dfe9757de99c6dd975749a5d18c8a83cff1c26314dd4f0e718c8d9de03,c81f3f7fa9fd62a448d8e7136c85d140eb1d617ddc203ac648353fe44d2ccb68,2,False,True
xes3g5m,e639fdc1eb0c730683921db02898f5f54fd3de0115fb9c9824efd457a482787b,2029e3c62e6d5ae40d28c9a0c0dabbcc9444933471dcbca7b6a2e38e09cf126a,2,False,True
xes3g5m,e6526f5f573adfeaaa15ec63a12edf5fd3a1f53a88bba7e83d43ab6e480ba732,0a0514941019b5626d72c8841775e3856cbf75c2176c37cebd3f5ba23758746f,2,False,True
xes3g5m,e67a36e7e631df7915c0e894d3424f8da588be42ba6632a7f76fdede5923d52f,ef1a5c2aa2377db5c64c4c2f07f146f4d9f28ccab974f1c96996b21a9021aab5,2,False,True
xes3g5m,e67cb62753fd2233e7acdd16deaffabaa30dd05fe52f442d748ace7ddb870f45,70611e3be6cd37cb8ace817810bcba932cfbb6e8300d948629d81e28deb9e170,2,False,True
xes3g5m,e693fe910596fd8ab574962e0a5a99b08573cb210a610c3c0689cf35c7be0c27,42792bd21613611bf6c5ea4404420bfc7b57d697cf392d97ec55cac040ee1769,2,False,True
xes3g5m,e6a6540b5fcaec6eea5a1c6fc0c770c8e0afe2e8ad97db7ab1ef779178221987,b382d827257b680f0874d0a41b3e1cc18105fedd7bfbbccdf4de2067987973bc,2,False,True
xes3g5m,e6ac6a2b5cb89233266ba2bd04602b4403c61545bf29c6d2830dc947b850515a,093bb8d3e636922419774e99570ebdd48653dd2da5889bccc4b7e40d31040570,2,False,True
xes3g5m,e6cce445359feb242e38ad44cd4f83a46ab67374d5603c63edb9eab2078ce683,e0a20ffbe196f77d9ec725c0f94f81a22292b54da68e2166b9b4d48fe519a91a,2,False,True
xes3g5m,e6edbe3ea1342e14506c9a3590b05a8750c1af83047fa5fb58248bc516b848c7,2bcb57f6f8d755397b11655cbbc6b863100efaa40ce29d8894c22da511edb9ce,2,False,True
xes3g5m,e6f5690b78898454a9becad3001a10eda85c4ad9f13d17baf148dcf6c1d71a84,bfb33bb4ae91d37a003e918b1342d9136352f405b4740bb566c9192b16e52b93,2,False,True
xes3g5m,e6f5ea2c2df8e9e138636b02027d98b5d31f8f6d55df7cb0a1b648657fb0cbc4,801057ba85cddfa1d89454a3b4b5fe2a2475156b14dc17253e89bba76cb22394,2,False,True
xes3g5m,e70b79e9b9709f5bf5a66d7f949b059fbe53ea6170acb5cf6ab04251d589f4a3,42192ad2ef213b10afd6d3df1100525c1d117f541d325cf10e08bedb12f03fc0,2,False,True
xes3g5m,e70bcde126c110693a5a033a9d1c0547003602bee00351604e056e95932b4f5b,b6f99296c85147d392382fe70c5f20223dbd2da253cb1769de97d87a6ed843d0,2,False,True
xes3g5m,e71289745070c5728d611746d2727d5a9dd699683794925217a1df0e9c45df48,d444eae490c55274e1537028d989519096df1f5997fab0ea19942f8bb146355d,2,False,True
xes3g5m,e71937951b5e21ce9e9a0c3610bedff620839f021958b34f55735c4f6d4574a7,aa5e9367b28d5ac1e43da0c5d37e4bd68625085a74ea3978411c5b29abf03611,2,False,True
xes3g5m,e71ad583677d7028b1be3f5a8481dbfd13f08fc66a76366d4dab9a3098b2d431,c46314583ee1ab692acef8af4a0b3aea8713de9e8f0bdbe683d37bfb19e2a947,2,False,True
xes3g5m,e72fd713e4b4d8097097a7b697219be94f3561f28f26bbf2940c4cb1899b75e6,8ca7b85ad08cb81471d30c668b9f655b9b0b29c51af84a82a689cf4ef0f5c68b,2,False,True
xes3g5m,e7389735272e727a68cdc32a369d80d887f787ba34b71b8fb28bef2301c9a172,58c92197ea8912ab68df15ce9c225f1adafe967cbefcb6dd81a62defb8f818cd,2,False,True
xes3g5m,e73d0f1dd7970db1c4f071a060d4d328007b5b2755a8e992d124e982d53cdd79,efea8a5d84c89b8e8ab35c597f92b1adf3f819e2ba369aaf39c1d4acc055e262,2,False,True
xes3g5m,e751989e82c9c04a0fc96101579c52f8509d2e4014f3b0ab94333f6ad7d41e13,e1313df7d9b561336d28da9ab6aad40c40bb355e98d5301658330c055e37a314,2,False,True
xes3g5m,e751a2dde1948dae100521ead293bc804a92221f4281280b7f41cf63f613b4f4,2ced299db3d5ec0ac65fc3625e9490526ee92ce1841c19183f13ec5c7cb272f2,2,False,True
xes3g5m,e754c57702585def34b0815a158c5b9bc46e243c4a8ebc0ee580862656082df9,7760080ab41f4fa95200c129fc699a82c45be7bab5ea0d61ad9dd28b00b40464,2,False,True
xes3g5m,e764bb9accdfd5032b0cb0c60b7fbc732d5c747d1c89f7d15e10413a93584e95,51fac803834ec7ab8407da302fd25f7ab175d1dd545c1d2256612f5c7bec1d3a,2,False,True
xes3g5m,e76bf79304f103239713cf08b4130e61cd48d88d9a99bc701a3419822b5d1983,a79a7c913df68ecd8d103a7818c69dcc039e42cb7095c837c7adeea39c8f85fa,2,False,True
xes3g5m,e7805e9bb6fd1d151c546e31ceb9cbc4934a62d38aad52e699b41f18e06395e9,058f1e329c5f303267fef7b29c27bf22c8ae1bb52a85db2adf0510cd93fb2c8a,2,False,True
xes3g5m,e781d4c6cf33d36e413ef0604a9a2f2ffab9e7722ced9f5c0104899ba97ca8a1,664ea8efc5a7c6d01cbf8771930ded2a338ea3d2029900fe3b4e6b8feeca29c7,2,False,True
xes3g5m,e796dfeb2eccbd2901af3c2d6f349b1b7f9177883097a552003ac7fecc51277c,130359bb06c3198d39342fc29ea644faf1d119c7c29b299a35888f0f98fbec41,2,False,True
xes3g5m,e79a59477ad3b5f45ccae39e06c8b4de1d3f108dc9c9db755ceba48057d2ffe6,674064b3b92f52865e7bb49c9e7eaa3e8a8d804c3d5eb7e774e3d231a8230280,2,False,True
xes3g5m,e79d9373736a224b9cb8af035b471e20d20bc8b3dbe1a56c6ecbf5a0bd74e83e,56795b16697f2926e82e3581f9a6e022fb1b1fba8da1b1dc44041cd3956347b4,2,False,True
xes3g5m,e7aeb00677d59f3c556c1a0e9518d368eb04b5fdaf88be9b785043680f575586,7b12b210bbf02c75148b288eca23c63004d497cc7c75d757d0bd5790d964b8ac,2,False,True
xes3g5m,e7af5b8a85cca73d04d45a408c518dd2b9263cd6a2e7b37ae477e3fdfa8effc2,3ce0593cb9527cf2a070ad640f71fece0ec94b3b4176b021b3db63c5f09bcbcc,2,False,True
xes3g5m,e7b20f557b2bcf24e62fa32d1ba94b1ae1db97d076fba699cc8800a019a5ba84,410e44c764d2f0171638434b0f88547f2b0898b5eb592485eec976901cb95ea6,2,False,True
xes3g5m,e7b4a4aa56ba2e8d651f18f30a6c445c21b0eb9f5009e59e46c698639c0638f6,6a851a25d521d05f0520c6dda6c6d4cc002357018742b93e429fea016da3a89b,2,False,True
xes3g5m,e7b9c260b5f3bb1e2058f3138ce5709eda343203600e17dff125388015526888,558525d328bbcd68540380582386d783dcdcfc605aca69451b25b1947c4c2ac2,2,False,True
xes3g5m,e7ba267ffd285059c79a4731be73022dd90fbe8e532faae7480e2ee7a8ebfc9b,b7eb9e291e176dcc82b357d143b02d2f98a968168dcb05cd075068c5cd848686,2,False,True
xes3g5m,e7c9e50bcbf213f5656f834edf467ae725b75b3408792f41cc50a9e39d2419a1,a699badbc563e1df8ca47832791a7b15fda8c2d0487c2e69ea41c1561b9f5df1,2,False,True
xes3g5m,e7e48e26fa83b00b74801c881d5c851ad9c7df853d343c9a887738be61d0b1c9,cb98368e3cbedc052e16602c193eadf72f3e0f2c85f8ddbf78f2a54a8388f616,2,False,True
xes3g5m,e7e51e29fb4fa486f65f3a01e82ceaf7e69a19ffcca68febad2f34a782d39559,3120c4ae66e6d47a76840033fc4116e1bd27fcee7dc7744b46a79691b7b8050f,2,False,True
xes3g5m,e7e8c68b3b89786e3bc142abe2734bb973d7fdf3aa7a189979ec2e7c54820407,26021c30fbddfee4c090e799f7f103872dff924b62ede0bea01aea5dba7b1896,2,False,True
xes3g5m,e7f1ad080bda2dd64f669e698e96f0d27743ef386f24274c7e5bf284795bb75f,c51285952e6e030857990ca290d952917b62e797957903faaa13e1b6e960bfcf,2,False,True
xes3g5m,e7f9056ab1a59b84874a18592b4a3ed97e421c241540239cb40355d74beef805,b6c01802697e47257b55e6c85cd6f4da268dc1f5bc5b71bb802f5ace8b6fb592,2,False,True
xes3g5m,e7fb0054281dd0d2216b67569194e9698897eeb6aa4296a26ff3356a934e2487,e191a3f123fb3a3fef3b04530dd79986995b97c23f3721bc37f14ae0492e5967,2,False,True
xes3g5m,e7fc719b1a33b81fba30f01af7e6c917bd87380d6062c881bee68a1b1bd76cbe,5d6c821c8564a3af2d9e0af7aabe2c4f14444686a4a3bd73f087a8ee4dd1088b,2,False,True
xes3g5m,e805086a0c67b6c8aa8139f1ace4c98cb011571727e568dce5dedfeea9db53c1,20e7a4e805a3f9de6cf3955655fa72f184ecf3a402d73c24863a4d1e1431821e,2,False,True
xes3g5m,e807c676366e4c9ed3602afc991def48b2e30a83c81104814392644a1f9ed56c,c75cbb8cea0eac92af8e5a0115f880f1517794338d1ec109e27b793cf6bef362,2,False,True
xes3g5m,e81175531824f114bd934fafee2740e3185d5e7b5f012b011d4e6548b81bde43,bc6095b06bce46de4d53e88ac31f35fad523aa7b0069707541a49cc7e4fbb599,2,False,True
xes3g5m,e815abb2a1203d5a0775b307a90532f08af9de0c3ec4c8abf88b2c505251a4d2,93fc8aae57d3a61ee98cc2b2393aa8e92e402bc1e5b4861fe58e745f1f8c82cc,2,False,True
xes3g5m,e81ccf51075ca093d88d0792125fdab5d471d7deb8ac23182453e28db684e150,5ecfdde87d8aed21751d0b87790459319640da2bcf1cc1c87c10e5756cb4986d,2,False,True
xes3g5m,e81f7f70a255c475749d2998b711638a90c4cc8136547caa38f05a26d7aff485,66d4c83a2030daeba2c6ea4f1ddb1cfa7245c04f09897014fa8f8078579a00db,2,False,True
xes3g5m,e8254775a5aa54301c4d7f2bbf44a7184905f63b393e756746fe557239c2f138,c7f724768690f496a4db5fc94ca5701339546eeced69ef9a88da502733afe630,2,False,True
xes3g5m,e826c0b23e8fb1d5c23a850a06776fb03905979290f44c84316e43cef739bea1,0042cb4ee4d32696b2ebd9963ce77e9dca3eac3063d681eeb29d32d06d74aa2d,2,False,True
xes3g5m,e83206e188d3022c576cfc28ef9049b9bc3b2e70c944ab196cdc8d2d5a55d5f4,1ba220b66612f0c2a086b66e581298573169ed5d8d7f98e674be7068cac8707e,2,False,True
xes3g5m,e8364eea46c8173d7e7cbbc7b0fa22fc5ceb0b094fe56819da4b8aa540875b86,8a97fa112ccdf71c864dc7391562628ca3ff1771000e4261694713223ec354e2,2,False,True
xes3g5m,e83b47fcac659d5ccb3605a2d9778c0a2125cf9f7aef332e9a2fd479a9c2dc12,86830792f760eaf9ba5171d2a70f488b01bcbff42feebd322715a7fbea38d15c,2,False,True
xes3g5m,e84e6f3b59545f411fa895831d1b56fdfa2b0bd728158fa5bbc67f03be3c060e,9f6568daa25debbea4708626bb071fcb590336e912fd71e5e4d8a2bb72112eb7,2,False,True
xes3g5m,e86c16cca51046d56f6681052a5177f17636703913ae0408a157b3ff216c7a04,747e3189326f2aa262656037e0f46bea87d828b32f78fc4a50288ecb04a77a79,2,False,True
xes3g5m,e875695523691e4b36b0258ee0b407884b2150212643c918e22b56baf49d15ad,4f582700d17d03080ec78b676f3e43bad4bae29a0a8cdeeaeb4e490976a72423,2,False,True
xes3g5m,e888e3690ae7d12079ae94f379feaf2c48ba5415374a1876790af246539ffe9f,aa93c60fcba587d586a51c0c0e398191920c99804776e4762f3742dac5d79eeb,2,False,True
xes3g5m,e89c3c7b7e28e50230fac37db6933b1a7334f5de78a243b34a8b3c04342bb2d4,6bbc9a29e61d35b223b39f97411bf641be327e99aa6cf79faaf0d1756085b3e6,2,False,True
xes3g5m,e8abdb888ca82d280096f4a552edb1d299ce3eb516ce522b3aa62ddec2562c7e,d002b05e0664888c5807379cb47317781d1efd43fcfa9840882e9ae9df5af5e0,2,False,True
xes3g5m,e8b13137e27592d01548f76279f52ce136ae5a63129f3c9b88147f2527e29242,ac91ed728298930500c90bff4bcd7c7feaf4a473d7924001b3281f56187e7d48,2,False,True
xes3g5m,e8ba06357408b1b78252f693159949b529ed658bcc85ec7b5bdee674b39251f4,c4cc67f3e207573702b2e938683a655e178635f314b1b17b28ade1ef86f99841,2,False,True
xes3g5m,e8bb7bf7d55d0478298ca4bba9c1b6027fcf30a094adb5df9e792659bb18861e,a944a9756036803104c502f263d7776caec297efeb97587b112d397157ad6ea8,2,False,True
xes3g5m,e8c47a8239ad560b3f4be4274d16efef6b41da855ddcc967bd4a6406570b59ec,182a40e6289b36ad3c90d939197b1dcded6aa86bbb9224e784f92ab5688f4f35,2,False,True
xes3g5m,e8c8e753d276af64c6e8a378435e9bc5967c026e102a43952e367a17928eca34,ff73023143c8259c25e2c28f6c78cb1c974679f9256e6a12729cfe145d8b3191,2,False,True
xes3g5m,e8cf20ee9eb9a0597611f18ffd41fe398c1fe8c6bef40005f76165c38791bf9d,1ea8807602046bf449c4b1eaffac6789a520600057a2e98572813b4fff436688,2,False,True
xes3g5m,e8d539b4a2e2666641930f48e33db53faa63ba0cac3117debc0996103350795b,58105274b9a8c8b757889d13c3f82666fffd1ea55b6dfd536d8b2aa32f23c4ce,2,False,True
xes3g5m,e8d6e3e33f53cbe57fbffb1498140c6793170a3dcc32da8fb7050b430d6562a0,946d306318614170e3e1652f39c48114a04690fbb14e3c28dc283ae4ca36aa5e,2,False,True
xes3g5m,e8ecf315051460612cb0f64ed070f7f165bcd18962a8b0835148385267a8c7fa,5070b3a2fc2af2450b12a9a23df48771d62468aef28fa1025f60a7d041998a67,2,False,True
xes3g5m,e8fcd407934ffe12280632aa55fcabd9640ab1e8a40e7f3bb6860351a0ef98ed,90fb113f2551a2b6dd563d63fc92252803a4bf36e60b31dafd72900244677189,2,False,True
xes3g5m,e901c1fc90e570a62e5cccf862bd4a58fd257dad7d067af5558b4229bd729a91,7cf7de5675a551cc3761a997e47eacbe293ff65d1b881ed3bd986b919141b37e,2,False,True
xes3g5m,e901f0f490cc8833434c964197e2c1f690cf5c4029b23e141202407e599f1685,f0208a3ef0a3d540faa263a5720c62444dff1fb411eb1a34d0cb4dbf8aa10fdd,2,False,True
xes3g5m,e9064dbcfde3b31861399b4fe0672e37482a360cea1396ae2694716db53d3047,70af04d5155d15b299f936f04d75a4616449e3007839d3bde4ffe69c4a1defda,2,False,True
xes3g5m,e90baf49879a071d903880dfe26db205d414f7e983f9226ab7dce7e11cb99997,8ace1d74f745c92e366e243c9ceaa1f88ce6766e1b8ed7b41ff34c2fa6026e58,2,False,True
xes3g5m,e90f050fcae76299a08f8ee4d1d5a05bb19cd9a9ececd182d408a6be83b1eae0,15291a57c9b8682d1ab1eb7ceb103a3a06ef090918166998d5ccfd7b32ee3b45,2,False,True
xes3g5m,e930044962e3b64ff937957543cea968539d6fb0298acf843e00d425311e73c3,ac11ea905dec14487dcf04eb581e7925a0d3e9226b9a2382bbe88d4e171d1286,2,False,True
xes3g5m,e93257907254e41e265a935367dc3715b71940e8fdca075d2084ecfaa3dc3898,643c93dcbca1995e815366abb0b368d02c720475d215eea0cf25ddea5cf9ec29,2,False,True
xes3g5m,e9335279fd57b7e6f316eda01463a00d95672d268e79deed2a17b416c919a93a,19026ef5972ca8d3fc8f9ccba309160a153116ef5a0e395c0a9859a29c48e46a,2,False,True
xes3g5m,e934fe068bd1ec50530185a8d6eaf64166bd54f464a0b211440b9734d26673ff,27049fb0746ee27a5cf036be771c2414b820d4febbd620de1e8a96e69eb45c41,2,False,True
xes3g5m,e9497f822b70dda26f119d09df6e046ef7f7bb9fe796bdd78a00b347349b66b7,d1bfc9f4f142db625c163a0bebffcff29fc7ffc34721aa883c523eb7c91347ae,2,False,True
xes3g5m,e94f17cb3d1650a48c75375514a92c181e76747f7a4edb3379911d2e641addcf,203d77ec968397ddddd30adbcba07824539e67d508a30510718b0f8af8956a6e,2,False,True
xes3g5m,e94f66b34c05c34a1b8c2318b6f76ce10fab1e85e5e31430c56f9f4d34fbd347,0e37f40c62faefc56abc4077c0f180c7faff64d2b238de29f9e389dd52efdc4a,2,False,True
xes3g5m,e95acb78896b9639243645c1615e9fd168abbfaf5d18c5688de799705feac3c5,cbf4b52737a8c4cc6586bd55ffce7944f6cfe3f396facd21b9299575c609da00,2,False,True
xes3g5m,e9640905cdce762f6cb8f9e56780465fd49be573b11f323bbac9ec5292d0018e,c23e15aa31f290b8a2150fb2b81dbcf7d6d7ccbe01ee91bd951312d0cc0bd7b0,2,False,True
xes3g5m,e9786faeae7a7bdee1828090ffbf22c0e10713e14bc8c8352e19bc3e22498547,a0bec24ffcd7dd99b1c8c185f39c26bca9184031af13688131a4370ab3f0a584,2,False,True
xes3g5m,e98688b8935c3784dc35220f680be7b7c8ac8cffb09202d20d002257d1134bd7,d8ea5de38d0319284c8f0998e3beda4a53b07bcfc15c76e86f8f066cfb81c0c3,2,False,True
xes3g5m,e987aab3bf5ed2d8fe59a2d9289e51b2598369e914a5bbe68c8b6339f3fd15c4,d8dbe401d0b22c72aab93adcc81d9c947900d0e635642be70be9735095036168,2,False,True
xes3g5m,e98afe3cee3e2aa0706cc44345dc686867b276cc7a9412b8de75050239b6e009,28183bd05c52890c72e97fef1aacebe890b84ce463ad0659139db188d5733952,2,False,True
xes3g5m,e98b4e6b87842c55ea02078f9e7f9c53d3871481329dc911c68f33f912b3b9a4,36943b3712963deccad13e612182a32d36a9190457e63046032c5c0ccb261fce,2,False,True
xes3g5m,e99976c4032a37c27e80728ccf17b821d642776c7aa760990937a0a6d59881d2,7aa4db7859902ecf89a7bd8c46764235fc1608ccaecea1b9a1a59de5dc1bd556,2,False,True
xes3g5m,e99cab1371d77145be3baab81793942086a8791f530e75eeb0391d1683df6df0,107e0d9e6b8b50257aa5308d855f9f0868c0fd2104ad627be939b043d4ce6259,2,False,True
xes3g5m,e9b20ecc2ca9964a3fb6043fb7859204737c7e2b890db4bcce0ee1eac01f263b,992caf86bcdf972a127ab51a7c51bf92c4e4cfe205eb49017c7cb0885f983f43,2,False,True
xes3g5m,e9bfa8fde35710e9fbcd5de029a04e49a7d6852a09de2ee12a0788c8f7ae2ea5,6286e7463e9186c85ce3604e5d30ac9bfdf0147155501ba12b8de5cfb66eda34,2,False,True
xes3g5m,e9c09781fdb75792e2ff7f19f9d43f7afc46d4827aec84cb3ced18a16024cf96,dbe456a02864e066d4cee9d5a80d6432c81067bcd1b1ecffdcc7c862376286ee,2,False,True
xes3g5m,e9c13748f13cf17acc038a281d8fc33d4f724ff167b141bedeadfc20eb22b590,d15e615bc4785251139f93c8085bb0b6020a06cafda7f74d7b5f055b32aee3e8,2,False,True
xes3g5m,e9c14fd97c9737e792172b2dec7d074f58c74b45ff4c46147d8e54401a79d2c5,4b8016722dd7154306427f649420613422435a1d2c2b207432f60a7e688b8dc6,2,False,True
xes3g5m,e9c6b010f9bcdb9924498f9c6a982b25f47dde3f86fbe995cb6e66d3c3c17069,f2c765a8e3ff1ac1f78acd4e3ef4dcf1a66f6453e622fb954ad21cbeeca45284,2,False,True
xes3g5m,e9d0c6d53cf907c6f935e075887220b8b126e208ecf64c9a6157f8136534b055,3e59ed4817cd1ca145c1fdb09f0ab7cd4d2c58811c0399c570fb2fedac753f2f,2,False,True
xes3g5m,e9e760dffdb684c7fee461e0632f83c97c9d9e71aa01fda9f51b858760ce82a0,b13716b2d2bb6fcd2890d995320c2ae1dffa8f92e0497817d685879bc149fd61,2,False,True
xes3g5m,e9eefe32141f22e248d80c928d30d21e927c0de10a1fdd8a479010cd3570f135,f1652ef4cdb7dbc50a4be5a6ad05501c1a39471ae5500a368677a7df2eea7746,2,False,True
xes3g5m,e9f36ce8c1bffbcff7667727cb7cd7d5c1c464366b0eb4bb98cea8f170ef8369,365d0bd1264bbb7f0b33bbd0910b8221d8e163d95fa1108211017f8839b90265,2,False,True
xes3g5m,ea024aae6079162c19dbef5fd98e6bb6f958359328d14cecf1deda3f4e374283,dce148ea5cca0b2c1b0d4f167ed823837f6e3f68463eb17cfe5c30faf046857f,2,False,True
xes3g5m,ea030edc8a85b5cbd7e834a415d4d647548dfbe4d428358210702651e4a521ed,4ac2a49890ede0bc8e0499ea7d6a8cca7b5700ef4139d2e4b3d25b4937c151cf,2,False,True
xes3g5m,ea308985650ab403a1acffbc0572d23eb7f62504e72f85ee895298ea13993589,b64f37989187cc8e5a9b6179f1ac260fba68f62fda55ce17bc75029597e26291,2,False,True
xes3g5m,ea47cd58c968a71d64e0284f4d86992aa28818e7e27e540387860e5741794c2e,04a7a04802baaee46f6d50ddc651517711da857e5283fee4a94b8c812df68fac,2,False,True
xes3g5m,ea52c35706a5360e1c687430220fbfd025afc5dffe5563eb735b037d1111e5e4,e1c0a82e1a6558fedbe3e1a5414c1bfd2357e57baf91780e8f2e4a3a2c5168dc,2,False,True
xes3g5m,eac5539a1a272409afb394de2e3305da11d3fb3cf0b50c49c2a527ab23b81032,46fbf20351b1c6277f5ac7cfb7942107b8dceb141ceac5e50c0906c963def011,2,False,True
xes3g5m,eacdcd16bfb49cfca55d142e8872e7bad9685ff259edc43a7894a0c35d60d7a5,323dd7789dd01fc9626fafdabd7d890ace0a4bfa3c26ffe2e4da8e6270ea9627,2,False,True
xes3g5m,ead24b57d3635587d0095c99d3e5ab988f1202f2aa2a04fd894d8023a4ec1d7f,7dd1a10d34a5caf8350167034ce1ca785b777d1a929f87a5471acd0bca3fbfc2,2,False,True
xes3g5m,eae83bd19a2c5566d3a918246a9c2faf18847972cda7d806bc6df3870c3f4ac8,f8e7581478d4234dd05fb5793bafb3a70c3d7987c74c8a3616c28ac5a628ff20,2,False,True
xes3g5m,eaff9eb3664f6acd6e65e2c12ce7bc1d0c5cd6fdd5c719298af13c28135f8748,aa67a6866ee12479f3dc3a6fb2137298396353243c4b605b5803063d91521b37,2,False,True
xes3g5m,eb08f1d09c4b0903ece9ac2aa1d066861cbed2756dc60efa4c39f3bc8a9a50ac,7a6a3bf39f729577a2ec0bb90e3857d0145850de1da182c79c0d355e951cd186,2,False,True
xes3g5m,eb1607e98afdda8f3d88891170e8095f369caf8a845d6b314efa9b87d922ff78,663e5c22dda30301de23f2ebd28ad372a5a8e3f3c3414c974d935ce9f8cc904f,2,False,True
xes3g5m,eb17163f064888d58663752641535176a7436018cb0250caca3915e6bc198265,e3415f3a6c186462143a669b9cab1d09b816d456df089bb82687cc39db845adf,2,False,True
xes3g5m,eb18444931912e66347adaa62e0c432f72b9ba488d0fc4c9e03c7ea306a2775e,1accfdf94a5d80146c103ec97571f96c6b3f05f8d961d07881b9c7ce9c9c5858,2,False,True
xes3g5m,eb275217c1ff7953bb84b007063898465ebe65f44faf2b354211bc7cf28fbbeb,4e90eed2ba0e022da94ed3b8ed55e909ad13ed79c5a4c263dd983bfbd9b0e9fe,2,False,True
xes3g5m,eb3a6b7aa1de81eb4df24f7cb64db2d8774e999f310c5bcffebf4e7072ad8600,5954dfda5c165e675f042e75401093ca71549f8f306ce63309d62297c3c62b9e,2,False,True
xes3g5m,eb46c66c185696cbd952804a312987b54f09302dce7bf9a6ed1a67f9c93075a5,6cd30146530760f987d5f286638cf58422706bd31deb1727ca91af566ccc9ed1,2,False,True
xes3g5m,eb4bdd5cbab0ad263490b495301b2206fee56661c86e1547fec300906c9f0770,400986d0beade168c286050dd100825f2942cb00eff4c36e6ae630e8d5658a38,2,False,True
xes3g5m,eb74f79a193b1eeac0120879f0b540b2c0ca1df4ac0aa12ad75deb627ea60c98,17aa8b3ee06506e2198bc9f70f093fdba63cc4dd9e0789aca310ca1ff61c8456,2,False,True
xes3g5m,eb7ad3819dbb50296284384d588732447f3ee0f4bec2be7f46a271b4f8a10496,edb7e554ece2b01e71e9ec70941dd266010a96d7333d44603bb43cb0e016afd9,2,False,True
xes3g5m,eb80d133c8d89d82a3b80f4d886a5ee95d47bfde18f381d2eb579d2d81bca30a,191f6a313e358e5cd19afc353e40dc79672cae6aa461bb11c2df5f2812865216,2,False,True
xes3g5m,eb828e92511d9520c844138720846d1af31e5464d2f17ceaf08eab52b9dd9e6d,e3c4f5a2c585f7d85f7040e143c2d312921812f13332d29071b59e33e42ff985,2,False,True
xes3g5m,eb82f4fe855eef6ce0d465ca42ce839c12e27a3cb35927d77e96878ca18a738f,26f1a374a10529f55bbf5a20847ceaf62d0e99928668008141d48adf0566a758,2,False,True
xes3g5m,eb95ecb7b3f8e13b9ca6b5fd088fbbefad32a07da646d40b8efba2d8e22ba979,4661a84e41ebb72fa7d23627761ade033d3cbadae2292cdc756a6a9bbaebf018,2,False,True
xes3g5m,eb9e017e47cbb555b29fb3192b9c9a46182b9dfdd9b55b7694f14f9c5fca4250,7eec3c5e263a68f4aaf866e2e0b4ed75f02d68a241f82515c102b3ae8dc029d3,2,False,True
xes3g5m,ebb3331d2abca8397fecdde8c6a834724558de8bb48192cee58c8a198eaa619e,7ddacb9d67948103e4055d71715b6851cfeff25f7a4fb89d6399adb92f2c32c7,2,False,True
xes3g5m,ebcc56082dacc2b984b41b3e0a6ffbf100152bf51de739bc0aafeb167f6df336,11d98c523e81f1a00c0dd998c32ebbb24a783475ccb3be5c1172213f5db9f41d,2,False,True
xes3g5m,ebdb6933792179729451dca8a6aa71edaac4c7c08b409a9286698d1e1eb91834,f1bd8008663f8b6682d9c8ebdb26a532b28bcc3185949e80ed313178e5d7e4b6,2,False,True
xes3g5m,ebe8b59bac4a45060f04e1637bf1dcbce0160dcdbae063ef3b5048b31d796b4c,dc1f9cfc2daa68cf092f5a30a43a445b45c46ee31b26627fa389ab872eb93083,2,False,True
xes3g5m,ebec66974877e20a0ef924b47440d866a2fdd036aa77a8128c8243aa820feba7,1c0d065b28251ab1ba7c0644664ca001698b8f22ed58d2d835bac1b4eb402af6,2,False,True
xes3g5m,ebef4253b4b45e2312dd04c88982e02fff967fda85e0730664ecca9e9214343e,67361a1f208d2acf58486b0fff8ac1f09216718692ead6f50837dfdb8bf09c0d,2,False,True
xes3g5m,ebf6cb52feb4384525236359da800b196e4c7ecf3a26ffbdc7dc50b9e89f1317,3c77252ba0ef7e00baa0874d88b6a2c6990f6cdea6385801119696554efe8a40,2,False,True
xes3g5m,ec242482d000028ea9c608ac8b9a723f5702d33da90beb760fab8e291423c8ed,ea84822716f6d2808da524d4e98a2baaf6eb842bf951e16a3c8911cdab6651f8,2,False,True
xes3g5m,ec2ad3e9551752e12b4ccf89c5ce005e9b23b771458f2f4bd0ab4724c346a63d,5c9c75bd6a94a01831443263077b5804187f29e3c2b0fd7fca247ad278549267,2,False,True
xes3g5m,ec406b4d02bd6a18236b38b2f2683814db4dccd09f0042515dd5edd6952fdec0,2b3848a05e8518a2c317e08ef3af14c807832aef475990286f6599f3f0d57e29,2,False,True
xes3g5m,ec58217dbbc6490a92ccc27f640464e4a30810c16b5673140b8ad94b7790b777,c48e1dd6d5bc683c8adc3c39172073cff1177ad76180733d2016524ef8fc7e90,2,False,True
xes3g5m,ec5ef575eedca91fabadc871b7a6a5914bb0364a1901f403094f291b27ad2d9f,58da58e7c2923d02e9482911f86b5d3e01bc563f9fc79886cc7e1ae4ae0c3e2a,2,False,True
xes3g5m,ec72ace19796d003f3a961a578b209a006c5a6c79c92f2ac03aaaebdfe407bc9,5acb88a7152c8cad185e1f6a417cf593c4c2bf32383cb6bd1f37ffef3648c87c,2,False,True
xes3g5m,ec73d9ad0d618bcd42c6c8b369131704c850e57c79f1ddbdc1876168691e6c9a,b3af756435e64b601b7eb56daffe97f0cc688adabe3f162710a31df6295b5ebe,2,False,True
xes3g5m,ec78dd173dae0b7f6534e5f1915049a4b524b4113ec2181d99d90dc2f9eb92c8,d083411d0dc627f46c6f0c6d155fc5a78de9265f7ef7fcfb68fbc2194ee3fee2,2,False,True
xes3g5m,ec7976b3e2bcebdcbab60d8e2191b5a289ff47c21118a69f347a69897e9cacfa,78838ea0a10a74932d84235a27fc7e29802abd19877870a04aba81391121e621,2,False,True
xes3g5m,ec8304caeabfb738f51a4e6dbcdd95e3665542ebe7fb9b36af9e830a5c97271f,0001f9ed7d2d0763c8599880f5705b42225db43c7c34bc4ef5438c030aaa91fa,2,False,True
xes3g5m,ec92596e8b5555ad2a4fd03d71f7c13a2cf7b514d62308cb9e3f4cad5b64b54d,e6fbffe7fb6cec9fefdcff5c885161608017322622e0ce1c20628dfe89a62f78,2,False,True
xes3g5m,ec97d3be94010094c877377e77ab9ff4d571c59bd2c54ab7accdc8c24d3c3d38,870ccb8f1eb41ef95b25a57b53038a809d2f6f5135f89f49d5086cd05ad9e8cf,2,False,True
xes3g5m,ecb87a9ae9925870c5e3795e6cac627add373c278b89ee54330183e5c573cd88,4946576dea685e956d1cf56344b767e468d4458db1f0f9f6a1579ff284a7fcb5,2,False,True
xes3g5m,ecb8e50ce751a760943947849ae405d09633050c61ab1e136f6f63e90608a06c,f031eae7456ac00f492bb413a1290570f6f367cecfb2ae64b093aa964888c47a,2,False,True
xes3g5m,ecc0cf63350c6b3ae455da5d9bd0e3175455792a95006ac27c9da920a18eb869,aed06924b1e646bb9c53583dd421a09598d5cac40c3aec9774fd6eb4e5f6880e,2,False,True
xes3g5m,ecc51f4d74dce8ccab74e7b901d7084983f939deeb61701b5c536e72f9344c8c,881057659db9de1e131622b24f984a7f5d242f10d6d2ad65bb9a97568491ddfc,2,False,True
xes3g5m,ecc69c5d6c56bc9f108fd66f55aaabb7ad892146022849727ad8276cbad29d65,760f2d88b22d01f3421a8bf95050e147b3b960f7399e479f88fc80191c94ff3e,2,False,True
xes3g5m,ecd1174260be14f80307b822006507326fd37107bf645f8e8516980336659015,f323bc118806e990bfb671dcd86c47d71633e0d15a713b22e3fc25700da0507d,2,False,True
xes3g5m,ecd6c1ce5aeaf493688d955eedd205821ebe85b390e72b4ddb551e8c0c36f23e,6746f1a54199acb588aa763b17e679bbfae9a3e81bd0db8598fda5fe60dbff78,2,False,True
xes3g5m,ece04144c78626c16aa92193dd4aa0b09bcdddd068029c06238689a5d133727f,85c2105a1121105229f68406a357e047b66d928c9d8081bf3c8b4600d1966c5b,2,False,True
xes3g5m,ecefaeabd777d658a26d4c3d6278ec4ba04a6d3634ceed050c88469a3eccf941,8a23875e3d23002fefa95b5034a27ca2e23569928b0a049e7d525a6d792e1485,2,False,True
xes3g5m,ed00cfddfd7fc6f07f617f2b65373ca994f75de801aee4497a5e6231dfcc2b56,21bb2f942c5fcd926da6ca7b8546f46cd7195c9fa4feb1609c677a673732ccde,2,False,True
xes3g5m,ed0f80ad18e4f82f55a3b796a6bf0f855d933554365cb86a0c90a4d8fd4ba08e,802fbe5315a727781028b6bf28d8d0372306ed2e129c1f694318e4e5cff6aa6c,2,False,True
xes3g5m,ed12b43d667a267917a50888ce22dde54f0c161f1dbe943b2e08905d75cd1932,9018b4f891510cfa02f8f6e6e80a88eac5eef0c942a805b9ac77987ec83bf367,2,False,True
xes3g5m,ed152965cbfb6a300bda78a5bec8f8e4c014d6086d9cb684e422ada0a0d96466,60eb527244310cb2e804ea9fde5d5835d6253ff7efd86a1c73043c246244903b,2,False,True
xes3g5m,ed17248e7ff15b4a78d2ce97b11888701f47df09f64595fe5580b6e5491e393d,ac6845b9556b830e0953a440c84f0c672ea5bfd361102440d47a164595257bfa,2,False,True
xes3g5m,ed2235951e239de4f01dab24f1f6b88e3d5fa1564b7c265199a6284e798d7ca2,811f18e739bdd6c5f42cc9e7274cdc957ce7e503c1bdafbd2644bd4d9ff57ae1,2,False,True
xes3g5m,ed2971a86d652fead0eba652c4e8a7c448fc0b7058d1db4289b5177833487dac,06ed2545c6efac8b88abe8b73efe1d9529ae93030cd92875f4e4a97a441da246,2,False,True
xes3g5m,ed2a859a8619923fa3b089e01a91e9e2a0728470a3711a86774a009987367aa0,7484690f0e9eb8d9be4f73c8ee77ca5980aa545495bc8a2252865fd12e3c814d,2,False,True
xes3g5m,ed3d0372028226695a1b30baac000f9492f9bb56138db2d4631e6fadadd96ed6,0f905cf6b4ff62875ccf0d555f80eb049b8f67e50a824b6d2decd47cddd44b18,2,False,True
xes3g5m,ed4f09543d9d1b0d05362d343489f271ce95c585ead82eccb0f9193059552923,62b25a317513a112da5a359e9e3a4f3d29bf349ef2c10003c8e688b66569de67,2,False,True
xes3g5m,ed512710a4b9f1aca4268c563986d2eed5ad2bd611bc121a56c9a552ddd146b0,9e792b38ca1a29136a5fe4ef2735d13a84a128987907c9331d13c4e1b9c4c25b,2,False,True
xes3g5m,ed5f9d934725b1889f5708d41e4870951bd919690fe052478d7523c79232eed0,0c2c6f24c99f8ce8df659768bfe10d066528fc00c4e31630b0ef52cb219b5d49,2,False,True
xes3g5m,ed737fa45d02fecb78d29111fc7a7c4bd54b21e42f8f616ae0afe1124ffcaa8b,02ea1bddefd4e83766ce32f2ed616d2c0c136132f2665da198c5d3615f58026e,2,False,True
xes3g5m,ed750d2481204099f3c3204dc0c2541320970810f2ae451ffaac6d9da092449a,59b5e491aae0275eaf83b8fa2a45878f8d937a892ce04b9ef7fdbbabd552d3d2,2,False,True
xes3g5m,ed7a1ae0ae08a566541d5d7dd3c4e3f5acbec3b5e9901ed3b3cd9252f67adb3d,1cb831f1978ceb77620f1dbfa26be0957646b28a9ad28271ab264b1f59888c9b,2,False,True
xes3g5m,ed8c914e605561610ac8a8f25a1c98ca62803f5d987b57b31753c6d967c0e9be,0f2d5810306a4b216f8bf9185d4d1bf81a0b0be3521fb92be5bcc3eccd24fffe,2,False,True
xes3g5m,ed9279288c2771bad7135002abd37eb9e6f758ab7b2aca9455fd8e71aab24e75,f0c77fd02adf8d71da45da8bf2b67496cce55921fd73c77aa021993777e2d3bf,2,False,True
xes3g5m,ed9cd41494f8c4f3dac177750fa51a5c93435975a264979e22cc245e91a4f4b8,a77dadaf48a2f3eacdaddbcd280a80322bfe04fc93147afcfdb32b8d4e8fd7c0,2,False,True
xes3g5m,eda270d26c67ecc95fe0827a6e1e2ec050a3262615dcc091e880d37671b14240,925c887983b8cfbf222c0c4567beb447bc8689e7998250ac8d6342a788c94c49,2,False,True
xes3g5m,edb8cb0886c5ebad19e8e4af95e274c2e2e31556f6a88ac2eeeaca1d8aadb93c,23ba1b152547bd8983e1ac4708dc0b4b7697968216e0b8f9fd5e3cf5c52f32cf,2,False,True
xes3g5m,edbf0b0582a4afbc4aee27835ffc4c637f54df229e331237dd4c91fede94f16d,79040c89aeaddb3e1f224e1fdf6741103473001eff152a419e6584949507a03d,2,False,True
xes3g5m,eddc06c0f1415736dc3b3a400df010699f9cb3a0110969181d023aed6c06a0fc,8a2b4604901f2578937a7ebaa44da1e9106a8d26af5044cb4e1cfb541b214e89,2,False,True
xes3g5m,ede25c07138355d55a5d7a2506314b1481c21d1e0efd0ed3c09e2a5e24940f3b,7582155d5cab91c79b709cbeaa0ea21fe3c4ea220b936f6c3420356f3471e276,2,False,True
xes3g5m,ee12775cdcbd9d8d20a93ceb66d4d7b4ac015d523a882a0359f6572131143aca,95ba4faa9f4f6e76a00311c09612b36666fe7e0e82246ad93d32d06dc84c3e83,2,False,True
xes3g5m,ee1ab07b7f66f906e1ea68d46319ea0dff64a8491898c48df88ae68668963b0d,99e139969f3e48ff5619cb29ea144a6f0a0c58da51901607609f20267d0a46e9,2,False,True
xes3g5m,ee1c9c568ee1d3c2de49f360e9be99f089c6660f3c4813acf886a6138a5fb43d,f38701d06461ad03d17e728f61b62318065acb94639f92e6d178c88a9a306ccb,2,False,True
xes3g5m,ee32c28b8a5038e5672146a4937cc3d284f2b12cd74cdeb4997ed1f8713e5c4e,85379462cc0ce1b5a0d1ee7f6dbb7af5988f39c07510e9a440df382065512093,2,False,True
xes3g5m,ee343fe4a8a2ce5a3d0ad877710d16240f34fe62ed5ca509eb12028f02494f37,3432ee0569b4a7ddb320939530943a940e4b09a598ff50013a3144e054f6df8b,2,False,True
xes3g5m,ee3864f0b1aa3eaee161c189fc287411193dcf676feec95b8dbf0c047acb54d5,a73c17dc5af5dcf351f7413551ec378f76c063d114dd5178940dcf8a731eabf4,2,False,True
xes3g5m,ee52f9a7ffaf13ff71cba1c29612489417663f7a2f9d3db62100a909a5916edd,84006d6873fb831b567a3b39bc70fc757d53472a81bd5529e420f01e0ea77660,2,False,True
xes3g5m,eea434e7fe8b3fb0b372337dc53703335f146b8edf7c4613d99e3a9918ca8898,163af4aba481ea8b622471ae49a9055e43c41b069bf819816afb3f66772ec7ba,2,False,True
xes3g5m,eeb13040da8af69084735e183f5c8f16d476b7be3d10d68c9139f30cbdbc40a3,9d876f06fa4b387140dde07f0b0ca6bf7d285e4d8451573581b986b34e571cc0,2,False,True
xes3g5m,eec7ef52862e05c6c176669e11275eca625ecabcbd05e77bcdd9b7bcdf7d972d,4db867ed6485934d6e71e39067838daa2cb16c0c8118e87702032d1bd9a5fa8a,2,False,True
xes3g5m,eef7b8339d9d0b3f6977dc98d67d391c96708b1bdcdbf90f8facd4772f8ae21a,f7dbb0653ab4612b774585b10df31b2f782b2853ed6964db65e8bd24f7382234,2,False,True
xes3g5m,eefad9e6572354c0cf5fdb1ed6310953269e5d770aa2a79675699fbb1a93c0fc,f9031ff0d97570d9b2f8388d0a6f3f731f0ce532b72ebd8001a2d0e0bbf641e3,2,False,True
xes3g5m,eeff233187998d41feadbb89023116b05521413e1e388d4e2d1afb0a3f8634ab,d2d88b1fe721289043568f685cb1708c50f5225b7bda0dcb1bd8213d8442586e,2,False,True
xes3g5m,ef0f075ffe6de56ca46abf8ee09d69e97602d0a09415e58ecfce84777f890d52,ddfe278bdfe7a2b9c3d87cf3584511d0e70e5b35bf8944425e2aff5d2936c43b,2,False,True
xes3g5m,ef19617ba8fb6da78c4630b35b59c4573d7d674ce6b63dd57e2fee29665c2ea5,6bf51788d7d3d6812ef55517c2e93b1f117c01b1ebcd79dd291cee48a558d907,2,False,True
xes3g5m,ef20a99c03f9fdc562cc37d023685c31a40340672e7fd60f90745a48fd1735d5,d69fc6090e594fa14c16d94b0fbf569b40bd26a1bf5565025723e06ad6c692e3,2,False,True
xes3g5m,ef3071f63d9d268ea2d7669431fa1f5fdc8fd4fe5c2744cef98b00cad8a682f3,cc90d2bc5ff63bedb0453b03ca8f7783e481674ba15a650e55cc20b391b70aba,2,False,True
xes3g5m,ef31753263281ea64ccc035a4d09f713f5e81cba4de7b89936b15397cbbabd22,681eeec8aed16775d7384fa06404df585d520f03498cfcac45fbff475408a732,2,False,True
xes3g5m,ef357162aa5eebfab3f725f110eff8e85ce5881960ff29932ae7b924b011eb71,178320c0c0d8fd6efa097a17728d410859ee9cb1b22beca87798168cb7d104f2,2,False,True
xes3g5m,ef3e39f86c13d71a396a502099704259c0b6bd51da8803bdf8d436769297f48b,50257edce2d93ab4a28383285c27ce0ed95c61954d0be8bc36efa7485859ec15,2,False,True
xes3g5m,ef4361b06ea933d8e961b78fee9f1645ba08d3357ff1157a897c4e90340e7af6,3ea19369ac509a0c1d4b5e6a5266d6878a590d489808018c801ce6048a923825,2,False,True
xes3g5m,ef45c43936b1b425cce7253cdf182bfaec49b87a06ae95890861d01f2161a972,7200ef0e547ba79cde99bb1b5ca90806b865ec2338ad069041dee3d8b4e7c11b,2,False,True
xes3g5m,ef4d77e54a3faa61bb80dc75e9e4ddf55078dd3c123ee76d78a7f9099a334bf0,6f96a20c9f1b7c6bdb269a875ff5b6273ae9ddb51ee1ea81e06a9848c0a78e3b,2,False,True
xes3g5m,ef4e5767fac4602ddc64d236e4f54b56a4cb0dd584f8f1710426376c979844d6,aa655e9fc6be3ba4d3a13c2988fda7e9fc14e8c8de8d8c67e1c5d9d77661cac5,2,False,True
xes3g5m,ef51198dbf7b0c03568b074b8bda98d446e47f464720055b4c2341c60ac3146a,30aa65c5ae92c56a194f10f299f217800c39015d8a61a888c87b476cd30ee059,2,False,True
xes3g5m,ef5a25379086d793369edbbc198cb661c0c8042f1a3b8811f11b3cd56465e3e4,1cb831f1978ceb77620f1dbfa26be0957646b28a9ad28271ab264b1f59888c9b,2,False,True
xes3g5m,ef5cf25d14679779951410aa38e7d33ad74f1a7c5ff41a8781c89b062d453f74,fe09fb538b9b479b96c7da00c507710814a9fd5653174e634d242faef88a9374,2,False,True
xes3g5m,ef7dc68bea8e7c29a87218acd5939291e4a02f7da823c96d6e91ffe0057acc0e,31dbe0894c44500da3244e8a8a0f785cee2844a169c145cd4d9c7f80ea1c18a1,2,False,True
xes3g5m,ef8d8efd74d004170cd6e1f6ad996538d113033f85e1c25bf08984a7343ff228,c1f9af6959df9c1649ce4c284d4ecbfd5dbd4de5103af3052c91fe91ac58b021,2,False,True
xes3g5m,ef8e362452387449d0a8f9bea90cb4f6cc9089e3e1bffdd34ceab2e6d1715c1b,25a92ba4bbcf37330c9213951723bd1edd99be3280e902c977b51ba9638e5bdd,2,False,True
xes3g5m,ef90c24b35612172ad75c15859a65eb8e853a9a0ee69f3da57650d8ba4bb3cc9,196bb19041a6cea705bdba94acf74d899ee2f1b80d8ba4c01e502c7016cde753,2,False,True
xes3g5m,ef92beec18d132eb20d77e4731ab2b6d3c15e97eccebf2bccf1166f2376d10fd,575434985db052bb6d1e2983223ddd6e657b52836b1fac56a0f79ddac49e0451,2,False,True
xes3g5m,efa00699a2e6b1e1bbd5569bfa896a747617fd8a37be0668e5aa8e86f50fc81e,93b52eb5ce2656a5527133f3f85cd6061d544618cfe6bb9230edaf805d8da5fa,2,False,True
xes3g5m,efbc4d10dcb4046a1893db7599b092f80b0cbed3392cf32fd4568b9a8ad6566d,ab6b68885e57e1e4f9a48558ab6503019685b84b733a4193b5698dab000d9f1b,2,False,True
xes3g5m,efcd3c8deae1d91e350a8eddc8c15ff1bd87077092f9483274105b3ff2101db8,e8574662a10e1b5a2cd37c15232aa164d43737e23d89caee27f22e3e1693bfe5,2,False,True
xes3g5m,efd625f35c626691a46fe5d4d365cd8faf8c016b41789e67ce72d8e43230b929,0bf194d914c19632749314d7583d5f4a8f2e6b2f2dc82e47b59cfa7fad90c727,2,False,True
xes3g5m,f00b96609f0530deeaff358ca4ceb3eaf08500dbee294c1c38c89ea600cb6c2e,5ea0e92d4f47181bdf365f349c9956af44c19af703b388c00199a768e9786f8b,2,False,True
xes3g5m,f00cfedd3a9eb3d8912f3704d83f8a5b2f054f381e4dd168db97b04fc7dada44,305d8287b56a4830f30e729060aeaaa71ce87ad80cf8ed4255ff8d7e891b5106,2,False,True
xes3g5m,f010b0ebdcbbc6d573d5003f3f7d2f9e741bce90ba1d8ed1e14f3a758a129644,09d1b7cc3bcda13409e3405fbf9db683865c56c959a418888efe199685c9f00f,2,False,True
xes3g5m,f0110d1c105c47a1e7e099066cd8ab0e826208e7f3a8266676f9028edca98a90,95d2e1d55a4e95947124b56cf53e7cfd85ba162104874b50af2d0730fd007a55,2,False,True
xes3g5m,f011d31b28fbf72843fd33b5b9e6b32d7a68a0dcc8873d35f1dcf71579c6ac37,13276f9fd78a0d20f654612a5bfe81d50c1cb16cad024f63f3108efe3399085b,2,False,True
xes3g5m,f026319c136831f7b20a39c54312493da4ddc94b343a5dfad884abcdae3108d8,d9375ed46bbd11e9a9059feebb2b378193d9b55e38647e7f0ec01e278e63df04,2,False,True
xes3g5m,f033c76c9abefc18d8e3def8304fdc33173a3f93062f2e1173af7f3bc304355f,6598064d0ffa14ab2b9185b557f80e11bb934ff34cb63277a22633c27ff9921f,2,False,True
xes3g5m,f052438c7ebeb180eeb641b77688ecc3135f7dfca740511da387fdd1bdb9f675,f9b7db241da3b866e56e57f5f3f82ed29f281a3024f4fe2328aaa0664338ccc9,2,False,True
xes3g5m,f0742dbfab33a513356a1e4eda9467f07b0a51d1eb480de391abd0338308976e,08c021f8e4318e3eb4dce09eeffee3529461bd6ae2e69e313601a260898c5250,2,False,True
xes3g5m,f08adfcddf335f0d78e0d0e3bd79ced96d990a7d435f517a62c81cdddbcb068d,7528224a26dce40733a9c3c025339064efb6c7cfd235b8e8deeafa71a5e22cbd,2,False,True
xes3g5m,f08fe7099d5dc046bb731745639397d68027d08ee787372d49a9235b89886077,1a786d9ba7c69278cdfc47fa765d3f1ff7aa06ec04077c3a6b79f082ec6075f5,2,False,True
xes3g5m,f0a27a6c6e8e4d0fec75a3cb0de7c14b4c8ce6adaab8455d25cf2159a91234ac,8b8365de32d165717709a9925ffa64f8c5a2bebdd27c22fc958f1fcba15f749b,2,False,True
xes3g5m,f0a6f2de4e81bdc9072f397a5b365b009030c1b2946ff99a10fd06b466b07ef0,1469ace85e517a0ca9d86c5d292b7094b038be4062188a8111bfc091653c455a,2,False,True
xes3g5m,f0ac05a7afdec84615e6762ca2d00c38e9e0b9a58c5692710b7069f866bedc94,e4c06e858f75b0a5be175777984ef21002f634bb920c6d7744b004ae1ea2a485,2,False,True
xes3g5m,f0c3096921f0230bb2e6a7fcd9fe0a992695691dc3b554085344784f131fbe5c,2d3a999fa02db0ca72c9c03d23fc9f7de5feb06947a4278aad8adbf71560c781,2,False,True
xes3g5m,f0df00e2459f38260ff66b0e7ddea21e0d63b537717051512816384506ac58f6,ab374f117591cf8d3172b6e05a8e38982627ca21b7abf79fc88abeb6c068a217,2,False,True
xes3g5m,f0dfa5dd714a2a7e660117d1773d37595cd3efe310938a2b2f6eeaa4bc0fad56,75e453c20399de1dba6809926ef8bd2af674ae71f24d4dcc0024422382ffc758,2,False,True
xes3g5m,f0e3db0886811c735d9cb70c113ca75e2cf1bd3c41af339262861c0e771b4ffc,90a879f6e6711a12a23f1a9914c6189d96f6a081220d975ae78283da91eafc0a,2,False,True
xes3g5m,f102983d0423a436cea2a8e407af83e0a29adc6f412d2ebc0ec0710644c1ab45,4df327d539b5a18737a02d3160a0efda3dbd0bde8b82d0e1fedaa0409f1f16a4,2,False,True
xes3g5m,f12c3c014c948f0a0940e424277c5782b8f4ff55f52fd1de39598985af3024c0,5b2825b9b116c0ad465423c84fe33bf3de63f604345dc2678e60a35bcb59c146,2,False,True
xes3g5m,f12e0c3c65ebae7dc7cc623d8055e60be0e661e43041b83562bf3fdaf5502607,98d51b7364543b120eea3a7bdec2ce7c4a9f5a0e113b3b9000341584c264bb56,2,False,True
xes3g5m,f14200acc2b2b9063743d37e3309ae3bb5b46c662037904115c9deb50ca81a31,aaca993078769840e722f3a28855afc27059c17549f33cdd858d18966e63c8db,2,False,True
xes3g5m,f15083152fe86b82f3f2fc8badcd4fdbf74505d77fefed465ca4c7c52c768ea6,f34b6cc5e5501337e3e7045f664c91d393173bdd11c25e8b33c039c01a0a8b3d,2,False,True
xes3g5m,f1562109e2b19dd3f6f42cd53c101be1bb94393e0fdf4900056c5d4d0ad2244c,9bb57eaaeadd75b55e9e45ed52b83566b48afb0ad8c94910e13ee9c39e6d3c8a,2,False,True
xes3g5m,f16666c92c65bf830b57f75dc58ecfd6cf6b3050dd5e1f204e56a3711286b198,2706886fa3e71deb41c53438a97117776a69121077d5e713c31d3a045c0ec364,2,False,True
xes3g5m,f16aa8848a2301adfa8a84e639e6bcc5f2fbbf628979b80ea2f61a4d68796fd6,8b38153bedf3a9ea45abf140c0e92a693347c526dbec05980521fc58ae439db8,2,False,True
xes3g5m,f172ac3f762f06b3ab013d5803edef9b7c141d68db653875c8e744613f5f2821,f46fadb9939328ce372aaad06f2e79c9043cff60a327fa77be47dbf8dfef9f06,2,False,True
xes3g5m,f1802652884fc9b35cf7758c6bb84be4766303e975a5f0e557501554685d4e70,3fcd30a9e20bc0132ef21b557d207eeb85ec75767c93899733076e58f45ba73e,2,False,True
xes3g5m,f191d97544b561775366484cb7d1bfd4a86253eb6c671702684440db8c394e29,ac54242ea3219ef43f9b0448726382a51b321943739ce786217e50b5a78aa114,2,False,True
xes3g5m,f19e93ec5fb8b360f59969dc872fdc9a03918fbcee3c8fabac7db07ff49c5ace,31cf73a1b77d287313b8b816b27efcc559ed0265d090ca7ac40c97a90ddd1fd6,2,False,True
xes3g5m,f1a318fdf99480939f2f3f48d6fe7d2782a842a798d539e98f58c7c77a97a2df,bb982460736bf1af458c7cf722c1966ec78dd41cdd3967d0b45f8b9f9ae224af,2,False,True
xes3g5m,f1b116fb907b2d054486a6f618dc97fec8449197d1548fae1d61c59b0eb60ee2,e96e9f2154289d76044480ff7ff4b92f925a7bf01f4b6de0f6402e55a53defc3,2,False,True
xes3g5m,f1b2e64bb3b87beeb6408a56d061cdb61e1d045491e4b3918aef4d10bdf907a9,dda458c5d7795932697da067535e3fba9fdba52e7ffec24b7ea443505824e325,2,False,True
xes3g5m,f1d70cf3d1da9c5c696baeabce9bf9d73b75d7b4d7b3a0f35f2ff956878985c3,dad3b5c75fc7aa67c861b9d97d3ff287705e059dd251bcaf3a3aa0bde34358be,2,False,True
xes3g5m,f1d9b6bfbb876037163fc7f421e8530822a93178527878231cf83857ca6ce218,5dd9be244732fefb75bcdcfe76f48c1297388dde6a42fb741fb536c8a830e77f,2,False,True
xes3g5m,f1e827ff9c6023e39eb37e6548c2ed4302b9d24ebfbc5a02512285e1fde6593f,c66f1b1f1502bc711ff1959b0642dcd56d272ae756402188635b87a6b5321142,2,False,True
xes3g5m,f20dd38b5c187575c99472e54fe7efe47ce0e30dea814cc413bd72b58a44a714,601430cf02edc6812229c1faa2f84ddb5cd9237c690f01f36be6e88f3d5d1657,2,False,True
xes3g5m,f20fd173373d45b47f027fdf7644d98000cad07259aab55db660c9ba3a021bab,f6a1e28fdcbf60a1a1e62fff733d4b613f27a829040cee6b341254c27610972b,2,False,True
xes3g5m,f2133e839685a782c8a7acce68798ea9fbad3212bf1622ec96e2d6f64bbad6ff,5675f1895ff7b3fa54c2a431f5bc96ba526840be76fe6625b6616b92cee2c256,2,False,True
xes3g5m,f215378fc2ee7a781cdbeee619e35efdf13e76e9d2e3d9b9c0d443111c0d1cad,78a37d3d59f8444d7a4528b0af74586aadccba2009a7530cfb81462d6b76dcc0,2,False,True
xes3g5m,f2184268531184f2cadc027afc881804f2f0f1f76c70cca321f616f346931d04,c4344e83976af11ecc26985f237ea7918fdc653472dc571cf9b2eb7757048410,2,False,True
xes3g5m,f21bd96bec1bb345dcce7363668a691a5dacf643fc7375b8e0511d1acb3a51e2,bfd90fab0373db759336c07794bc9759b6999d315aa621f04c00bf0479d41190,2,False,True
xes3g5m,f21e1f3a1f841a47ace7a88620d89528ec34dced021d079f3fb4f6e6871e9ed2,aa5ad98ba8fd13afe8d6861642c961b6a7b79431b6e2e71410e80305f5c7a423,2,False,True
xes3g5m,f221db4902302c10f32f76bf0a64b2ec26b7c48af245269b7cbe6ee3e5c28add,ecfde51f9cc16636de7013a9b3f3eac74b79864cca88ee219d4d1ebb30b71048,2,False,True
xes3g5m,f2256541c0bf52ad536ff2bb2d93f36b1b4991f08cea79412c085928a12f83bd,015da4fd16694533bc5141ddbcd2e203cbee057bb732452eac0cfd399bd87f48,2,False,True
xes3g5m,f22a80ca26327bb49dd95fc59dec6fc6809630171ffbc3791de27857a49b5d3f,f7eba5712beb609ffafab042b9719ee910f6f37a35132eec44ce26ecc2a2ab80,2,False,True
xes3g5m,f22d4c9afd799aa130641b9e7c3fa6b43ebd6c4fad7ba4098e163ad1b5763aee,fd307ff84e3c63c3fb2ace335e1d4e559c3b87da45f25f225d6421a6e9d2f823,2,False,True
xes3g5m,f237c715e23b75af5dfab726ee3a53af3580ee10678b0c3c382d7acf1de7ee81,bc14b5a23b91f81c8afd8f17243da96fab3159a147efe487976c368c1d9d0e75,2,False,True
xes3g5m,f23ba772e6b7c4ba40b3f1193e81b461fea34c8df6f0766b52d8bea3d8c05b65,e7c4cef2f65634ea56c5cd39b22765ce94d6b4c6f1cc26edcab9af3d9c1eeed8,2,False,True
xes3g5m,f25c56beb3b3d8c11c4b105ee014e2290b093aa1cf13c8a148522509deef4be8,cdc78045a7c74a5b3145f71209130f0b1475d688e557538b4b2083f5de55b4dc,2,False,True
xes3g5m,f276d9600fe7b683e919a24e43023704ddc7f1d535006dbaf1741db4322c7d1d,dbea16faa5c9b6917dbfdda6540b331de14ddf45e4bded36d7b69276bf88810b,2,False,True
xes3g5m,f27a9132d7de1ab6f6a97254571f89fdec1f819d57ef9dfb85db247fb513d253,d6d96880c542db8676de0278bbc62a32aefef47c3ca205dfbdd9759b77707738,2,False,True
xes3g5m,f29674576bd0e83d88692471acf40ecfddc247d525ac1ce4a12cb0b0b39de78a,f5e0010e0d28a329ba501c21c0bd820fe27b69dfccf1e28c48d22b73575869b8,2,False,True
xes3g5m,f2a539c0f2c91d3aa7df7f8de9b4479b3416ba7f5db6ba1b92d06e36e5fd65f1,a61b0a4f292c6c009d530a6870dd0ebb00d387ba1e3e763a7e7bde8994d9b5de,2,False,True
xes3g5m,f2acd6af238db668b77817462b5665d3b9e2d34cb6bcb07c2cac5dcc3c29585c,34697c9e5068efd2befde447bdec53b89660f12d73bac783946e1ea51f3f468d,2,False,True
xes3g5m,f2b418d0245e8b8a2f589409e9c8b1dc9c1dba4ae7e16c30d0afdbd106bd67b9,ce9854548f59765be65dac346081fa5a467ea14e2a42d73af15cef3f08e12b95,2,False,True
xes3g5m,f2d85234e2c4948408f10dc317b71dfcbecda17e8bed14c05b667eb8d4700fc1,c048de96d6bf9b3ebe3beb51673b232daf2b076ea7c1301962417af0b93934ac,2,False,True
xes3g5m,f2dc3698e31c66b7e4214e830d3f5b7a00e9620e0b6d9135da0be42c84bec677,88da30f2d5ae2469c4cfe9505b8014e62bba870e75b3bf75fc966391f0ea23d0,2,False,True
xes3g5m,f2e5b9e61e9abb863dd59427de49a8e3820d1d6501dd05b803dd3136cab98519,6b6bcffc7ae64d0cd42d37906682ad0154fe72c9734f38a6c860fd5fb9cfa6e6,2,False,True
xes3g5m,f2e96349d8b5fdad9072a7e3c1c61fa9b4c9a49147e0d141ab903dd7364b96fd,9a550b7311bc416a8ba01f079a0fc15f78ecf3b985fc046b53b01d7cd377f72c,2,False,True
xes3g5m,f2eb0d88ea60f3826ca1178043ce6620a6c69662b49490d62577d09d50677ddf,39da36dd36f75562e397bafa2b6c278dce45c530da84f768f53d9e032ed6def7,2,False,True
xes3g5m,f305004929c90fed4d3b8d14685dbca0662518827c3082f3671981cd09ce850a,6c5d1b6a84fa660371428b2d849ba5d9e02cc7c05ead17e7f07c6f7e8924b8aa,2,False,True
xes3g5m,f3096051235d5fa47dc91d5375c838613cb81d35d9d1c5c2fb7108a1aa963ea3,b78dfdf147bc15cb175a0f523bfdc265ab215ef1000ddd921b3bf226dc8712e0,2,False,True
xes3g5m,f3186e2982ef2d17539bf7c274bde1fd88d91f5d694a060c8aab37f3ee6c75e9,a1e271d7911e40d3d84ad3f3770961a36693a6e5644ff2576eeb8665e4551694,2,False,True
xes3g5m,f3328303c582b837900137b281521aa58573425022a6cb4b84650f7e228a482b,169febcf8e3907a3b3c45f22fe285afef16b30492292fcd089ad29a2cbf1d146,2,False,True
xes3g5m,f334a83c040b261be8f32f054149fdb1823206bbc0c0377802952b9ad68b0c86,cb87f26356e8338eae5be336c38d17931f8cf0ecbb134359873441e92675a4a3,2,False,True
xes3g5m,f35ffbbc65e2f7c6112943f29bb62865fc231be7b29a6b9f8646ff9da7ab6fcf,7b5e519fd87cf61fb7e2641210d38a029fd1e137dc1231ff5d218a04a572c632,2,False,True
xes3g5m,f364ee4ac24f145619c0e912962b04ff2434efa677eda8429cf1d008ffece7dd,b7410cf49818873517025591497d3bbb3b3b6738eb640412f00d8e79dd683b81,2,False,True
xes3g5m,f365dd17054b781215c683b048b485f6c592218006f1eaaf463a9da4d3cc3c86,8efa0ec63d0edb3b811f8721bc9e1264df28f2af9b3914d39958ba9de88b3beb,2,False,True
xes3g5m,f36e962bfc7a1ca6e8925864b86a28752ca2a5ca5684ea453047c0eb8dbd0e41,924a69210e97a1239da36821458a94a8286f4ae8c2952033a473c9ece98008f1,2,False,True
xes3g5m,f3789d85b3fe81317ad8ffbbead035e5c31d2683c902c5a953d401fd519bf07b,5e5cb8b9f2fa6fc92b6469eb5a72d9c8572fedec79c005248b216a83c63b0ada,2,False,True
xes3g5m,f396a377b97815f97ff17b95ca9093264105f422771e023f5f356f2b348aa745,8899f90d0759f37c26adc5922c941f03a408779fe74c5b8cc85c29c8511aacc9,2,False,True
xes3g5m,f3a5014abb72460decfdb8ab56df2e0b510d5346db748c765350bc219bf42233,9dfb99e6adbb092b0e55da220073ad56c0390891033747a144ff3050c41b7fe3,2,False,True
xes3g5m,f3ab5dd6b1d910ef8572e5ed91f9ced80df01fc820774a3d4d776dff977e47a2,ace8d3c33e54cfbc3b614eae6d2c4c3f5608c9341a2ec65ec2138022dd24e734,2,False,True
xes3g5m,f3abf9d8c7efebae7ccffd1654c64edcc33e63d72c257be6a09386c4d3dbbe9e,6cb836bf8af582c218c61b2c7921a8db4188722e788ad9a351fdc53eab13e2c6,2,False,True
xes3g5m,f3bdb613fb2c28aaedd0d6f78f1b8dc03c4d33ffc7b73bffe9180e96f51dd6cc,ac43be4f5d2ed9af7ed6979e318b066001ff4214dd3ac33c99ef69617edcc212,2,False,True
xes3g5m,f3c2d65ae2112f0bf8eff786d995f8fa38136f4e9b14d45653be959dfa25eb01,ea03bd728fbe1235abb346fa7692c1a711ee7f917f77e6fe714d6c771df0378c,2,False,True
xes3g5m,f3c94d9f5312776b7bdb97474aeac2732b39e890980aaef7674c311c824a8be9,8cd6bae05c28e2216b16877ab87ffbcc93644ef143d163d197786494cd4bffb1,2,False,True
xes3g5m,f3d047d5f3c5aa67bc55a10b240c93358c36afed434a1d3fbe58aa98742eee78,2b1b9971752efeed06fafaec2780b4cff4377739ea7be23d64506438ea4ba625,2,False,True
xes3g5m,f3e6d62d7afc87d50c385431279ae4800fdb31129e137ed1e710992bd16d21fe,b0b0404df53e65922d7867c6fd23662bf781e6fb37731cbe8077dd6c9981eb63,2,False,True
xes3g5m,f3f7c4650638921e7f4708e61e84bbef30e5a738701e40a060c4503012abdc2e,939dc84cdac8b35154b720e8661bcd90913d46e53bdd97e99112e71758fec844,2,False,True
xes3g5m,f40a6fe6eb962bf9bf7fdf3b0a770e3a249dc9c6cbea36e242eed486a3f655b9,a3ba5175a29ca443fbe2857527e76b32c3c28c51b32eaad41f324a2b8c7e4cad,2,False,True
xes3g5m,f40bf76542457cb3388446d20638f3cf9fbbfcefb28bdb0536fec14270d4d71f,77847d7ae2ccbe1ca05857631ff65905a9da212029e6141d99adf03c60ee2bb9,2,False,True
xes3g5m,f40f514e6007ccfe5a21e3d60076dbf134802774ed43331df6622bfcd1d9c887,13c21bbde94522e437b327c7a7895c19fa8a873db42e429b440a95c192fed0ae,2,False,True
xes3g5m,f419a6eca7658357308cc4f45d0cf8898d0480ee53c78638c12b99a65497d3e7,74acfefd1ab64e2a819bb9452434b0d67b2b7d4193375bf30fcb99d24c1b89c0,2,False,True
xes3g5m,f46011fd2edc70617f76a491616d86d4f0be22b9eab3d7350e9280ebc860bcbf,5772ce8974f3c0428fffe1dc4331e1d37f3e6750eaab18eafae276c9d4da0f34,2,False,True
xes3g5m,f464eeda1e266835188fb61e86ae160440ab11656f98ad391e1307ae82f38645,c6ded4be4be96d23ee6cc438750643e2e4b25692b9ef9a40412f722ff7f28542,2,False,True
xes3g5m,f46d3145058b11ced3028fc01e3d757c423105575a748eb0ee8182fb10f67093,a35ba8ea91e76db49573fe4993459650b7f10df6f217add5d88b0207601ce58d,2,False,True
xes3g5m,f47d1937e975c221f697b4791c83c7198a80b48abe139936bccb1b242df113a3,0418eff26750864ea92a1e54d158c2429a8bad194ed9f263338bbb306ef9e92b,2,False,True
xes3g5m,f48969cda8c79def7e668fdf8b7f4b4cf1123901e1670195374ba788c549ae90,387142ab7324556bcaeffa485666a76be6efc8656c22a1c6dbcc258c532ce7f3,2,False,True
xes3g5m,f4898247a01a570bb89c7b59f81f42ca4861b80ed79de3b70b879142603724b3,74aa4284ac1eb9362d56166531f1f4eb5dd91dc6fbd617012f37b67fba191997,2,False,True
xes3g5m,f4b63c1e22f930e3cb5b86e3bae7fd5e83e1f81a37f17aa408ed75425b2e41b7,4a1d29df084334f40d72a4609187d4d95a8b27585cac5fd11e276f684e634833,2,False,True
xes3g5m,f4ba5f763f2c7b7583a09dea43e780bde6584af194703fb7c3ecb49cdddba9c5,311a0220387c59a83d7e39e2af1896e68605ccd84699de9e8356b40c957c9b13,2,False,True
xes3g5m,f4bb98d84b7a0729c5a17c50858f7fc80f3b172745f00153c38de2d32cdfa952,1d2ce25d20d3541b83a981248103f07668e234be58425f14e996cd1329b29b9a,2,False,True
xes3g5m,f4bcda4bd7e805710a545507a360f70c73c8bfb9d2c84a09225fd32f5d64e009,cca989b257ca311fb5e671dcbcd65ec1e364889b8e05c9ef75a961c67489e3ea,2,False,True
xes3g5m,f4c611f8c25aa10d4ec55a99781c5a060843a0ec1cc7f67c7fb83ba7be940045,6cef78e0c3f4d6e2f064d6612fc005a62a28fffcb627d17c1cba374caea35211,2,False,True
xes3g5m,f4cff5c02f0201f4a5cef0b28ed4387185b1f9a9e47c14f3f256f2823ba69a26,49a0ed09320e61303e05fd6592d661fd46253f4bcb010ab7ad3f72278bfe0383,2,False,True
xes3g5m,f4d3d4cd17212ea8e7687f77edf5513eca8b63d0c8eaa4e7cd3897c412d5451d,d7954c3464cad8be18cbfb25c4822e374f60232a701bb20a3c2b9d5b87be5ac1,2,False,True
xes3g5m,f4d7c2a99bda36d5ef6e16afe9b7e95999f796f589b469cb403c87331122d3b2,4897a88e62d6b27778d303e3593c445b31cd8942109b7aebdc4880c8c40929e7,2,False,True
xes3g5m,f4f887c056e3705c64735f995c41adb8b7e2bc63565965fe5ccef88d55dcb5ce,2e6933c7ec0176ece90b0013c9d8ef094a00bc718e37e55fcade947c33c198fe,2,False,True
xes3g5m,f50500bb4995fd566d69ad70f43065412f54899171460c6619f6871f046f8720,dfe705f418a97d5aba657f6c52a43fbe2a943a4493e368c6cb9bcebdfa9637f4,2,False,True
xes3g5m,f5098c97b2979fe8b393e60f604312b9ab1423cf9212236551566d6dbddf0b86,8d35b54797e66e83b7fe1327c343a9a80fd5733358d09a8ab25f4c4f5ae687ca,2,False,True
xes3g5m,f50dc4bde33a85d98b33f4ee002c4cc2b2207d49172f89c4ba0c28195a198710,c01188b43fcce505339666fb506399b72f5554630b8fe59f71f6484d482c50e1,2,False,True
xes3g5m,f5177bc49e88d90b312bd02ee7c7e070a24fb4f4c2c987e6311b5648ac26a3e3,72a50cfdfd0cadeeed32a2e486297315492e91a90dbf3b3f16e21c6ee5428cff,2,False,True
xes3g5m,f51db43a6c8141bd2e8a4883ca5e995b67947f060082fc50c112de16eda4d1c5,aac5227bf6ed8ca5d72a7663f3c7bdeb77c4930bc023584cfe077fb7feb2362a,2,False,True
xes3g5m,f51f1c47cc6802ec4d639041de0ae80c35c08cbbe62abba4c81bd23109c86880,f338e24f4d227aaa9356b58023c9ae5ba96d1089dff033ee514a18a1e70157c4,2,False,True
xes3g5m,f527dfd41aaefb27c7684da81a2df4fd5a55a5e5fb9eefdc31b8ba4fec12381f,5186703fa658035a663e9c6ceca1c19ebb4b977e701d0c738d6e7cb9202f006c,2,False,True
xes3g5m,f52e95c9cdfc5736776ed1fdc7c069b2e8effc6be548abde9dbf8d54e47f5d2c,b284c0947ea62372416f5a9bda5ba0a60b1fc05e00475d14d901734ca42e9a41,2,False,True
xes3g5m,f52ff593b220f18ae7ae856bb5fda6e65167a299068ea237ace781a60f060bd9,f3622f9a2d33ebfd7f36418acc604ee95d5235dadab9487ce71d57e2baecb100,2,False,True
xes3g5m,f533e8145688c508fba9c760d03ea07c1c96d2e577ea0205efa2499015fa3674,89c851ed0da82dd507ff97d5f1f7210b0843905c9bbf34286208a643220256c7,2,False,True
xes3g5m,f53d660b0a6a6abbc0b1751c06f936ffa8821642aacd02cb858282c693e8d174,f1c9b378986d57e60b7da16bb4a131719d193799dba63b9beb37bdb7a3632140,2,False,True
xes3g5m,f546d2a2a2f460b309f0d5bd9e66715bfe5fd559639b1a9462b6ac89decd7c61,101c0fd93813343f3369c3b24e41b2b2f79978a8b3791fad74c21d83099732e0,2,False,True
xes3g5m,f549b6b3279f5da931213f3567b24be5e21d7457c765c1d8241cd8574eb45ffa,4163108c44c1b7fc5744d649b99c18243d3211a6fa94090f417e47a6a6959b49,2,False,True
xes3g5m,f55cee4cc088b363b2b316d0b8726cf17d76f6b97eaf54d2a3f60a8d3da6b775,b9545e08a669451c8452c68ab50eee72719b61c0ef0b2c05e639911b011690af,2,False,True
xes3g5m,f5678eccfeb991ec42788d19386bf488fd1e5fe3f6e0bf73d073f34e2dcfd5bf,889f4f1fb90e8b09555abbb0b94564b8438b3e793bd75e7cf308e619e4a43844,2,False,True
xes3g5m,f592dceaa4fad89fb85e83411e8d94d79a249841e836be4ec61aaca20faeb711,9cecbdee5677a601f4e24c7652e9dd3a9c0d85acf80fc80a1c1cc3cf43460814,2,False,True
xes3g5m,f593a62848b67df32840bb972e2746302315f1d8e92e38217602dab38fd479d3,4258bf83ead0e19d84a4b6c9f09fe1355b972ee013e59d7a5834513d2cb2d739,2,False,True
xes3g5m,f598753d9f35c247541df2e4a3f9c77269d83dc0095ba64bae51c16f53486374,3f1f6c71ad530d7dd551e355385522391ddd4dd7da144fc37993b479c1daf9a4,2,False,True
xes3g5m,f5a13cb4dc01df522431c70cbb42bfa3524f07201d66400a3a0d8089c45e88bc,eddf534fa69629337e2d89a7de90b08cab48ac270d738f510f630ae61a5e4c81,2,False,True
xes3g5m,f5ac018b425780611e869b71892350fc45492e224c514026c87bac53a7a10463,4f5639ed0bc7cc664a8a27823e37d2d0754bbc376bd969e7b05530b7bc6e850f,2,False,True
xes3g5m,f5b5e2a5facca0c957eddba50b5cd9378123400877c9957749a7a838d56ef376,46471fecfecaff0deff9f5fe48f6aeca967ebf4b796fd50e950a28691bcc1abf,2,False,True
xes3g5m,f5be7a34dd07b2fb81580abc77ce6e3ecbb3e20e899b700133a7dbc73fccde45,ff05b29c3a0f0c32095189a5a71d1ad4e58f13c90705a244e32bfdcdb7df7cca,2,False,True
xes3g5m,f5c14b58caf71820f7d2348e5a6e5832f863975e3e318201d5cab3f17707c7a8,d2012672da613a7a8b21c8830654adf05407a03b5d6e25b3d82b1cf1cd4d80bf,2,False,True
xes3g5m,f5c4843cbecf96c2ea94fd46ad09077da98c7cda96d3b2310f936d3c0a8b60b4,695173077a16266785d100c35facbb85985429a438f2e74b56d86f53948799cd,2,False,True
xes3g5m,f5d492303f5ad2d418442ba320b220cb572524e8ca441c33ecec877664d94572,e373df95b820821723c39a232fd8edbcd6f8059a259866de52dfb6853b274817,2,False,True
xes3g5m,f5e1f84138df0c0b3b19504112cb3025984af17ea07467bc7bc4380791503b8d,1b497bd579c8fa9dea70c9f9f1ebdee07e200ddc03040fed04fde09d48db0ecf,2,False,True
xes3g5m,f5e38cbbcbd81b5cc342a4215e5bc960c0d9ce5fa2c6242103b7f02d6848cf0f,c592f8422b62fd125a2015f7c60462438429c0062c537568a103c2fba3d8188f,2,False,True
xes3g5m,f5e936b3329cb39667a36988aeba61b24ead9a3ff34a5b1b85febfa0186ddfdb,d43caa75e9d986ec20534653e373132248ff03a45bdf9cdf3c138d6ce3239f88,2,False,True
xes3g5m,f5edc6f8f67957cb47b2b0cfdd8c4eb668e931d6af3d4069a54ae0848d2496fb,6f79ccf9cc00d382c7b5c31f6f113acc49127fd500138c1dd9bc194b4fbee411,2,False,True
xes3g5m,f5fe6e2d2c3c1c602380941b9710f089bcb066232702fd49e36faff785611041,518e8b248fdaf3f4e2e5c3d1805e972b06fe745e270a87cb346c9542cc8f038a,2,False,True
xes3g5m,f5ff393ede85a8a36b470e6eeaaa5296b0ad87bc0ad3f242817ba82ecee788cb,28fa4fddaaa145f26cb19dfd4fd4e24c0af1c479ce5e42a7904ee9f84a0c2f50,2,False,True
xes3g5m,f5ff7ae0b127e23db946e6ef75b83974d83b5b18791df421e25f8a2fd118b350,7a01581eb12c3f4495764cc2cb402b1297f0c5e9e671de40d807bd15ab4e7436,2,False,True
xes3g5m,f608ca0a320ae462d73ee090f81669697c05ac12f276b12164c49a119d4d68ff,bdaad3ae5a23511cc1b99186da202a1f6616870aa4c65f0b9fc3041af0c4237d,2,False,True
xes3g5m,f60ca387251b4ebe6bc0b99bba4dbc0d6db78740615e65c5b4eaaaf5bdaffc37,2fb6c56f36f59ef20062f86d14f10eaba2dc39c95e70e63588001f2160820b22,2,False,True
xes3g5m,f6314031cab45cf2c50f69930b0b0346632ba744f51e4e26a46bd9f3d93f8215,7065be0295fc4abb8bbcd0ccb1d4bb555eb3dd48efe86271eef8388063b3af41,2,False,True
xes3g5m,f63f9902812ca7f789de15e8b3bdc8bc7798fe0437fca92a187caa4ebd290b06,8c3c59bb7e1b7f11fcdffd327ce5b04841bda3bc75f1a3529ec343f5b57199a8,2,False,True
xes3g5m,f640f469c5710736980ce014097d2518bb9d322894b42f562036cc33dd140906,d369559475413394fe75ffeebb5f268655f7d738a865f0374f4a5bf192c8aa65,2,False,True
xes3g5m,f64ad06433d85b5ff6b8b21bb0a19f5e0a019c6ccd3be40462c761773def3dc3,98435a907b11df1782b9b01dfc62a459f12d90b7c125efbb14fd41336b92a5a2,2,False,True
xes3g5m,f658e2caefa82d54179df0b08c82e44b5da48f428d06fa85086f3abd713da407,dc106dbe3ba9ad3b6e3f7d81f76b0ae0d731433e4a9cf1203750bbb6bf8bff04,2,False,True
xes3g5m,f664cfe650e608d3b6f1267e0b5b83bb1824c305004b5333d2a5e86279df56a5,75f4ed3ad1f76f15c59edff4850500c957f51e458959b1f81b5312a3f1ffac42,2,False,True
xes3g5m,f677570dda2b73911d73e8f5517de8d41835179189c2b7c23e127075d6d20f37,3d878df1b4900fdc5bb9f63e8ed1c19223acc6e65684beefa0ec303773bb589a,2,False,True
xes3g5m,f67bd075f5228616dbc7f42dd4282b7d2c46aee2371f0ac4e7ed2cce353fd0fc,b2129f498a7575ec63d2f912ea3cdc03e3d4e3fdbd706f0e94207a3d6c50bde8,2,False,True
xes3g5m,f6860a41e55a176b2f9ab2bd7f64cdd96296173972dbc74aaa0faf81b6cb1c6f,a74268b5fb2ad64af676678a6ff4f24b9b2adc4431b4e28ea9af84b463f272b2,2,False,True
xes3g5m,f68660db330488120cb11ec3e147f60f007023d5b4a05e1c313c93fa94ad021f,182aff1aa79e971f8580ed3e866b98c3a79065f1c209df214a6b93150290b70e,2,False,True
xes3g5m,f6900db70799c50699580f47fbd669f0ae9b26118bbf6193b97f62aeb6f25164,9e2d8a9df7c79412c8927c98f8b7f110c92b1ebe966d3d1890a86935c95f3f1f,2,False,True
xes3g5m,f69268ca336797ec08cb797b8974c4a4589ead3e835cd4aa8bf1f10b49a68892,d961c7a620b5876e8f09673f775f55adeff4f2e05f5cbd66186b322a5534364b,2,False,True
xes3g5m,f6979f7d0f6e9502e906db9cfef98101da4e0205dd013fc9187480ba5cd9c75f,43af42c3ed423c5af11ef6212999af4d3191124397b1e31222587d0f53766180,2,False,True
xes3g5m,f69c2b106d8180883a6ea6708235364510cce2aa7b16e9fe3c5bd2b84f7346a7,6763a0c0ecc95f46bed8eb2f6515c460fc020a0ee9f57ddebaa88ba4fdbedfcf,2,False,True
xes3g5m,f6a33946fc228c937bf929fa4e32c0dfdd9282d24dfefe6c8efd5fdc18515886,b995cd19c6d8f9b9d7313c4115cad0892feb3018d4d291a1af351e5bd9735be5,2,False,True
xes3g5m,f6bbc1edab36b5bafb22d39bccdd8cfeb46908bb97440cea5cff7baee8004131,914efb2fac1fd0bd4ebecf0540172045ba2ff477874e5077b612b35e7313328f,2,False,True
xes3g5m,f6bd0f13ddabc1d056d7c49df8ee785e84726c2ec9ae5b8e78f9adda7043b805,cb044e605c9c7aa760a3622c68873d2077d077ffcdbcd413f7490dfd7d109a40,2,False,True
xes3g5m,f6e19300a94f40e8a41d8edf2b29dd88dc6b68f990f720ec5e3eebaecfb3ac97,e74bbf6a8e12438afadab07a40ee10ce47bd60503f255458642b483cdda6fbeb,2,False,True
xes3g5m,f6e2876c4c4c8b5494ec02038aedbe0c53167a8c59c326d0e4894b649794c1b7,5b40f8956e58f079338a68dc342734a01fc75542744e54a13c31f59159ebea5b,2,False,True
xes3g5m,f6eba496e90f7f138221ce734b3263c5c2bbe27ff3206172981e1066e8ab0a69,02591764c8a5b3e8f138657927bcb65413f9e42d184539eb21957350e5e7a412,2,False,True
xes3g5m,f6f485be1dae42efea70bec9c6cf627cedca9b6d519abff5e08dc70cec9e18b0,fe0dc4cd7bdd4950db55ffeebdab58a5b65227662b53402634ddeefa213c3d3b,2,False,True
xes3g5m,f6fd7146e34fce3e3c9ac111496373f78078e012ffcd8ef6932d1dd7d273c320,f3be76ddf85ca53eeb27f1330a1e316c2d6271714a6f21b42ec4a79f9f53d9de,2,False,True
xes3g5m,f714e5132540e95470577ea86e7f519109aaf460253bc6d1651474794c2c3f42,5f5a112ceaf744527da74b91e332c13d8d5d2778a6667b43aec9cca915f05652,2,False,True
xes3g5m,f714f7243adfa6f5a3fd709b698af63daf28a15af5d59868b4534a6a8e6cc132,23f6eeb098aa3eb82d7758c07f3474b155a8d32cddb8d97eead03d234d9a1c49,2,False,True
xes3g5m,f71d997de6ba9fe91ed44c744d01a1515d1dac330595c88f5b577d0252f2a9bc,173fc99d7de8ebb91bd1b3e065352b7d9874e03a76e2cf3df7ef9d399d3a4bc9,2,False,True
xes3g5m,f71f9af1db5811ac2bc3b16f861412b6ee2d02e5fb19b547ea3d1b4cb020d803,fa547baa2d41592de9a2f1a89bb310695677d02e85f149ed5db682f4a83b043b,2,False,True
xes3g5m,f72721c1e43215e06d03fcfa503752422f7dacb7c89b969481c515783a297c0c,0bc3e8c87bc719fd6da37346a1ca21753c6846cba75f16e21851b938ff1ece5e,2,False,True
xes3g5m,f72bb66a2666005e077fcf2207d3d5c96a32282ec4cf6446c884deee7f2631dd,7b6c4dcb927f82557371d504587c41ae33ac081af638bea9492660601a3e717b,2,False,True
xes3g5m,f72bc776b81d90632a5504256b5572feb1bfeb58dba46f75bcda49b14c908d29,5ba5a1a681487350042a61bd77538f0c8d90719f166a9dea396cb0c8e6f14f8d,2,False,True
xes3g5m,f73d6df600f865994838ee5ca38493af7d40db51bfea6f965f181e9062eb8ce2,4329b4ba7644827eaa12dcf5e5e595977628c007d2562b45b8125698aacbeccf,2,False,True
xes3g5m,f74100835709b12e888173b3ec1f7d925690e94b88dd167cf835d264f2a42ab9,016360056be63871f85842695e0b87edc44c6ac48995b63a1ee6a6a2190e7b27,2,False,True
xes3g5m,f7440636aaff5a46b2caa6fbf0c527ca9314998643f02700f4aeaef726948ace,5128539bd9015cebe978eb86e007b42345ad1109fe2ff7bd3b8bf3f2d9b94bb2,2,False,True
xes3g5m,f74d0113b9cdcefa6b58b43334c94974526b1d31ec602b057bd4ab90ba0aee46,22d2033edb223a80753a1ced3fb2f3819eb3f34b0c277dc3686201e3785ec2b6,2,False,True
xes3g5m,f759d48dee00a237f1135d19edb281f4ab45b8e8d4b6dfa6245f0e02f36584a9,cff3b9d57f6f6c4c74cee9a5d0fc93bd9033cf17d8cb1af9b3bc0405d0dc5758,2,False,True
xes3g5m,f764a476d4ac123341a33bd4072dbb91769e6a03dd90f80960323e0cb78596d3,b103f9e0088ca531d97084357e4620491b79b12d8f59ccd57a87cdfc270b8455,2,False,True
xes3g5m,f769565f9e3cb3aa93e142a7fa4e04d1103858ca071d33d4290cbc4c8a028b8d,c3154b1e5bdf7c1fd498ddd941f26312e470654fa28fd3d7aaf524360a1d9533,2,False,True
xes3g5m,f772a2ee5e3b91d4ae3e79493f0db584af92a0427aea7fdb71bf8b1a8a538b10,793e2b3fe64a146f0a026f7ef2ebfef934f34e94828ca4fcde665b06a6b7ba04,2,False,True
xes3g5m,f7752a7c94586b532df196a7e946666ee0ba0e526b35584a54164dfbafb93619,ec3c42061c09f1185afae9bc29ec366bd16aca083d5ff5cd1c93ddd7161af151,2,False,True
xes3g5m,f788bfcdb44544215500b58980542501d9bd2003774690b0ef8a4c440a6afd80,fe5c228e8ae7c5b822709321a095c407ee45c0cd58d2b804cfeffdf7bb6445b0,2,False,True
xes3g5m,f7a123edcd05c3f6740bb07dd3eb109fd1288146cc7e6407c269bcc347173a65,9289c36a305ed44f5c48c78dafe256e67c9d900b6ec3b6343b630033667f0d72,2,False,True
xes3g5m,f7ae250025835b04a7c219cf803536970a4afb88f6f2de51e07c45c60ed8c824,2bb4a899f84e013c626766fdd777c6a40b8cded26385e03438c6c6449443bbae,2,False,True
xes3g5m,f7b53b4571fc01ff0f22fa0dafb435f691960543f89915df38b79539f889788f,518dfd210c944d6cbc36d36304ace6b50d94f3be072a8aff4ec4bdecde5b2baa,2,False,True
xes3g5m,f7b9b55bbfcc801183e95a41f4f9dab21aeaf559287aa2da2096302f7e2df95d,cb7a72c8dcf75dbb13e2741bfdbc732451b8330e8962e95a1a82f0761eafa9f1,2,False,True
xes3g5m,f7c1789a2f27b526b9a48b72dbd1dbc17db082e6cd351d7eaae1d0cb2db075a4,50dbf2cfb1b73be62f6ae6f43fc5aced514d35bc6ba6d2811771514874e28486,2,False,True
xes3g5m,f7c85199ca3417e17a5ca784c1747023d7ef76b90f3a1f146d828b6e5ea54b62,6f4cb4f8bf2869a08bd2af7b56e10d118dce604cc41ece154e3d08525960aab6,2,False,True
xes3g5m,f7cba8cffe157e03982d5680a3126c415500831ae094599923677627bba33c94,0082ff97ee2c710335f0915f364bb315cf11664fc501bf356fc99a9e9fe2caaf,2,False,True
xes3g5m,f7d8e63becd3113b7fb30b4922922e64705e93ccbc3f80f0984224b0f2297360,906b95533577f7098e9172cfe6afbe64264d36c58bb09a59597eca86648d032a,2,False,True
xes3g5m,f7e2ffdb935b11b9010a4246d342458a4e6b6973bdcbf7c5470bff6d4307e526,49f29fa7003856a6b7609e24b917f3c1ac0518f95b9b8f8c98755cc3b0e1cd39,2,False,True
xes3g5m,f827ccd9f932fcc9e2811c8eefe68ce47586c88a03f1a1abb23197ca6ef29591,d9b5929b42abcfad26e676f8fb224e00f904e718d7e06f8c14fb121d64ad7ae7,2,False,True
xes3g5m,f83655bb117ec59b6fa4ef845332c1a29b59c71293dcd436e3ce0e3f6a980998,ed86dff66df19e19f8cba238e28d3f123779366b35571d8d7ba5568962cb8e6d,2,False,True
xes3g5m,f838a139c3b5f52b3d8136f511b69cb498d07f5609b11696a8d3ef3ba77af2c5,c3f2af09b1d71e92355774904db8ef4acd86c037e45f10595c01911ab0c88cd4,2,False,True
xes3g5m,f85e4ab416fcaccf166c0a6c2a03f90c051748b90a24ec39184021383c8d9456,69a0645833b33e82694064377924d38ea233084a9b630cbbaeaa854342405a2e,2,False,True
xes3g5m,f870a6811d8d6ebe59cb0b6d6448752a0d03fee177455b7a98f69b1b9cc49821,533a8a70a9cd531259d4812d0b6f601bc71b414c43b054bdc2b861486cb01872,2,False,True
xes3g5m,f87f68bf4238c8736e0c2c82daf467a46c75ee06e7ee461cc69fd5f70191cf9d,b07d858aa3d1f310de6ab0edce9651da70d6d0f1240cd71bf49959f10f929624,2,False,True
xes3g5m,f8a09b677eaaa5fd7cc08d195be45968ad3adf99a6494eaafe34774626f679f7,3d200715038ce8e6992230f07d155a17f72016586ad7b6086e45fea6d98a8bf4,2,False,True
xes3g5m,f8a46c545088e439ee0fabe6b5b48c3c089a3661bf4104140ad097e75f9525a6,e171fcc1aad4b07d1d868716ff15e4aa4fd577879d69139eb2909f03a126e8eb,2,False,True
xes3g5m,f8bd4176b9a2fe84916308865759bfec1d72ccf041f0b0dd3de29eb36ddb1111,3a1823f81bd2c773435dd860a9c3da037f715ae2dc8913512a5fe8bfff005352,2,False,True
xes3g5m,f8c0faa2299ea78de4cc1b00b13583e2cfdbc2c34d7baae534928422c3a1573d,9f8f07d371a5293cbba9e2742816abd53ed7784001c6579d500742732f2895ac,2,False,True
xes3g5m,f8cc6bfdfc421de42b579ef867fae3e1a6b652ac8a54ec45f907a7a6070164e8,5ae95b9b5bf6c0c4ff65aa9512acf5c0cfda96bc743dbbac2ca15c2c3580084d,2,False,True
xes3g5m,f8cdb0220aaae233d0ad895bd4febee104459df611358812f9434cb0e108bcc4,31824b2c3735b852a09976a25374dee2bbf739fd90de89066ca2f8553cf5ee6a,2,False,True
xes3g5m,f8d71238305424a62a194dee486d3cfc8cd758b98622bae1c58f99189cb65415,ae2a5966ae75fd39888d4cdfb4ea4643f765fcf87f2b5d71818e59e6c6ba4238,2,False,True
xes3g5m,f8ec94313803f9e098f14561927444afa166b5186176341565f6063db772ab16,8a6d3c23e55623aab5c72eca0ed1f6c6e1165073b63b694ffcde1eb5da1f086d,2,False,True
xes3g5m,f8ed6344814c03c8cbd5b59551d0fc87bafea070b2d05c9864f443a527fb2172,c8feba3f666e1a26c3b25e24733ace11f07d7a62d137479c36d320de68580f91,2,False,True
xes3g5m,f8feb42901283b636c4a7f4d47fccf6d11e8679321b20d2922a118c5a3debd43,cf48ef82da4cae3af64243b1019feaf85e6c3294e05706994394870ca4b133cf,2,False,True
xes3g5m,f906ce613cce0d980c93c16facee1aa5d2180fcbeaf9a46d38c7c17601bab485,9e691359ef88594ae7a1b2e74014d765cd1e5eb64903449eb72aa280bc85d2a0,2,False,True
xes3g5m,f91c8fea6c0f54a6ad591664b24d47255a496c80478e5b6044c19db1e18d6aa2,98e159b1168821f4bb3fc507777ab52355f9475c542affe0406f91362ad9f17e,2,False,True
xes3g5m,f94ae7d09c48ad589e86ef95cf54f696dc4e8bbb98177263d14a8fe175017707,1f432a30a1ad958cffec96ffe28ca81891486e3e71a3e5a11366237133106e4b,2,False,True
xes3g5m,f96728b9c8a49361c38789e6cfa68a68ee050cde6804d86ae0fd4f0a4c9b9005,ba76604e318c5aacd1b0e729b306d200568d4d32254b91735850a065eadb51ad,2,False,True
xes3g5m,f96a7faa42a439bfc18faab0afc7ff6ffec8d01c08a4d37766d15305ba8fb024,b0907f541cb73204a1ca438a92c7aed524da054433b2dd2825bf2af40b2b2b5a,2,False,True
xes3g5m,f9ab36af99d4238521224c102d4b395faa54290d214b8ee5d2652de30125fde8,8fb42a5839c796b3bacd93d031236e99b977f0743e11e34404f8d502a6582b9d,2,False,True
xes3g5m,f9b3cb770bb84056670b816219e9c1cd0ba3b7fee9de808ecfc1a5f5de5d30e0,26e7627580bcff5baa7cf4b4828110a3343f27818a9cbb177ab9014d5a4c6d9f,2,False,True
xes3g5m,f9b64cdb25227e3b5d30e0307bd77eca2206b87230a40aaa4e92371652877ee5,d98a92e4a48609f442b66e2ef8f6e39724e576e37d99d7c932fec693ec529b2c,2,False,True
xes3g5m,f9ce8bbc7bfad0234fd6732b2429f1d898c8284a317d692c37bba74bca6e846c,b1f317cc7908646719fc24c377126e0bd813f0d0f6b0a24681e5be550bcebcc4,2,False,True
xes3g5m,f9d09b40494387c3668b13ff05ef4a053a3c0356502ccf40abe9e6785ec91f62,0b9afa9853d3ff33394d58bca67515f037b157439c0d3286a225136c6045ada9,2,False,True
xes3g5m,f9dd8c57ad22bc5b47042238344d593bf8fffbb307061487a96b40e2a2cef436,00e3b015bc10dbbcf01f14d65b1a151b68d7ecd5eba4e45cbdf84f2a23d37945,2,False,True
xes3g5m,fa0d7945d6f88022b1d4500d0c8e4041a4c74a4379c2337b82d2a974de675763,f5e0b8e64765d7e79b43bc8309a1c413a7636012c4c94cb13151ef520080119a,2,False,True
xes3g5m,fa1a2da7a5c9c65412a126a8b22aa23d72e5ba3e3044c0dc385f0ca800aca21f,9759ad61fdbd0e23edc6efd61890c8cdc2111316e65062c622453b2422e5c836,2,False,True
xes3g5m,fa215c87cb1e992ab85d79ca0cede37cdc1793483adfb443caec7dba434535d5,17c9da3f80d7b11d2fb2b7806a511421f30fe59a111ed0acfc9af892d7c28066,2,False,True
xes3g5m,fa2669d6289bc26668708c87142e754aa7bade9bd2916f8e7744a6315b779d11,fadbde6d4dfa94e23970cd7642a1acfe810cbbbe7a0ddf944c73498abc90f7fa,2,False,True
xes3g5m,fa2d12d115e27eb1bbd5e6bc507331dbf8bf7e230be5c50b8fee2925f9a981c2,d28eb773dfd41525e608cc51c06d246687c3251a68f2ee98b00645a6fc58a72f,2,False,True
xes3g5m,fa32a69fb92892dd955d01740c5853fae87d04f6e5a21ac049361db8aaadc6e3,60b955fc52fa281353e59670b1aaeabf79320d0edd927bf6695017990439820a,2,False,True
xes3g5m,fa51a6eee7197b1feb571500e4d9778930c047bd72741f766f8707c917d718f6,1d0fc9b544afd8d96d2360c0ed51cf00fcbc860609cf18af123919fb29725a62,2,False,True
xes3g5m,fa61d41c0e6e4e962d547a65d9ac2763fe05c5b9f47228953612a375288723d7,c2e119f6550e6251b67bd2b9728587d1202ab066b37e79b6d9ed677647ee088c,2,False,True
xes3g5m,fa7b39a0035e4b2158dc263f20e0dc164d2c4cbf88adba5e3e56542bac9dff99,3ed825a8b65e0369ee52539b619d351ba360649f09999217a9b82eebc77a781a,2,False,True
xes3g5m,fa7ba30ca6607e6f81621e74ebeb9e678b0a9ed2b1685ef75333c5a01041aee2,5194dad578b662f131f1c06a38cb6727b7eaa4622d4da688def6ac7a60db8bc7,2,False,True
xes3g5m,fa94ed3302fe06017a725242a3f35983d4a12de587f56e0d6ece39e138934cee,2cd8679ec34cf0c8edea8f48ed1b331178bea005acb4e76069aa75ed8977d95c,2,False,True
xes3g5m,faa06d93ff1d282fbe3ac9f08f4bf7a8e0b91b015128f34591bd3fe8ab5ec877,c01bd719705edcfe72ef20858f837aa884b656f818a1a42f788a82c6421f0e95,2,False,True
xes3g5m,fabd2f35b5581ea576f2be08cadde0c60319ffda478180cf94bea7cc26b6ec28,3293e0ac055f44a43f736ac02c0463892068c45bcd6faa4b64a5519382753aba,2,False,True
xes3g5m,fabedffec6ac083c6547091b29576c3ec15284344ed0e37191082b1219625fc5,4ce89acaf1a2561c2fcda14e270b6aa2fb70f95aa987339c24a63e131dc5b6fc,2,False,True
xes3g5m,fade1c02086e2f74bee16810a6593294d6f26b60e88844398bc4db2f71729842,e15829b35824d6c59aac282e1d80930b02ee327431539c345eda049eee91b55b,2,False,True
xes3g5m,fadf3cc73ea1e0635204c2549684f0d03ad356a40593b5c7fb3c0a65d4c95fa2,a2fa68c1d75413f05ff1f15fc67f8fe3c936cfb7415bbd846c4867a12852d86c,2,False,True
xes3g5m,fae240d482726a4279568c38d3617c25c51e749bd61b673a6291eebb55a2bb54,17aed7fcf50c88176e8cdcdddde3d7ca4de1edc049c770c1a108ae99988375e8,2,False,True
xes3g5m,fae42f49227ced27f273d01481473a5424c6d3535bc8864efe4b39ea7f83cd5b,be2911e27b61cd6c1ead80db473bfa844034dc805ce1207066e5d0841a1aa2d4,2,False,True
xes3g5m,fae73137caff0fa9401fb726ea12cdf8e10c3b7d227323f21dfa4c452b511e2f,2f982fb2ebb24f5ce726a9e86cae12cb18618ae97d2d830ec6a42ccf5a8d77cb,2,False,True
xes3g5m,fb1682b78ecf1531651c5acfbf7b253ffb508321f70181dd6f14a22e76bf853b,bea76d179967d7b69dd10319acff0823f9f99dd0cfeb246f9fc89ac20448b73f,2,False,True
xes3g5m,fb1fbd03c65332fdcf038838998464a7ddaa525dcecf064e3a18f74800396524,c75d4ed44541fc7389345b4634a2697947f46bcb86e28ca85f6d18d305dc4ba7,2,False,True
xes3g5m,fb20a98189cd4349d7de03a36721876ae83e6752853322c9ba6d6805129218a3,7679d5d19a7710631ac12d02fe579adce2d5b56a07cedcbd560ab25d27544bfd,2,False,True
xes3g5m,fb3a3099ea1d735dcac6327bd4f44233cb9d26ed6d480a5614909bed14246113,107c0d78853d0378e3b48d62e70f114262973331884f03d1bda98c14d5eb3ccf,2,False,True
xes3g5m,fb3ebbb6c8395c8cbdd0896e19e578a8ac36348b1264e00703494777811fc4e4,9e03ec00fc76205d789abea600a17a4885bb51a8aac0532993d10189168f29f0,2,False,True
xes3g5m,fb4aa69b5d2dcfb89cc9e6c39d58996089ca1049886ddeb2f129f56e2657966b,20c121b44b2f262ce7f3656f92c42345c0f8064e3bcf65fa3a4a9800b69f24cb,2,False,True
xes3g5m,fb5144e346cfb2cea2aa84ceb90cb1f6a5f220ee33cf9235d3f5a1832d0c085c,6cd5febb1d5dfcc5f1f033a7d475582d895367299fe637fbd8cbfaa65bf5a542,2,False,True
xes3g5m,fb5c09d5a69f70f9e2d44fcc236330e77e80974972847465fbafa0d140b625a1,4d3bd9145eb2086112c67b6fa2f85c1f14e328e17199cc933eab7dd25d296842,2,False,True
xes3g5m,fb85b4b4ccc61d3da6ab8f6240ac05f2ec795686ef36ab805df6550b1f5ae85a,c681691fc1c080adcc69323c8d751242376401f6323781614cd6e5672e32576c,2,False,True
xes3g5m,fb891d735547e5959ce5c1a163049816a2cde14c532bad4216c1d1c65c88b9b0,79352845c1e9482f360797538ad92f7046b1b74266151be9fe7cb488f9c23cfd,2,False,True
xes3g5m,fb899b5894d54c2c96d71ae9d154cd0e66490f2365a8723ea159af2e46d5d85a,719bc020be3d3ba76a0a6d179ef45976569052f63031ec9d6288de9b4829d7d8,2,False,True
xes3g5m,fb8b29490b75e7dfeb750f74ece5ada38090e83fa9b1c36702f2db6893220f02,d0643082c19b3ca7263e857932a2606f351ba42a7b9ad5a6a3acb230e6446235,2,False,True
xes3g5m,fbbacb18bcc52fe49b6f0833f56620dceef38c8ec31190f42167517b44b001b9,ebb564114e2f79743dfc0544446b7dc863f3a87f3f1ff487fb62b83f2470be9f,2,False,True
xes3g5m,fbc38727f46f123671c4a871318517e09340c62752616e3e705920e6e8231323,f9d02843884f74374027e28f07d6d5d4addd9327949867ad6c1cd393a307e3e7,2,False,True
xes3g5m,fbc7dd3a97525e28f953c159d87399e6952555b38ec87e3f0adfa34c5c299cb6,0f672893993afb8e6becd34451f29435024c506caf8b93d06086929332b63fd2,2,False,True
xes3g5m,fc042c9a430cc983d7eb206205bdbee17cac19bd8b5c1a998477f6e5a18a3336,f17be28e8d75a034c11916d6b89a5ff80e038351ae729108523b4469f3b5ec68,2,False,True
xes3g5m,fc0bebce1850ce72b589f1e8fab7468eda85fe2eb22c612c77a74ba975d04a38,6ac7113a503a33d51e8289fba514ea91f1084e52ab0f4ff4ed16497d0ab51189,2,False,True
xes3g5m,fc0da0223fe0dc9d6083997453456493e36fe783be18fe7e1b471b9bc19fd570,12cd8e867f73f6563275e44f53a2a89a3073cbea4381d80dfdeca48073a4ca57,2,False,True
xes3g5m,fc1158659a6f46ca445e1ec1a4dc900971fb83845003e76df6cf1b2ed550f18d,a733600315e9ace0f152014760b462cbc5df38953e40fda07c2d157b3ea30874,2,False,True
xes3g5m,fc123bc784a35cebddf06a87f0faafe6686aee60a93cec00cd705e1231408662,e8dcd0dac329688ae71c06b57526631042ab4fd6a16b5e5957a80e02f7f6d24a,2,False,True
xes3g5m,fc234d73615bbb2daa12b7e7252467ef10b2a88b40f36a6ff8a34ad35e0e53e5,fdcd42ded08e61213d5c213422bbebfa6262da2f77c8571ab61a19ff015fb17d,2,False,True
xes3g5m,fc3e67ddbcc1d886e6dbe293dee9cf22b46d874bfef0a7b6c66efda31c57597d,104b7f607c4e3f9a8c57fdb5639db8ac058f75c5b3ebaf10759514854f73326e,2,False,True
xes3g5m,fc442bc83746cde91a220e43e249040d4639458540db5909b86cfd88b5301b1a,bde1461b22decb63221caadbc6cb541b28a9f9e9397bbe946bf3ac8015cd5ba3,2,False,True
xes3g5m,fc46ee580d5bceac717c7579e2a91325b0112c8db9b3366653b259f78e4665d4,e77c8309ff3e85d7539edc150fd3a074b101f181b894c175fc9bdc1845dfca76,2,False,True
xes3g5m,fc58582b3b1d82a9f82f2eb2869addfaa4b105cbb6d1d6f0211e3b7473d3da88,5ae558b5007b78b227cc5c400080c30404644dccc3b4851df5425cc61dc1e72a,2,False,True
xes3g5m,fc592aefb33c6f4f99c95615e28bd0a2d9287dfebbe472ecfc2162b385ff24ce,d7979e0184a46d52bbc5bbfc0cfb5f9e9a83a8893fe257e77c3c372673fa2472,2,False,True
xes3g5m,fc5e268a73d77c7f158c3b0b857d8540b1f539d5efd1a962b32240841063c4e4,9dabb936797c9cfe707fac2622011718359058ac1d5acf78d1ffe9f35b47f17e,2,False,True
xes3g5m,fc6680197fcbc6fb1f7030896bb9e1f45519343b4f606fa0b125c4ca61a471f1,e6293da9c8f00b1877e2bb92e914f214735986515c6f7fcd4f536f9d6ccf88c7,2,False,True
xes3g5m,fc69ab62e518314601d792e5470f2643ea51b34a7b4790793a15a83f8f7c568a,b57651867993c41c235b4d9f940be82d93f0d88ab60ef1f3c8a48a20a842310f,2,False,True
xes3g5m,fc7cad061b2cb8438035800649cefbc3a30300360a118aab9dd7f5fd23c90e85,66fb11c5d63cef3f4a4a636275cf5d768f6757dd75fb22c3e2d7e9c0e7ee5655,2,False,True
xes3g5m,fc7fdf3e433d810bd8f1c3ce334039cb9f3e97498ad0cf29a6c5a4874a8621f2,b96029de86edfb1b0362419ef3a277efbc75a4b4927a47dfbef12be7ce9b1630,2,False,True
xes3g5m,fc844307dd51b8ce3c3d801c1a5f1d676585eacfb97cffce7b56ac42150048a0,3941831eb01ef2c7f6782e222db693490104bda2357c091197e53d87a65f12a3,2,False,True
xes3g5m,fc8e2057538ffdcc9bc5a20a986e4401e7a5d01fed9bc3a04ccb666c938fcde6,f9203ae3493127d05aa6e0c1d2eb6094fc09c390a0348c87b53691b958ce12d8,2,False,True
xes3g5m,fc97238f3893fe1ba5b4fb73175b17c0a6d6eeffcef49df4a2afb59f49513755,7dda5f7044d97fa3dc8a5728adba648a7b78e47747274619214b8f2ab020fed2,2,False,True
xes3g5m,fca0ae1c3abcbca5796680a0026805863f179d40b333793ca5732f9d4910a911,e3cfe1c8865f2955108439f824c1b26ff0c48548a83768f464247189ae4ca3df,2,False,True
xes3g5m,fca20b9abda7a73c4cb4de4165d9ed3fa165466b8fa27b0ea2e35ad58b61318b,18b4948b68726253725755f1381c4359cc5377e7a11a2d819e8b66cd1813440b,2,False,True
xes3g5m,fcadf2575940ab25182c127d2af8dbe06929f7b79b5d3dcb6ee4257dcea07b9f,e9ef60c6e46e2e76ea81cd212ccaec9b96e9d5188cc805955a42b3611780b0dd,2,False,True
xes3g5m,fcae699a41fd6c49512e914c98f2c303b82c73d6806fa5e2ff41d5fb57290cf6,f7dbb0653ab4612b774585b10df31b2f782b2853ed6964db65e8bd24f7382234,2,False,True
xes3g5m,fcb00bdabe093fb1a77b6b2d826fc48413df55a5d0eb182e1ab477d2379a9c4f,671b536a03de4ae45deb3d17210fa406cade06778ab56bf4938b2cfdadf72028,2,False,True
xes3g5m,fcc3ef1bb695f7aaf04d613f7c2e535293fe3be68a06d5a9bd29628426befcc0,c50f66fb8dc1daf90f04d864a79ec87414217f61ea6efdc569a8f5df8e0e5df9,2,False,True
xes3g5m,fcd8cea07c845f6e5f945bb0a63b8a90b8bb3a602544df6328ae982006b1818e,271ca65e2117421db42a1a1820d86c8efd0f95828d7feece5e72b04867e83b0a,2,False,True
xes3g5m,fcefc77663bef4172ec094e88b1b3902c865f73423a02a477385a9a356b0ff72,7c8275255c5c26861f7e921ffcb4e738a9342b99a715f60983f571dbb6c299d0,2,False,True
xes3g5m,fcf5702150e0fd65ae6394ddd3d09dc6921c322a9accd5ac38dba8be30fa8ae2,dffefd673c65762836dfe74bdb30a3f7332fa65f1393c6a6ffa96ea52ab9e545,2,False,True
xes3g5m,fd045b3b9ffbd0de2ed26ecb14680097edd7576c35075bcb5abb48df84114e7a,fed6209d88c05f662dd1aa5a9bf26518034ce207b9c642a1dc35a083d97ab358,2,False,True
xes3g5m,fd0946ef39a3c7c0845b08a219f906d2abc746c595e7c9f6457fabc6bad587f4,95c24a4aeb3bbfad9e0ba92fd0a159e4ff54d3680f0bab096ed1ca935f3f801e,2,False,True
xes3g5m,fd09d1e3b3326874b854a50bb699ee70083debfbbcec512f2e9827e9f4f1d4d8,eb645050bc90165bfbb47f213f90f7042a633da49b2c0ef915e7ae5e6ea8c6d0,2,False,True
xes3g5m,fd12e21b49f5450992ceaa55e478770b5bd59ddb8bf235042f223c31d95c88ad,f4af080b1e7bb6b782d54107bf45fa6790acf52610583629038149662089e921,2,False,True
xes3g5m,fd28bda338f8629431f64e97f4f7e9a2406699e35defbbf2e04f18318d04c4f6,41660aec6092d82dd6a29b33ab93c79e96932f4a93e0ded3a4ca0420409cdde4,2,False,True
xes3g5m,fd327110886620a1682edf7cd2752a65052e5bc9de13f05785961af2119eb211,9bac7d61d96883d122c7ff63383171679a585abb531da336373e2b2302f22ed6,2,False,True
xes3g5m,fd32a2f5f384b92412499977dd13c8b7f91eccd325239c09f04f15c91a4b463f,e0f91d14c9bb1887266e619f5b6e8170544240110cdfcb390c7bb54db8a3dba8,2,False,True
xes3g5m,fd35ba59de1aae139ab6d487350133a56c247e8b6510c2afd45c47580f52042c,3204c62bee3df411916981b8785e792fe3dde2dc8ccfd4d60a3517ddc554dcad,2,False,True
xes3g5m,fd577f76191ad8e78b6968a4e0ff7d694529766fcedffcc49e3e630c2d5a305a,8a9a57d7997c86e73f5b68ffabb4a0e74d9ce8c1f4730f937d19d9f95f6e9c46,2,False,True
xes3g5m,fd6d274c23ef192315e40a3030647630e4ab95a16ec9a7d89b552629e4ca828a,4fbcd5486e7d5d99430bea724036a5f3e3b373e7257c78a39c468f65cb9b4d40,2,False,True
xes3g5m,fd9753dd85e6f70fba8354a3e9ca4840cce908aa07d68f8987b5f8adeac76d3d,eb2dc594e582ae66ca3876a0d049839244b20076d8c7404d448011bf08414e84,2,False,True
xes3g5m,fd9b8b0a0ca083e49ff9a90208f6ef6824df0a31bd04bb50c4dd442d03f0f008,348aaf53faf9ca5d4a93596b3803cf7fb20874693dd5d70632dfdfa436b7d86c,2,False,True
xes3g5m,fda13feb34f759e6809630166f258e3e67457d40f77c6173e85b8c4d4453eada,d92379932695383ab400238b72ac9e4e2ce81a5b064b045871d90fc6463d302f,2,False,True
xes3g5m,fda63141286d01a84410de5e1caae69453550279e92b7490734be70e0f0cfb0a,683992d56ff071a9cd7296d37d4d70ad67c759e4e253b62490a2ce3c41d27aee,2,False,True
xes3g5m,fda6997bf8a1e7c527b4f4ebe525b683407c936dc220aea7eca2201a46875528,04e08379beb95589a0d072549f48b695106b9edbe4f3a7b3a8675c1733701ae9,2,False,True
xes3g5m,fdaa2563f0af7339aecf11ab0f27ecbac14377fdeaddbf25e03f9d7ee0dd19a7,a3529836c5e913cc72eda09c323a999bcecface654bc3771f0e899a2a059539f,2,False,True
xes3g5m,fdb8c643940b7bd1e06fe67a13ad55a690c684f15c5203ca6ee4fc24257ae31c,6933b1f829f7e498e727f1f56caa366cefff6173f41a69f7289006a0ec57f5c1,2,False,True
xes3g5m,fdb978f78e62f7bbf65765f9b5e53ea69362892e78a4cd66e0c589837685700f,7d954b36a72f0d5425462ffeafba079dd19f5e6409d34c2ea0e341905dc9f890,2,False,True
xes3g5m,fdbfab442fd58606b37204171a6c24f2ab0b5fad8946cb1030b6af6e8d8a777d,23f16caedef4509a2eae6a86d22af0d2687c4da6f941dbec80117cb2137fa6cd,2,False,True
xes3g5m,fdca3db33b0e0cf90330b92c38b2322ddee1985573fe6e99fedef2a889708c47,659f62f32dc6f494c5501c039601380e5107e5bab5ffd192380b4d2cf3881403,2,False,True
xes3g5m,fdd296b5115a71b2d37e3a36b7dee1714c807dbc7938caf85df7b227ee551799,21b91ca80ccf98fa68cc311b3c9662eeac80dcd5fcb35ca2ad93af6bfb664d06,2,False,True
xes3g5m,fdd9ccff229b2db00d9178c5adf58f4c83c418592d554a72a7522ea098b37e72,58a1264baf363985d48dac8fbdc4f108289ccd3d7125f925fc2f2458e018b338,2,False,True
xes3g5m,fdf0589e0e700230956fb2369d1d9cce65def871f155e41469706c2e4a198b56,48ea856b0084b146dfd8b60cad82ca9b948ffeeaf22872651db66cf475d03e30,2,False,True
xes3g5m,fdf87d58ad3f5237440e5a4a62787f7de432965302d4e0a0aa82ecbc6a1db072,c7cf4f81f2db70be6b779c2e1fe612e31af7b6aa5abe6ba9ed322d6205cdd451,2,False,True
xes3g5m,fdfdfdda044d81c58b0bead096e8f9cbb4651ae5f1f1189a1d0db75b0ded3aa7,98c1e7185318f4461614fd0a331749040158efd4414ddc3d2ca6b240dc1a5047,2,False,True
xes3g5m,fe0d76e34c8edfdd27db675ea847fc4169d7f2c275b49a6a5b1ad1d78d54c0ac,a0e2412847fbf87a40c6d39d7f597a255bb13b8b15bc013b0b5a39052b0f3cae,2,False,True
xes3g5m,fe136c79bb4d1f7442507158466a3b4534be8d1541bf373d672d9d60fec103bc,7dc3ab9bbe681d666ca3b065eaa7f7befb3b508ae0ffa8b64aaf8a3911b95bba,2,False,True
xes3g5m,fe263f74d50b4fe97202ef3d6d028c225e1aec8266359ab8c129c4284f7bab8e,3038c5acb7d7f059ee57da6175babefd5e32b870cb80eb49885244411a30a5c8,2,False,True
xes3g5m,fe2cd3778655d30974ad01a1318f4c8ee28f558bccb221daeea6fa29f1fb3f1e,c2c20878faae929d3a2eb9efdd3d7a348c3a35ecaff636cc3b7826ee5265b048,2,False,True
xes3g5m,fe34adf822869c5b8fd21e5ad54e653bd022e6cfa6a41ceedab41e507d7efdfb,ef699ad1a2d3f9400a458dcc7ed5f10b83242d6779670b630fe90b126491f107,2,False,True
xes3g5m,fe4f647a3c437efa75eaccd528d506f0c5ae62797c6b55fef053dcb8dd624562,d5ea5b2085e7ab9db5d8de86d001a88876626e27e1434e4b5b8373331074bb10,2,False,True
xes3g5m,fe50cc31c7260fbbe1d331768544e40c5825b443b99f61270a6cb56934371d68,12e112b79183e5eae6295e52e9baaf1b02c05f463797c6ff4b1c88006a8fcf5a,2,False,True
xes3g5m,fe62144971eb911566ab8fab4eb78d2e70e59489fee04bbbddb9dc1355333007,848355c26c2b74f0eb8f99846486a98bb737b3dd8e1639a545ffa665337dcb5d,2,False,True
xes3g5m,fe67768c7999040d6bda2988f94c1202270cf262aefd9fccca36d44af45b54bb,6377b7e317b85a502afbac7a3e585498a8579e710b4f71e953495a9973068cdb,2,False,True
xes3g5m,fe7a5b55df23c3e65a35dbf146a51a1013045f566191eff7693fda9ce13e4ad9,2c8812e7dfaa988c1e9b0f2cbe5e03771cbc0e6f0002e04504c1174d13139fa3,2,False,True
xes3g5m,fe7ce190e4210d1ed0b19a363a5a4139976f3a41976e7edcbdffdc7bbb06716e,91f0defdb2d2fabe44238f14915f35ee4d1a3162f0f04c02e04dac54d05951fc,2,False,True
xes3g5m,fe93662d1ec53b096b0f94cbb0aef67fd5dfa733db929332f57e76f4620e04c1,3d1c1a0e4d4daa23ddada16a3a48d419f8bfdeb3ac0e2a7d06c3518670d5b71f,2,False,True
xes3g5m,fe9f843dc1be7395724aa1874cb6bb1589cf493ab1e30b763332a5daea421424,079824a86b992d6d09bd5954532c82b3802c67b8f1cdc2786b347892750e8a11,2,False,True
xes3g5m,fe9ff357668effe47b660846a490a490282d80717b5be6f5288d786b02df8393,893b4f229358102cfcbd69fc9340361082941f40a480353ceded67103f0d16bc,2,False,True
xes3g5m,fea2c7b5541c67b4d5806083ee028c53d82bb3c92de8667c07e24b3afb906905,53748a3c9453f39b4f29a07eef17f957704a231f6284f763273e2b64d58df7c1,2,False,True
xes3g5m,fec4fa6592d996e55c72caa92f4389d7f168ffd9219658d9a31cf4ee16cfbebd,bfa2fb80c0312e1bbbbc779650b1d5ad7fdc78393decbcd589f0bf91ec0b4e84,2,False,True
xes3g5m,fed8bfe29217bcae5e33b5892dab135db9519189cd132768ec19f540f9166e57,efd9f46cd633a45c0576caa30dd06487d8af0304149ab3e06259928c955a0fe9,2,False,True
xes3g5m,fedc4359860ca876dda21766d03085656576be4144a6fc395310bf4a9a2d6db3,4e5c3f7cc04ec2679916e553ac9ca6378a01f5362e5f06d7ef1e96e4dc5386cc,2,False,True
xes3g5m,fee32afa43a9738ef0c7e3abbe6a703d12e2ebc8f1466cfc4c5309d43642f755,76c4af7c847567afa36d642af2023034a46e2d04a90c48b727a14d47207970e5,2,False,True
xes3g5m,fef16775465f39d5b778a5e4fa4dc4cd9904aa3c78d2aa013895b6cb53ce5c10,4a7c24df3c8709a6bca6cde76a33f77edd662efcfa996fbb8f65ce33cb517fcd,2,False,True
xes3g5m,ff0e2ed1091cca57ddde6dbdde38e4f4f9f9ce3b393ab79a545265eb1783d48d,89375559f83ab3ccfd25a30c8560f9636eec2b43d4b29fe8bbfa53e4594d1210,2,False,True
xes3g5m,ff23d0beaf72670d749e8234f2aa310dc7166ec8f73a3dbf0e678ec9c3755b67,a8df28efac28b14dcfb26269f0a25a9434a988416861b620348709cc0c31543d,2,False,True
xes3g5m,ff28a863f2f7704a1c8db5de4a3bd1475b48c859115c89a15edc864933d7b1a0,06b6abb9006f34324ff65b5b3fb8d5feaf427ed21884e27f33cd6050036d318b,2,False,True
xes3g5m,ff3185f88d9f03f096c092bded41af1519e34cdd7a75467798e573dcdb841a58,0cd1ed77bb2dcdcf502808c0029ce5c32849e9935909692eb410b78ad863d8b7,2,False,True
xes3g5m,ff3a223813124c8c85bf95598fe7b0c7d1e95a617d2a7df8f807c6767accae79,eef5ae1327e332265b587985f84dcf99eec159ef504704731432c4bb532742ea,2,False,True
xes3g5m,ff41caf63dee5615348ddc52d148403d3dccfea68bb36bca9a213cc96062808a,8d6adff127549db449aa2b860406870621612c283c8d8e66e009f7a4601a45c9,2,False,True
xes3g5m,ff43515032fda6ffd3895408edfbf4b68dbce68a929f0881476439bdabbf7b4c,2792bbd3d710fc4f10f0b4352749a39a1bb871f5ac2dd18887f77c22181c1d20,2,False,True
xes3g5m,ff44555f9440f8c453c0c498040cfc91cdbd2fdf578f13a873109c28a70890b2,41bb4b08063ea7d48a9322f8fda1827e04cfa202f0a468c2d1f64b6e0f5fbbd7,2,False,True
xes3g5m,ff5a4f072b20f6c4f1191bad7b3ac2be927088be83d64aaa08659e4a1eae7023,b0750fe81ee386c941a1babd774171a0ebc02ff1eb990c79c1b53e3899606282,2,False,True
xes3g5m,ff5d78ab8be9d62bb664a1d53ea91fa21ad42b58b848e336e50c88f3366cec9b,3ff1add539ea3cbba16d60b89050913d4b9519a8d992da6342e546fd627bad66,2,False,True
xes3g5m,ff62d67bf308e3be73510e18041b943a8310ef8b900b5a170083fcd1bf481239,9739a2ff3aff49cab64cb9887a715f87cbb7d5cf158f4c71ed66915e8eb6252b,2,False,True
xes3g5m,ff63e4dc734c2990f427fae3d5c61c060e2eff989bd089685d94208ae91c19f3,010fa32344a14dafdf64d28cc6b652745a99e974ba1dd78afe05a0fad92a1078,2,False,True
xes3g5m,ff68dfc5056049f88727e35b8d430f9ac62e5afa23f7c952fc4a88556c765532,13d1d7e10b80635b231e744d7d0da478d5ad5b4a2362e2a1f58aac371aa6cb23,2,False,True
xes3g5m,ff6c538b9864f8aceb5979bf0f96dbab9336f259877992f84599040db0374311,0815e8eb041adcc85bdf29906369454b11e7607ce0694271f55abba740c096ba,2,False,True
xes3g5m,ff6fec39800f1b2dff68897d26cbf09a9fc4143e63e2a122eec5fc354076eb6c,d9b237226ff98220dad36be1562afc5ae290b087f20db241844836ae7494c7b2,2,False,True
xes3g5m,ff8870e3b2137c65089e95ccd9683bf32cc4331387b2cd6bd93002b224deec5b,96ce8f46bf2861362a1daa4462a65b7fd8d1c12faf69e5c44fdec7261ea98dbf,2,False,True
xes3g5m,ffc5ef576d93ede3f386b185bf31317f0a1f3f309fef6c977b1afb33f5a07269,a3475cce132a4e2e1a51ab83e618526c38a574de90ac2bea4034af812964a5ea,2,False,True
xes3g5m,ffdd1a1b491ffe1b3869b486ab16656868a2b5345249d7e333c01208bf8b6105,edbf5b7772475792deef83e8d50b4e745fdcae7db6c116f86a4f4f8ab82107c8,2,False,True
xes3g5m,ffe4120cf5bc72f5b6522126d1103d9d4ec928010d6f824615bdcdee0d0608d3,c62ea60d1ff592caa13a682e7d81c0e8c9861bae6f471a24ecf1c19efd52e2a5,2,False,True
junyi,00a3ba4868fabe2ca7a29593f4cf8f9d775036f55c04998a7d2e21918ba4a92c,c75ab940dba6340be8cfb9b9c81bd90d5f94142703fac1064dd7c89da1c5c413,2,False,True
junyi,03a06d41a7284a464b5e79b6ff0282d477232781e14ec05a6719fcc4f910a096,66b1fbfd01840a4f382f3769c85e861c1664556cf88d17d397cc92365e993e21,2,False,True
junyi,06f17f176ef0e50fc9d2ea03e3f80cae555ec29c53c55507e4fd4009dd7675c4,ce65c33e10159c9f3a6a36ec8b5a4d4b8828eb075f22261a8b20c82d353c3dc2,2,False,True
junyi,087d41bb0d7a58b5287aea2ae316d528474630562661af648747b6c86b8bc7b5,27b639a45b1f2f7b4acdbaf8a21adae481a7aa0ec657c0ec6690874bfdbdb28d,2,False,True
junyi,09bd6a4fc716ec3b63ce404d910be3ea998e63df51617e22a9133c7c04a34218,073771eb6422993ae3468ec00a5081f29d0312b76a25591fca47fc32bc417b7c,2,False,True
junyi,0a2f7c5a1f3dffadbcc0c8ed16cbc20733cb06b4acd654a08f0d5c3017969f3a,e8e9b9c394c61031c1301af7e9c77cf71e7d4ad65951c6e5ccdb2c2cc35a92d2,2,False,True
junyi,0a621affba077407937e6caee9147520a85bce9335fd377394f77c86405feda5,d7b46e71bce5d6ad418b6d6e3286123efe473d9e89c295dd83921087409b1afb,2,False,True
junyi,0aee48fd756465aa484656f914234ad8978108e9c78eb7c9dcfe3e2dbebe6976,694e9c96903ce1370c6148755d5d043a4cd1af9d4e25df3a3e8ef761bbba82e5,2,False,True
junyi,0ce80c1cf772a17afac9ba7b4efdec783dc0e2ecdfc64c3bc826a754de441041,6478188de1b96e9fad789e86c1a6eddac6a5443fb20cf2a11207fc3b47c8f273,2,False,True
junyi,0de9bc1b7a16e88cc60a872e88eb32db01abee59cadecea8dbe51d5031af4c47,ca0bd287958f667eb127c4a810058cacd1b22005cd35c117a8705c18df574e15,2,False,True
junyi,0f9b94984fe2f7e0af11cc1e8e259a7c1b4e6fb4794f3dd3fe9d649dfc058481,3829c1293dbcaee5623bc13197dcd3f298708dc06260f5715e4f8ae988897bd4,2,False,True
junyi,104da53e40edf859096ed9d048e3fcf7b8555d2291a6273aefafd61d100fc04f,d6139de4b7fc7a46a8bea6a6caf5b695f5a1459aac2cc70d2a96cbd75a5c3ee2,2,False,True
junyi,11b46816a64ba2286053feeb8877ebfa26cd83770935a644d1fcd3beb8f26b95,392674f77e85329cbd11383bc8f2fe2a29d45d661b9014c9ce2d1068a3c5d31d,2,False,True
junyi,14ff21afed7574ef9e9da63d6a24881baeda571976d659fbaed37afc4895e118,4b598b76b01e209d6868236609a8a9224ccb6be8b7d50c010e0d7e5ddd72f48a,2,False,True
junyi,15223ddedf422f29b2795c3f1ba780402486d5f9f651f1176ef85c8938e4164a,635684073c70250a81c7e723a7330bed44e070ce0259d81867d9dd6e4418620a,2,False,True
junyi,154ea34deea2b01d85c00365aa75630dae0b02627968de3f34e15ac38e9b8cae,f09eaebabff2492eb60b7d07e21d23b7ff87463c9c2f9dea93e9aad647e09c44,2,False,True
junyi,15ab1b7afc54dfd86783f9e9e8b79e206b1738717a32fa1bd7f8c812ed71b179,f5aca54efb82cb6102ebc8c948d79a80d6f629813bff216b468d49bb93795a8d,2,False,True
junyi,16d3f99ccf777629d1833619a102219a6d3780e87a8be3942e1483dec7c30158,f216f4c3aae5479be5bce55daa4de1f464212936b255a7a087b72593002df3c7,2,False,True
junyi,16e2dbb66a57bd43e86a7087d4a7c56ed07e39fb5146b108f9e0e4e9e069b6c4,53e8288a08d42fede1125a7e5227eed3399f5e43e32d23172259a78a55e5cde3,2,False,True
junyi,1711cefe8939cfda170b6509a0e3accbcf57a32ad8888fa0a548efb7a158847d,ee9d7239a73abeb7530ba8bf3c1004b9168c96b52782ee7ddf7abf38075ff887,2,False,True
junyi,19640560f54a1889616ee5adaf14927fce08c4aa63a7fcecdc9d38a3a9dd1acd,da47e5fd20968d063633164f1a2f64fa8818c9b97ef27027a2b12331c256ca31,2,False,True
junyi,1a43b056ba59aedb9f2984ee2a1641edefeea785b205a514f1013096af852c6a,d7c6df00f37b6b3a4cc8fbf40b868ea091cbc6893cc6a1c3ae27e4f85685882e,2,False,True
junyi,1c742d6a0db2a66cc67af5ab30d3645a0b6edb83a84134948d658e20a838c572,f189c28128012b57fab9fa37b0416b7d376dc6e1c4014cfe79e1b42d75e29c89,2,False,True
junyi,1c879f48adac51dc0d348b9492deb31ea394d7e5f35e496557782467bd311e66,4fadbe67c9f8e474726adb30edcab897151477e591bfcfe34261b446cd916475,2,False,True
junyi,1d2985abefc355d09700fac964afc327d135609870173adf170ed448621897ea,1fedba6af63efb525d55c4815a75e39d4f593612f9073eb94c5eabfac26de79a,2,False,True
junyi,2074d0b82ebaff789cc90b17fd16659ee3c82b557dd5dd6a5e2a8ca92aee0b31,bdd4f289115c81550cad4d9d06c022c0a27dcd62d16e69936009957da86bed25,2,False,True
junyi,2141d27b62b43b9ea4273c8bd98cacc03ccbc1cd7d4aed12dc2aceacbed92db9,fa0005b6f64fd42910ec62899d4a2684fb9e35ba7996852183efd29f6dd00dc0,2,False,True
junyi,2521c0e27a5d2d0873a07f9556771f6c6941d804732b3d36776d27d1d46746a8,a8df708626c0a8183eef0fa94d3b057bd8c8080e950a47e1479f734c4c104c0b,2,False,True
junyi,270865d789eb32a138eb599d44fdce23ad35f4422b2a00eca0c23648bbe98295,d6144942b57e807e68e2d2cf9ac7a0f80db3e48ff2571e3ce467a7c8cb763e0c,2,False,True
junyi,2815b7f86053688a0ae599a5a4a4ea8d2afed7fb4c05680095b6c6c4915d5bbf,9443dd1a005ccd6f642bff71408fe4d920b02405b850ef76f4298bc6ed0de09c,2,False,True
junyi,28a5ccd23bb6c788e7651b004caf8f77abb2bef55fe26e391ac953b724a90455,03e9eb0bf7a3e616b4069bab864b82c8938f19fd4b18169f18315d8c582280e8,2,False,True
junyi,29c548f47d8463b804ec4a2b360230d3f5997158a6b018ba4cefb316359b6bab,2eee61c353750624395226add314fe97dc84c5b218c64f13db7153a26469e85a,2,False,True
junyi,3436523d4b7be8add35083ceecfb99bf08a3b5aa44649e55c4606cba11b40380,f68536fc2aa6a75ca0b969f9fcd1d7016c53852d4671de6ee53c203ed3c7df02,2,False,True
junyi,3458701779c911eff75ce3dfb1123b8f0b843acea30bf875d7d5ac460e58ef2e,28358dee22ca903152055f7dc135fd871dc73ab7b4cdfb18bcf671689a817322,2,False,True
junyi,361968b6c9d01eec25ddf0df65ca3964579045525fd749766299ce41e121ed48,484aa12a4f830769b22ef925ee436282238cc05599afeb6c834513db529df775,2,False,True
junyi,37c3e6e6daf6acae564d82232e549f23d82855cb4518e44b6fcef22ac417207d,9fb708ba5750d595cc1c208e744129d27d72015962fc72e56b244ba27433d62b,2,False,True
junyi,39d390b5f13416b0a0ccf4a088c79291ba188b48280b58db2a9adcd105c60b50,78f3f23bdcfcd554fff585334b0a761f7d940fc6e964fe3a82dc4a78fc92b4f9,2,False,True
junyi,3b803bcb23c922523198e8874c96fda3000bd50d08b2a23c547559b5b3ded67b,cefde10389254dda5cc52c9c6e3611883f751c212085bccc89d55243d36aac4c,2,False,True
junyi,3bb28aeb876114349b4f1863ec51009c4c1cff7f7adb83b1f3a20dfe117f1383,f2e3a6b3477dac7c40f2a34132bcf31dacb07450c6fe872e7cd36cad0fef417f,2,False,True
junyi,3bce78b2c14cfd024d552d89d7eda2c7425821c9f8e4e8a461ca8480a15893f6,04170f596fe177452308980da77d162847dd9b1daf9373f55e216d3773a4c279,2,False,True
junyi,3ce65f94812dddcb39ccd4c324721ea57c32cfa7596f4b409d96baa38e6bacd8,989795f1abc2a7f23e60bcdb205a230f2ae4d383f2dc17d179ec01bc77258639,2,False,True
junyi,3d8dd14d08eaf64b0bf18474ef43ee8a4eb23fd0b2137e79b426a0387450dcc3,32355109ceda2f4a2a9f5428e1f48079732f16caab0bca9f40987e50c332cced,2,False,True
junyi,3e4d3d45e6c881107d29a1d80ca59bfae3bcaf6643010e2dc20dc66b25f003ff,9bfe7bb7d42e7e63d78614fc5051ad50ac65ef1795470a27652ffc27b43ce918,2,False,True
junyi,4162b792655bac426942790d2ce4c47e731581e4d209e0b9a47c0f621b1cf3c6,7fc3825174e0d3a4391330772804613c3cb5ca42e308f7a01369193f11aa88a6,2,False,True
junyi,41cbdb8d5e3ed208da69fcb3e343bad00420eb18e8db42723c7478ee73ff7027,491b9fbd87ed25ecd99c30f0500a5580f914984558da3aea8620d4f4059cdf88,2,False,True
junyi,4381708e9f9ebf0a1c3a9ac83100321b027a2cbb2a165968029db003eb594ed4,ae2c2c250ef0b6a2d5a275fead8f34cd0f2bb8be55ff09b1f19c1484d6727a75,2,False,True
junyi,439ab853f33c3cb7cd99601c154a447b561f3bbd303576d2f5cdb3400ad70672,99d29b30d59fb9b948326e5351c30010201f263193e78e9d8cf2f653161c2613,2,False,True
junyi,4532be02bd595ea1985ef1bb3a747181002d6124afeebdfb4e3dc91522681c56,e9f8458c6413fee4089116975d5f35192e779c41ec3f6fe88c6409ca2f776776,2,False,True
junyi,46cdc788454df99009a207f848aa415361cb65bcba61d5de613f0f711748c28f,9eaa085e36663f5895314180dee07ee8add5cc760674b0d72d5190c607e09aba,2,False,True
junyi,46f15d1c97d21db15be0106ba9e2dec67a990dfd3eab71838b3e43ceed3f1b8f,edaaf33d7b39e1e1a55b32bba4a878c3d7c57d4e1f8e3ee721050555c5bd9801,2,False,True
junyi,4799ca41cf6ce3566c0ab4c3920b1de73c58ca79f2f620165eef4259967c22fe,87792f415574ce15468375508b5789f3ea15449ec2eca0fe3a0c44424b250809,2,False,True
junyi,480d4cd05f0d247eccead842e56126ee8e396743ee6869d772bf374505c340a9,033ccfb7eebb6735920f0e444194b559ee8b777246017a52e3e94af393083b7e,2,False,True
junyi,49e0b89e637279e50a227e33abd96365b5cbdc4464fc75dc6219ad7dd0c259f8,583e02056e87ac13dc555145fcde28f379e155ffa52335755947f6ed0a36978c,2,False,True
junyi,4a077dd91a42439433dbf0916f92273f35e67cdef0bd8a1ee0e9e86f54b5aa63,1ec6cbfe39d95055e6ddca07c594d5d667536c2f3826636ca5c5e327a9366594,2,False,True
junyi,4a10d6194fefb7f13ba5fe01838f0339a73eec2d09180dfec18029ce15ec2afa,7eefdd9af5b87ba9bd04331139194b61ebb17d123c31ba66553fc5a522199ce1,2,False,True
junyi,4a131d03d3ada51db42a7bc183c481583c69e52fb9a35d10b11759e4a6823a9b,e447808bd95f66aae5680dcb827895b00919fd65d4e1690bf014224f987919c2,2,False,True
junyi,4a9861047c558c302216582795777f9550db3858483ef4c8959a2b9caf6c380c,c4cd4ee2d8f7c8a8b164c823664bdd4a98fa69ad50d09dc450660b85c9b53f7b,2,False,True
junyi,4c02f01b9c7c74059f32ea84fed6fce0907cd670f29feb20791ef7b5c1dc1be4,a5a6e4f85ca7141756b87ad842216fa17159499fd9840dbdafa696533d034a47,2,False,True
junyi,4c5e68b149a76708b3cb4124794f644303352160b3821a116e43f8089c053a21,e7d3c2f550c32b6708c897e2b1886cbaa2e08e9a08d2913316f4d9969855d0c2,2,False,True
junyi,4d18f50ff23fd36063039f22c197bece315e5f6352dc5c957ad50fc1ba63abb0,b8ac7b19c7d62df5dba6663ef4b076937e242d28df2f3a282863896436fb699d,2,False,True
junyi,4e832a733401b3015fb634ddcf11e893046fc9b98b272380c32d6eccde6891ec,a71b8df05cdd3bfb7830d99adf69ee01c06b641326df350ab1e142296b027e1b,2,False,True
junyi,4f8aea61a5324dac74e6cf0e9ffd48d9c1a6804643e6fb6cd3981d4d67af3d6e,4b39bb069b456438eb3061282d3ebf56a17a97a92b566257f17e6be0f4e1a118,2,False,True
junyi,4f9efe2fa5203551dd28dc02caf42ccc7fab7f5487b5f1a22de94a34ba0e26fc,8d4aec6a8df7b5139e836c71de625cc39fc458f3f4e758e87f6e5b24b40d030d,2,False,True
junyi,4fbaf3f0b983a4b2091959c83087c06c009f53f7b23d80afe818953ae54dea5f,bddd7e82f44d35ea35706c701aea6f351efafd8c13736283748f01b8a3d2ed73,2,False,True
junyi,529738a41761e5bcc813dc5ff8001c50e7fa4473f3b28409592afc55a4c3400c,c8884cf481bb9fa6f15c4ee45d692ab1894d91b63cae94553d210e0845e430a8,2,False,True
junyi,551e1497d64ac4df5309cd8e62773f9dc055ef72665d6c3679d18de7cd400942,71e5eac36dfd2c4dd3eb592e9ed4844ce85c5105f861cba17cd6dd01c7688e76,2,False,True
junyi,556c67ae913e7637099d15a0c3b381b0bc824587dcdc746c989d205260b6c2e1,c9136fde5db55d7d398088c98ecfd7b66a7794f03c77e12460e45789937fe5a0,2,False,True
junyi,55e0b39b3d914e187e8d678e908d7238217e256bb798ae80a4fc19cc05c3fa86,fa7c983651d22318bbeb9c5ec7fd2b61b8d515adaa74ffc5e77152cda7cb239e,2,False,True
junyi,5815c8db947d64ab8b33cadee526823af5074d08b41cda284df53cd6cb31ca03,d734353b5870fb121572f4f5493a7eac20759c82f895061cd84f3ca8a4b759a4,2,False,True
junyi,5b3dde2048bfbfc7bd03bfd850641defed2ed8f07eeacb976dd0ab0b5ffce1c6,961632908a10edbadaec9945327e6c31c24989110fbb13c693be17b905952e2b,2,False,True
junyi,5b74a87606203e9814450bfc8a0ff242541f9ab32443ce1b2c24f6b61e49f066,7fb230ed3f4b1c041c831c6cfd28a4a462999c6c8ea1944114fc18569f39c2c7,2,False,True
junyi,5b892d31b85843cf295c876ef848b9e0e04d0ad3b58ef9a4601e5849f9a0f5e9,e51b0f289634bdee6ed173ffa4376dde248a35c6d68fbdd8657789df7b9ede96,2,False,True
junyi,5c09d7aba77955b6c038620af9b98634c58a7cac6dd0e691e31afa9c66dd6dc2,169755e623813efc377aac927d3e02af4b2e91b2bcea00c0438df316b6f83b39,2,False,True
junyi,5c3965451e3da516b54d99937d0c5a45c3696bdc6fbaf335b74fcda045fabadd,7d1a6c762b1cfa1d815ca1546d1fb5130e2a1e723671d9a152addc3edf0df4aa,2,False,True
junyi,5e203a81f924a5dbe6557a6d56f5cdd3eb2af7f0b067c685db8c9b4811687209,880b3bb98c8148cf7b728ff850ce0a3f8fa2d7f1cefc7357264a875d04238ce1,2,False,True
junyi,5e93bb4d38351866f07c7861232996b34aba012bcbe19304106d4bba2b49228c,41460fb33fd9e667ba1aa7427faf7d9c04692ba251242e1128935cbbea869a07,2,False,True
junyi,5f62b2f8263e188e838a82b51baae78d0679b6e99a9bbdcc2eca2929e17af2f7,0e31ef76d681a691d8ce16f02d902de0e08bcd27e64f4ab5c2865390bad06c47,2,False,True
junyi,5f6fed8d7ac3e12253cb66a66c10b0f1a44d3cba57fbafcb4f73474dde788016,4c91af6e7bd76d65281317fba07069a6bbb1285b13f832b992fd7a5f760605e5,2,False,True
junyi,61ad0429e16ea98615b5c806593ebb6ab7ec3596b801380d58950467988e5ff6,8a344a65779405bb526308f54e1aec73cecedb8a171a8f0078f84188bd281762,2,False,True
junyi,660d1b2797e437b6e6144e6ccd68aa768138d0a4caf1b9c92e51b387e25320de,c98e3dc32f7c344bb30fe8a3d20428964f810a474e3c0d37f5cc61cec6c83353,2,False,True
junyi,6a45d815d8a86d00d2f2861fc0656fd7b7bcc757a605885f19a700e4e87781b1,551ec2a821fd1a9e0848b66435e0ffa7c42353be67bfba2fd116b23d94ff9a8f,2,False,True
junyi,6b97c0122a36d50eacf40fdef6b894fbebdba1233c51b478ead243879a9521a3,feec5bcba157fffc0d0703e6365d586e41cf2d2b7d18f25e76be7e11dbd28890,2,False,True
junyi,6fdee5af461e6d13eef59d7f838af4d366d0711e7460fb720bc3d321f509c422,f9c1a7cd32004cc7a8bc0ed85a6fde36a92db0176f6b21aed418e032b316ca60,2,False,True
junyi,749af270c3ef0e2d086dff3ba10808add23834436dab1c23665e841ed55e7533,0be7f04ecb477b01cb75e6f5392a78ef9e464559eb351deb9f50023480a4cf3f,2,False,True
junyi,74dc5ce94f90953c7db1218e391d06116c7ea36cfaec4dfe410e4ee28bbb768a,4c91af6e7bd76d65281317fba07069a6bbb1285b13f832b992fd7a5f760605e5,2,False,True
junyi,767af045b817adf5c85bc8bbc9ddc09c26ca8a8315923c045f3daf78d0b58a33,2a692f0a0cf471d92f35dbac397159d12e9c0dfce38c889d45ea6bcb19fa3f62,2,False,True
junyi,7d5fcaab9612bc48cdb752fadec518c3646bc6be24b5f3bc1166d5c9aa96c384,8e9f6cff8e52d6f3f7660a69058140c4f0ffed20dd2e1068f222d23d86758903,2,False,True
junyi,7e9be7821f8af5b19169219f8d7a9a740b84cd6a4fbd7cf4b98a6562236e1451,d2aca8fc44a866bb980032fe41adfcb198b5c1ca3296af00ff412cae0d6c78a9,2,False,True
junyi,7fe8e084c57ef6fe4260f6a32bb7d2ecd39e4db644ab87a156f265f81ff2cb44,8bef28df1ab034d21b6cec2269e71143b40d94008a4f469c75ded144e263ff4e,2,False,True
junyi,8017f2f9654c70f22c26c4f765ab3e92845dcfc31d0aecade7e5d4e7c39b740a,b530221e6120913e0fbbc98e394e0bb8fb403efcfc518287d04d899e4d79467f,2,False,True
junyi,80830ab982dffbb19820f8281a07fa288bdf8cba29fe48d2a567101af566f360,9679d3ad0319544662c951b1fd556804d6213c8b6b3a19fa1d0201f5927fe39d,2,False,True
junyi,828e6533041696caf0c41184e7d97058197595d5ef0074d8db64a24df8a088e9,f589b938e1df23c2910802c90898448fd59a4c9f9a80bf341be58d018523d85e,2,False,True
junyi,83cf308a425061f28d93c2f0543b971ac89bf227412439a54d46506f9c876e96,4381488d64e03c6b212caa6f218a7379d6c79d053ce667e724a896a8b682a845,2,False,True
junyi,83eeedeaa1b37e0f4f6a575cc6ad2556f3898e61a19e25423188bc7e7880e963,f519e4908b048079de9c3ab10ae6ad3c2e05e3420ab47aabaa4c75a148d587a9,2,False,True
junyi,85f78661947d144e0ff9b665f9d2ab75f7c688121495b4ba5622138a2b70bf12,4e788a37a3dd8db357c3685f22d113c853b591756fc7bb73eac1bba02377a9c8,2,False,True
junyi,861af58b43dbf98786ac840f4d974a2417a134e9453669fe4c7d7fccd4a7eb67,cf022e444ebcab5f8dae215bd60dc1ae6a1166012162dc28eb494cdebbafd2ae,2,False,True
junyi,872f7d9e4372a002eb78129db97e9012a96f7772abb6e5ad6ada9d318b697535,ce363b69ca13d427d0d4b589a7580ed70c066e5bc1f5d39609346bd1e9ac5f2a,2,False,True
junyi,877d7039ccbe85aa00ed63af2ae9035db64a5ee132ce7a0d1f0a6e132f0b369c,fbfe7a03ebbb9f7248b86c5ecc1ded691d30a25d4037738afeb61131f9bd7a16,2,False,True
junyi,87eb60dc895fa389c7a7f172b9c6445ba00751fafbf10f193b0f2db0cd2d308c,212301ccb74287b4c4569087a011e20e07927373a6d515231f63f99a16573131,2,False,True
junyi,8814286a16c879ccab38630c5448d6e6b109f368db170e39884d40729be282ce,12b122d561d033f5aa47f2af88a3bb22d4b69a5ad199e221d46471c5ec78dd86,2,False,True
junyi,884e3c00d2e0675262bb196df4e740bc45e347808409905a29bf739d08d666d8,a13b0cda5996e1ba0800b0dbafbf822db6996d59479492f07221138788d3f2f0,2,False,True
junyi,8ab6093f5925f97aa78401c1c8c524220a28056cf84e077e36cb29142e37b9f7,272ec4f8fcf10b2137f65b2514e791c70dbcdc9ef66b8d586065060387e4c910,2,False,True
junyi,8b5c29bcf0e022df7c964dc5f0ed2d1d1befaac70808ce13758af7ceb2c70b39,7084ccd9d6ed8b39566977c500085eb42a14c9206c8dd3e136872c7f48da9d36,2,False,True
junyi,8f6ee061b9daf626cdd5e6cf462c1f38b34f085feca30fa900f2d0c8a8f9a733,42fa95f14005793059959f7d45d0d4833cd3d586e5f8e335ae4960fb38ff9a8d,2,False,True
junyi,9392d64eff6dab34a7487a7c9614de12ff3af40894477896fcd297f016f15f26,2741d54774ed4100696738a8b49cf6a72e97931f462e758a11b2bdc6e9a46c0d,2,False,True
junyi,944674facc17e57e292925ae41d28cefdeeaff3ba2a3262fd61c21b9a0de805c,a232d20f33ed1959641c7542dba691bd2048b3a58fb3829b0a71ddbf5bbe1aee,2,False,True
junyi,94d84615222076dd5b77113e8147405fff01a67cc36706432c6c6de7245a815b,25ae6df60bea7e37d096a5da78082ea58afc1e90bcd6c871522749f3ae8565f2,2,False,True
junyi,95aede2582f65341dfc066958184820756be9a84de6e474e8d21c01ca82155c3,ba733059aa10fee03161c62a8f6d2d58da4536014c6148cb54d0452bdd7eff30,2,False,True
junyi,96234bef0abbe330f84dccd2e25437c19ff220bd7cb5aa837cf0c6b5ce5f5a79,685db5157a25e485727715c5ec284ec18ae05eaf603e185c49512de214976625,2,False,True
junyi,99e723e9202870fd13caff21043b8fd846d7827044f23105829c8d89af77b4a7,fc202b30ffc01d81018bdd164f2a5ba1041b39ab5fc927c1651eb2a09398ff31,2,False,True
junyi,9a3c91d4c91cb6313a25d2ddfd65ad57fdd7e583ef0dd8c42d26919337de0a72,5381fa79cd4d17de909866011f244ee60bd8a6d3df361c21d5742c1dcdc37327,2,False,True
junyi,9a50fd4eec1453d8c5d3a494923004738dc6d22badfa9e33ee4d4c70bc9a6f09,444c16d636e63d3cad618d5d5ccd1f0cc7bbd1446ae0553b7d3192962f5a01b4,2,False,True
junyi,9a6e660fb7879886571e33c6acce80ca8a46d68e874618282e9ad5d8e65f4720,8c4030fd5e326d54494764580ca0a638c4d8d5756dfcb6f5619bc5136e763f1c,2,False,True
junyi,a00d26a0bf3f9d5dec8e5c5535c972795c22d16a01f9b2d5938c1be846baaa17,7ddba8ae129da4d605da9bfbb1307aba3bb68c1c0a5f29b387a62c7c15ea03df,2,False,True
junyi,a0ba038f443d5242b3a75cd6ae242b328c3212442ef3b23364d235de75625ed1,3d1c876591fcd754823b1497d0585e61bef812c4dc662856e96e9b2973d9330a,2,False,True
junyi,a12559f4cdd9e0571e2ce6e2cb2bdb48f71105dd2fd63934e12e1e84a78beaff,b2997ac7ffd469d31ee74907cdd183ab5e26de99c21735eed107d22cf1d5afb5,2,False,True
junyi,a3e260530dc3e4ca1e5d1e36e916fee2bf7e0e2b5fdebd6b7fede00011e7ff10,e171f30d313b87c4d37c30c8de032a30bd5b6ac7c6b53d845f6b728a3cd52c83,2,False,True
junyi,a5baa2ff9c6d03f955a4981275e44cc67e034c8b9738de92c3bc681cffba7df5,a7470a56ea3ad40e54cef438081f0655dfc8217bf088899ab4475a42cc534658,2,False,True
junyi,a6a599d09989d328f19f839ec406e3489860828c3751a92e52411466307629c1,b479cc51a5010dcfa82d01286fd8b5fd49686a2cfa00927c0423d43dd92f52f0,2,False,True
junyi,a7c5b3454602e2a300f179e9ace03dae94c6e61f9d9aa30855b83db47dbe7a68,f63fa1836dff9ad02bea3f82baffda028179b79d5cb04c286318216ad1ed5c76,2,False,True
junyi,ab24833bed18379bd6dbc5d94cf2b605e34cdaa18151bcd15a419e78a3f05a85,5bf4ad26c64262f76ee8d84f91f97c5114b1553694dd31313d4ef879f67579f3,2,False,True
junyi,ac6a0059adbf5ab1ea67385401b589a94bbf3b4e8a4a78f9bbc71635a4149830,13b1f324707036e59bd5f2187f21a14140907be7f27012288ccb08df3cc3e4c8,2,False,True
junyi,ac8cca772f1e4f91fc08eba39e5ed49139673367b5e9e8fdeacf2622d94c8ae0,cbe318938500d177575791d126cf0cb8fc72cc419855ebd0e79740a9fcfac3ab,2,False,True
junyi,acadd44c29f4b40ccef4555c7791926c46781ab0b0e21444a437bcbe641854ac,cd3cdcc85aa68f2a9e7a7dc88ef9d0795a0a7467fdbe78e1d85d9ef78d468924,2,False,True
junyi,addcd84bc0ca14462763f144128f27e8fd575faa334e58dee9db633353188b9a,9dd28bf864d788c20c9d3cbdd756df6d0277ed5fd06bb0071eacb68fd91dda72,2,False,True
junyi,ae29d2f0d44b4409cd9ddbc43eb5e4ab459a5a97660e0bce6dd8f700e6f04733,ebfbdc2c2b0a0dabddec8bd2b462308087641a149868907126fd2401dcf74ec0,2,False,True
junyi,afaaa567616bfe97227a9985be3d941a4a07df097999be71c10fb4d48bc54aee,f5d9314a4c390faabcd87d4906974b6b82afbf28e86d406ed2837d369c642708,2,False,True
junyi,affd3a12877c6ac4b0d8ac97b80d12f7d480443b365487b7cf6d794be54f8b4c,feee430ef74a226e854254507418f1458c592d76c637f1ac70fc7cabb66fdf57,2,False,True
junyi,b0084f93248a24238e5026e29b02208c065b5a132a67663de7ff2790877e09f7,a3250396d13dd65a9e80b35415339c4cc5a7035b752249fff19c49b653a15e95,2,False,True
junyi,b39a82acd5296294e65c7373cc0024c6a191975282596137162a520cfe0331ff,861964d4eb7decc63ee288dcf2c15d6512e327b0fd30f596a7d875ce89887d90,2,False,True
junyi,b3fafb816b75e5144f221110c658776ed1dc78c292c12b2288ea7dd2d057fc8e,126289feeeacfcb42c376d16f79fcac6f58dad7e687b350aebca6fe22eb58ab2,2,False,True
junyi,b569d2cc4186b647e47316e5f77a51b60dff8b5dbbf56797fad5f14c475637cf,ce0cab306abacae7b1aab303843aa2786debde6a9b586b2d3dfe8ab71769433f,2,False,True
junyi,b65fcdf390bbcaa3632e5d6ab82ce6dadd87f479e93f664bb98f8937d5ef016a,c236bf90c490462206b2a02b4d9a338801f54c4592dbc384a53a305c7bd483cb,2,False,True
junyi,b6c09853f66f8d0719dc390dff4e17508963ee2edf50465ca202519a805f080f,922afd7376be220835a7757c14fe7d005306fc57f1e6a8886ed4cbd14c253f9d,2,False,True
junyi,b922674971041d570e2534aec29d3aebddd5235bbd5c5806e05debd40157cbfd,dfd879ab04c3073fcbce1f1b51ec8358cfd714e70f5d09803e0b9340e46b591a,2,False,True
junyi,bc6411daa543f28a1887ce921d69527c0d5c0064f326ff1f58c78c33ad0a3257,29d701c17a05f6e5e58152d12be9d03fbcd8a8c8d6a5f05aa1526d7414434316,2,False,True
junyi,beeccf99fbc1339d62e75dc95f14da2bddd1ed373476562e61fcd5f9b2235e6c,a877d5d464973eb9dc45139e3b00f759dbf6b6b29a2310314fad148d9a2ab303,2,False,True
junyi,c006cdd17fe7419e4c1f5d26dddfd3b4e6c3ae61ab51768bd75d88326e5bb9ae,4aee5b8fd6ab131bcb8f1ce6e8e8e75becdb6287299384a1fa362a953cdbc922,2,False,True
junyi,c07ef48858bd20f042a062bf9674f0136bd4f9244309f762977ec3770e3d92b1,c0a003f231fb1efe8d4ad04e5c0a9a54a58b151a7bc9576c11b89c1b44ab4bf8,2,False,True
junyi,c0cd0edb9fd92ef9390c6f0626034707751cb827bf4ef3ce302133b4cc97d2ac,d72cdcf32fa8bad075a045432cd5df4ae4d08b3fee3b98e40d87303612355bcc,2,False,True
junyi,c10f91bbd109d3cd9b3a3dc1c759a3a9b88a23603d456f2c0bd29fe66f35c6ba,a2645c9135fc576bf4a0fa8269ba9cdc69276e3c9a76c5c6f26fadca5227d080,2,False,True
junyi,c15e95bb3a73b85ac86f7e67c9fcf8d7a26810dfff376d35690b23ff2064ceee,93fdd93b5e30dc42a39c5da10fcc9c9e5f7346a7677914bd9732d8cef00eefb6,2,False,True
junyi,c28c151dc6f2adbe12965875eca58438b6e07aee3931703d2eb86a28287df777,97d64eb8e41d3a07fceeb82884cfe911fa471537194140f2e54bbc91c81277a1,2,False,True
junyi,c40ad73accbafd40533bbe97f8e6aa169b53cb40c7976b2eb391de7aafd385b9,6d603c14a88381d98e0e83689bee75374f9e4de4b2c95e68440677bcbd5d5355,2,False,True
junyi,c95589b0c580431acc58536b7ddb74d9775c190bb4f83ecd5006cb543b099d45,b19ef2716b4fc160e8bd966baa16fda26ae01e02b738cf7e35e99224a1599447,2,False,True
junyi,cb07aae1bb1198e858e37d1c5853ea587d98e61dc5f7bce37fd27b72d6c1ef57,45918be1f6a7487877abd316d265aec17dc041fa054d4c49f43503b745232aee,2,False,True
junyi,cb3a029a4b44fb4f2d7878b19f7aa95e2e079bf2069576e538527df3b5c3647f,1ea16b1662e58f6dcac52b4cfc8eeda0111539cdceb85c0b31bff2ca2830db37,2,False,True
junyi,cd756465aa8b7cbebb503fa194336c6dee582fb013d08dfd67293a8ca5d75cfa,fdf27344348802e3c6d99f611758874327cca33f9e88f7a1a9eaed16706a8571,2,False,True
junyi,cdd14264550f15d5a8bfbcea3835c762e94b3465e74f5f6d23a02b0e1f9a546d,2cff5df926405622201067ad44493dca44d339af40644107cafe5e25f25826d3,2,False,True
junyi,d0711feeb8b6053913deaeb1fb7057d17613abc4e88d121be00d27a03e4bd32c,c1b01fa1afbdccfb914578d179923d25ed137375ae723130569c12e00aee7dab,2,False,True
junyi,d0965902005ed9f91b6709a6160b843f1f02d1755f77583d5466a58c3911d1e3,8688c3fd5117feea8f31f50a5ab05d93b860b750c41af8d01bdf9c6b4edfd71f,2,False,True
junyi,d098e1f52b408e662e2551cc835e05cabaf35f5de01406b17492a3b54e954bfc,0a196ff0b92cfea8df613770d600d7d2edf3280e698fdfb75892fbde775fcbcb,2,False,True
junyi,d10d6f678bdbcc5cac8767ecaf3b23efc6c5c957b324c63101536571fd7df649,0cfa3a00f7f14f5bd80a166bc87f41ca5fa0c7c5efe457bc23e3b148caba0b6c,2,False,True
junyi,d11c2504fe48ad0e211bcbeb909aa4d9b049eb9629ba33b6bdd935dab6eb38c9,aaaeecbb6e479a0ffd625de630a26adba52c3da432c5acafa6ab7b7415f8802b,2,False,True
junyi,d224d9549aa768d17d94e7a3fa570994630dd5f41eb128b446809a23d445a547,8688c3fd5117feea8f31f50a5ab05d93b860b750c41af8d01bdf9c6b4edfd71f,2,False,True
junyi,d278096fd3f051e8c1cc959fe2442c6ceb629bc767101f6304d6f8000a34b314,e301ac5fa514bb049b56f26bd5bba404f24cecd6e2db997cb0cf1a779836ea02,2,False,True
junyi,d2cd919f469b2125ee08002ea0ce368786a3d1070f762b1a9f775bd071cbfffe,50e8ef01f8d8f77d183420d479740aa1717f84cf15ef7bd8323082ceeb90c9cf,2,False,True
junyi,d2d9e474cd2ec738fa53bf639158834ef0229cffae5df1ae57431d72bf1f503e,18123f67a51aada6537493ac645ae31e4edcaf9b5f9fbea6d817b9ed3a181639,2,False,True
junyi,d625ca313ce929b78daf6c9e383da22087b640648fd436355166a8df8aab78fd,d06df6ecbf106a5aa07d6cbcfa5e70c295f12dd4d6fd1ef4232f37d6c9656ca8,2,False,True
junyi,d6e1eebf3f2e2b55db06b532f797b263890aaecfde25ab0adc03ff6901c0dd74,ae2c2c250ef0b6a2d5a275fead8f34cd0f2bb8be55ff09b1f19c1484d6727a75,2,False,True
junyi,d749ad3abb3ef99e21e17fa8990074fe965a58c2578c79e0d1260101e9fba317,a69dad7a0a89505786ee7aa2f19b06ced3853e34448d2f2024b120b1ed5f14b5,2,False,True
junyi,d8706dc5e198898625de7b641f79171ca9196d69afc3001e4bad058d4aa466da,d8efe65c73af13d6bd703c29bf5f28e31d77e1e56841f5a66f2c4330042fcd69,2,False,True
junyi,d88034b240a4acca925f014de28b82857c5fa0bf07f49de0e116257fd0dead47,9a3224df58ef48a3251bc3706bb422fa2742dc45643e9b1cc620949f6082a9f9,2,False,True
junyi,d9a072fa56f68d40e6f591966f3c54fe35b3b0531b7095299fc72f4f13ddb75e,26025803d700311c35a8e35eda465c878e8d7d3e4a340bc2eedf73e1c30181cd,2,False,True
junyi,dabcc2b62f32d2a09adca1c63ebfca91edd270ae15560ecfd65c1b22fe29f122,18123f67a51aada6537493ac645ae31e4edcaf9b5f9fbea6d817b9ed3a181639,2,False,True
junyi,db4a2e03d89d6c8e5084a781269ed771d60ebad83d239d6b43e3ba850ff72b66,1a5302fa7698487977dd6ab946fddab4040b4b5991746893a4807773b4fc16df,2,False,True
junyi,dc40621a00c486848769e3c0aaf8c386fcf01b8efcbaba2599e36f9cd1654638,fa48ab7b6767ae27142d7db57c4bfbb8bc8c21bac9a97e87e4f2915c38588217,2,False,True
junyi,de5ba1fd91c3fd394631c74f8308f6f306c24e0e74a1f01668e7afab29099543,d2aca8fc44a866bb980032fe41adfcb198b5c1ca3296af00ff412cae0d6c78a9,2,False,True
junyi,e17547c9d59fbdbb1c0b18f3a91d9aa43d657f4fee08bc882a0be634b829c349,f5d0b94034b71b4b7e7336960ec33ed2ff14bd436bae20b867a695c90646a980,2,False,True
junyi,e5dbe23521037c268caa0d678896af5d859afd2ccd7e2f8651f1bd16882ccd80,222af83beb1c764df19d6e807e7f22669e5430a8078d8ac97497c77f31203a29,2,False,True
junyi,e5ef78914bcbb4a53336a2b93feb8e6d4265ddee2763b6877489d5feb81f5b4f,ad03dba249666e69f64548eadb6f07a34aed350cfa44423002145e30ff79ffed,2,False,True
junyi,e5f55fa1009add2162b1ff84bb1056098b23474fe293d08b8f8d570976b1acb4,bd490337a83a145089ab98c84172daae10003829db490033a5d348e26efad228,2,False,True
junyi,e80878f1c8a56b16b1e0cdb439eb03e4b74f03e825b365e62656c00c086d11f6,671ba4f7beeb029ff1d1f29e7ce0ea82ebebfcd7bf01a823a09c118e066a2d31,2,False,True
junyi,e8d11bb286b31cf1dffb2b4b01149363d8217f8c52f01a22f9a1b0dd7f7d9806,757177d11a14652ee0ab4647dfaab116078e1a66b19a65a84662322874507318,2,False,True
junyi,e95db47bb37618d8da27bb769e4f860f39b9635ccdfc8b2deecd04c6c8272431,a2c50a3b528f80d3240c6c5771a566ef78ae2aec32a4b576bb562a5f7a723156,2,False,True
junyi,eb7ce633ba3ed741e74fa7420ba57f60432544286422b7cb70bdc908000f91f4,d99207afee7edf0edc960ef084a8a78ef700f355931702e11e9fd3a326e58e7f,2,False,True
junyi,ed16c3b0c98430ef43f2abf40a4480957efb24c11c4e77bc9d38fa1c4f9859c3,401893759375ffc3f23a9e97d6c33095e4226e50863dc3cc6debb1eb600dc47f,2,False,True
junyi,ed905392ac609dcac52f3568f6fbc08d80afda5f0cd8271ab1f920c720af2b26,0a2ae6f7f1cb656cfa675dac3fd813022fd9b8354ea7257670b2eb26dfaa985a,2,False,True
junyi,f1ad69f0ce39df2d65be34c5ff7da36c6e7ec922c96baae737ca6d6e9c575fac,f729befa359d9d5b0d9a4475966551678058af7870e3793350fbed576dba780f,2,False,True
junyi,f511e2e2c675e134e00e2f29705722d3a66840a093bf5430bbd858d8f372c421,ba4006e036ddb818e4b1b3062c991613862721ff405bba1511a31dfc8683e97a,2,False,True
junyi,f57e86826e97024d4679bdcc1d9988761f515a516a17d16fc8bf6d7ffdc77017,889d58f110e71b8f8a55dca019f98584a195fd723a56f46696c37c60409d196d,2,False,True
junyi,f58e6b6971ae6cc70c7b3cc08d06f19446598237d8546c023ec48fffedb2ac2e,a5e0932c32a3813521c2bdbee2e09e772fdd88699ac741107e75801d96a996a7,2,False,True
junyi,f60432c8738755d8f65eceb862e8051cd7069264e8863be60b069255d91eb978,b4d741d26a0ae522a3ec2097b99d61679d97b24de6b2174c5b02e5ba0cd5a014,2,False,True
junyi,f854988c536630eed584a258029333657a7445adc953abe1ef3181a47f69d2a5,7380c9216620c770c55d7b650dd3bcb629315f8c504311761f3cb2a0d7a649d1,2,False,True
junyi,f983e86c57a06d6cc4469a6560bfff309c97bf48a9a02c70be30a9d962186e11,6f4b6db6d953942156f0001833624ad23871075076d3f345d163620b0e0dc50a,2,False,True
junyi,f992578a2de556c913a601245c45ffc28a96a29988ce857f631ecf920cfef80c,524a9a1868cafb96f91384473cecaa400b18a5ae5e02974c1d65f642dda437da,2,False,True
junyi,f9c7837d349377f274b5ba0ebeb5ad90e1248e4241bc5caf8b2a184097359a54,439c5cffda0f031badfa5b243e68fef7feb455909f2ff60287d8cb8a4cdeee0d,2,False,True
junyi,fb57d6b2cde321befd9a6a3fbe6e94a761b3ecaee6828f5cdfd4b3c8b0d80be8,e7ac116ec9d238ffda8958c226c59beab7fd6f0f7bd32eebec0fca837d2ccad4,2,False,True
junyi,fd5a02ab2e6ca24a8d78d4cbd1ee50a8bc42e2b895d2cf19ad973d6fcd9771da,cf4a428db5c31a251002fc94ffc21e6d98b78662bf223426f53e0311c102f163,2,False,True
junyi,ffcad938648a1fd74eb36be2f18a35e60fd55b33405fe6577830870267280e5e,3787cf6053b1e582d52c088544084dacb61b908243036b3a278627669f1f3872,2,False,True
