dataset,item_id_hash,source_content_hash,item_content_type,item_format,eligible_for_llm_scoring,llm_exclusion_primary_reason,llm_exclusion_secondary_flags,content_sufficiency_rule_version,has_image_dependency,has_dynamic_template,graphie_only_no_question_text
junyi,dd149b04d5068578d954b858ee49ee3acd5dd75af5f158830fb4e45c1e4cc56d,bd31e1162df706cdb38bd51dbcf97bc2ac2d491c033c93130d1a975281f8a556,html_question_div,fill_in_or_graphie,False,EXCLUDE_REQUIRED_IMAGE,question_div|dynamic_template|image_dependency_flag,content_sufficiency_v1,True,True,False
junyi,ac6a0059adbf5ab1ea67385401b589a94bbf3b4e8a4a78f9bbc71635a4149830,13b1f324707036e59bd5f2187f21a14140907be7f27012288ccb08df3cc3e4c8,html_question_div,fill_in_or_graphie,True,PASS_TEXT_COMPLETE,question_div|dynamic_template,content_sufficiency_v1,False,True,False
junyi,6b97c0122a36d50eacf40fdef6b894fbebdba1233c51b478ead243879a9521a3,feec5bcba157fffc0d0703e6365d586e41cf2d2b7d18f25e76be7e11dbd28890,html_question_div,fill_in_or_graphie,True,PASS_TEXT_COMPLETE,question_div|dynamic_template,content_sufficiency_v1,False,True,False
junyi,41cbdb8d5e3ed208da69fcb3e343bad00420eb18e8db42723c7478ee73ff7027,491b9fbd87ed25ecd99c30f0500a5580f914984558da3aea8620d4f4059cdf88,html_question_div,fill_in_or_graphie,True,PASS_TEXT_COMPLETE,question_div|dynamic_template,content_sufficiency_v1,False,True,False
junyi,fc86f89cc413861a847c0e9018a933d8f0908a935e8d189516f66bc7f4025ae4,520987bc30132c4afc9f6cff1c674702e865244b9c129c6c7c294efa4c25ec67,html_question_div,fill_in_or_graphie,False,EXCLUDE_REQUIRED_IMAGE,question_div|dynamic_template|image_dependency_flag,content_sufficiency_v1,True,True,False
junyi,c28c151dc6f2adbe12965875eca58438b6e07aee3931703d2eb86a28287df777,97d64eb8e41d3a07fceeb82884cfe911fa471537194140f2e54bbc91c81277a1,html_question_div,fill_in_or_graphie,True,PASS_TEXT_COMPLETE,question_div|dynamic_template,content_sufficiency_v1,False,True,False
junyi,884e3c00d2e0675262bb196df4e740bc45e347808409905a29bf739d08d666d8,a13b0cda5996e1ba0800b0dbafbf822db6996d59479492f07221138788d3f2f0,html_question_div,fill_in_or_graphie,True,PASS_TEXT_COMPLETE,question_div|dynamic_template,content_sufficiency_v1,False,True,False
junyi,9910731d94d5fe64927c04a971a1a87ca7e62e2e11364845df76b94f3f6918a6,7a405e9f5b48125a2a42d801a6d54157a4ab3ea302cbffac62425035d6c59ae7,html_question_div,fill_in_or_graphie,False,EXCLUDE_REQUIRED_IMAGE,question_div|dynamic_template|image_dependency_flag,content_sufficiency_v1,True,True,False
junyi,c0cd0edb9fd92ef9390c6f0626034707751cb827bf4ef3ce302133b4cc97d2ac,d72cdcf32fa8bad075a045432cd5df4ae4d08b3fee3b98e40d87303612355bcc,html_question_div,fill_in_or_graphie,True,PASS_TEXT_COMPLETE,question_div|dynamic_template,content_sufficiency_v1,False,True,False
junyi,1fb095d17f8eb9ee644d977b80b7510ec82874b63c1f8461a9ea62308eba20f9,578168dbb9d230a095faa32c1c361f3b28f1776e53e40b69ace17ae778399480,html_question_div,fill_in_or_graphie,False,EXCLUDE_UNRESOLVED_TEMPLATE,question_div|dynamic_template|image_dependency_flag,content_sufficiency_v1,True,True,False
junyi,b65fcdf390bbcaa3632e5d6ab82ce6dadd87f479e93f664bb98f8937d5ef016a,c236bf90c490462206b2a02b4d9a338801f54c4592dbc384a53a305c7bd483cb,html_question_div,fill_in_or_graphie,True,PASS_TEXT_COMPLETE,question_div|dynamic_template,content_sufficiency_v1,False,True,False
junyi,f2f04f44434c6187dee8d35d026f55f2003bf2b418ab3f1223fdf68296f80d54,6b4aa0f6732cc8e5f2bb48751605723c205de2f987adc482d92f92ae0f2d94da,html_question_div,fill_in_or_graphie,False,EXCLUDE_REQUIRED_IMAGE,question_div|dynamic_template|image_dependency_flag,content_sufficiency_v1,True,True,False
junyi,6fdee5af461e6d13eef59d7f838af4d366d0711e7460fb720bc3d321f509c422,f9c1a7cd32004cc7a8bc0ed85a6fde36a92db0176f6b21aed418e032b316ca60,html_question_div,fill_in_or_graphie,True,PASS_TEXT_COMPLETE,question_div|dynamic_template,content_sufficiency_v1,False,True,False
junyi,163a4e9d22fc43e2e96c93192e81c035975740c2d4e05575a0d9d1b2fa1f6f35,0175fa7aa4d7c57035655454196fc10c9f36a10e9cf6ff8dd28a6e4d47c33e43,html_question_div,fill_in_or_graphie,False,EXCLUDE_UNRESOLVED_TEMPLATE,question_div|dynamic_template,content_sufficiency_v1,False,True,False
junyi,e13bb456e1eecb23c4e6bffed5bf9134b9e5d5b74c1e2dd2cc1fc69372b4f4d9,edca5dc87070d08733dce2f0dd23fa3d6c2d9f94535846f813b609e487e5ee7e,html_question_div,fill_in_or_graphie,False,EXCLUDE_REQUIRED_IMAGE,question_div|dynamic_template|image_dependency_flag,content_sufficiency_v1,True,True,False
junyi,ecf8be5690d112fd9633136518ef5e1688c4f90251ff6bfb9d891449bfabe90b,a553b629114b365118fa77a33ac7d21b3a6cb33a0f7180bb40fa9d061d1f287a,html_question_div,fill_in_or_graphie,False,EXCLUDE_UNRESOLVED_TEMPLATE,question_div|dynamic_template|image_dependency_flag,content_sufficiency_v1,True,True,False
junyi,824e4f746bdb8f17c902de52e1eba82456b3d4ecbac865a3abfe02bdfa1e2c6d,a553b629114b365118fa77a33ac7d21b3a6cb33a0f7180bb40fa9d061d1f287a,html_question_div,fill_in_or_graphie,False,EXCLUDE_UNRESOLVED_TEMPLATE,question_div|dynamic_template|image_dependency_flag,content_sufficiency_v1,True,True,False
junyi,0eafd039216dba7aa53b28b1947a25849d53cc30ac8b5207c21597006947e47a,ae5a2129ba6e448a12fc3676080080727aefc37ebd3c77ff6881e2e7bb5264e5,html_question_div,fill_in_or_graphie,False,EXCLUDE_UNRESOLVED_TEMPLATE,question_div|dynamic_template|image_dependency_flag,content_sufficiency_v1,True,True,False
junyi,39d390b5f13416b0a0ccf4a088c79291ba188b48280b58db2a9adcd105c60b50,78f3f23bdcfcd554fff585334b0a761f7d940fc6e964fe3a82dc4a78fc92b4f9,html_question_div,fill_in_or_graphie,True,PASS_TEXT_COMPLETE,question_div|dynamic_template,content_sufficiency_v1,False,True,False
junyi,29c90750b6b266d3c831fd6be0f72b788a7ce50a5d3aa086e65ca8995c3c9f24,b6140832226743598cfd50ca410020a79501717b6d5247555ab3d300751663c2,html_question_div,fill_in_or_graphie,False,EXCLUDE_REQUIRED_IMAGE,question_div|dynamic_template|image_dependency_flag,content_sufficiency_v1,True,True,False
junyi,d902550cb74b4bdc9c2b76782e568c928718742084f2ee6779502868e1b3eca7,b4a39ef497c4d91d562d992f571e1fbf6549bfdfb72349cf6fc7175c4e567e93,html_question_div,fill_in_or_graphie,False,EXCLUDE_REQUIRED_IMAGE,question_div|dynamic_template|image_dependency_flag,content_sufficiency_v1,True,True,False
junyi,f5c177a906fbbdac651c60328b76f1c4ce5d8431e9931c12e41430f520829a43,80c7797c0847e84d5a0e58ecdd4c1397109a0ce1514de1e99c74453b9d831434,html_question_div,fill_in_or_graphie,False,EXCLUDE_REQUIRED_IMAGE,question_div|dynamic_template|image_dependency_flag,content_sufficiency_v1,True,True,False
junyi,dfe0f7de04c8d2956374dbbfac232c34f810fbeb8f25252c60b84e1520bbfd99,cbd11835b785ca00844dae17f354ef0e6dc6c1f237ffb3ab9cb413cb4e77d9db,html_question_div,fill_in_or_graphie,False,EXCLUDE_UNRESOLVED_TEMPLATE,question_div|dynamic_template,content_sufficiency_v1,False,True,False
junyi,df18d7fdbb42c7b99584aa7d56674d7ff1acc3b8ef1e202208ffb36cf6ca4ccb,cbd11835b785ca00844dae17f354ef0e6dc6c1f237ffb3ab9cb413cb4e77d9db,html_question_div,fill_in_or_graphie,False,EXCLUDE_UNRESOLVED_TEMPLATE,question_div|dynamic_template,content_sufficiency_v1,False,True,False
junyi,5f576cbd84bf0ca077fc25a80bf71f6a95a9a4fa02eec025673156c187645166,52c07ef8fdf50086ca4b9634f6f3be35d8676fe0bc1ec6f335dbd462dfb29fd5,html_question_div,fill_in_or_graphie,False,EXCLUDE_UNRESOLVED_TEMPLATE,question_div|dynamic_template|image_dependency_flag,content_sufficiency_v1,True,True,False
junyi,96f2c5f137b5a27c1679151903313ef835e3cbcd60968e922e72988373895241,d16c8d749ee4a5dee415201d0035dd821819d2d51d5b2c21e339d5b3ccd36fa9,html_question_div,fill_in_or_graphie,False,EXCLUDE_REQUIRED_IMAGE,question_div|dynamic_template|image_dependency_flag,content_sufficiency_v1,True,True,False
junyi,131d46078a8c17557907cd779e03750b824cc4f44b4bcd0aefe5d73fc4db1caf,063770291cd49b6987e39da27bbefafbf3fb1c974cc032d2f23f1c58bd4adc31,html_question_div,fill_in_or_graphie,False,EXCLUDE_REQUIRED_IMAGE,question_div|dynamic_template|image_dependency_flag,content_sufficiency_v1,True,True,False
junyi,e241edd81f031f326b521d4cf130f2c19d03a4187489c1719fc59e047d8d8287,a3bcf0a7895758bf81e02f5fbdca5f7844d22b5a5bdca802ea71797aed4a3016,html_title_fallback,fill_in_or_graphie,False,EXCLUDE_TITLE_ONLY,dynamic_template|image_dependency_flag|graphie_only,content_sufficiency_v1,True,True,True
junyi,2ec1dc8dfb61bc16970fac7f5af435a4092e3d87df26436f871ca4f586517ffa,961acdb63a5a867b744e7526dce5a98df2bc9d461cfc35b1e9744c0c598fa24e,html_title_fallback,fill_in_or_graphie,False,EXCLUDE_TITLE_ONLY,dynamic_template|image_dependency_flag|graphie_only,content_sufficiency_v1,True,True,True
junyi,3a1c14db0f530f5d57311efc3bbffd50a2bc78171e709372b3b6c7a83b5d6c46,a031d3aab807ce6d43cddf77496c007f5b5ed989629c89a8a8b3a54332e88a62,html_title_fallback,fill_in_or_graphie,False,EXCLUDE_TITLE_ONLY,dynamic_template|image_dependency_flag|graphie_only,content_sufficiency_v1,True,True,True
junyi,e963f3f0a18c1ab85c876a23d69350e04ab25bc02e72947807bbc359d85ff76c,21dfb61c07587b70838d6f16794bd759f5e401db6fefeac93f8d055489b5f519,html_question_div,fill_in_or_graphie,False,EXCLUDE_REQUIRED_IMAGE,question_div|dynamic_template|image_dependency_flag,content_sufficiency_v1,True,True,False
junyi,3458701779c911eff75ce3dfb1123b8f0b843acea30bf875d7d5ac460e58ef2e,28358dee22ca903152055f7dc135fd871dc73ab7b4cdfb18bcf671689a817322,html_question_div,fill_in_or_graphie,True,PASS_TEXT_COMPLETE,question_div|dynamic_template,content_sufficiency_v1,False,True,False
junyi,195a8518dbecf5ed6a38fe785aeb6d133c86ce877be23be3f496b95e75402353,3925fc29850f92133014f2f970ec2359f4e09a1d8253e3d7b94e9666c424c01d,html_question_div,fill_in_or_graphie,False,EXCLUDE_REQUIRED_IMAGE,question_div|dynamic_template|image_dependency_flag,content_sufficiency_v1,True,True,False
junyi,6365221478234cdcb7a02da362e5f289fd42850807a6cee07f37a2998c5efa17,cf4d16bbf5b8ccfbe92c60a65f81072638f99653cd338b870805a3ba9d98e6c0,html_question_div,fill_in_or_graphie,False,EXCLUDE_REQUIRED_IMAGE,question_div|dynamic_template|image_dependency_flag,content_sufficiency_v1,True,True,False
junyi,aa38ce79faacb625c7fc7c0a07ea986827a6f4ef3e1715b77813c44c9ef239eb,a9d6c21f361e7393bafdba8e80ea00a6abbccd4ff893c2bf687e2433185d1b5c,html_question_div,fill_in_or_graphie,False,EXCLUDE_UNRESOLVED_TEMPLATE,question_div|dynamic_template|image_dependency_flag,content_sufficiency_v1,True,True,False
junyi,02113feedba49c5a10bfd043c4386f89e39604483be4a782bacd65d5a2dcb9cb,edf74d6609ddf37b14a212696f9e7cccdbf69b548d9581c1303da8a2b3119cc3,html_question_div,fill_in_or_graphie,False,EXCLUDE_UNRESOLVED_TEMPLATE,question_div|dynamic_template,content_sufficiency_v1,False,True,False
junyi,94d84615222076dd5b77113e8147405fff01a67cc36706432c6c6de7245a815b,25ae6df60bea7e37d096a5da78082ea58afc1e90bcd6c871522749f3ae8565f2,html_question_div,fill_in_or_graphie,True,PASS_TEXT_COMPLETE,question_div|dynamic_template,content_sufficiency_v1,False,True,False
junyi,415d7f01ac75cec3af686313f7fb78f2a8fd52eaea562007c8bbeef0fc570e64,9d30bd6ff551639933853c233c2b830ed35f1f0fffdc50164e77444bf82d9396,html_question_div,fill_in_or_graphie,False,EXCLUDE_REQUIRED_IMAGE,question_div|dynamic_template|image_dependency_flag,content_sufficiency_v1,True,True,False
junyi,7748d74ea5ff491625be123e3c04b2150aafb2c1ba62a3dde5db309e7eb8ab37,1387258cba4a7fc51aadf9365a39718139a1bc1056f6699f8c32cdcc0e7104ee,html_question_div,fill_in_or_graphie,False,EXCLUDE_REQUIRED_IMAGE,question_div|dynamic_template|image_dependency_flag,content_sufficiency_v1,True,True,False
junyi,6ff63fc7c4edca82c5d06603da54a7bbbebb5962a0d6dd22ace8be8f596e89d9,9d30bd6ff551639933853c233c2b830ed35f1f0fffdc50164e77444bf82d9396,html_question_div,fill_in_or_graphie,False,EXCLUDE_REQUIRED_IMAGE,question_div|dynamic_template|image_dependency_flag,content_sufficiency_v1,True,True,False
junyi,cebb69e7975b46ab5b401958884f728447a84bd9a2ebdeb7a7b31af8e5eda022,fa2886dc828051e4b2ef553615fc91528b7c611336a13a2f86df8fde3fad2904,html_question_div,fill_in_or_graphie,False,EXCLUDE_REQUIRED_IMAGE,question_div|dynamic_template|image_dependency_flag,content_sufficiency_v1,True,True,False
junyi,b7f48c1399bfe4f16f129b74672ade773e5ffe464cd9ecc386c4d2884f528bad,ef0ae479013ca07c3cae8704954e3e279a080a12cce9b39156dd157580cdb29d,html_question_div,fill_in_or_graphie,False,EXCLUDE_REQUIRED_IMAGE,question_div|dynamic_template|image_dependency_flag,content_sufficiency_v1,True,True,False
junyi,b6dc99270201d96e420a9782aaf105874c3855e6093737a9ae7c1c987e76747c,3aa7fee41f1e7bd02379e716d434057d557aafb0f258cfb1fdb165b4de12a6a6,html_question_div,fill_in_or_graphie,False,EXCLUDE_REQUIRED_IMAGE,question_div|dynamic_template|image_dependency_flag,content_sufficiency_v1,True,True,False
junyi,43829e9e7d1e4caa8d1ad339de29624174022fbdc58c92591da2df7b94fc517a,14fd92f4def0b57f04c9a7f88568ead969ac6ae376c9ca63dc4773013e22c28a,html_question_div,fill_in_or_graphie,False,EXCLUDE_REQUIRED_IMAGE,question_div|dynamic_template|image_dependency_flag,content_sufficiency_v1,True,True,False
junyi,b4b125d0f380ee86c03f6879e35b35e9717b9254eb03898e3915ffaada5de112,cf3fe47d9a80de3e4c901bdee16d846582188244c207670c32ac72e86e49d5e9,html_question_div,fill_in_or_graphie,False,EXCLUDE_REQUIRED_IMAGE,question_div|dynamic_template|image_dependency_flag,content_sufficiency_v1,True,True,False
junyi,c0466c391dd53ae4d3fe4c8365b610af05ac2b65b3bbf86ebbc29359a232c484,0e80d034e37c98daf99702338213dcc1fc1a2aedff69989514ac486b4feb5b69,html_question_div,fill_in_or_graphie,False,EXCLUDE_REQUIRED_IMAGE,question_div|dynamic_template|image_dependency_flag,content_sufficiency_v1,True,True,False
junyi,88e3546a0451af512e56b79483a5fc9fd4a62a5688e3122a3b392ebb9bf462df,3168141db7e95dd5fcece6ca54e04f06b51fee9d5b68e3505868485f2aec237f,html_question_div,fill_in_or_graphie,False,EXCLUDE_REQUIRED_IMAGE,question_div|dynamic_template|image_dependency_flag,content_sufficiency_v1,True,True,False
junyi,19dc420da9e573ad528905d5d7c26de67a8192453fbc7fb5e796a6bc15bbc672,cfe48923bf92db5c4a5986a82286591a2a23e11ec9bbd365c9dcd939898ce6fd,html_question_div,fill_in_or_graphie,False,EXCLUDE_REQUIRED_IMAGE,question_div|dynamic_template|image_dependency_flag,content_sufficiency_v1,True,True,False
junyi,550c306e0a9b61d4a3deafcc6c8d7e521ea4bb65d0244fa77f926e5376f10f35,a71bde7d5402c1e8484c5c5223aeb7db4c949dd6d517700b63713285556d9aaf,html_question_div,fill_in_or_graphie,False,EXCLUDE_REQUIRED_IMAGE,question_div|dynamic_template|image_dependency_flag,content_sufficiency_v1,True,True,False
junyi,5aec7a1070684b8280108aa2a05bdb89f1fd6ea531f76295198ffeab5c0d610e,59e5dcac0376def5f8a0f2250a0de165b47814b0c8edafc4959f746c607de045,html_question_div,fill_in_or_graphie,False,EXCLUDE_REQUIRED_IMAGE,question_div|dynamic_template|image_dependency_flag,content_sufficiency_v1,True,True,False
junyi,25be8b8e31fde32cd48f8b6f8af9656e3fd7c656c530fe521b5523b5b901647b,a8ac52bb1ad6ba0d52dff1e65cab90e414c026e0ae36709638062849692e0b25,html_question_div,fill_in_or_graphie,False,EXCLUDE_REQUIRED_IMAGE,question_div|dynamic_template|image_dependency_flag,content_sufficiency_v1,True,True,False
junyi,1c23103d8254b63923a64f05a2d7f293d7a406409d32e2fd45ef658e5915bd41,0ddac0a3dfd989d8a5f7fa76fe3f696d26ceb35b101f8fc48832cf96fd961b9e,html_question_div,fill_in_or_graphie,False,EXCLUDE_REQUIRED_IMAGE,question_div|dynamic_template|image_dependency_flag,content_sufficiency_v1,True,True,False
junyi,15223ddedf422f29b2795c3f1ba780402486d5f9f651f1176ef85c8938e4164a,635684073c70250a81c7e723a7330bed44e070ce0259d81867d9dd6e4418620a,html_question_div,fill_in_or_graphie,True,PASS_TEXT_COMPLETE,question_div|dynamic_template,content_sufficiency_v1,False,True,False
junyi,dabcc2b62f32d2a09adca1c63ebfca91edd270ae15560ecfd65c1b22fe29f122,18123f67a51aada6537493ac645ae31e4edcaf9b5f9fbea6d817b9ed3a181639,html_question_div,fill_in_or_graphie,True,PASS_TEXT_COMPLETE,question_div|dynamic_template,content_sufficiency_v1,False,True,False
junyi,a5baa2ff9c6d03f955a4981275e44cc67e034c8b9738de92c3bc681cffba7df5,a7470a56ea3ad40e54cef438081f0655dfc8217bf088899ab4475a42cc534658,html_question_div,fill_in_or_graphie,True,PASS_TEXT_COMPLETE,question_div|dynamic_template,content_sufficiency_v1,False,True,False
junyi,d749ad3abb3ef99e21e17fa8990074fe965a58c2578c79e0d1260101e9fba317,a69dad7a0a89505786ee7aa2f19b06ced3853e34448d2f2024b120b1ed5f14b5,html_question_div,fill_in_or_graphie,True,PASS_TEXT_COMPLETE,question_div|dynamic_template,content_sufficiency_v1,False,True,False
junyi,4d18f50ff23fd36063039f22c197bece315e5f6352dc5c957ad50fc1ba63abb0,b8ac7b19c7d62df5dba6663ef4b076937e242d28df2f3a282863896436fb699d,html_question_div,fill_in_or_graphie,True,PASS_TEXT_COMPLETE,question_div|dynamic_template,content_sufficiency_v1,False,True,False
junyi,a1110b53c54be6f6624d7bc23535d3d6541523543c44b07ac0fc280b3d6a19ff,837e7b48ad2f42a13762ec208571a6927ab6a24012ac0180486283e74a3f56b0,html_question_div,fill_in_or_graphie,False,EXCLUDE_REQUIRED_IMAGE,question_div|dynamic_template|image_dependency_flag,content_sufficiency_v1,True,True,False
junyi,5ca1c8425aed6e7fd4ec04c947b0cf1245faa7d5e536b5bc9d33e99981519ef0,f90e1eed865628c5efcf5c2e1e052d36434e6caaf0e744d23e71fbc1e61f3621,html_question_div,fill_in_or_graphie,False,EXCLUDE_REQUIRED_IMAGE,question_div|dynamic_template|image_dependency_flag,content_sufficiency_v1,True,True,False
junyi,1863b0aa5c66c4f43e285c08068b23dbb348153743aa75a5f4fbcfdf6b129e63,5a633d374e048b33c891e883d9e99973d519cfa9d6feb9cd31437258d1b7952c,html_question_div,fill_in_or_graphie,False,EXCLUDE_REQUIRED_IMAGE,question_div|dynamic_template|image_dependency_flag,content_sufficiency_v1,True,True,False
junyi,632cd3c5efea73a88224e786547a19a6cdbf653047a0307f79b7a13f1222c8cc,3ed6f7b887363ca7e7bb6a57d661c9ce4e077eef1eb4e16d92b5126230927a22,html_question_div,fill_in_or_graphie,False,EXCLUDE_REQUIRED_IMAGE,question_div|dynamic_template|image_dependency_flag,content_sufficiency_v1,True,True,False
junyi,d023df004392230d3f91017c3db3252aca6152b7e34f58ee935af5e34fbfc743,b7881aafdbbc820560d981cf21afb4e1be002a9cc8fcefe6c337cba8ea701925,html_question_div,fill_in_or_graphie,False,EXCLUDE_REQUIRED_IMAGE,question_div|dynamic_template|image_dependency_flag,content_sufficiency_v1,True,True,False
junyi,8140514231c2b8fef6aa45e032018c975f4953a0807a5eeb0f4db33346a62aa3,0e39c279110006bba9d0c7382b600b37733f2acd861772eefe5792fea0cefe5c,html_question_div,fill_in_or_graphie,False,EXCLUDE_TRUNCATED_CONTENT,question_div|dynamic_template|image_dependency_flag,content_sufficiency_v1,True,True,False
junyi,e8d84a15bc9bf471b3adf62466c801c61832cafd9f4655b78ada2475afb4e178,044f523eadfdba76f04a3bda27656e40977565e61ce6e81d8ede914faae66a5e,html_question_div,fill_in_or_graphie,False,EXCLUDE_REQUIRED_IMAGE,question_div|dynamic_template|image_dependency_flag,content_sufficiency_v1,True,True,False
junyi,8f6498d0a86bf30948f40740e5c80c4a9eb8db30eb945c93a5792e7787e488c3,df366b3a3bce569fada2c4c32ba6fad987ef9a717a3b11cbc4616d2b7f1b3029,html_question_div,fill_in_or_graphie,False,EXCLUDE_REQUIRED_IMAGE,question_div|dynamic_template|image_dependency_flag,content_sufficiency_v1,True,True,False
junyi,fe8e5e7ea1aeeeecfab2bc8d230354b7f9f087ca9061116974845a2e0e0cb3f4,f4c67178c1532e58920ae511df5d4e6932d8680c046fd3992ab34d9e1406f6aa,html_question_div,fill_in_or_graphie,False,EXCLUDE_REQUIRED_IMAGE,question_div|dynamic_template|image_dependency_flag,content_sufficiency_v1,True,True,False
junyi,153e24cefde9140f65ea0e34c3ee140d4a44ad680d453118dc6f7ab33dea895a,f39abfda23fc3f339ed6d9e1acadb9c363c3d9ab7b9abae1af06a770e29a6d64,html_question_div,fill_in_or_graphie,False,EXCLUDE_REQUIRED_IMAGE,question_div|dynamic_template|image_dependency_flag,content_sufficiency_v1,True,True,False
junyi,ed963ae84a272c22c6ad3a5c601f88ba1c508833fe14d075b5ffdf470540b352,520427cf94f60bc1a77efabbb758ddba36f20419c720d44c77bfaa4cdc3c3d01,html_question_div,fill_in_or_graphie,False,EXCLUDE_REQUIRED_IMAGE,question_div|dynamic_template|image_dependency_flag,content_sufficiency_v1,True,True,False
junyi,d590ee315a04ef583bd0f51c96bbde520b2ef7fb073ba367da5f8ff0d7c290e2,9f9d3e38b9c8b089bc762164abdb7b868cf543d11479901575ec37407c0129d0,html_question_div,fill_in_or_graphie,False,EXCLUDE_REQUIRED_IMAGE,question_div|dynamic_template|image_dependency_flag,content_sufficiency_v1,True,True,False
junyi,b62746f2d7408f351e3b51b146a677249a311c8d0cc1d7abe686e4fd6dfb4aaf,5712d3a925aca1613ba3ddf9d18a2ba3346bfa4a683708ce20a83786937c08f3,html_question_div,fill_in_or_graphie,False,EXCLUDE_REQUIRED_IMAGE,question_div|dynamic_template|image_dependency_flag,content_sufficiency_v1,True,True,False
junyi,8b48d2cb749840793152f260f46c6471751fda6576dd11c11b797b51fed2122a,bd5e8e79673de6701055669d3ca06cf81f016aa92e9d4fafc9bf9c0753f22782,html_question_div,fill_in_or_graphie,False,EXCLUDE_TRUNCATED_CONTENT,question_div|dynamic_template|image_dependency_flag,content_sufficiency_v1,True,True,False
junyi,b0885f9cbbaec075344751ec20f599bd7ea68fc367b748f9106f3738a1d60ec1,bd5e8e79673de6701055669d3ca06cf81f016aa92e9d4fafc9bf9c0753f22782,html_question_div,fill_in_or_graphie,False,EXCLUDE_TRUNCATED_CONTENT,question_div|dynamic_template|image_dependency_flag,content_sufficiency_v1,True,True,False
junyi,4fe121f0598f83b0b7505c032275185a467a2bad043495e7597071e39940811b,bd5e8e79673de6701055669d3ca06cf81f016aa92e9d4fafc9bf9c0753f22782,html_question_div,fill_in_or_graphie,False,EXCLUDE_TRUNCATED_CONTENT,question_div|dynamic_template|image_dependency_flag,content_sufficiency_v1,True,True,False
junyi,bd1ae53a6384cb6ce067087fbd7d89e1da7dc3c0920d6e683be5d408f6709475,bd5e8e79673de6701055669d3ca06cf81f016aa92e9d4fafc9bf9c0753f22782,html_question_div,fill_in_or_graphie,False,EXCLUDE_TRUNCATED_CONTENT,question_div|dynamic_template|image_dependency_flag,content_sufficiency_v1,True,True,False
junyi,ddec5f653e3c1ebd0ff32ad81fa0a44bc8768ee3b528da6b5053cae83385d91a,147830f90ecc0bae969410034eb87055cc9cce1bc3dbdecd272af194585863f1,html_question_div,fill_in_or_graphie,False,EXCLUDE_REQUIRED_IMAGE,question_div|dynamic_template|image_dependency_flag,content_sufficiency_v1,True,True,False
junyi,21efcf1973d8dfef7d8b4c6931801d107fd3692e8a23606542d24e0000b971c2,d811e319530140fe97e98826b50c4ed179914a93f0d6a2800c937bd62955c34e,html_question_div,fill_in_or_graphie,False,EXCLUDE_REQUIRED_IMAGE,question_div|dynamic_template|image_dependency_flag,content_sufficiency_v1,True,True,False
junyi,21c69162646478da6fc3285ef84ec95476154bcdc0516116a673d028af428bc5,b469e8123b74f6b2491f4234d9fb9f3e7bc36fa3d81e44e1ae06e9582def51b2,html_question_div,fill_in_or_graphie,False,EXCLUDE_REQUIRED_IMAGE,question_div|dynamic_template|image_dependency_flag,content_sufficiency_v1,True,True,False
junyi,58cba3a7ec4929df3dd04ae97182d579b6946a59149c41dcd6984907607f4413,70868d9fa0a0987d298ed24ccb4103839c92a9b45fb24ae13dac7c12d47d33f4,html_question_div,fill_in_or_graphie,False,EXCLUDE_REQUIRED_IMAGE,question_div|dynamic_template|image_dependency_flag,content_sufficiency_v1,True,True,False
junyi,ffa4818c408bad8a3475747be5f172e2a762ce450063e37c7f3484b03b8e5aed,c70f086a46546ec04c0909b1c57c973971aa72b1c524c31a0b34a6b170587b4b,html_question_div,fill_in_or_graphie,False,EXCLUDE_REQUIRED_IMAGE,question_div|dynamic_template|image_dependency_flag,content_sufficiency_v1,True,True,False
junyi,8ab6093f5925f97aa78401c1c8c524220a28056cf84e077e36cb29142e37b9f7,272ec4f8fcf10b2137f65b2514e791c70dbcdc9ef66b8d586065060387e4c910,html_question_div,fill_in_or_graphie,True,PASS_TEXT_COMPLETE,question_div|dynamic_template,content_sufficiency_v1,False,True,False
junyi,480d4cd05f0d247eccead842e56126ee8e396743ee6869d772bf374505c340a9,033ccfb7eebb6735920f0e444194b559ee8b777246017a52e3e94af393083b7e,html_question_div,fill_in_or_graphie,True,PASS_TEXT_COMPLETE,question_div|dynamic_template,content_sufficiency_v1,False,True,False
junyi,cb3a029a4b44fb4f2d7878b19f7aa95e2e079bf2069576e538527df3b5c3647f,1ea16b1662e58f6dcac52b4cfc8eeda0111539cdceb85c0b31bff2ca2830db37,html_question_div,fill_in_or_graphie,True,PASS_TEXT_COMPLETE,question_div|dynamic_template,content_sufficiency_v1,False,True,False
junyi,1d2985abefc355d09700fac964afc327d135609870173adf170ed448621897ea,1fedba6af63efb525d55c4815a75e39d4f593612f9073eb94c5eabfac26de79a,html_question_div,fill_in_or_graphie,True,PASS_TEXT_COMPLETE,question_div|dynamic_template,content_sufficiency_v1,False,True,False
junyi,c3773e01a4b64806ab1cef2c987822f9027894684cd10b131bca1838d3428c3b,e756874e91b5da159376cba5197a2cc964140eab6f688094f737e32bd9f94679,html_question_div,fill_in_or_graphie,False,EXCLUDE_REQUIRED_IMAGE,question_div|dynamic_template|image_dependency_flag,content_sufficiency_v1,True,True,False
junyi,a1b76a3ad181703da2cf18df10059dffd1c56957462fe73dba1e09d071677973,0607604048d39f2b14be9f8555c1c10245553d616c7b5e1fb2c6f0843fac2c9a,html_question_div,fill_in_or_graphie,False,EXCLUDE_REQUIRED_IMAGE,question_div|dynamic_template|image_dependency_flag,content_sufficiency_v1,True,True,False
junyi,57a947b026d8f1a00d2eea13b18251ebbec6cbb0e9f4d4ca7379b1f85be32cda,bbf69c1b6dfc1f2d6fcc7c10c57aae3a040705d714f9f97081960c88aa2666af,html_question_div,fill_in_or_graphie,False,EXCLUDE_REQUIRED_IMAGE,question_div|dynamic_template|image_dependency_flag,content_sufficiency_v1,True,True,False
junyi,debcaa31057eb84ffb47f937c79628c6e56a7bd29a7ce4963d0605ca991d2ca1,aeaff3c52f5abdb35c4bc2b5ce5ad76b50b488d11876d90b7eb157a845bf9cb5,html_question_div,fill_in_or_graphie,False,EXCLUDE_REQUIRED_IMAGE,question_div|dynamic_template|image_dependency_flag,content_sufficiency_v1,True,True,False
junyi,1ded6f3e80e959f8989d04f8dc62468a8bad9459f3f5750f49c9380f2fe45e9e,1d5ebc1d2316d4f8494c7a89dc4312ec20b709563b92e0e38fe44509d3bbaa02,html_question_div,fill_in_or_graphie,False,EXCLUDE_REQUIRED_IMAGE,question_div|dynamic_template|image_dependency_flag,content_sufficiency_v1,True,True,False
junyi,73116a7e3353f7cf24c8fc4c89d94d1d28d0d092e01182b17937a604022be3f0,52fdf85d67409733d1e9d5d640a7a582a33f35d435c07cb6df2acfa78bac395b,html_question_div,fill_in_or_graphie,False,EXCLUDE_REQUIRED_IMAGE,question_div|dynamic_template|image_dependency_flag,content_sufficiency_v1,True,True,False
junyi,03a7bf64e5388d44c14d6825990668447fcc21566026e572e72373acd5fce552,14fec2fce8a7d3c12e806b7e5ed853ce2c1e1feff2fe610c94118e687717fc5f,html_question_div,fill_in_or_graphie,False,EXCLUDE_REQUIRED_IMAGE,question_div|dynamic_template|image_dependency_flag,content_sufficiency_v1,True,True,False
junyi,907e74c91c7db533d238355f43e5df8276e8149594314a32b1dd409433c475b0,cbd080111ca47feab00c03f988bf6db0c077c00523c96cb7e315fa1af323891c,html_question_div,fill_in_or_graphie,False,EXCLUDE_REQUIRED_IMAGE,question_div|dynamic_template|image_dependency_flag,content_sufficiency_v1,True,True,False
junyi,fa098d21f9a645c059bc8ba8f5211b833c41dacc97ad24acaa44e94f38989094,9455b32dd1944194fcbb7ebed51e147841d521b3215c3cc474a436bc0d53b4ff,html_question_div,fill_in_or_graphie,False,EXCLUDE_REQUIRED_IMAGE,question_div|dynamic_template|image_dependency_flag,content_sufficiency_v1,True,True,False
junyi,7467abdd617ecdcce06b35b3941c2f5821a7c173830056c009990feaf9edad53,c5847ac3fb54d6247ea0cf8049ac2de22e5a8c67994da39d1841e2d88bcf0982,html_question_div,fill_in_or_graphie,False,EXCLUDE_REQUIRED_IMAGE,question_div|dynamic_template|image_dependency_flag|prompt_length_risk,content_sufficiency_v1,True,True,False
junyi,00a3ba4868fabe2ca7a29593f4cf8f9d775036f55c04998a7d2e21918ba4a92c,c75ab940dba6340be8cfb9b9c81bd90d5f94142703fac1064dd7c89da1c5c413,html_question_div,fill_in_or_graphie,True,PASS_TEXT_COMPLETE,question_div|dynamic_template,content_sufficiency_v1,False,True,False
junyi,aa0cc85a0890d2a8f67b69ec9b1a5dfcae72f477c39bf72f89f2c4dcd7819969,80d3d84388d9f939ea1c2e6982228ab00f78549a02af59c1cdb2c6bdc923a07b,html_question_div,fill_in_or_graphie,False,EXCLUDE_REQUIRED_IMAGE,question_div|dynamic_template|image_dependency_flag,content_sufficiency_v1,True,True,False
junyi,51266907dbdf8ef37949f4b81822c6bfee5898d7f51ff9df42041661d483022b,10f80182cb5f025cca5a3af69d54bc58b20f9eaae150be4f3e890d693692bae9,html_question_div,fill_in_or_graphie,False,EXCLUDE_UNRESOLVED_TEMPLATE,question_div|dynamic_template,content_sufficiency_v1,False,True,False
junyi,f9c7837d349377f274b5ba0ebeb5ad90e1248e4241bc5caf8b2a184097359a54,439c5cffda0f031badfa5b243e68fef7feb455909f2ff60287d8cb8a4cdeee0d,html_question_div,fill_in_or_graphie,True,PASS_TEXT_COMPLETE,question_div|dynamic_template,content_sufficiency_v1,False,True,False
junyi,84fe3b02329586ef3206fb261a99c8175a0daf76caca3f95fcd5d4ab8007a3b8,5dbb3a7eaff77fae972437f1769125151d13911c11ec3cafd066cf539463f0ad,html_question_div,fill_in_or_graphie,False,EXCLUDE_REQUIRED_IMAGE,question_div|dynamic_template|image_dependency_flag,content_sufficiency_v1,True,True,False
junyi,3b58e530a308a07d122c616357ed60e34c322b22ab278359daccb9a17736b668,fecb325cf5a54bba0176821f60b7696b803bf114611844453171731161331925,html_question_div,fill_in_or_graphie,False,EXCLUDE_REQUIRED_IMAGE,question_div|dynamic_template|image_dependency_flag,content_sufficiency_v1,True,True,False
junyi,861af58b43dbf98786ac840f4d974a2417a134e9453669fe4c7d7fccd4a7eb67,cf022e444ebcab5f8dae215bd60dc1ae6a1166012162dc28eb494cdebbafd2ae,html_question_div,fill_in_or_graphie,True,PASS_TEXT_COMPLETE,question_div|dynamic_template,content_sufficiency_v1,False,True,False
junyi,d11c2504fe48ad0e211bcbeb909aa4d9b049eb9629ba33b6bdd935dab6eb38c9,aaaeecbb6e479a0ffd625de630a26adba52c3da432c5acafa6ab7b7415f8802b,html_question_div,fill_in_or_graphie,True,PASS_TEXT_COMPLETE,question_div|dynamic_template,content_sufficiency_v1,False,True,False
junyi,b922674971041d570e2534aec29d3aebddd5235bbd5c5806e05debd40157cbfd,dfd879ab04c3073fcbce1f1b51ec8358cfd714e70f5d09803e0b9340e46b591a,html_question_div,fill_in_or_graphie,True,PASS_TEXT_COMPLETE,question_div|dynamic_template,content_sufficiency_v1,False,True,False
junyi,6b86c721b95131d53cffaec563ce85c78cd9d363e641e966518907cd71759935,1226862f1ab2a2179c2953674a09efad4831dc4d5529bc7bcce63caeb783c998,html_question_div,fill_in_or_graphie,False,EXCLUDE_UNRESOLVED_TEMPLATE,question_div|dynamic_template,content_sufficiency_v1,False,True,False
junyi,d88034b240a4acca925f014de28b82857c5fa0bf07f49de0e116257fd0dead47,9a3224df58ef48a3251bc3706bb422fa2742dc45643e9b1cc620949f6082a9f9,html_question_div,fill_in_or_graphie,True,PASS_TEXT_COMPLETE,question_div|dynamic_template,content_sufficiency_v1,False,True,False
junyi,46f15d1c97d21db15be0106ba9e2dec67a990dfd3eab71838b3e43ceed3f1b8f,edaaf33d7b39e1e1a55b32bba4a878c3d7c57d4e1f8e3ee721050555c5bd9801,html_question_div,fill_in_or_graphie,True,PASS_TEXT_COMPLETE,question_div|dynamic_template,content_sufficiency_v1,False,True,False
junyi,6406b83df719bb9fc1d5f336b5b2690b88caa93568265b9faa9a76657dbfb225,b3491b653867239e60803b94375458f65691861e22b1e68f352b6d5d72735a07,html_question_div,fill_in_or_graphie,False,EXCLUDE_REQUIRED_IMAGE,question_div|dynamic_template|image_dependency_flag,content_sufficiency_v1,True,True,False
junyi,cd26a8f3b3395a665cbdc722c5f95f4952005c1adcf400e05e099ad77ab0bdf9,5568c1e0065a7b77e5f24d034f7253bd962fbbf58867d37f7ca2ceee71feb8d5,html_question_div,fill_in_or_graphie,False,EXCLUDE_REQUIRED_IMAGE,question_div|dynamic_template|image_dependency_flag,content_sufficiency_v1,True,True,False
junyi,90598939d425ec8487313233b94ccb8e6189107d577a5c3667c5932be2e2413c,93dbb877d50fe95510927233fc726b8c889f62380f31537e3a72f20e000119fc,html_question_div,fill_in_or_graphie,False,EXCLUDE_REQUIRED_IMAGE,question_div|dynamic_template|image_dependency_flag,content_sufficiency_v1,True,True,False
junyi,5960613a9a754ec20be08a0a926e280b75b3bb85ea8a6e2fba250285ebc442ae,e8d41be4df079d2d99aea1e726a2b9b027a1b23547755c9236f85138d9eca8e5,html_question_div,fill_in_or_graphie,False,EXCLUDE_REQUIRED_IMAGE,question_div|dynamic_template|image_dependency_flag,content_sufficiency_v1,True,True,False
junyi,f983e86c57a06d6cc4469a6560bfff309c97bf48a9a02c70be30a9d962186e11,6f4b6db6d953942156f0001833624ad23871075076d3f345d163620b0e0dc50a,html_question_div,fill_in_or_graphie,True,PASS_TEXT_COMPLETE,question_div|dynamic_template,content_sufficiency_v1,False,True,False
junyi,2815b7f86053688a0ae599a5a4a4ea8d2afed7fb4c05680095b6c6c4915d5bbf,9443dd1a005ccd6f642bff71408fe4d920b02405b850ef76f4298bc6ed0de09c,html_question_div,fill_in_or_graphie,True,PASS_TEXT_COMPLETE,question_div|dynamic_template,content_sufficiency_v1,False,True,False
junyi,ec6fbcdf77ef3c5f25c348689eb57c15b97ef2d684156e01ba805c6e4ad2694e,bdad02b561df19f1d2206582e51a624c074028462c071eee00f8c1b3626598a5,html_question_div,fill_in_or_graphie,False,EXCLUDE_REQUIRED_IMAGE,question_div|dynamic_template|image_dependency_flag,content_sufficiency_v1,True,True,False
junyi,83732afde35fd247027306d5bb8d63c8ae27495494a381a2f312ce4fb499feab,72e302a880ba23615ed052dca376bc4b47fcf8bae05f47339f62b4230b1d21ac,html_question_div,fill_in_or_graphie,False,EXCLUDE_REQUIRED_IMAGE,question_div|dynamic_template|image_dependency_flag,content_sufficiency_v1,True,True,False
junyi,a8ba66b30f6931d9133a30c96a448fb4a612e151ed6100456c0bfc73268336f5,538ce3f52a5af4fa6889e2b3bfbdcb82729a661c85a0571a70f7f6bc31c48382,html_question_div,fill_in_or_graphie,False,EXCLUDE_UNRESOLVED_TEMPLATE,question_div|dynamic_template|image_dependency_flag,content_sufficiency_v1,True,True,False
junyi,09cc4e03a5a324eeb55fc49386bca5e86267fad947264f3e49a5b57cd9b35bed,ca9564f26c31f943f34934991f2f489b2b1f01a190d0070206289e819111c82f,html_title_fallback,fill_in_or_graphie,False,EXCLUDE_TITLE_ONLY,,content_sufficiency_v1,False,False,False
junyi,fb30447e62378bb506cdccd1fac75e8319054baa284de362fc2cb617029f5efc,bd0b098fe3b005448b92d1c75dbd81e06fe4dc40e347b2aba9265b2fad867e04,html_question_div,fill_in_or_graphie,False,EXCLUDE_REQUIRED_IMAGE,question_div|dynamic_template|image_dependency_flag,content_sufficiency_v1,True,True,False
junyi,5f6fed8d7ac3e12253cb66a66c10b0f1a44d3cba57fbafcb4f73474dde788016,4c91af6e7bd76d65281317fba07069a6bbb1285b13f832b992fd7a5f760605e5,html_question_div,fill_in_or_graphie,True,PASS_TEXT_COMPLETE,question_div|dynamic_template,content_sufficiency_v1,False,True,False
junyi,914ccb4c97d5e2bdd4ea4b81da9c19d89c0b02fffba4f9ffc738247180aaf585,9ae17d319db310f576b60c376d5ae3922e5afee7fc5a455a29db0a4c5757b5b2,html_question_div,fill_in_or_graphie,False,EXCLUDE_UNRESOLVED_TEMPLATE,question_div|dynamic_template,content_sufficiency_v1,False,True,False
junyi,74dc5ce94f90953c7db1218e391d06116c7ea36cfaec4dfe410e4ee28bbb768a,4c91af6e7bd76d65281317fba07069a6bbb1285b13f832b992fd7a5f760605e5,html_question_div,fill_in_or_graphie,True,PASS_TEXT_COMPLETE,question_div|dynamic_template,content_sufficiency_v1,False,True,False
junyi,4366aa87ff0af258c8cd8faba41e5aaeb52171c6e69fdb80ae800d9a0899ac91,ffb5ba38ffba4acef03a89656db3d7a0b6742c925a3bfe78ad46d8cce8bbe074,html_question_div,fill_in_or_graphie,False,EXCLUDE_REQUIRED_IMAGE,question_div|dynamic_template|image_dependency_flag,content_sufficiency_v1,True,True,False
junyi,a0ba038f443d5242b3a75cd6ae242b328c3212442ef3b23364d235de75625ed1,3d1c876591fcd754823b1497d0585e61bef812c4dc662856e96e9b2973d9330a,html_question_div,fill_in_or_graphie,True,PASS_TEXT_COMPLETE,question_div|dynamic_template,content_sufficiency_v1,False,True,False
junyi,3205402387525be7270e38614652e509ff3f16d70930fdf69443b80a8e53f923,f1b52e62b4ae2bac21872b81574a084582361aee545a6a1010c6f933acb49868,html_question_div,fill_in_or_graphie,False,EXCLUDE_REQUIRED_IMAGE,question_div|dynamic_template|image_dependency_flag,content_sufficiency_v1,True,True,False
junyi,551e1497d64ac4df5309cd8e62773f9dc055ef72665d6c3679d18de7cd400942,71e5eac36dfd2c4dd3eb592e9ed4844ce85c5105f861cba17cd6dd01c7688e76,html_question_div,fill_in_or_graphie,True,PASS_TEXT_COMPLETE,question_div|dynamic_template,content_sufficiency_v1,False,True,False
junyi,e2407f18b4ee1afef1e3a9795fbd626df9957c5342214541177895c3d3710792,c8841d2f2e456434f77fa3f75bd318ac21880aa5e70af97727cb8b1b24a312a6,html_question_div,fill_in_or_graphie,False,EXCLUDE_REQUIRED_IMAGE,question_div|dynamic_template|image_dependency_flag,content_sufficiency_v1,True,True,False
junyi,4e02dc39ba5877b900661c5a23627bc1cdec4a4271dd0f31c75c8c0bf4fc7242,94e860916cf509f017a257b078a2f8dd325d6f1b7ea56e6ed846d6c52c17b090,html_question_div,fill_in_or_graphie,False,EXCLUDE_REQUIRED_IMAGE,question_div|dynamic_template|image_dependency_flag,content_sufficiency_v1,True,True,False
junyi,66f0dcbe5b902b12144f784a5fd33f27b702c265213f9112d76dc5631574c5c2,7b8b0df78bc07e1e0a85c4f572e1ab53ee4a71799d307dcb17f84d8a3f267c53,html_question_div,fill_in_or_graphie,False,EXCLUDE_REQUIRED_IMAGE,question_div|dynamic_template|image_dependency_flag,content_sufficiency_v1,True,True,False
junyi,94c71963485bb6ad2272cb929066d876337ee672fbda8fdde9ecfdbf144c4338,7ec403717e3a405266e5ed2dc50abf64931a874573f224b8fb0d15f51fe187c5,html_question_div,fill_in_or_graphie,False,EXCLUDE_REQUIRED_IMAGE,question_div|dynamic_template|image_dependency_flag,content_sufficiency_v1,True,True,False
junyi,fe30f575dc2ee48ba08a2d5ffb7bf204cb537320e1a82f636ffb08675da1936a,b0533ba397fe07c8e2557dedaf6193d87a1ea494131edf79c1078ae9522a6de2,html_question_div,fill_in_or_graphie,False,EXCLUDE_REQUIRED_IMAGE,question_div|dynamic_template|image_dependency_flag,content_sufficiency_v1,True,True,False
junyi,0c9a25f6aa540e8a5b6ccac01368fff04cee97db27f4955e0de14f2ec480f9a4,647431ad64003819fd9e0c960b140b21adddd3e8bd7975ce14eddfb739c7809c,html_question_div,fill_in_or_graphie,False,EXCLUDE_REQUIRED_IMAGE,question_div|dynamic_template|image_dependency_flag,content_sufficiency_v1,True,True,False
junyi,93804044d3c15cd63b8e69b8a477a8476da7b42df25dd32f39a3f55d2b28936f,8d7db4e719d38ff6b171a29e73dbb5912a64a155532a6de7b22207f661590d76,html_question_div,fill_in_or_graphie,False,EXCLUDE_REQUIRED_IMAGE,question_div|dynamic_template|image_dependency_flag,content_sufficiency_v1,True,True,False
junyi,300dd64526b61676ce2c64fefb5306b66cc1d6bd54829c2333837669d541e42a,1ff4598ec812f8bf2bcb79819b3a7903c5ac53f4c9e3dc97af7a7cc676395123,html_question_div,fill_in_or_graphie,False,EXCLUDE_REQUIRED_IMAGE,question_div|dynamic_template|image_dependency_flag,content_sufficiency_v1,True,True,False
junyi,f208d1f8b713974e5d4ed553aba06741f17d6ee41a8247bff97a8add8f57ab4a,862025c2c2973df62cc8301621df893b64785f45671af8812847b02158a4dfd8,html_question_div,fill_in_or_graphie,False,EXCLUDE_REQUIRED_IMAGE,question_div|dynamic_template|image_dependency_flag,content_sufficiency_v1,True,True,False
junyi,d625ca313ce929b78daf6c9e383da22087b640648fd436355166a8df8aab78fd,d06df6ecbf106a5aa07d6cbcfa5e70c295f12dd4d6fd1ef4232f37d6c9656ca8,html_question_div,fill_in_or_graphie,True,PASS_TEXT_COMPLETE,question_div|dynamic_template,content_sufficiency_v1,False,True,False
junyi,dae5a8a67359755bcc8d904e81b02c11b757a72f59fd40d3a42b2933849dc878,4540f81e3de933016a181340064f654ed708aa00c47e355150929968edea2e7b,html_question_div,fill_in_or_graphie,False,EXCLUDE_UNRESOLVED_TEMPLATE,question_div|dynamic_template|image_dependency_flag,content_sufficiency_v1,True,True,False
junyi,0a2f7c5a1f3dffadbcc0c8ed16cbc20733cb06b4acd654a08f0d5c3017969f3a,e8e9b9c394c61031c1301af7e9c77cf71e7d4ad65951c6e5ccdb2c2cc35a92d2,html_question_div,fill_in_or_graphie,True,PASS_TEXT_COMPLETE,question_div|dynamic_template,content_sufficiency_v1,False,True,False
junyi,8f6ee061b9daf626cdd5e6cf462c1f38b34f085feca30fa900f2d0c8a8f9a733,42fa95f14005793059959f7d45d0d4833cd3d586e5f8e335ae4960fb38ff9a8d,html_question_div,fill_in_or_graphie,True,PASS_TEXT_COMPLETE,question_div|dynamic_template,content_sufficiency_v1,False,True,False
junyi,0aee48fd756465aa484656f914234ad8978108e9c78eb7c9dcfe3e2dbebe6976,694e9c96903ce1370c6148755d5d043a4cd1af9d4e25df3a3e8ef761bbba82e5,html_question_div,fill_in_or_graphie,True,PASS_TEXT_COMPLETE,question_div|dynamic_template,content_sufficiency_v1,False,True,False
junyi,97bc239c2dc42c32f44d577342d0e93e74e61514ff25ae98a2aacb9e398d23ce,8e92569d5bfa0ad4c5416c60fc14e81a310874c6c80c5ffc2069cc10c7008223,html_question_div,fill_in_or_graphie,False,EXCLUDE_REQUIRED_IMAGE,question_div|dynamic_template|image_dependency_flag,content_sufficiency_v1,True,True,False
junyi,2b3c92180effa84ffa0503148d9959848c3cdcaeae4ceebef1486d695e9963aa,b6f5b8c771746aa149818e902e295bd506deaf1fa5e73241cda8417cce2c9422,html_question_div,fill_in_or_graphie,False,EXCLUDE_REQUIRED_IMAGE,question_div|dynamic_template|image_dependency_flag,content_sufficiency_v1,True,True,False
junyi,877d7039ccbe85aa00ed63af2ae9035db64a5ee132ce7a0d1f0a6e132f0b369c,fbfe7a03ebbb9f7248b86c5ecc1ded691d30a25d4037738afeb61131f9bd7a16,html_question_div,fill_in_or_graphie,True,PASS_TEXT_COMPLETE,question_div|dynamic_template,content_sufficiency_v1,False,True,False
junyi,7e9be7821f8af5b19169219f8d7a9a740b84cd6a4fbd7cf4b98a6562236e1451,d2aca8fc44a866bb980032fe41adfcb198b5c1ca3296af00ff412cae0d6c78a9,html_question_div,fill_in_or_graphie,True,PASS_TEXT_COMPLETE,question_div|dynamic_template,content_sufficiency_v1,False,True,False
junyi,de5ba1fd91c3fd394631c74f8308f6f306c24e0e74a1f01668e7afab29099543,d2aca8fc44a866bb980032fe41adfcb198b5c1ca3296af00ff412cae0d6c78a9,html_question_div,fill_in_or_graphie,True,PASS_TEXT_COMPLETE,question_div|dynamic_template,content_sufficiency_v1,False,True,False
junyi,aab4925b74f175e953e6527c4b291b410e9bce178562afacc3f3d71418dda68b,3aa9685e8917876ea9bdb58e360936cd4046b102dbeef2fb576b86807b229e87,html_question_div,fill_in_or_graphie,False,EXCLUDE_REQUIRED_IMAGE,question_div|dynamic_template|image_dependency_flag,content_sufficiency_v1,True,True,False
junyi,4158d7b871ee4f7065b2b1dd71d209b2eab658d1af988db99c61be9124b0e011,9e34682a30b9e284963b98ee8a574f41d7642312ad28458d48f6eb6b81ce7a51,html_question_div,fill_in_or_graphie,False,EXCLUDE_REQUIRED_IMAGE,question_div|dynamic_template|image_dependency_flag,content_sufficiency_v1,True,True,False
junyi,2215694dbd105fb08f76f797645cbd6279c6bcb9af8ceb0930e3397daeed12f6,185ccabe0d779016594be87b0df140f9be6c5049fb28bdb5e1367c79454c21bd,html_question_div,fill_in_or_graphie,False,EXCLUDE_REQUIRED_IMAGE,question_div|dynamic_template|image_dependency_flag,content_sufficiency_v1,True,True,False
junyi,53276ccd67fd7268196d8f1a6c94f6ac6ece04158661e5c859974157abfe7966,fe832aa816aa03316f9d3c4339233b315d043814f91677fef36e5df0a0ce5592,html_question_div,fill_in_or_graphie,False,EXCLUDE_REQUIRED_IMAGE,question_div|dynamic_template|image_dependency_flag,content_sufficiency_v1,True,True,False
junyi,8f26da61e00d178fd62bfeb82ae90823388cab86b98026c2cda0a372c53bcc5d,e0be73c760445f872d8025aa1c688fd64451deb6b26038efee802712114d8b8d,html_question_div,fill_in_or_graphie,False,EXCLUDE_TRUNCATED_CONTENT,question_div|dynamic_template|image_dependency_flag,content_sufficiency_v1,True,True,False
junyi,ec036daf74668d5cc0bb9dcaff37e6f208491d8ae13e6c1b2a427d1893f4efa5,62f49125d2764cd89347e3d7fd8f4ddd4b7e0d1c6758e81cd030551ee30481e3,html_question_div,fill_in_or_graphie,False,EXCLUDE_REQUIRED_IMAGE,question_div|dynamic_template|image_dependency_flag,content_sufficiency_v1,True,True,False
junyi,15d28feea92557bfb11b1e7b730357603019d81dce0112fbbdd374d0d6ae6943,34bb1a3240e54e667b60cd67e658959d7537dbaddbc24bfbd59f87775a519219,html_question_div,fill_in_or_graphie,False,EXCLUDE_REQUIRED_IMAGE,question_div|dynamic_template|image_dependency_flag,content_sufficiency_v1,True,True,False
junyi,18b03a8bb90874f3f159681836777730e6cd80f164c36beadf69a51a65817a7e,ee6f9ab5365208eaba312bea79fd356b310c7c3809b54f3b868104da9c72bc39,html_question_div,fill_in_or_graphie,False,EXCLUDE_REQUIRED_IMAGE,question_div|dynamic_template|image_dependency_flag,content_sufficiency_v1,True,True,False
junyi,e5ef78914bcbb4a53336a2b93feb8e6d4265ddee2763b6877489d5feb81f5b4f,ad03dba249666e69f64548eadb6f07a34aed350cfa44423002145e30ff79ffed,html_question_div,fill_in_or_graphie,True,PASS_TEXT_COMPLETE,question_div|dynamic_template,content_sufficiency_v1,False,True,False
junyi,a12559f4cdd9e0571e2ce6e2cb2bdb48f71105dd2fd63934e12e1e84a78beaff,b2997ac7ffd469d31ee74907cdd183ab5e26de99c21735eed107d22cf1d5afb5,html_question_div,fill_in_or_graphie,True,PASS_TEXT_COMPLETE,question_div|dynamic_template,content_sufficiency_v1,False,True,False
junyi,55774e4fe357f2c70513a56a78f76bc188f2a06c0237c784636366f3a94d8271,dd249b42dbc759e382e5ededed6e1f66f7bb7504aa071b6088f58302e2cff2fa,html_question_div,fill_in_or_graphie,False,EXCLUDE_REQUIRED_IMAGE,question_div|dynamic_template|image_dependency_flag|prompt_length_risk,content_sufficiency_v1,True,True,False
junyi,1cc3df9cd537842a53657949a90003a581ff9b07abeffa5ee94cfd7bca8571bd,1e200801b35e1a403040ec3a64031f72022fde27893a0029bf9b2ec2676fb5b6,html_question_div,fill_in_or_graphie,False,EXCLUDE_REQUIRED_IMAGE,question_div|dynamic_template|image_dependency_flag|prompt_length_risk,content_sufficiency_v1,True,True,False
junyi,fb2284113c37cf453419836fb020c7301c81a6e345cb81db92c69a113fa2688d,f0c1eff28554f73809439c1d9d6337190e17fd40f898b26b23877e894b6454f5,html_question_div,fill_in_or_graphie,False,EXCLUDE_REQUIRED_IMAGE,question_div|dynamic_template|image_dependency_flag,content_sufficiency_v1,True,True,False
junyi,19e9c5c913c878044ff662f3dd5508c4d491081c76b7f1e5664a853a97fda5f2,34f069beb150567fffc37891387a29b6a0e4bcf452a6a9ee875101471047a075,html_question_div,fill_in_or_graphie,False,EXCLUDE_REQUIRED_IMAGE,question_div|dynamic_template|image_dependency_flag,content_sufficiency_v1,True,True,False
junyi,082efcd5c47fb0d0dfd5786c77dbeac25efb71e8f69056107fa08ec162bf2d35,e943f73aba59c3bd7ec944df99d5ce7342d5f4e05a3cc610bf383bdcb5d28d28,html_question_div,fill_in_or_graphie,False,EXCLUDE_REQUIRED_IMAGE,question_div|dynamic_template|image_dependency_flag,content_sufficiency_v1,True,True,False
junyi,d9261797388d72f0ef1d6897f9b5df6be169f56b98942a3185fbcd64e236c3db,a27bc7d7ba8fddb53feea095c88660a84a7e501dcde901527be9bb4b03c6afc3,html_question_div,fill_in_or_graphie,False,EXCLUDE_REQUIRED_IMAGE,question_div|dynamic_template|image_dependency_flag,content_sufficiency_v1,True,True,False
junyi,f854988c536630eed584a258029333657a7445adc953abe1ef3181a47f69d2a5,7380c9216620c770c55d7b650dd3bcb629315f8c504311761f3cb2a0d7a649d1,html_question_div,fill_in_or_graphie,True,PASS_TEXT_COMPLETE,question_div|dynamic_template,content_sufficiency_v1,False,True,False
junyi,9a0e1cd306ee1ff22ead73b70fbbf9ad28682c79c18bdd2a60aff423e1c9b25c,cf784c5f74b60e018a8fe6c407b792b542d5647bdbbbab058f8ed87bf58a4900,html_question_div,fill_in_or_graphie,False,EXCLUDE_REQUIRED_IMAGE,question_div|dynamic_template|image_dependency_flag,content_sufficiency_v1,True,True,False
junyi,d29758b28faaf07c7bcfed23d748f794bc2aa24cfa87915d4d0a99a262e52407,d61c00ef2d216bfd16e0345845b8ae62a3e26ea1e2374d7dd69c6fc28701c0d5,html_question_div,fill_in_or_graphie,False,EXCLUDE_REQUIRED_IMAGE,question_div|dynamic_template|image_dependency_flag,content_sufficiency_v1,True,True,False
junyi,6b468257ac828347f60b23a837523b58b92bf8c9a2bdec99082f56b08f10680a,7d37e5cb28f232e274868fdc704960838870aa9803cab4abc964281f4b026623,html_question_div,fill_in_or_graphie,False,EXCLUDE_UNRESOLVED_TEMPLATE,question_div|dynamic_template|image_dependency_flag,content_sufficiency_v1,True,True,False
junyi,2074d0b82ebaff789cc90b17fd16659ee3c82b557dd5dd6a5e2a8ca92aee0b31,bdd4f289115c81550cad4d9d06c022c0a27dcd62d16e69936009957da86bed25,html_question_div,fill_in_or_graphie,True,PASS_TEXT_COMPLETE,question_div|dynamic_template,content_sufficiency_v1,False,True,False
junyi,cb19137accc338fba6c3430b89875a7e53f502b74b07f501feb487b0145377aa,db21f20588e878d656d3b5b614c7375a8317c74c062dccc84b308f8075351caa,html_question_div,fill_in_or_graphie,False,EXCLUDE_REQUIRED_IMAGE,question_div|dynamic_template|image_dependency_flag,content_sufficiency_v1,True,True,False
junyi,ac8cca772f1e4f91fc08eba39e5ed49139673367b5e9e8fdeacf2622d94c8ae0,cbe318938500d177575791d126cf0cb8fc72cc419855ebd0e79740a9fcfac3ab,html_question_div,fill_in_or_graphie,True,PASS_TEXT_COMPLETE,question_div|dynamic_template,content_sufficiency_v1,False,True,False
junyi,9a50fd4eec1453d8c5d3a494923004738dc6d22badfa9e33ee4d4c70bc9a6f09,444c16d636e63d3cad618d5d5ccd1f0cc7bbd1446ae0553b7d3192962f5a01b4,html_question_div,fill_in_or_graphie,True,PASS_TEXT_COMPLETE,question_div|dynamic_template,content_sufficiency_v1,False,True,False
junyi,dc40621a00c486848769e3c0aaf8c386fcf01b8efcbaba2599e36f9cd1654638,fa48ab7b6767ae27142d7db57c4bfbb8bc8c21bac9a97e87e4f2915c38588217,html_question_div,fill_in_or_graphie,True,PASS_TEXT_COMPLETE,question_div|dynamic_template,content_sufficiency_v1,False,True,False
junyi,17860a70edc7dc3c81cf1a4b380a070c09c7efcbb5edb66c0bfc1993dd0c8e3f,645fc5e0d91e1c5ce6c6f1c773ba890d5cccfac061999083379f84c3c0d6b59d,html_question_div,fill_in_or_graphie,False,EXCLUDE_REQUIRED_IMAGE,question_div|dynamic_template|image_dependency_flag,content_sufficiency_v1,True,True,False
junyi,1c9ac1d32719fab0bcac5cbd7ede549089a316a4736bf61f5df3d9b3dcf0f4cd,1152280bb547ea05446e95fa4d1724721aecb5322713eb3e2555b4d18695508a,html_question_div,fill_in_or_graphie,False,EXCLUDE_UNRESOLVED_TEMPLATE,question_div|dynamic_template|image_dependency_flag,content_sufficiency_v1,True,True,False
junyi,c95589b0c580431acc58536b7ddb74d9775c190bb4f83ecd5006cb543b099d45,b19ef2716b4fc160e8bd966baa16fda26ae01e02b738cf7e35e99224a1599447,html_question_div,fill_in_or_graphie,True,PASS_TEXT_COMPLETE,question_div|dynamic_template,content_sufficiency_v1,False,True,False
junyi,c68ef39b226997eb2f5ec0153f0aa86437f605c38fc50d87390a12b9000a4b5b,240502579e9715eb2181d53b596b2620b76481f8e5fd83a6d27c4e1e247e2ed2,html_question_div,fill_in_or_graphie,False,EXCLUDE_REQUIRED_IMAGE,question_div|dynamic_template|image_dependency_flag,content_sufficiency_v1,True,True,False
junyi,15b1fe63fc59411f7acb5fdf4345a387a5fdb61d9e21aa4ac7f7130f2f7d7ea5,5ce6f79d502fbd41a0c6a4e376d1fe7fcc4426527acce620b9086544af464238,html_question_div,fill_in_or_graphie,False,EXCLUDE_REQUIRED_IMAGE,question_div|dynamic_template|image_dependency_flag,content_sufficiency_v1,True,True,False
junyi,a93ec8b0f1cb5442510a449cfc390c980242fe854bd0a8faea1dea0adc1b6246,799f2766c73fb456d27d38552a174776192b99da0f21b140e53f0431089223a8,html_question_div,fill_in_or_graphie,False,EXCLUDE_REQUIRED_IMAGE,question_div|dynamic_template|image_dependency_flag,content_sufficiency_v1,True,True,False
junyi,36e281e3f4f1626ad488e629834a72d59cf8f2fdff5a81f5a324047b912d85cc,2cc429d65ab345a0117130c2f8e7f472e3a50286c6962df616da37c380308be6,html_question_div,fill_in_or_graphie,False,EXCLUDE_REQUIRED_IMAGE,question_div|dynamic_template|image_dependency_flag,content_sufficiency_v1,True,True,False
junyi,4162b792655bac426942790d2ce4c47e731581e4d209e0b9a47c0f621b1cf3c6,7fc3825174e0d3a4391330772804613c3cb5ca42e308f7a01369193f11aa88a6,html_question_div,fill_in_or_graphie,True,PASS_TEXT_COMPLETE,question_div|dynamic_template,content_sufficiency_v1,False,True,False
junyi,f1ad69f0ce39df2d65be34c5ff7da36c6e7ec922c96baae737ca6d6e9c575fac,f729befa359d9d5b0d9a4475966551678058af7870e3793350fbed576dba780f,html_question_div,fill_in_or_graphie,True,PASS_TEXT_COMPLETE,question_div|dynamic_template,content_sufficiency_v1,False,True,False
junyi,d8df6ecb1cbd0c6f9e9bbb70f7826655142d91df7bdb6ad5448ae45f740d4795,bf6cf1b818d3b2ed4f42cb6e798a7373553a107c914c22b2707fc37a969e237f,html_question_div,fill_in_or_graphie,False,EXCLUDE_TRUNCATED_CONTENT,question_div|dynamic_template|image_dependency_flag,content_sufficiency_v1,True,True,False
junyi,7ba6a83ed103d9429888bbf4d16b118f4d036b3595b0aede7eb169ee758d11fb,037281e0151ae5a1a07776dcb390745445007ef647c1e4bb81f7bfa77e7d441a,html_question_div,fill_in_or_graphie,False,EXCLUDE_UNRESOLVED_TEMPLATE,question_div|dynamic_template|image_dependency_flag,content_sufficiency_v1,True,True,False
junyi,4f8aea61a5324dac74e6cf0e9ffd48d9c1a6804643e6fb6cd3981d4d67af3d6e,4b39bb069b456438eb3061282d3ebf56a17a97a92b566257f17e6be0f4e1a118,html_question_div,fill_in_or_graphie,True,PASS_TEXT_COMPLETE,question_div|dynamic_template,content_sufficiency_v1,False,True,False
junyi,8814286a16c879ccab38630c5448d6e6b109f368db170e39884d40729be282ce,12b122d561d033f5aa47f2af88a3bb22d4b69a5ad199e221d46471c5ec78dd86,html_question_div,fill_in_or_graphie,True,PASS_TEXT_COMPLETE,question_div|dynamic_template,content_sufficiency_v1,False,True,False
junyi,4a077dd91a42439433dbf0916f92273f35e67cdef0bd8a1ee0e9e86f54b5aa63,1ec6cbfe39d95055e6ddca07c594d5d667536c2f3826636ca5c5e327a9366594,html_question_div,fill_in_or_graphie,True,PASS_TEXT_COMPLETE,question_div|dynamic_template,content_sufficiency_v1,False,True,False
junyi,09bd6a4fc716ec3b63ce404d910be3ea998e63df51617e22a9133c7c04a34218,073771eb6422993ae3468ec00a5081f29d0312b76a25591fca47fc32bc417b7c,html_question_div,fill_in_or_graphie,True,PASS_TEXT_COMPLETE,question_div|dynamic_template,content_sufficiency_v1,False,True,False
junyi,9b1cb953b3cecbc48d75bf925500a3feb22c89a34e1ffe00095b0de566e0d90c,aeb3a57dbdf5259c7ed26f3e3f0e5a7d97bf6ee83e712e8578a077b0740008c6,html_question_div,fill_in_or_graphie,False,EXCLUDE_REQUIRED_IMAGE,question_div|dynamic_template|image_dependency_flag,content_sufficiency_v1,True,True,False
junyi,b8d684abd4de18ca63b4599e7238f4a516f1d5a15c0f8473d9a6c5683d7b86d1,aeb3a57dbdf5259c7ed26f3e3f0e5a7d97bf6ee83e712e8578a077b0740008c6,html_question_div,fill_in_or_graphie,False,EXCLUDE_REQUIRED_IMAGE,question_div|dynamic_template|image_dependency_flag,content_sufficiency_v1,True,True,False
junyi,0523ec86fad8d75f018334afda33499ec5f60a1c3e41fe8d51e2c5ba6f45ab53,aeb3a57dbdf5259c7ed26f3e3f0e5a7d97bf6ee83e712e8578a077b0740008c6,html_question_div,fill_in_or_graphie,False,EXCLUDE_REQUIRED_IMAGE,question_div|dynamic_template|image_dependency_flag,content_sufficiency_v1,True,True,False
junyi,4fd1b2354d46d7bd550df7c6cd2b98d62b4520c3e7b397e5596dcb1c06589075,aeb3a57dbdf5259c7ed26f3e3f0e5a7d97bf6ee83e712e8578a077b0740008c6,html_question_div,fill_in_or_graphie,False,EXCLUDE_REQUIRED_IMAGE,question_div|dynamic_template|image_dependency_flag,content_sufficiency_v1,True,True,False
junyi,6d4c7f793c4ed52fdb7f366bafc3d5c7a297ecad6966b317300b6910b25411b7,5d2c18e2795b1ac224d0a2f88016e9ca1e65292237c53429387eff372e6ad0e3,html_question_div,fill_in_or_graphie,False,EXCLUDE_REQUIRED_IMAGE,question_div|dynamic_template|image_dependency_flag,content_sufficiency_v1,True,True,False
junyi,a4219de87a679e66ce3ef8d84cdef7a8ad21e528fccbaedfbbcf362debcb75e2,6b03ac5ad9d737be73a17ab22c707b4eff7abd6cf202319f81827639c93de47a,html_question_div,fill_in_or_graphie,False,EXCLUDE_REQUIRED_IMAGE,question_div|dynamic_template|image_dependency_flag,content_sufficiency_v1,True,True,False
junyi,9a3c91d4c91cb6313a25d2ddfd65ad57fdd7e583ef0dd8c42d26919337de0a72,5381fa79cd4d17de909866011f244ee60bd8a6d3df361c21d5742c1dcdc37327,html_question_div,fill_in_or_graphie,True,PASS_TEXT_COMPLETE,question_div|dynamic_template,content_sufficiency_v1,False,True,False
junyi,cb07aae1bb1198e858e37d1c5853ea587d98e61dc5f7bce37fd27b72d6c1ef57,45918be1f6a7487877abd316d265aec17dc041fa054d4c49f43503b745232aee,html_question_div,fill_in_or_graphie,True,PASS_TEXT_COMPLETE,question_div|dynamic_template,content_sufficiency_v1,False,True,False
junyi,0d5e75bb015904591ac304c00d951be77f7e0a8ebae71e7f763423729e5cdd1e,9e8e1bbb96f8efae44e80423ca249f1e2efa36303925acfbf27f858948859d40,html_question_div,fill_in_or_graphie,False,EXCLUDE_REQUIRED_IMAGE,question_div|dynamic_template|image_dependency_flag|prompt_length_risk,content_sufficiency_v1,True,True,False
junyi,1a43b056ba59aedb9f2984ee2a1641edefeea785b205a514f1013096af852c6a,d7c6df00f37b6b3a4cc8fbf40b868ea091cbc6893cc6a1c3ae27e4f85685882e,html_question_div,fill_in_or_graphie,True,PASS_TEXT_COMPLETE,question_div|dynamic_template,content_sufficiency_v1,False,True,False
junyi,4d7c83b18bb83da6c45644d820ded39cf3ce094f24f4e646a32e12101076c781,0a40e18c3e65e8e8eb9983b73f9850c9d9fd6e424b0e28f6c1e1a9a201d28316,html_question_div,fill_in_or_graphie,False,EXCLUDE_REQUIRED_IMAGE,question_div|dynamic_template|image_dependency_flag,content_sufficiency_v1,True,True,False
junyi,4ea4de2edccdbf3360dcd7fed3d5b1c2ce4a497a46935cd60d79735f50c5c2bc,0a40e18c3e65e8e8eb9983b73f9850c9d9fd6e424b0e28f6c1e1a9a201d28316,html_question_div,fill_in_or_graphie,False,EXCLUDE_REQUIRED_IMAGE,question_div|dynamic_template|image_dependency_flag,content_sufficiency_v1,True,True,False
junyi,d4effd124cd852a73f2207e4b90d73ce8da351cec09549031a437f80eaa71be1,d08c68456932c9f1c7557368f94e234f0e69bffcb9f305623f3693ad244d70d9,html_question_div,fill_in_or_graphie,False,EXCLUDE_REQUIRED_IMAGE,question_div|dynamic_template|image_dependency_flag,content_sufficiency_v1,True,True,False
junyi,4b71947bc7580f5a3b30179ad496e0d94424a61142027fd93218a2105a0ffba6,c7fdfe6920efab4c975adebb01b2a0d50651b2c6719b69069e95310e57b3c0c4,html_question_div,fill_in_or_graphie,False,EXCLUDE_REQUIRED_IMAGE,question_div|dynamic_template|image_dependency_flag,content_sufficiency_v1,True,True,False
junyi,88b25c11a6555a3af95ccb43e00a0d0ab6f42af31e7c4b71206db1e9404d81d6,c7fdfe6920efab4c975adebb01b2a0d50651b2c6719b69069e95310e57b3c0c4,html_question_div,fill_in_or_graphie,False,EXCLUDE_REQUIRED_IMAGE,question_div|dynamic_template|image_dependency_flag,content_sufficiency_v1,True,True,False
junyi,5c3965451e3da516b54d99937d0c5a45c3696bdc6fbaf335b74fcda045fabadd,7d1a6c762b1cfa1d815ca1546d1fb5130e2a1e723671d9a152addc3edf0df4aa,html_question_div,fill_in_or_graphie,True,PASS_TEXT_COMPLETE,question_div|dynamic_template,content_sufficiency_v1,False,True,False
junyi,cd756465aa8b7cbebb503fa194336c6dee582fb013d08dfd67293a8ca5d75cfa,fdf27344348802e3c6d99f611758874327cca33f9e88f7a1a9eaed16706a8571,html_question_div,fill_in_or_graphie,True,PASS_TEXT_COMPLETE,question_div|dynamic_template,content_sufficiency_v1,False,True,False
junyi,ab8624e876a9bd23246fc80666dbe96b223a6e55d5aee283860deecf631db64d,bc7b3705e0e2a6e8148ba150597b4c7526a8d0e99d52c68bf9ec4d8fde6229eb,html_question_div,fill_in_or_graphie,False,EXCLUDE_REQUIRED_IMAGE,question_div|dynamic_template|image_dependency_flag,content_sufficiency_v1,True,True,False
junyi,1711cefe8939cfda170b6509a0e3accbcf57a32ad8888fa0a548efb7a158847d,ee9d7239a73abeb7530ba8bf3c1004b9168c96b52782ee7ddf7abf38075ff887,html_question_div,fill_in_or_graphie,True,PASS_TEXT_COMPLETE,question_div|dynamic_template,content_sufficiency_v1,False,True,False
junyi,8ed31852c1a9236596a8f3dff80e6b9cb648f1cf58d3fa69479b2410929171fc,9c2003aa92ff18e5d9ac7a78b9b2c0c4c4a502917216385dd7b3683a0e33002f,html_question_div,fill_in_or_graphie,False,EXCLUDE_REQUIRED_IMAGE,question_div|dynamic_template|image_dependency_flag,content_sufficiency_v1,True,True,False
junyi,172dbfd15a8143f71ca7324970ed16b55a7108b62dab468387b565f381f61816,e5bfb61ae17a91d8c50110410dc92c73aa14366e3b818d6454f92e5fbd8cc03d,html_question_div,fill_in_or_graphie,False,EXCLUDE_REQUIRED_IMAGE,question_div|dynamic_template|image_dependency_flag,content_sufficiency_v1,True,True,False
junyi,a179a3cdda98e611f4f9aa81910782a56e29910802544952dbea7b1b54d347b0,ea4dd1c57460edf413af06b6b2882a2ee73ae978e8fac75ba21419b737de9eb5,html_question_div,fill_in_or_graphie,False,EXCLUDE_UNRESOLVED_TEMPLATE,question_div|dynamic_template,content_sufficiency_v1,False,True,False
junyi,07d88093c0133e4defa455b56cbae794daedb8d2e1b431135dbeaf5f7abf7443,af3d8e91f183cda5fe6427ea7a538240ae45a2d24b1db625eb3f515c2f0f359c,html_question_div,fill_in_or_graphie,False,EXCLUDE_UNRESOLVED_TEMPLATE,question_div|dynamic_template,content_sufficiency_v1,False,True,False
junyi,2969476466610e3e567ca97982f1eba4963344e8e69050b72c70fde627e6c528,2aeeb9d622e2b5034b428396fd7c30fbcb62cf934d87e3a74f11290abfd89ccf,html_question_div,fill_in_or_graphie,False,EXCLUDE_UNRESOLVED_TEMPLATE,question_div|dynamic_template,content_sufficiency_v1,False,True,False
junyi,5ac618fe3138ddc5820726aaf7c977b771a073bd7789ada681acbb56e20f6d9f,58aef85f4e6b7eed8e3eb0f0e99cda7410ec3951ccb8cd36b1df593fa042e940,html_title_fallback,fill_in_or_graphie,False,EXCLUDE_TITLE_ONLY,image_dependency_flag,content_sufficiency_v1,True,False,False
junyi,842d89a2093613d6d2ab123734fc8089ff67b29a5c8c1a022cc6c78440d75d12,ec512378773ac7ec8277b4de3f2c634305a02a19fd21bdce249497f3632293df,html_question_div,fill_in_or_graphie,False,EXCLUDE_UNRESOLVED_TEMPLATE,question_div|dynamic_template,content_sufficiency_v1,False,True,False
junyi,cd6574869b1d1b3d59a2ae91954a7882b7098de742541967de5ccdb86497b9c3,4115316ab964383ce5fb6a851885ca85dbece0be0a30bc27e3c3b0fbf7d74aa4,html_question_div,fill_in_or_graphie,False,EXCLUDE_REQUIRED_IMAGE,question_div|dynamic_template|image_dependency_flag,content_sufficiency_v1,True,True,False
junyi,4a10d6194fefb7f13ba5fe01838f0339a73eec2d09180dfec18029ce15ec2afa,7eefdd9af5b87ba9bd04331139194b61ebb17d123c31ba66553fc5a522199ce1,html_question_div,fill_in_or_graphie,True,PASS_TEXT_COMPLETE,question_div|dynamic_template,content_sufficiency_v1,False,True,False
junyi,5b3dde2048bfbfc7bd03bfd850641defed2ed8f07eeacb976dd0ab0b5ffce1c6,961632908a10edbadaec9945327e6c31c24989110fbb13c693be17b905952e2b,html_question_div,fill_in_or_graphie,True,PASS_TEXT_COMPLETE,question_div|dynamic_template,content_sufficiency_v1,False,True,False
junyi,b3fafb816b75e5144f221110c658776ed1dc78c292c12b2288ea7dd2d057fc8e,126289feeeacfcb42c376d16f79fcac6f58dad7e687b350aebca6fe22eb58ab2,html_question_div,fill_in_or_graphie,True,PASS_TEXT_COMPLETE,question_div|dynamic_template,content_sufficiency_v1,False,True,False
junyi,4fbaf3f0b983a4b2091959c83087c06c009f53f7b23d80afe818953ae54dea5f,bddd7e82f44d35ea35706c701aea6f351efafd8c13736283748f01b8a3d2ed73,html_question_div,fill_in_or_graphie,True,PASS_TEXT_COMPLETE,question_div|dynamic_template,content_sufficiency_v1,False,True,False
junyi,70489571a5f1492ee12c5c7f975fb555215ad8f1249b6d3a569971aa0dd8aa8b,6ac22ec3496be6642c8ba47a8073b21eb229ebe855a05d400285e55c29f7aca6,html_question_div,fill_in_or_graphie,False,EXCLUDE_REQUIRED_IMAGE,question_div|dynamic_template|image_dependency_flag,content_sufficiency_v1,True,True,False
junyi,c07ef48858bd20f042a062bf9674f0136bd4f9244309f762977ec3770e3d92b1,c0a003f231fb1efe8d4ad04e5c0a9a54a58b151a7bc9576c11b89c1b44ab4bf8,html_question_div,fill_in_or_graphie,True,PASS_TEXT_COMPLETE,question_div|dynamic_template,content_sufficiency_v1,False,True,False
junyi,a5728080d50e31920c4f7abc1422bd511143b0fe3ae5fd84c05c54f34a218b9c,d101918442e2c55bb1a35d04ab5569014c20b1def3ce72131a9b06cd7249d5b8,html_question_div,fill_in_or_graphie,False,EXCLUDE_UNRESOLVED_TEMPLATE,question_div|dynamic_template,content_sufficiency_v1,False,True,False
junyi,f01060870fc51d6f8aafb27dbe4e8b0f248a4a2bec8c0c44adb39e66dee7b4d2,dcf6d15a545b09f008ff250d2f1acb3152421ed6ecd0d3b7758ce1c46d1950a7,html_question_div,fill_in_or_graphie,False,EXCLUDE_REQUIRED_IMAGE,question_div|dynamic_template|image_dependency_flag,content_sufficiency_v1,True,True,False
junyi,aeed216f91d357309c118a33d9dc7b5f28a008308ed0c45f60dd7b3a1ec967ec,b06284bb07d29ac4efa024f63287e3d8eeb590ddd94ac31f3ae4d57522ea2c7a,html_question_div,fill_in_or_graphie,False,EXCLUDE_REQUIRED_IMAGE,question_div|dynamic_template|image_dependency_flag,content_sufficiency_v1,True,True,False
junyi,5c4dd4cfedd95bdcca17851dd62a0ca5f1e65a22aa449c12e2c781743f955cfc,39585e85dbcae801ebb4329bc6d76247720f1ad4d491b29f6ce21ae66cfab4e9,html_question_div,fill_in_or_graphie,False,EXCLUDE_REQUIRED_IMAGE,question_div|dynamic_template|image_dependency_flag|prompt_length_risk,content_sufficiency_v1,True,True,False
junyi,6f8ee21766872db8ced65baa7017bfc31b9716e24509e2fbaf32941609134997,36ca051bbe0350a68daac3f11d530b5c8e3682d7ad293cabdbb97a0adf959cbf,html_question_div,fill_in_or_graphie,False,EXCLUDE_REQUIRED_IMAGE,question_div|dynamic_template|image_dependency_flag|prompt_length_risk,content_sufficiency_v1,True,True,False
junyi,b06451c1f55382f342c5e13be55991eeb4bcefba4c122db7e3833fe5d5f1795f,8851787a9926dc070abf00daa77250c7ef73ea79720ecaef835bb7154c907434,html_question_div,fill_in_or_graphie,False,EXCLUDE_UNRESOLVED_TEMPLATE,question_div|dynamic_template,content_sufficiency_v1,False,True,False
junyi,887886fe158de73a08b689854e383715659152286cea25b4a24234890435089b,c7b4dd12a6d4730f69bcb80a2320c83569f1a6bca0eac82e50d75721dc1abf63,html_question_div,fill_in_or_graphie,False,EXCLUDE_UNRESOLVED_TEMPLATE,question_div|dynamic_template,content_sufficiency_v1,False,True,False
junyi,11b46816a64ba2286053feeb8877ebfa26cd83770935a644d1fcd3beb8f26b95,392674f77e85329cbd11383bc8f2fe2a29d45d661b9014c9ce2d1068a3c5d31d,html_question_div,fill_in_or_graphie,True,PASS_TEXT_COMPLETE,question_div|dynamic_template,content_sufficiency_v1,False,True,False
junyi,f60432c8738755d8f65eceb862e8051cd7069264e8863be60b069255d91eb978,b4d741d26a0ae522a3ec2097b99d61679d97b24de6b2174c5b02e5ba0cd5a014,html_question_div,fill_in_or_graphie,True,PASS_TEXT_COMPLETE,question_div|dynamic_template,content_sufficiency_v1,False,True,False
junyi,e95db47bb37618d8da27bb769e4f860f39b9635ccdfc8b2deecd04c6c8272431,a2c50a3b528f80d3240c6c5771a566ef78ae2aec32a4b576bb562a5f7a723156,html_question_div,fill_in_or_graphie,True,PASS_TEXT_COMPLETE,question_div|dynamic_template,content_sufficiency_v1,False,True,False
junyi,0f9b94984fe2f7e0af11cc1e8e259a7c1b4e6fb4794f3dd3fe9d649dfc058481,3829c1293dbcaee5623bc13197dcd3f298708dc06260f5715e4f8ae988897bd4,html_question_div,fill_in_or_graphie,True,PASS_TEXT_COMPLETE,question_div|dynamic_template,content_sufficiency_v1,False,True,False
junyi,d0965902005ed9f91b6709a6160b843f1f02d1755f77583d5466a58c3911d1e3,8688c3fd5117feea8f31f50a5ab05d93b860b750c41af8d01bdf9c6b4edfd71f,html_question_div,fill_in_or_graphie,True,PASS_TEXT_COMPLETE,question_div|dynamic_template,content_sufficiency_v1,False,True,False
junyi,d224d9549aa768d17d94e7a3fa570994630dd5f41eb128b446809a23d445a547,8688c3fd5117feea8f31f50a5ab05d93b860b750c41af8d01bdf9c6b4edfd71f,html_question_div,fill_in_or_graphie,True,PASS_TEXT_COMPLETE,question_div|dynamic_template,content_sufficiency_v1,False,True,False
junyi,1c879f48adac51dc0d348b9492deb31ea394d7e5f35e496557782467bd311e66,4fadbe67c9f8e474726adb30edcab897151477e591bfcfe34261b446cd916475,html_question_div,fill_in_or_graphie,True,PASS_TEXT_COMPLETE,question_div|dynamic_template,content_sufficiency_v1,False,True,False
junyi,872f7d9e4372a002eb78129db97e9012a96f7772abb6e5ad6ada9d318b697535,ce363b69ca13d427d0d4b589a7580ed70c066e5bc1f5d39609346bd1e9ac5f2a,html_question_div,fill_in_or_graphie,True,PASS_TEXT_COMPLETE,question_div|dynamic_template,content_sufficiency_v1,False,True,False
junyi,4532be02bd595ea1985ef1bb3a747181002d6124afeebdfb4e3dc91522681c56,e9f8458c6413fee4089116975d5f35192e779c41ec3f6fe88c6409ca2f776776,html_question_div,fill_in_or_graphie,True,PASS_TEXT_COMPLETE,question_div|dynamic_template,content_sufficiency_v1,False,True,False
junyi,9a6e660fb7879886571e33c6acce80ca8a46d68e874618282e9ad5d8e65f4720,8c4030fd5e326d54494764580ca0a638c4d8d5756dfcb6f5619bc5136e763f1c,html_question_div,fill_in_or_graphie,True,PASS_TEXT_COMPLETE,question_div|dynamic_template,content_sufficiency_v1,False,True,False
junyi,270865d789eb32a138eb599d44fdce23ad35f4422b2a00eca0c23648bbe98295,d6144942b57e807e68e2d2cf9ac7a0f80db3e48ff2571e3ce467a7c8cb763e0c,html_question_div,fill_in_or_graphie,True,PASS_TEXT_COMPLETE,question_div|dynamic_template,content_sufficiency_v1,False,True,False
junyi,dcee2c013077309f7c9d0afcf1999571acdf6572f1bb76507b3c146c6a555538,7792b5320208c29d9f3b07d93b234a93edb8a2d2f30cd87f661ec20c929949c6,html_question_div,fill_in_or_graphie,False,EXCLUDE_UNRESOLVED_TEMPLATE,question_div|dynamic_template,content_sufficiency_v1,False,True,False
junyi,e118e6cd1a674e0c3f4b0533af7e816fd34c9b36c48685b3c17479571c9b1437,ceed4da85de07ef5d9cd5c8081c3c2a8c07836e6183ec831195b314a47b74596,html_question_div,fill_in_or_graphie,False,EXCLUDE_REQUIRED_IMAGE,question_div|dynamic_template|image_dependency_flag,content_sufficiency_v1,True,True,False
junyi,4e25fe0596f7a947d5c6690ac71e901ffd1b18a298afb980192c6c651665e358,7792b5320208c29d9f3b07d93b234a93edb8a2d2f30cd87f661ec20c929949c6,html_question_div,fill_in_or_graphie,False,EXCLUDE_UNRESOLVED_TEMPLATE,question_div|dynamic_template,content_sufficiency_v1,False,True,False
junyi,5e203a81f924a5dbe6557a6d56f5cdd3eb2af7f0b067c685db8c9b4811687209,880b3bb98c8148cf7b728ff850ce0a3f8fa2d7f1cefc7357264a875d04238ce1,html_question_div,fill_in_or_graphie,True,PASS_TEXT_COMPLETE,question_div|dynamic_template,content_sufficiency_v1,False,True,False
junyi,941c6fe5163cbc552ea8144be7b22d5fd693452ef39b3b49cd911f4ad874dce3,430271e79fd0dabb3a855cb085de3799eccea87ed1aa8dc630af18cc655801e7,html_question_div,fill_in_or_graphie,False,EXCLUDE_REQUIRED_IMAGE,question_div|dynamic_template|image_dependency_flag,content_sufficiency_v1,True,True,False
junyi,529738a41761e5bcc813dc5ff8001c50e7fa4473f3b28409592afc55a4c3400c,c8884cf481bb9fa6f15c4ee45d692ab1894d91b63cae94553d210e0845e430a8,html_question_div,fill_in_or_graphie,True,PASS_TEXT_COMPLETE,question_div|dynamic_template,content_sufficiency_v1,False,True,False
junyi,f18060dbc142592efa14734df94cd561685737592c92afacb03d3c8382e7e101,b1e3e80db690d2446a928a57305866a9e3aecd23c9ad3efdcac29f55a8875f20,html_question_div,fill_in_or_graphie,False,EXCLUDE_REQUIRED_IMAGE,question_div|dynamic_template|image_dependency_flag,content_sufficiency_v1,True,True,False
junyi,99e723e9202870fd13caff21043b8fd846d7827044f23105829c8d89af77b4a7,fc202b30ffc01d81018bdd164f2a5ba1041b39ab5fc927c1651eb2a09398ff31,html_question_div,fill_in_or_graphie,True,PASS_TEXT_COMPLETE,question_div|dynamic_template,content_sufficiency_v1,False,True,False
junyi,bca6a38b54625727d66f9be3c5fe0d3870583386a26b5b3ce82bb54bfbbaed1a,5d611e7b1d1a2f3c8b86e8127743100c208cbf78f4541f190e9172e246681cbe,html_question_div,fill_in_or_graphie,False,EXCLUDE_REQUIRED_IMAGE,question_div|dynamic_template|image_dependency_flag,content_sufficiency_v1,True,True,False
junyi,4a131d03d3ada51db42a7bc183c481583c69e52fb9a35d10b11759e4a6823a9b,e447808bd95f66aae5680dcb827895b00919fd65d4e1690bf014224f987919c2,html_question_div,fill_in_or_graphie,True,PASS_TEXT_COMPLETE,question_div|dynamic_template,content_sufficiency_v1,False,True,False
junyi,3f3086de057c9524388eb8aa3b83d4a8f591af3ad9df4431185bf7ec29b73dd8,bf17c2bff287717e42d0b1ebc73feeb03cbe9af0b5b78ab7cfe9fb32b53968b3,html_question_div,fill_in_or_graphie,False,EXCLUDE_REQUIRED_IMAGE,question_div|dynamic_template|image_dependency_flag,content_sufficiency_v1,True,True,False
junyi,0259fce22cd097ef57c6dfd89115b42c38e56d73410e3cbc7a74af31dda5c655,3dafe62877db139ea159062ae893f661f58283c6d295486a4fda72b1e1258039,html_question_div,fill_in_or_graphie,False,EXCLUDE_REQUIRED_IMAGE,question_div|dynamic_template|image_dependency_flag,content_sufficiency_v1,True,True,False
junyi,be9e4c1edb4f48ab2f2c968ba51ab2ea18f4374b88ec949d59025c9bca1bf5c0,394131fa0cba2678c93d5b46aa79d1c217393907d323b94b8ff546780c9f36a6,html_question_div,fill_in_or_graphie,False,EXCLUDE_REQUIRED_IMAGE,question_div|dynamic_template|image_dependency_flag,content_sufficiency_v1,True,True,False
junyi,31a9f3429f69d24c3cade23a4c75d78061fb55562cf9f62982dc60d97bf1c1fa,02c0a917ba7ad1b40e3db37dcc8b2010065bb6278896c37d748b05c4bd9883c0,html_question_div,fill_in_or_graphie,False,EXCLUDE_REQUIRED_IMAGE,question_div|dynamic_template|image_dependency_flag,content_sufficiency_v1,True,True,False
junyi,e7c153006d4b1a167473883e7fc83b3a29a89cfc0d3c957337c21b2af8893bb7,9e3d57c2508e8bdd54536fb2b346ffe3a805cc799fee39a2319998e44e6464ec,html_question_div,fill_in_or_graphie,False,EXCLUDE_REQUIRED_IMAGE,question_div|dynamic_template|image_dependency_flag,content_sufficiency_v1,True,True,False
junyi,4c5e68b149a76708b3cb4124794f644303352160b3821a116e43f8089c053a21,e7d3c2f550c32b6708c897e2b1886cbaa2e08e9a08d2913316f4d9969855d0c2,html_question_div,fill_in_or_graphie,True,PASS_TEXT_COMPLETE,question_div|dynamic_template,content_sufficiency_v1,False,True,False
junyi,5c11ce7007af72ce4c118b130acfb26a312b248b9f37a5654acea2a9aeb9f459,1b91659983b2c40b415f264bcebd5c45424918591a395d69b587b773b6dd7512,html_question_div,fill_in_or_graphie,False,EXCLUDE_REQUIRED_IMAGE,question_div|dynamic_template|image_dependency_flag,content_sufficiency_v1,True,True,False
junyi,72f6c38182e97af40139258d2e7f142a11f553ba510f79dd070facdb0b9cba2c,c450fa8a359a5f1d766376952e998dd749cbab5567a8bc08a0fb8be9fa6bb336,html_question_div,fill_in_or_graphie,False,EXCLUDE_REQUIRED_IMAGE,question_div|dynamic_template|image_dependency_flag,content_sufficiency_v1,True,True,False
junyi,7fe8e084c57ef6fe4260f6a32bb7d2ecd39e4db644ab87a156f265f81ff2cb44,8bef28df1ab034d21b6cec2269e71143b40d94008a4f469c75ded144e263ff4e,html_question_div,fill_in_or_graphie,True,PASS_TEXT_COMPLETE,question_div|dynamic_template,content_sufficiency_v1,False,True,False
junyi,afaaa567616bfe97227a9985be3d941a4a07df097999be71c10fb4d48bc54aee,f5d9314a4c390faabcd87d4906974b6b82afbf28e86d406ed2837d369c642708,html_question_div,fill_in_or_graphie,True,PASS_TEXT_COMPLETE,question_div|dynamic_template,content_sufficiency_v1,False,True,False
junyi,95aede2582f65341dfc066958184820756be9a84de6e474e8d21c01ca82155c3,ba733059aa10fee03161c62a8f6d2d58da4536014c6148cb54d0452bdd7eff30,html_question_div,fill_in_or_graphie,True,PASS_TEXT_COMPLETE,question_div|dynamic_template,content_sufficiency_v1,False,True,False
junyi,892bcc282f4f1a4f6311dacdedd3e4b0c1a454655ecb98a62b4931ce1f29fe37,d03bcbb97c01d54fa3d588993994b8d4d6409eabd1df83a58d9a0e026171ef2f,html_question_div,fill_in_or_graphie,False,EXCLUDE_REQUIRED_IMAGE,question_div|dynamic_template|image_dependency_flag,content_sufficiency_v1,True,True,False
junyi,50b7b3881a8f6fde9cfca5ba268b6b17361340d7b125216f18a64a62598a5c04,61bf3eb6c5674964fc7c5c6df016346f00b5a53af86fd48d0eff77de7e0232e2,html_title_fallback,fill_in_or_graphie,False,EXCLUDE_TITLE_ONLY,,content_sufficiency_v1,False,False,False
junyi,ac14911b0f6bd4d97cd494314dc22693f5d70e2638d8ecddc334b12168d828d4,12e4f58a5d2b1388b4ac1abe5cc865565397b3ea54e9400e89703b1f9cce0d14,html_question_div,fill_in_or_graphie,False,EXCLUDE_REQUIRED_IMAGE,question_div|dynamic_template|image_dependency_flag|prompt_length_risk,content_sufficiency_v1,True,True,False
junyi,af0ccc7d962363833769727e9cdbc04e10678633efb7083550c833621c559e21,adfee8fce1d71a2b7d9d78c65cca579da4cef526fbebfc365c8b068ff3511a91,html_question_div,fill_in_or_graphie,False,EXCLUDE_REQUIRED_IMAGE,question_div|dynamic_template|image_dependency_flag|prompt_length_risk,content_sufficiency_v1,True,True,False
junyi,23aa27e5e2b31eeda7e98543aed967cba010a6c31db50da0a13d8632b75d7c56,7ced441c483b1e7494c53e4594b1bfacf5f3e5dadab42bc239f274f97fdfb3c0,html_question_div,fill_in_or_graphie,False,EXCLUDE_REQUIRED_IMAGE,question_div|dynamic_template|image_dependency_flag|prompt_length_risk,content_sufficiency_v1,True,True,False
junyi,4d2230873ac97859b58de02230a49b168e851f4898d95bff8d5635b8e0b6fe7c,0dcbc76720d0d0377974ffb063e678de7a4a06db397bf0be768ba6d19496b7fc,html_question_div,fill_in_or_graphie,False,EXCLUDE_REQUIRED_IMAGE,question_div|dynamic_template|image_dependency_flag,content_sufficiency_v1,True,True,False
junyi,35046fee43a9e68f9eddc29734b128de545b218c25076f01a52ca5ba061317d7,002293c2c6e194ed9164da902937e4a829cdf86f59fe690723a7978ae456e6b6,html_question_div,fill_in_or_graphie,False,EXCLUDE_UNRESOLVED_TEMPLATE,question_div|dynamic_template|image_dependency_flag|prompt_length_risk,content_sufficiency_v1,True,True,False
junyi,cb7386c975b01ece9be0327398d47223a55a91cc67771355cf5a66ac36980aee,aec6a46631b817f1c422f9e28794d305bea23a9b34db0cf4118a0c2aec4cf3cd,html_question_div,fill_in_or_graphie,False,EXCLUDE_UNRESOLVED_TEMPLATE,question_div|dynamic_template|image_dependency_flag|prompt_length_risk,content_sufficiency_v1,True,True,False
junyi,598f6b2b1e6e83075ac58b31dde2e8351c05916325353a95ea58fada8dd80ba7,4c72caaa9bdec4f6eed1c9f66a61d731ff90fed574813cbb4be1c224cc632b63,html_question_div,fill_in_or_graphie,False,EXCLUDE_UNRESOLVED_TEMPLATE,question_div|dynamic_template|image_dependency_flag,content_sufficiency_v1,True,True,False
junyi,442903cc0e3c136cd4b0a6385133b09d8a58fb71fd73b02c6317649efc78f9cd,6b8596a263f6cb0f485f58dfd84fc1f8682f76eb6a065bef5bee71932fde4ff2,html_question_div,fill_in_or_graphie,False,EXCLUDE_REQUIRED_IMAGE,question_div|dynamic_template|image_dependency_flag|prompt_length_risk,content_sufficiency_v1,True,True,False
junyi,3cf63d3cf305020a6099293f89d64da85b64a39ebc14ed77855568311d52a8b8,c21a0a47dcdd6680a0907666b9a709dea6dadeff1abd77abf5afc587dfd7d58a,html_question_div,fill_in_or_graphie,False,EXCLUDE_REQUIRED_IMAGE,question_div|dynamic_template|image_dependency_flag|prompt_length_risk,content_sufficiency_v1,True,True,False
junyi,7d8424c18b97a2126c48595750a930908bbb62f54f8177f8453b55fef53b7005,c21a0a47dcdd6680a0907666b9a709dea6dadeff1abd77abf5afc587dfd7d58a,html_question_div,fill_in_or_graphie,False,EXCLUDE_REQUIRED_IMAGE,question_div|dynamic_template|image_dependency_flag|prompt_length_risk,content_sufficiency_v1,True,True,False
junyi,c7b35f0e1885fedfa96084842505532ff238b19c64a622bd5dbe46fc1a725d6a,c9434684451a93e40107e527eeff277e486d241fcfe9adec6cef8400aa59ae9f,html_question_div,fill_in_or_graphie,False,EXCLUDE_REQUIRED_IMAGE,question_div|dynamic_template|image_dependency_flag,content_sufficiency_v1,True,True,False
junyi,d874d34945a3f1de602cf0d442a15668d0eaf10591316838a5e2db73de8ccbca,ed60c1278423d3df1b94b972ff712a331bbe6f80d798296588736f3650e68af8,html_question_div,fill_in_or_graphie,False,EXCLUDE_REQUIRED_IMAGE,question_div|dynamic_template|image_dependency_flag,content_sufficiency_v1,True,True,False
junyi,6156b04b27d5d2e28868567b114d12719a63af6c0b8cf94a67d1d3234860ce79,4642c98f1a81cb1f16eceefafbc5b7cec0ce9196c9174272171db8a22e763298,html_question_div,fill_in_or_graphie,False,EXCLUDE_REQUIRED_IMAGE,question_div|dynamic_template|image_dependency_flag,content_sufficiency_v1,True,True,False
junyi,f3363fd43b04c7f23a358d43c5b29c7a640bc21c8b51a7e45b57ca6767267c2f,cc9ed2f65c9b2551d4ec05d45d7fc101a55cfa36ad336c1a5445548457352b62,html_question_div,fill_in_or_graphie,False,EXCLUDE_REQUIRED_IMAGE,question_div|dynamic_template|image_dependency_flag,content_sufficiency_v1,True,True,False
junyi,9ca7b33c52c00f4d17b158c9e0847f9d13fea11104dfe66b715664a9a43681b2,58ce911242d690e3db33a735e699a39ec1d2c5b0e4924996d3eb9ecbe725c018,html_question_div,fill_in_or_graphie,False,EXCLUDE_REQUIRED_IMAGE,question_div|dynamic_template|image_dependency_flag|prompt_length_risk,content_sufficiency_v1,True,True,False
junyi,cc714fe79f92a024a12d6b16e666cfcab78287da42cef309a6d15bcd45efb355,c342470246c6149105ea27ca5c0e78e68ffee2ff64a0381837853357e9e37ba1,html_question_div,fill_in_or_graphie,False,EXCLUDE_UNRESOLVED_TEMPLATE,question_div|dynamic_template|image_dependency_flag|prompt_length_risk,content_sufficiency_v1,True,True,False
junyi,e80596731295702800e67f7c680cf329abf36ee3b23a1634aa14653fb3fef35c,f1b61086b2f6c43a136a92830d051311de8b0db519eece0dfd12a9b71ffde4c8,html_question_div,fill_in_or_graphie,False,EXCLUDE_UNRESOLVED_TEMPLATE,question_div|dynamic_template|image_dependency_flag|prompt_length_risk,content_sufficiency_v1,True,True,False
junyi,e74a43e87b9a797230228905ea9787cab1730d99f9c6ac086e16fa22d1230e4a,71cdf3a7be358dbfb8015f1fa495c0f6f400262f80b5a81e165c032434afe9ca,html_question_div,fill_in_or_graphie,False,EXCLUDE_UNRESOLVED_TEMPLATE,question_div|dynamic_template|image_dependency_flag|prompt_length_risk,content_sufficiency_v1,True,True,False
junyi,d94a2daed9bcf2f0a4b664e0dc89bb33a71edc414b49e12572011ca5c8cbed68,d48961f062ffe7da7658b9822baea6ee255952c4686d1086ab07a14d41d30c44,html_question_div,fill_in_or_graphie,False,EXCLUDE_REQUIRED_IMAGE,question_div|dynamic_template|image_dependency_flag,content_sufficiency_v1,True,True,False
junyi,bc51bdc7685501e1c3e29f87fbce8bfbd8dff82afc97e3acea92e36237fc6aef,b6063751cbf8dc96df9d3df55649d0d111406f0c9f1ddffddb77a07945543c2d,html_question_div,fill_in_or_graphie,False,EXCLUDE_REQUIRED_IMAGE,question_div|dynamic_template|image_dependency_flag,content_sufficiency_v1,True,True,False
junyi,154ea34deea2b01d85c00365aa75630dae0b02627968de3f34e15ac38e9b8cae,f09eaebabff2492eb60b7d07e21d23b7ff87463c9c2f9dea93e9aad647e09c44,html_question_div,fill_in_or_graphie,True,PASS_TEXT_COMPLETE,question_div|dynamic_template,content_sufficiency_v1,False,True,False
junyi,a967db6448d4b54d05ec98a9095e27df8bc714425ed1866952864da619e8932b,876059dfd5055c82f60b4ced168db15b4951d63ac056cce4d1b077f532fa1f7e,html_question_div,fill_in_or_graphie,False,EXCLUDE_REQUIRED_IMAGE,question_div|dynamic_template|image_dependency_flag|prompt_length_risk,content_sufficiency_v1,True,True,False
junyi,77e020f2ffec4b236f161bc2d8c26f1596472a9cc2b56dbba83925dfae0f0f2c,554afe854e034eb045bd2fecc0944f52d939366454736ed16a8db0132d0afaee,html_question_div,fill_in_or_graphie,False,EXCLUDE_REQUIRED_IMAGE,question_div|dynamic_template|image_dependency_flag,content_sufficiency_v1,True,True,False
junyi,5fa38b91486e4118186aadd859a19cdf14c8403692e00a46df55b84c14083b75,88122d413a81f30c7b908475b0001090b924e8c5ca695e0f722e5a20377d726e,html_question_div,fill_in_or_graphie,False,EXCLUDE_REQUIRED_IMAGE,question_div|dynamic_template|image_dependency_flag,content_sufficiency_v1,True,True,False
junyi,8230dd5aca281cbf991aea15b07de0119aae8fd7ff0a1fb5ab78b5b223b245ae,52be780ab1868175096e07fb320938dce450a850cc62872247be10a5d2293e5d,html_question_div,fill_in_or_graphie,False,EXCLUDE_REQUIRED_IMAGE,question_div|dynamic_template|image_dependency_flag,content_sufficiency_v1,True,True,False
junyi,ea4abda10806096abe3f17615f99d560f9737634d43f04ec32d4af3d7d67a8c8,61ce59b343132f378d689cd9ee21dda2bc98d8c290f161e4ee1de8f5f9209fb3,html_question_div,fill_in_or_graphie,False,EXCLUDE_UNRESOLVED_TEMPLATE,question_div|dynamic_template|image_dependency_flag,content_sufficiency_v1,True,True,False
junyi,bb6bf833eedecc71de20b6779bcb90c0858bf4a6c3af6d1556dc749a1fd7b489,0f44578e61e56203b3a52038b7cbd6b8cf4a6a8c63a01c4e6b5ed42f966a3a75,html_question_div,fill_in_or_graphie,False,EXCLUDE_UNRESOLVED_TEMPLATE,question_div|dynamic_template,content_sufficiency_v1,False,True,False
junyi,c40ad73accbafd40533bbe97f8e6aa169b53cb40c7976b2eb391de7aafd385b9,6d603c14a88381d98e0e83689bee75374f9e4de4b2c95e68440677bcbd5d5355,html_question_div,fill_in_or_graphie,True,PASS_TEXT_COMPLETE,question_div|dynamic_template,content_sufficiency_v1,False,True,False
junyi,835a6095de8c6a608751da7b91a96f788a7e2fc8af06ce3b7cab1eb011bf3565,cab79cad10697e966f1f45d41136c48cd93ab82c7f970b568976f116323ba28f,html_question_div,fill_in_or_graphie,False,EXCLUDE_REQUIRED_IMAGE,question_div|dynamic_template|image_dependency_flag,content_sufficiency_v1,True,True,False
junyi,f57e86826e97024d4679bdcc1d9988761f515a516a17d16fc8bf6d7ffdc77017,889d58f110e71b8f8a55dca019f98584a195fd723a56f46696c37c60409d196d,html_question_div,fill_in_or_graphie,True,PASS_TEXT_COMPLETE,question_div|dynamic_template,content_sufficiency_v1,False,True,False
junyi,5e93bb4d38351866f07c7861232996b34aba012bcbe19304106d4bba2b49228c,41460fb33fd9e667ba1aa7427faf7d9c04692ba251242e1128935cbbea869a07,html_question_div,fill_in_or_graphie,True,PASS_TEXT_COMPLETE,question_div|dynamic_template,content_sufficiency_v1,False,True,False
junyi,cb6fb6b7dab6bf20890bcfd18882f737cc2b59567084aed1f234c0570d9e22f3,c26c81f98c868f4e7a66c276e4eeb984752c0791ac78f2bb5788e095d09e587e,html_question_div,fill_in_or_graphie,False,EXCLUDE_REQUIRED_IMAGE,question_div|dynamic_template|image_dependency_flag,content_sufficiency_v1,True,True,False
junyi,e047a2cc820dbb3ee6fdba601cda22e6acb3712ae83c9db222949590ab7c77b8,1f2a20fe12573817fbd880eb5afe45a7bfabb314039022c9facf305aff91521b,html_question_div,fill_in_or_graphie,False,EXCLUDE_REQUIRED_IMAGE,question_div|dynamic_template|image_dependency_flag,content_sufficiency_v1,True,True,False
junyi,f73344b20c3bd5d997a404060f9dabdb0a887902c93afc349aebee80460cbf9c,c26c81f98c868f4e7a66c276e4eeb984752c0791ac78f2bb5788e095d09e587e,html_question_div,fill_in_or_graphie,False,EXCLUDE_REQUIRED_IMAGE,question_div|dynamic_template|image_dependency_flag,content_sufficiency_v1,True,True,False
junyi,848f5270acffce2dbc5df5abf5a31e53d2a73981fede7b1324ab8f2ba69db871,832f59f8c8756f3f14a1942bfeba782521655de20e94b53988eb56599b262b24,html_question_div,fill_in_or_graphie,False,EXCLUDE_TRUNCATED_CONTENT,question_div|dynamic_template,content_sufficiency_v1,False,True,False
junyi,b719d367ff4b80089c34a53dbdddacdcb4b52b9bfc62c3399084b6334fcb872c,045f9c08c7a51f97a88dc728c20b4adc35b2400861078a8105f6d66645ddc184,html_question_div,fill_in_or_graphie,False,EXCLUDE_REQUIRED_IMAGE,question_div|dynamic_template|image_dependency_flag,content_sufficiency_v1,True,True,False
junyi,28c9cda29d1799f74d884900c364117ea3e4d6bf770a355ccab85cc4fc528c2c,cecdef95172f66a3582e11e9da48341d1141c7406f512f985a2d8b290b3838fd,html_question_div,fill_in_or_graphie,False,EXCLUDE_REQUIRED_IMAGE,question_div|dynamic_template|image_dependency_flag,content_sufficiency_v1,True,True,False
junyi,0a84a00e3778475c7418aa5aab174e002fa444e2d3eecdc4d21fd455c54603fe,860afbc167125038c65e3bb9c948bc2ca81ebafcb6133348418e97a417e7b222,html_question_div,fill_in_or_graphie,False,EXCLUDE_REQUIRED_IMAGE,question_div|dynamic_template|image_dependency_flag,content_sufficiency_v1,True,True,False
junyi,e5dbe23521037c268caa0d678896af5d859afd2ccd7e2f8651f1bd16882ccd80,222af83beb1c764df19d6e807e7f22669e5430a8078d8ac97497c77f31203a29,html_question_div,fill_in_or_graphie,True,PASS_TEXT_COMPLETE,question_div|dynamic_template,content_sufficiency_v1,False,True,False
junyi,04514000a9788ee66d6a2d3174efcb9764571bc868fcdebd21e9eafdb6e30747,fa5057c6d0bbb73a74ca96110ca4873103dce61560a450141b9ecd3d1e32343b,html_question_div,fill_in_or_graphie,False,EXCLUDE_REQUIRED_IMAGE,question_div|dynamic_template|image_dependency_flag,content_sufficiency_v1,True,True,False
junyi,efb6d43632ce2859a6e09cf016b94775bf8238ad33a70e5fafb4e1bd719fcc97,0378be6bf7a5aae9597b5f03da860f9a2003f4afca80075b9cbd04ec451aa0b9,html_question_div,fill_in_or_graphie,False,EXCLUDE_REQUIRED_IMAGE,question_div|dynamic_template|image_dependency_flag,content_sufficiency_v1,True,True,False
junyi,8c9ed6189b4ba28d2c8408dc358c02f766ee55ca838f8d23fa8c1d8e26599929,f46e15280a4c959e08f5cc7c152ae62406442737e68251074b98c7b63fda2552,html_question_div,fill_in_or_graphie,False,EXCLUDE_REQUIRED_IMAGE,question_div|dynamic_template|image_dependency_flag,content_sufficiency_v1,True,True,False
junyi,ca11af166006afd9a9d8f4755c0b6b744d417dd506d3b9b085a03bf5b39d8f64,d51b4ba0738469444c30aa33f8f30a0db5db73c08ac04977913c4a6941519b12,html_question_div,fill_in_or_graphie,False,EXCLUDE_REQUIRED_IMAGE,question_div|dynamic_template|image_dependency_flag,content_sufficiency_v1,True,True,False
junyi,e8b6d2e7876de95d62788713df3440fb20f6ced1a7d3fb1b0e214e2e968175eb,95361be0a098ce79542c6ffab9926d84f8d37108dc0c368b3369ec91319e57f3,html_question_div,fill_in_or_graphie,False,EXCLUDE_REQUIRED_IMAGE,question_div|dynamic_template|image_dependency_flag,content_sufficiency_v1,True,True,False
junyi,48db1d6eeecd30f37aab21bc09eaa030819bb4221ae58a31f8c844ea5e3da685,6534c1e7705dfb14853a8af964463aba351eff1751fc30aa08a9da7a26cc711b,html_question_div,fill_in_or_graphie,False,EXCLUDE_REQUIRED_IMAGE,question_div|dynamic_template|image_dependency_flag,content_sufficiency_v1,True,True,False
junyi,f33e5600ccbce13f9a85f60ee860f50988a1c32969c35a2a9f7fa8b7b85d8a5c,5c440670f9db0009079c9fc58f269eb2a001b6506e39b7acc47568a469e5c3e5,html_question_div,fill_in_or_graphie,False,EXCLUDE_REQUIRED_IMAGE,question_div|dynamic_template|image_dependency_flag,content_sufficiency_v1,True,True,False
junyi,4f9efe2fa5203551dd28dc02caf42ccc7fab7f5487b5f1a22de94a34ba0e26fc,8d4aec6a8df7b5139e836c71de625cc39fc458f3f4e758e87f6e5b24b40d030d,html_question_div,fill_in_or_graphie,True,PASS_TEXT_COMPLETE,question_div|dynamic_template,content_sufficiency_v1,False,True,False
junyi,c5c09af241c769f2d79a8c45891e01f7b8b262c67ba4443e64f605f2b1a5850b,e725c4611f3aec0f624102f77e8ed92cfda0530f7d6d7e66b98f24a4e45ef829,html_question_div,fill_in_or_graphie,False,EXCLUDE_REQUIRED_IMAGE,question_div|dynamic_template|image_dependency_flag,content_sufficiency_v1,True,True,False
junyi,c2a3b95757438d8f465320ce6f58a35cf89b5b0e3c57957d6b6eef982cf697da,6226c8d632912e854165f14256b3ccbfdc3fdaad56f49df6f3df1836b64fb08e,html_question_div,fill_in_or_graphie,False,EXCLUDE_REQUIRED_IMAGE,question_div|dynamic_template|image_dependency_flag,content_sufficiency_v1,True,True,False
junyi,2255a3a837c69139ce587280bbe977accc04a1d5706b61af593a3817b06de0cc,c6702a005c655bcc7e045523be2013e9281a37b67d54e88a15e6805130703406,html_question_div,fill_in_or_graphie,False,EXCLUDE_REQUIRED_IMAGE,question_div|dynamic_template|image_dependency_flag,content_sufficiency_v1,True,True,False
junyi,345b403d0d2836e358907d6e4f0451595d331852555708653efa25bce94f64f5,462eadbdbe2feeed265121fe5918fa64ef50185bbe09e4a33e9474d13ccb5f7b,html_question_div,fill_in_or_graphie,False,EXCLUDE_REQUIRED_IMAGE,question_div|dynamic_template|image_dependency_flag,content_sufficiency_v1,True,True,False
junyi,176570379e0d479aaf360c4834ef45b0a096975c0f78dfc90084747fd7a27cc9,c5cf9b4cf43ac71dc087ecc5c6c0afb40abd31323448c131e62a06bf58bc58c3,html_question_div,fill_in_or_graphie,False,EXCLUDE_REQUIRED_IMAGE,question_div|dynamic_template|image_dependency_flag,content_sufficiency_v1,True,True,False
junyi,8b5c29bcf0e022df7c964dc5f0ed2d1d1befaac70808ce13758af7ceb2c70b39,7084ccd9d6ed8b39566977c500085eb42a14c9206c8dd3e136872c7f48da9d36,html_question_div,fill_in_or_graphie,True,PASS_TEXT_COMPLETE,question_div|dynamic_template,content_sufficiency_v1,False,True,False
junyi,4e832a733401b3015fb634ddcf11e893046fc9b98b272380c32d6eccde6891ec,a71b8df05cdd3bfb7830d99adf69ee01c06b641326df350ab1e142296b027e1b,html_question_div,fill_in_or_graphie,True,PASS_TEXT_COMPLETE,question_div|dynamic_template,content_sufficiency_v1,False,True,False
junyi,eb7ce633ba3ed741e74fa7420ba57f60432544286422b7cb70bdc908000f91f4,d99207afee7edf0edc960ef084a8a78ef700f355931702e11e9fd3a326e58e7f,html_question_div,fill_in_or_graphie,True,PASS_TEXT_COMPLETE,question_div|dynamic_template,content_sufficiency_v1,False,True,False
junyi,a7c5b3454602e2a300f179e9ace03dae94c6e61f9d9aa30855b83db47dbe7a68,f63fa1836dff9ad02bea3f82baffda028179b79d5cb04c286318216ad1ed5c76,html_question_div,fill_in_or_graphie,True,PASS_TEXT_COMPLETE,question_div|dynamic_template,content_sufficiency_v1,False,True,False
junyi,999786c93fa7783ee6dc2dd94805b5655a913019c98126fa1dab53b7d6585369,03db562aca094bda2a1b4881dd38838ef17ef3948216b11c10fd6c2ec8c8a5a0,html_question_div,fill_in_or_graphie,False,EXCLUDE_REQUIRED_IMAGE,question_div|dynamic_template|image_dependency_flag,content_sufficiency_v1,True,True,False
junyi,5b892d31b85843cf295c876ef848b9e0e04d0ad3b58ef9a4601e5849f9a0f5e9,e51b0f289634bdee6ed173ffa4376dde248a35c6d68fbdd8657789df7b9ede96,html_question_div,fill_in_or_graphie,True,PASS_TEXT_COMPLETE,question_div|dynamic_template,content_sufficiency_v1,False,True,False
junyi,9265765d13cbffe26384421ccabce08a69e6970ca7b30afc961b3241e73519cc,e6026d5a18185caa9842d7dc9b1755274c67c12efde3fb64b92effea74dc19b7,html_question_div,fill_in_or_graphie,False,EXCLUDE_REQUIRED_IMAGE,question_div|dynamic_template|image_dependency_flag,content_sufficiency_v1,True,True,False
junyi,e07c61deaa3e6d4441a87f0b0e971863ded7a3264599869983134d03f58ffd78,a1ee6bec000fdc6297ae436f3c01da5d4801652cc939cf498a9cf37cca190009,html_question_div,fill_in_or_graphie,False,EXCLUDE_REQUIRED_IMAGE,question_div|dynamic_template|image_dependency_flag,content_sufficiency_v1,True,True,False
junyi,75dcd82a8836a81b1c525828e2acf6c49e14b074e7be8591da66a7083080ecf4,9fa405e191a35edbf26ac8b7bde7750f0dad9ccac2783cee449f9b04c78643e9,html_question_div,fill_in_or_graphie,False,EXCLUDE_UNRESOLVED_TEMPLATE,question_div|dynamic_template,content_sufficiency_v1,False,True,False
junyi,1f7bb34cf115d7841052a2bf279c1e6cb4445afcc1e3ed71b6478854e43288b1,f0f3619a045265b0ae70fd8e1b32de43d4088a29ce5729bb20ad4ab3cb14256b,html_question_div,fill_in_or_graphie,False,EXCLUDE_UNRESOLVED_TEMPLATE,question_div|dynamic_template,content_sufficiency_v1,False,True,False
junyi,0de9bc1b7a16e88cc60a872e88eb32db01abee59cadecea8dbe51d5031af4c47,ca0bd287958f667eb127c4a810058cacd1b22005cd35c117a8705c18df574e15,html_question_div,fill_in_or_graphie,True,PASS_TEXT_COMPLETE,question_div|dynamic_template,content_sufficiency_v1,False,True,False
junyi,d233f06b9a6c20343378daad589d2f58d34114284a791d8297d3c275e5b985d6,6b91f5f30b7ba6c3a6a5c3f944294e81d72e380c762fe07fb3a253dae2bfba4f,html_question_div,fill_in_or_graphie,False,EXCLUDE_UNRESOLVED_TEMPLATE,question_div|dynamic_template,content_sufficiency_v1,False,True,False
junyi,d2d9e474cd2ec738fa53bf639158834ef0229cffae5df1ae57431d72bf1f503e,18123f67a51aada6537493ac645ae31e4edcaf9b5f9fbea6d817b9ed3a181639,html_question_div,fill_in_or_graphie,True,PASS_TEXT_COMPLETE,question_div|dynamic_template,content_sufficiency_v1,False,True,False
junyi,fd5a02ab2e6ca24a8d78d4cbd1ee50a8bc42e2b895d2cf19ad973d6fcd9771da,cf4a428db5c31a251002fc94ffc21e6d98b78662bf223426f53e0311c102f163,html_question_div,fill_in_or_graphie,True,PASS_TEXT_COMPLETE,question_div|dynamic_template,content_sufficiency_v1,False,True,False
junyi,16e2dbb66a57bd43e86a7087d4a7c56ed07e39fb5146b108f9e0e4e9e069b6c4,53e8288a08d42fede1125a7e5227eed3399f5e43e32d23172259a78a55e5cde3,html_question_div,fill_in_or_graphie,True,PASS_TEXT_COMPLETE,question_div|dynamic_template,content_sufficiency_v1,False,True,False
junyi,96234bef0abbe330f84dccd2e25437c19ff220bd7cb5aa837cf0c6b5ce5f5a79,685db5157a25e485727715c5ec284ec18ae05eaf603e185c49512de214976625,html_question_div,fill_in_or_graphie,True,PASS_TEXT_COMPLETE,question_div|dynamic_template,content_sufficiency_v1,False,True,False
junyi,5377fc00233fc8cd94c39cfaafffb1592c12ad66e362b00795829d3c6d1ce047,6555d02cb111734727f8d56782bfe88e90b75c59887e973ffccd1b38e8c3ab6b,html_question_div,fill_in_or_graphie,False,EXCLUDE_REQUIRED_IMAGE,question_div|dynamic_template|image_dependency_flag,content_sufficiency_v1,True,True,False
junyi,203006647c9a7e0977f62bec9f0312f432fefc41f14c2d26765257607fffb6af,433ef2aea0ddf0215f40cbd034f86cb7734089751153173ef6318c9a6f4c821c,html_question_div,fill_in_or_graphie,False,EXCLUDE_REQUIRED_IMAGE,question_div|dynamic_template|image_dependency_flag,content_sufficiency_v1,True,True,False
junyi,0631b7373b69b38ddb1ac0a9591efba6f97c3209463e587afb29488ffd967ad0,37d6a1410a232258e81634f5f04d7dc23922f6f89c8ebec2bdc3fc2cba6e0c35,html_question_div,fill_in_or_graphie,False,EXCLUDE_REQUIRED_IMAGE,question_div|dynamic_template|image_dependency_flag,content_sufficiency_v1,True,True,False
junyi,0b90926cd5f2061c7fb311902790904f3e6107d96736ada1a717d6b173100767,716a6b715c938b966b8819850aa496f5df35840602d347b627374d84d565667b,html_question_div,fill_in_or_graphie,False,EXCLUDE_REQUIRED_IMAGE,question_div|dynamic_template|image_dependency_flag,content_sufficiency_v1,True,True,False
junyi,e35fd335729393bed8d7f62e2ece3f8744c3843df3ccea6c80da616136ff2256,33b3e3e355758c2b3793e336946b4852e5dbf47a194568e3da0ef0ba5a98f333,html_question_div,fill_in_or_graphie,False,EXCLUDE_REQUIRED_IMAGE,question_div|dynamic_template|image_dependency_flag,content_sufficiency_v1,True,True,False
junyi,af609f3a53ce1af70c0d4736463dd5863ff5394072680858d32fa23a887e7672,42c37722317db8eac38a4bbff44588b972120d59d0a2ff8e77811bd76287b758,html_question_div,fill_in_or_graphie,False,EXCLUDE_REQUIRED_IMAGE,question_div|dynamic_template|image_dependency_flag,content_sufficiency_v1,True,True,False
junyi,1485521b3237ce9e1fac0c139a7440fee57fdf34846b2a541ae1860db9e254dc,9298d9dadd8d67abe558327e217050a71e803032bef7c0992618a77fbc28e613,html_question_div,fill_in_or_graphie,False,EXCLUDE_REQUIRED_IMAGE,question_div|dynamic_template|image_dependency_flag,content_sufficiency_v1,True,True,False
junyi,33d28748f72143d44342bd48d5b5103ce1b0debcbb27c5b44677d30f13a69e1a,c30b90abb91a65877fc7c41a5634d586cdc6790f4d1f50010d4fa56e060f69ed,html_question_div,fill_in_or_graphie,False,EXCLUDE_REQUIRED_IMAGE,question_div|dynamic_template|image_dependency_flag,content_sufficiency_v1,True,True,False
junyi,27cd531c58577398e864dfa2e26bfa1f90bb3e9296985f8a6fbdbf2a41ef4f37,21eaeb5fdc2485bc429faf7f8c142b273dee412c91a9b1674803c71b75f49991,html_question_div,fill_in_or_graphie,False,EXCLUDE_REQUIRED_IMAGE,question_div|dynamic_template|image_dependency_flag,content_sufficiency_v1,True,True,False
junyi,7bb2df85f76ab00b86bdebe04f0341d7e443cb28e61f86a267dfc0a663ad0822,a8126cb7dfc721acc7c43a183d7fc08cc573b5300d018dee2c0e3b693f349b70,html_question_div,fill_in_or_graphie,False,EXCLUDE_REQUIRED_IMAGE,question_div|dynamic_template|image_dependency_flag,content_sufficiency_v1,True,True,False
junyi,21a94ec7ce7130d5ac9af6ac4073467e470af871b8f4106a6c0afe18e244867f,a8e042e97363414ef4aa96c3349d0c3204203bd979a60562194c13dfe28017d0,html_question_div,fill_in_or_graphie,False,EXCLUDE_REQUIRED_IMAGE,question_div|dynamic_template|image_dependency_flag,content_sufficiency_v1,True,True,False
junyi,34ee06f4006bfa073288a1e4e2d9da277e168f3a154ba13f692ca7ee84152a0f,a8e042e97363414ef4aa96c3349d0c3204203bd979a60562194c13dfe28017d0,html_question_div,fill_in_or_graphie,False,EXCLUDE_REQUIRED_IMAGE,question_div|dynamic_template|image_dependency_flag,content_sufficiency_v1,True,True,False
junyi,045a7b51548a1cdeac94a3b4d2c4a3cac1c421447493884ad7e6275f1c95f9c2,3afdb5799502c5955f24316f7158d1a31c5aefe2f14de32f39c3518894104d3b,html_question_div,fill_in_or_graphie,False,EXCLUDE_REQUIRED_IMAGE,question_div|dynamic_template|image_dependency_flag,content_sufficiency_v1,True,True,False
junyi,ac1677dfd539e1485ee2b76ee60b486e0a78b378a5e64d7ef165cdafc2886809,026a53d54efb0a9e646c9426271451ad55d7fc735ba423d6a7de7cbcfd0f82fd,html_question_div,fill_in_or_graphie,False,EXCLUDE_REQUIRED_IMAGE,question_div|dynamic_template|image_dependency_flag,content_sufficiency_v1,True,True,False
junyi,11ffd0a365cd0e8fb077f3b43d65a9c50da5597b271eff0f38dd778dd2af83a2,e90e8786b322876ae4315c864a26954375274960236e2d86680c81503430564d,html_question_div,fill_in_or_graphie,False,EXCLUDE_REQUIRED_IMAGE,question_div|dynamic_template|image_dependency_flag,content_sufficiency_v1,True,True,False
junyi,73c25fb284a7a6db8de06bded53f394ef9c4d9457a60b456567393742d2cf8fe,e95d5baf83771bf14f8ec39a31c5c59ef5daf0fdcf24b09f10dd2423ac52cbe9,html_question_div,fill_in_or_graphie,False,EXCLUDE_REQUIRED_IMAGE,question_div|dynamic_template|image_dependency_flag,content_sufficiency_v1,True,True,False
junyi,77fb46aef6d43b0f89a361c034526437b357f2c049b896575da2cc611e3b3409,0164d5b89381b215211a779a8575c806e6b2495b5a358223c236c473a828f683,html_question_div,fill_in_or_graphie,False,EXCLUDE_REQUIRED_IMAGE,question_div|dynamic_template|image_dependency_flag,content_sufficiency_v1,True,True,False
junyi,aa5766a27ca42c767726bdcb54a4d5ec3d1910c4c481980e036e5fd492e13a79,94fe7bbaa91a4e85383a85dca0709a9c6762c6c2e5511f3110e220884cc88c29,html_question_div,fill_in_or_graphie,False,EXCLUDE_REQUIRED_IMAGE,question_div|dynamic_template|image_dependency_flag,content_sufficiency_v1,True,True,False
junyi,7596c38597d4b147efbb902523ed3e2bc3839bda23c81ea0630ca812ba70ef07,e47424954ca10dfa88aa9e4687ad507edcb7b1660460a24f7660ddc3a4884989,html_question_div,fill_in_or_graphie,False,EXCLUDE_REQUIRED_IMAGE,question_div|dynamic_template|image_dependency_flag,content_sufficiency_v1,True,True,False
junyi,1d773b4e34afe6e2c5cdf29d43f79b0fdb3eee7dfaf509d489be23a1a0dfe13f,8da5c1faa804b31e9b5bdad38429d69abe82b93083b82a33d50c8ff55b641d02,html_question_div,fill_in_or_graphie,False,EXCLUDE_REQUIRED_IMAGE,question_div|dynamic_template|image_dependency_flag|prompt_length_risk,content_sufficiency_v1,True,True,False
junyi,b77154b6d4d7d849b705ababff48727799e9821439b489a9794fad63d8d19fe3,eced63d3b6b847fca776be3dd2487f8f6e3789a016760305220ce3a638d10508,html_question_div,fill_in_or_graphie,False,EXCLUDE_REQUIRED_IMAGE,question_div|dynamic_template|image_dependency_flag,content_sufficiency_v1,True,True,False
junyi,5609d3ba24344e11d9c5064ddafe9b8d322683d3eaa82be7ac1120548b3bc9bd,a13ba27b2c71d4b587aaafcf2cebbcddeaac6fe6138833b7f0bb40ce45f5d0c7,html_question_div,fill_in_or_graphie,False,EXCLUDE_REQUIRED_IMAGE,question_div|dynamic_template|image_dependency_flag,content_sufficiency_v1,True,True,False
junyi,9f220144904bbe8b8de3b14e093d46e65411bd7875974dcbf512c3793b8807e8,10ee718cd12b7dbd5dbd24b85626aea6f5a7cc68be0783ff1a45dacdeea7887f,html_question_div,fill_in_or_graphie,False,EXCLUDE_REQUIRED_IMAGE,question_div|dynamic_template|image_dependency_flag,content_sufficiency_v1,True,True,False
junyi,0475ff86b9b897b9881106a7bb232dc9d18929d7133b5f47d2e89c1497ebb8a2,139940f951f67dba1c0d0b7368e0a307593314257a3654ef4b1dfa28ab7e693f,html_question_div,fill_in_or_graphie,False,EXCLUDE_REQUIRED_IMAGE,question_div|dynamic_template|image_dependency_flag,content_sufficiency_v1,True,True,False
junyi,07987337f49272e2ea4f1bf3c2d3b89a178c9c0bf33aad1759464c624be8b071,dc6ca1661c954f82c58297ec01386e79b794b31ac5b5af38b80be895474fd0f8,html_question_div,fill_in_or_graphie,False,EXCLUDE_REQUIRED_IMAGE,question_div|dynamic_template|image_dependency_flag,content_sufficiency_v1,True,True,False
junyi,2952c0923474e054151cc652379c4c60e6bd73dd175eaf254318369fd7d96838,f8f331c0fc79b13e0dbe9dd0064256b10ae472753986a8945ca50e465bdd83d6,html_question_div,fill_in_or_graphie,False,EXCLUDE_TRUNCATED_CONTENT,question_div|dynamic_template|image_dependency_flag,content_sufficiency_v1,True,True,False
junyi,d3ef51f7ad56480c13614b018adbfcf4447eef7b5114e69999a01e645e70ba1b,7a99a662f397d27794f867ae1083b5fdccb345fb22949c669048fbd39ad39715,html_question_div,fill_in_or_graphie,False,EXCLUDE_TRUNCATED_CONTENT,question_div|dynamic_template|image_dependency_flag,content_sufficiency_v1,True,True,False
junyi,a28fa06297677f766d8a196c20122a2db54cf4ad2e0d3695203e9fdb65f41a75,f05e82e322923a917de2f43900d1aa3d2f4ed7c6c70ca6f638f7bf4770382665,html_question_div,fill_in_or_graphie,False,EXCLUDE_TRUNCATED_CONTENT,question_div|dynamic_template|image_dependency_flag,content_sufficiency_v1,True,True,False
junyi,8d088b6b14649d6e4546539b968d04b9a95138299bfb5daf03c788fb182a6026,becb75ceb7cf34011f3172de7f444be9a0908013f7e641b4db40a48e9065407e,html_question_div,fill_in_or_graphie,False,EXCLUDE_REQUIRED_IMAGE,question_div|dynamic_template|image_dependency_flag,content_sufficiency_v1,True,True,False
junyi,86a4448261dd5cc3da651a783c305630f747429f834c0e0e32fcb04fa25d1582,0ed5a16277864c63481c5a61182dedf96fc14e08c0f2d9d3a20bdb89a567f18d,html_question_div,fill_in_or_graphie,False,EXCLUDE_REQUIRED_IMAGE,question_div|dynamic_template|image_dependency_flag,content_sufficiency_v1,True,True,False
junyi,1b802042163b75e7ca92d8c2824e055fe5883ac70657fcc5e3e6c66f6235a617,c8d77ae69f92515625b37af6aa6cac7e7e89ed56e75264a03fabe4d41858d409,html_question_div,fill_in_or_graphie,False,EXCLUDE_REQUIRED_IMAGE,question_div|dynamic_template|image_dependency_flag,content_sufficiency_v1,True,True,False
junyi,dcf75ed99ee1b7e7041522b0d9e4eb63e60100d0bdb792f565e17478e7f6f21a,820621ba501dde75bf43ef4f21cac01db8382422c116da84182db9902c771ec7,html_question_div,fill_in_or_graphie,False,EXCLUDE_REQUIRED_IMAGE,question_div|dynamic_template|image_dependency_flag,content_sufficiency_v1,True,True,False
junyi,767af045b817adf5c85bc8bbc9ddc09c26ca8a8315923c045f3daf78d0b58a33,2a692f0a0cf471d92f35dbac397159d12e9c0dfce38c889d45ea6bcb19fa3f62,html_question_div,fill_in_or_graphie,True,PASS_TEXT_COMPLETE,question_div|dynamic_template,content_sufficiency_v1,False,True,False
junyi,305afbb337e4c521d72ea797cac07f589e014adc0be89b2a4bc7b433a69f93c7,66048f6fd7bb501789b03da4442d8fb99c4b02e75783ca9d8d8ced2233749344,html_question_div,fill_in_or_graphie,False,EXCLUDE_REQUIRED_IMAGE,question_div|dynamic_template|image_dependency_flag,content_sufficiency_v1,True,True,False
junyi,bee0c243b69ad23f4f1f1fe5f50831459ee994f094feb3b29400fc8d130d1521,c0d54503b636042720b9c773b4533948c139759e6b3ad39275b8fbd7f40436a7,html_question_div,fill_in_or_graphie,False,EXCLUDE_REQUIRED_IMAGE,question_div|dynamic_template|image_dependency_flag,content_sufficiency_v1,True,True,False
junyi,5f62b2f8263e188e838a82b51baae78d0679b6e99a9bbdcc2eca2929e17af2f7,0e31ef76d681a691d8ce16f02d902de0e08bcd27e64f4ab5c2865390bad06c47,html_question_div,fill_in_or_graphie,True,PASS_TEXT_COMPLETE,question_div|dynamic_template,content_sufficiency_v1,False,True,False
junyi,439ab853f33c3cb7cd99601c154a447b561f3bbd303576d2f5cdb3400ad70672,99d29b30d59fb9b948326e5351c30010201f263193e78e9d8cf2f653161c2613,html_question_div,fill_in_or_graphie,True,PASS_TEXT_COMPLETE,question_div|dynamic_template,content_sufficiency_v1,False,True,False
junyi,2521c0e27a5d2d0873a07f9556771f6c6941d804732b3d36776d27d1d46746a8,a8df708626c0a8183eef0fa94d3b057bd8c8080e950a47e1479f734c4c104c0b,html_question_div,fill_in_or_graphie,True,PASS_TEXT_COMPLETE,question_div|dynamic_template,content_sufficiency_v1,False,True,False
junyi,334bedf874c9b0e0e7cfbdcc74061ff189876f4cf8dac2c61c64ee361bb9f43e,eb967f1eea26b1dc8a45e8889d98612d73a6dc9d7c6d5e47ec176f762c12a685,html_title_fallback,fill_in_or_graphie,False,EXCLUDE_MISSING_STEM,dynamic_template|image_dependency_flag|graphie_only,content_sufficiency_v1,True,True,True
junyi,eafdc7b357e473ed47fceb2d572444c30f1c0277914583921492938dec7932f3,30893c658db0e3c28ffd0149ad00f078e1cd733dcb5ba156b120094a74c415ad,html_title_fallback,fill_in_or_graphie,False,EXCLUDE_MISSING_STEM,dynamic_template|image_dependency_flag|graphie_only,content_sufficiency_v1,True,True,True
junyi,55e0b39b3d914e187e8d678e908d7238217e256bb798ae80a4fc19cc05c3fa86,fa7c983651d22318bbeb9c5ec7fd2b61b8d515adaa74ffc5e77152cda7cb239e,html_question_div,fill_in_or_graphie,True,PASS_TEXT_COMPLETE,question_div|dynamic_template,content_sufficiency_v1,False,True,False
junyi,72839e51f8986d73171cf33873b6e5e4cb372b6d0235152913dbcdaa651ef7da,9e2e80f9e420069e9f4a29e3f102865ea012760ec239e0d52aaf51afc5227da6,html_question_div,fill_in_or_graphie,False,EXCLUDE_REQUIRED_IMAGE,question_div|dynamic_template|image_dependency_flag,content_sufficiency_v1,True,True,False
junyi,15ab1b7afc54dfd86783f9e9e8b79e206b1738717a32fa1bd7f8c812ed71b179,f5aca54efb82cb6102ebc8c948d79a80d6f629813bff216b468d49bb93795a8d,html_question_div,fill_in_or_graphie,True,PASS_TEXT_COMPLETE,question_div|dynamic_template,content_sufficiency_v1,False,True,False
junyi,06f17f176ef0e50fc9d2ea03e3f80cae555ec29c53c55507e4fd4009dd7675c4,ce65c33e10159c9f3a6a36ec8b5a4d4b8828eb075f22261a8b20c82d353c3dc2,html_question_div,fill_in_or_graphie,True,PASS_TEXT_COMPLETE,question_div|dynamic_template,content_sufficiency_v1,False,True,False
junyi,f511e2e2c675e134e00e2f29705722d3a66840a093bf5430bbd858d8f372c421,ba4006e036ddb818e4b1b3062c991613862721ff405bba1511a31dfc8683e97a,html_question_div,fill_in_or_graphie,True,PASS_TEXT_COMPLETE,question_div|dynamic_template,content_sufficiency_v1,False,True,False
junyi,d0711feeb8b6053913deaeb1fb7057d17613abc4e88d121be00d27a03e4bd32c,c1b01fa1afbdccfb914578d179923d25ed137375ae723130569c12e00aee7dab,html_question_div,fill_in_or_graphie,True,PASS_TEXT_COMPLETE,question_div|dynamic_template,content_sufficiency_v1,False,True,False
junyi,b0084f93248a24238e5026e29b02208c065b5a132a67663de7ff2790877e09f7,a3250396d13dd65a9e80b35415339c4cc5a7035b752249fff19c49b653a15e95,html_question_div,fill_in_or_graphie,True,PASS_TEXT_COMPLETE,question_div|dynamic_template,content_sufficiency_v1,False,True,False
junyi,d10d6f678bdbcc5cac8767ecaf3b23efc6c5c957b324c63101536571fd7df649,0cfa3a00f7f14f5bd80a166bc87f41ca5fa0c7c5efe457bc23e3b148caba0b6c,html_question_div,fill_in_or_graphie,True,PASS_TEXT_COMPLETE,question_div|dynamic_template,content_sufficiency_v1,False,True,False
junyi,b457fda7f1301f1da4e46ef58006fe244df54dcb02da58c1d1c812e370e41906,1d0812c686a0da2386c5e818476e8130915c1d27e00dad967f6968b465ab7afa,html_question_div,fill_in_or_graphie,False,EXCLUDE_REQUIRED_IMAGE,question_div|dynamic_template|image_dependency_flag,content_sufficiency_v1,True,True,False
junyi,b3c05bd8f16cf916af023454a42e77391319c2f611ba2bcc273c8408a47ee9c3,1fd2011333b499dd0416e3534fc6aa75024a5f78847e4eb97f599568e2ac8796,html_title_fallback,fill_in_or_graphie,False,EXCLUDE_MISSING_STEM,dynamic_template|image_dependency_flag|graphie_only,content_sufficiency_v1,True,True,True
junyi,61ad0429e16ea98615b5c806593ebb6ab7ec3596b801380d58950467988e5ff6,8a344a65779405bb526308f54e1aec73cecedb8a171a8f0078f84188bd281762,html_question_div,fill_in_or_graphie,True,PASS_TEXT_COMPLETE,question_div|dynamic_template,content_sufficiency_v1,False,True,False
junyi,37c3e6e6daf6acae564d82232e549f23d82855cb4518e44b6fcef22ac417207d,9fb708ba5750d595cc1c208e744129d27d72015962fc72e56b244ba27433d62b,html_question_div,fill_in_or_graphie,True,PASS_TEXT_COMPLETE,question_div|dynamic_template,content_sufficiency_v1,False,True,False
junyi,d9a072fa56f68d40e6f591966f3c54fe35b3b0531b7095299fc72f4f13ddb75e,26025803d700311c35a8e35eda465c878e8d7d3e4a340bc2eedf73e1c30181cd,html_question_div,fill_in_or_graphie,True,PASS_TEXT_COMPLETE,question_div|dynamic_template,content_sufficiency_v1,False,True,False
junyi,a6a599d09989d328f19f839ec406e3489860828c3751a92e52411466307629c1,b479cc51a5010dcfa82d01286fd8b5fd49686a2cfa00927c0423d43dd92f52f0,html_question_div,fill_in_or_graphie,True,PASS_TEXT_COMPLETE,question_div|dynamic_template,content_sufficiency_v1,False,True,False
junyi,14058dd505781d0be85e55f6f4525b64994cc1fc2ceab8aa915e0164c1ec9bad,731c5bb575f3e0b4747cf9a827e719892131fb633bd472de04fa0491040c3239,html_question_div,fill_in_or_graphie,False,EXCLUDE_REQUIRED_IMAGE,question_div|dynamic_template|image_dependency_flag,content_sufficiency_v1,True,True,False
junyi,ae29d2f0d44b4409cd9ddbc43eb5e4ab459a5a97660e0bce6dd8f700e6f04733,ebfbdc2c2b0a0dabddec8bd2b462308087641a149868907126fd2401dcf74ec0,html_question_div,fill_in_or_graphie,True,PASS_TEXT_COMPLETE,question_div|dynamic_template,content_sufficiency_v1,False,True,False
junyi,fb57d6b2cde321befd9a6a3fbe6e94a761b3ecaee6828f5cdfd4b3c8b0d80be8,e7ac116ec9d238ffda8958c226c59beab7fd6f0f7bd32eebec0fca837d2ccad4,html_question_div,fill_in_or_graphie,True,PASS_TEXT_COMPLETE,question_div|dynamic_template,content_sufficiency_v1,False,True,False
junyi,d2cd919f469b2125ee08002ea0ce368786a3d1070f762b1a9f775bd071cbfffe,50e8ef01f8d8f77d183420d479740aa1717f84cf15ef7bd8323082ceeb90c9cf,html_question_div,fill_in_or_graphie,True,PASS_TEXT_COMPLETE,question_div|dynamic_template,content_sufficiency_v1,False,True,False
junyi,19640560f54a1889616ee5adaf14927fce08c4aa63a7fcecdc9d38a3a9dd1acd,da47e5fd20968d063633164f1a2f64fa8818c9b97ef27027a2b12331c256ca31,html_question_div,fill_in_or_graphie,True,PASS_TEXT_COMPLETE,question_div|dynamic_template,content_sufficiency_v1,False,True,False
junyi,b2cf051f99bcef99afd3632649b458c830a1e1a2d148985ba977997145c9e9c2,1a0961aed1a90ac053fe22f7b6e916273017e5e3e93806cf1c6a6e65802ea12c,html_question_div,fill_in_or_graphie,False,EXCLUDE_REQUIRED_IMAGE,question_div|dynamic_template|image_dependency_flag,content_sufficiency_v1,True,True,False
junyi,51494bf789c8b81625234dcda1c9e467ef69eba6c7937c4520fe50163009b83c,4d70dc30e8f0a54a3ec2d2842425b6912de5a06e2031b470075eef8be2018a67,html_question_div,fill_in_or_graphie,False,EXCLUDE_REQUIRED_IMAGE,question_div|dynamic_template|image_dependency_flag,content_sufficiency_v1,True,True,False
junyi,0fb3728301fc0cf74d9b82fb7811af44ec49f28144d1d7135d339f955e44c453,768a88d514a5b510861642850ff8386fa3352843a640ffe8a8695635d4663a06,html_question_div,fill_in_or_graphie,False,EXCLUDE_REQUIRED_IMAGE,question_div|dynamic_template|image_dependency_flag,content_sufficiency_v1,True,True,False
junyi,ffcad938648a1fd74eb36be2f18a35e60fd55b33405fe6577830870267280e5e,3787cf6053b1e582d52c088544084dacb61b908243036b3a278627669f1f3872,html_question_div,fill_in_or_graphie,True,PASS_TEXT_COMPLETE,question_div|dynamic_template,content_sufficiency_v1,False,True,False
junyi,ccd4cc71b58be8a57f57c97026ead721ce5bfccf278ea938253ad99bcd0e4ae6,5d650d9152e463e0911b9abd78d2a639df2010a7a41da78990f6b196a1fedfb3,html_question_div,fill_in_or_graphie,False,EXCLUDE_UNRESOLVED_TEMPLATE,question_div|dynamic_template,content_sufficiency_v1,False,True,False
junyi,f5ea9363ce327023211c777660071ff0464fd60828e0c5a1dba888b7b1f5bb33,4b571fd05b0deedad8fbc52fcede3aca3d9500ceacb6b84122b8685ebf055b68,html_question_div,fill_in_or_graphie,False,EXCLUDE_REQUIRED_IMAGE,question_div|dynamic_template|image_dependency_flag,content_sufficiency_v1,True,True,False
junyi,13ee490705edc41303538fbc18d5e9ddb78934ccdeadf004e999959d8ee20838,bb1f530767d733fb6b096f6121a8432fbfd356b998878e4cf9425f305961b3f2,html_question_div,fill_in_or_graphie,False,EXCLUDE_TRUNCATED_CONTENT,question_div|dynamic_template|image_dependency_flag,content_sufficiency_v1,True,True,False
junyi,cdd14264550f15d5a8bfbcea3835c762e94b3465e74f5f6d23a02b0e1f9a546d,2cff5df926405622201067ad44493dca44d339af40644107cafe5e25f25826d3,html_question_div,fill_in_or_graphie,True,PASS_TEXT_COMPLETE,question_div|dynamic_template,content_sufficiency_v1,False,True,False
junyi,4799ca41cf6ce3566c0ab4c3920b1de73c58ca79f2f620165eef4259967c22fe,87792f415574ce15468375508b5789f3ea15449ec2eca0fe3a0c44424b250809,html_question_div,fill_in_or_graphie,True,PASS_TEXT_COMPLETE,question_div|dynamic_template,content_sufficiency_v1,False,True,False
junyi,beeccf99fbc1339d62e75dc95f14da2bddd1ed373476562e61fcd5f9b2235e6c,a877d5d464973eb9dc45139e3b00f759dbf6b6b29a2310314fad148d9a2ab303,html_question_div,fill_in_or_graphie,True,PASS_TEXT_COMPLETE,question_div|dynamic_template,content_sufficiency_v1,False,True,False
junyi,0634dd523d37c745a6f7b4acfdd861781e47482752057589c12923d9d7f55265,641ffec6084d6ed575e0524ab6c3f61e114ce5cd3edc2353bab5b07b180dda36,html_question_div,fill_in_or_graphie,False,EXCLUDE_REQUIRED_IMAGE,question_div|dynamic_template|image_dependency_flag,content_sufficiency_v1,True,True,False
junyi,f2d07f6692fc71be9e1c3ea40e86f421b24eb8f4e9670ab06eeb79497fe1a4c4,220afcae869be35673c3b1aa3e6ecb8e03885f3a3670aea55aa5dbe6d2df2c75,html_question_div,fill_in_or_graphie,False,EXCLUDE_REQUIRED_IMAGE,question_div|dynamic_template|image_dependency_flag,content_sufficiency_v1,True,True,False
junyi,997e90edccaa754a75ba1fb45b8dc0ed924899e4945033b55189aace9433f68d,ac91df2366417e329b34af058ea9d5952f4b4365bf7385251dbe0bdf4999aa80,html_question_div,fill_in_or_graphie,False,EXCLUDE_REQUIRED_IMAGE,question_div|dynamic_template|image_dependency_flag,content_sufficiency_v1,True,True,False
junyi,63278c9c83b7f19ed83441ed367d0b5a4f67505bc848c906c242c4907dcd6b72,4289260543713b057bb00abd14df50a903c0dbe54b5c40437a374bc4e2c3c335,html_question_div,fill_in_or_graphie,False,EXCLUDE_REQUIRED_IMAGE,question_div|dynamic_template|image_dependency_flag,content_sufficiency_v1,True,True,False
junyi,989fa3dfe5fb466c7a0bb3381679b0dc0083f17e28e1b487b309a9c3034de183,e47a1e9e112a8e34e143ef9f699e6a72372c1d88a02d300a081526e34b4f5010,html_question_div,fill_in_or_graphie,False,EXCLUDE_REQUIRED_IMAGE,question_div|dynamic_template|image_dependency_flag,content_sufficiency_v1,True,True,False
junyi,6e264d1ead54097555f7038ed98ca96a4063aa5b5f1149437fcac1cdd0532cce,a2429b77a542a22a8c5ac733316b10bba16cae834c8c6d3a37745a872e995fb2,html_question_div,fill_in_or_graphie,False,EXCLUDE_REQUIRED_IMAGE,question_div|dynamic_template|image_dependency_flag,content_sufficiency_v1,True,True,False
junyi,ea722c6702fd80d896a29aff6990722b7dc80ffea49b0534d3def46a1c890788,4289260543713b057bb00abd14df50a903c0dbe54b5c40437a374bc4e2c3c335,html_question_div,fill_in_or_graphie,False,EXCLUDE_REQUIRED_IMAGE,question_div|dynamic_template|image_dependency_flag,content_sufficiency_v1,True,True,False
junyi,f992578a2de556c913a601245c45ffc28a96a29988ce857f631ecf920cfef80c,524a9a1868cafb96f91384473cecaa400b18a5ae5e02974c1d65f642dda437da,html_question_div,fill_in_or_graphie,True,PASS_TEXT_COMPLETE,question_div|dynamic_template,content_sufficiency_v1,False,True,False
junyi,6acd163832ee204f9ba04896d9241ba17be659b0e1191ae65c9aa7217c04b33b,fe0e56486063a5f4bc5dd5a96e598a07e6628eb5ed08e36b1afef1b0c79449d1,html_question_div,fill_in_or_graphie,False,EXCLUDE_REQUIRED_IMAGE,question_div|dynamic_template|image_dependency_flag,content_sufficiency_v1,True,True,False
junyi,73546f9ba7914f645ff80cbe41b6eb3a2c597ced0a64422019a29e12bd76cdf2,e018bc24d59debb1ca5ca10ea3a6e5f687789839a3c8768fb8ad9cd4bf646cf6,html_question_div,fill_in_or_graphie,False,EXCLUDE_REQUIRED_IMAGE,question_div|dynamic_template|image_dependency_flag,content_sufficiency_v1,True,True,False
junyi,41df3e35c73b98a120bf0313ee6dc5365fc8672bebf37946456b28e2e27fbfd1,cd2f52a4ae8abc38093eb5ad6940e7dba81944d9bd83825e8d0ed3d9eaa25783,html_question_div,fill_in_or_graphie,False,EXCLUDE_REQUIRED_IMAGE,question_div|dynamic_template|image_dependency_flag,content_sufficiency_v1,True,True,False
junyi,2108e208c9077bb1f93023911b7f262588888d10774a968c058d9e4defb6447d,857210e46b8d8baba96dd5e275618b92a70d1a2ec08738851beb67b454b4d849,html_question_div,fill_in_or_graphie,False,EXCLUDE_REQUIRED_IMAGE,question_div|dynamic_template|image_dependency_flag,content_sufficiency_v1,True,True,False
junyi,03a06d41a7284a464b5e79b6ff0282d477232781e14ec05a6719fcc4f910a096,66b1fbfd01840a4f382f3769c85e861c1664556cf88d17d397cc92365e993e21,html_question_div,fill_in_or_graphie,True,PASS_TEXT_COMPLETE,question_div|dynamic_template,content_sufficiency_v1,False,True,False
junyi,361968b6c9d01eec25ddf0df65ca3964579045525fd749766299ce41e121ed48,484aa12a4f830769b22ef925ee436282238cc05599afeb6c834513db529df775,html_question_div,fill_in_or_graphie,True,PASS_TEXT_COMPLETE,question_div|dynamic_template,content_sufficiency_v1,False,True,False
junyi,20bc96c17ab81b124e11f2dbcb9db4bfb4ccad6706dd70ce16b4a6887d404f1d,efce8000edc100371fcd26aa33bb53e41322af7bed097c730ab20c0181738ddd,html_question_div,fill_in_or_graphie,False,EXCLUDE_REQUIRED_IMAGE,question_div|dynamic_template|image_dependency_flag,content_sufficiency_v1,True,True,False
junyi,5c09d7aba77955b6c038620af9b98634c58a7cac6dd0e691e31afa9c66dd6dc2,169755e623813efc377aac927d3e02af4b2e91b2bcea00c0438df316b6f83b39,html_question_div,fill_in_or_graphie,True,PASS_TEXT_COMPLETE,question_div|dynamic_template,content_sufficiency_v1,False,True,False
junyi,83eeedeaa1b37e0f4f6a575cc6ad2556f3898e61a19e25423188bc7e7880e963,f519e4908b048079de9c3ab10ae6ad3c2e05e3420ab47aabaa4c75a148d587a9,html_question_div,fill_in_or_graphie,True,PASS_TEXT_COMPLETE,question_div|dynamic_template,content_sufficiency_v1,False,True,False
junyi,affd3a12877c6ac4b0d8ac97b80d12f7d480443b365487b7cf6d794be54f8b4c,feee430ef74a226e854254507418f1458c592d76c637f1ac70fc7cabb66fdf57,html_question_div,fill_in_or_graphie,True,PASS_TEXT_COMPLETE,question_div|dynamic_template,content_sufficiency_v1,False,True,False
junyi,d278096fd3f051e8c1cc959fe2442c6ceb629bc767101f6304d6f8000a34b314,e301ac5fa514bb049b56f26bd5bba404f24cecd6e2db997cb0cf1a779836ea02,html_question_div,fill_in_or_graphie,True,PASS_TEXT_COMPLETE,question_div|dynamic_template,content_sufficiency_v1,False,True,False
junyi,c8b6caa147d77ab88f44669efb3b56246f15e842fe76931d2857bd6709ef8aa6,70f3acd7849f5ca1903e5eabcb1e5c8c1a882c620a5248b16cc1034478b9745b,html_question_div,fill_in_or_graphie,False,EXCLUDE_REQUIRED_IMAGE,question_div|dynamic_template|image_dependency_flag,content_sufficiency_v1,True,True,False
junyi,3b803bcb23c922523198e8874c96fda3000bd50d08b2a23c547559b5b3ded67b,cefde10389254dda5cc52c9c6e3611883f751c212085bccc89d55243d36aac4c,html_question_div,fill_in_or_graphie,True,PASS_TEXT_COMPLETE,question_div|dynamic_template,content_sufficiency_v1,False,True,False
junyi,ada3648b2bfc135af013ddfdf646ac572dcf9962f5d930edb86680a5433b5ee7,ac4c053d0e95ad3215a6e41a3d47b08181059c3b95959c79a1204d266d0840ce,html_question_div,fill_in_or_graphie,False,EXCLUDE_REQUIRED_IMAGE,question_div|dynamic_template|image_dependency_flag,content_sufficiency_v1,True,True,False
junyi,361924b8583a717613ace7313d8d2b5f28b6e2df931816df3af4bcf59920458e,1feac19e658f8d92ea904bfd069ced9303724547af487d2f5cd0d33f9f39216f,html_question_div,fill_in_or_graphie,False,EXCLUDE_REQUIRED_IMAGE,question_div|dynamic_template|image_dependency_flag,content_sufficiency_v1,True,True,False
junyi,0eeba2901d3ee9e7ae8aaa87c04864517341280955ca25d872255388769e0286,a6fe1fc184beab8ad7145525981e62f897fe5b9f10e8eef84545c5241094c98e,html_question_div,fill_in_or_graphie,False,EXCLUDE_REQUIRED_IMAGE,question_div|dynamic_template|image_dependency_flag,content_sufficiency_v1,True,True,False
junyi,a0786ca76463c59d19892b207ba6afc6059be619bcf62d4a66da72ff405586b9,186c958cd6a2ddce1e86d0677cca740b66d5122fe5e4258d20cb0c13a2ac3371,html_question_div,fill_in_or_graphie,False,EXCLUDE_REQUIRED_IMAGE,question_div|dynamic_template|image_dependency_flag,content_sufficiency_v1,True,True,False
junyi,c48bee63f4f6eb8ed2fa899d3c097fb924bf47882a99aefe4b29ba1cec052ae0,f49dc8c2e8d65e547a874c9a44d6b3315e52095b40f1c1287719e7293e839807,html_title_fallback,fill_in_or_graphie,False,EXCLUDE_TITLE_ONLY,,content_sufficiency_v1,False,False,False
junyi,d3e3546af965268f3276d08d6828cf595778bb4ca20e20f9926ee43dea71c511,86a090f742d19271ee6de6174ef231ceb14ed06c243953152ffc6d7fdb046988,html_title_fallback,fill_in_or_graphie,False,EXCLUDE_TITLE_ONLY,,content_sufficiency_v1,False,False,False
junyi,33fd4e1d33ac4af0ec0b1378fbd70153988458466b108eb687b3d7a651113d21,1dddeb6e8c2fc613ffedb53c76f74b6a6f85456e6781db00b414266e43ad41e6,html_question_div,fill_in_or_graphie,False,EXCLUDE_REQUIRED_IMAGE,question_div|dynamic_template|image_dependency_flag,content_sufficiency_v1,True,True,False
junyi,46cdc788454df99009a207f848aa415361cb65bcba61d5de613f0f711748c28f,9eaa085e36663f5895314180dee07ee8add5cc760674b0d72d5190c607e09aba,html_question_div,fill_in_or_graphie,True,PASS_TEXT_COMPLETE,question_div|dynamic_template,content_sufficiency_v1,False,True,False
junyi,29c548f47d8463b804ec4a2b360230d3f5997158a6b018ba4cefb316359b6bab,2eee61c353750624395226add314fe97dc84c5b218c64f13db7153a26469e85a,html_question_div,fill_in_or_graphie,True,PASS_TEXT_COMPLETE,question_div|dynamic_template,content_sufficiency_v1,False,True,False
junyi,5cb9cde1685ba35babf7195546fdb87f88848f8bf9a849200daf359540a97aed,aff167583ff6c20b2892de9cb4ecf50460071cf6953f357a5eb16c7188bc1d9f,html_question_div,fill_in_or_graphie,False,EXCLUDE_REQUIRED_IMAGE,question_div|dynamic_template|image_dependency_flag,content_sufficiency_v1,True,True,False
junyi,515c8422a9c978cae0f7f098b74ad43dcdff882f68329bd0c3a04c6c2820068a,91728fc751ab2a3b18b94b2ecd286c0d96476c5b5b443ce092cd938f204601e8,html_question_div,fill_in_or_graphie,False,EXCLUDE_REQUIRED_IMAGE,question_div|dynamic_template|image_dependency_flag,content_sufficiency_v1,True,True,False
junyi,1393cd96f0a3500dd3d8370ba2153ae8978c6d72cd07ba4489f2035c018f1ec6,7ba6eac02fcdc639f998d10330893d16a8bc9944223399536446621beb214665,html_question_div,fill_in_or_graphie,False,EXCLUDE_REQUIRED_IMAGE,question_div|dynamic_template|image_dependency_flag,content_sufficiency_v1,True,True,False
junyi,02ce16154133c07e7966d8e9d9cd9f8d2e0fb1f52941fad9daed2cdac0fd2a4b,eda77a00db71f104ffe4e787d549987824c85f1c6578cc4f0041d4d91ec4ba6c,html_question_div,fill_in_or_graphie,False,EXCLUDE_REQUIRED_IMAGE,question_div|dynamic_template|image_dependency_flag,content_sufficiency_v1,True,True,False
junyi,776792fc8598f03eba9ee546cef671f47ce8fce56c1396ee1c71c13dca2bf49e,359760dcb74c63163acb8c0458d75c13f7567057da37956ef6be17afd05940df,html_question_div,fill_in_or_graphie,False,EXCLUDE_REQUIRED_IMAGE,question_div|dynamic_template|image_dependency_flag,content_sufficiency_v1,True,True,False
junyi,944674facc17e57e292925ae41d28cefdeeaff3ba2a3262fd61c21b9a0de805c,a232d20f33ed1959641c7542dba691bd2048b3a58fb3829b0a71ddbf5bbe1aee,html_question_div,fill_in_or_graphie,True,PASS_TEXT_COMPLETE,question_div|dynamic_template,content_sufficiency_v1,False,True,False
junyi,5b74a87606203e9814450bfc8a0ff242541f9ab32443ce1b2c24f6b61e49f066,7fb230ed3f4b1c041c831c6cfd28a4a462999c6c8ea1944114fc18569f39c2c7,html_question_div,fill_in_or_graphie,True,PASS_TEXT_COMPLETE,question_div|dynamic_template,content_sufficiency_v1,False,True,False
junyi,104da53e40edf859096ed9d048e3fcf7b8555d2291a6273aefafd61d100fc04f,d6139de4b7fc7a46a8bea6a6caf5b695f5a1459aac2cc70d2a96cbd75a5c3ee2,html_question_div,fill_in_or_graphie,True,PASS_TEXT_COMPLETE,question_div|dynamic_template,content_sufficiency_v1,False,True,False
junyi,edf19e3b43e0d3afc883969af3e59a7189a47c5f975b4e1f4d4ccf3c2e4c0da7,3bead95411fbada2bda9f0d656be39639a34f29202e32d50e2c4c1c54bde44fc,html_question_div,fill_in_or_graphie,False,EXCLUDE_REQUIRED_IMAGE,question_div|dynamic_template|image_dependency_flag,content_sufficiency_v1,True,True,False
junyi,3fda90f7333abe8a88ec600411d413ba9cc4f8d47a82125a78157fa137768ffc,f4a8a90f114459066622924bbf10796b8ec149d4b32414c66b2f8a7a7273dc9c,html_question_div,fill_in_or_graphie,False,EXCLUDE_REQUIRED_IMAGE,question_div|dynamic_template|image_dependency_flag,content_sufficiency_v1,True,True,False
junyi,714cb8b17e10c1037241718d45f6bcf99d02827148cc171fe6e5c046ea80d73d,ec8afad1ead38ff8bc5b17c1f1f5cb1068e53e36271e22036c39e559a461b6fb,html_question_div,fill_in_or_graphie,False,EXCLUDE_REQUIRED_IMAGE,question_div|dynamic_template|image_dependency_flag|prompt_length_risk,content_sufficiency_v1,True,True,False
junyi,b39a82acd5296294e65c7373cc0024c6a191975282596137162a520cfe0331ff,861964d4eb7decc63ee288dcf2c15d6512e327b0fd30f596a7d875ce89887d90,html_question_div,fill_in_or_graphie,True,PASS_TEXT_COMPLETE,question_div|dynamic_template,content_sufficiency_v1,False,True,False
junyi,c59f8af720b804a3810df62440daaaf0fdc887a432181e8df80d6bcb3d6f17f5,98890fce76bc88352d93914046e5107aa566dac790644e1bbf0920acab382058,html_question_div,fill_in_or_graphie,False,EXCLUDE_REQUIRED_IMAGE,question_div|dynamic_template|image_dependency_flag,content_sufficiency_v1,True,True,False
junyi,9a203607125289bb00caca57da0e993be692bcdeddfd97f23b3613e12b13c98f,41cbfcbf547d5565b0b1b9f577d0886fba98a79b05218bb182c8d0f03c709508,html_question_div,fill_in_or_graphie,False,EXCLUDE_REQUIRED_IMAGE,question_div|dynamic_template|image_dependency_flag|prompt_length_risk,content_sufficiency_v1,True,True,False
junyi,c870a46a89b3141927f0fd3a02e5e53f94828bbad13dd99635343534090052c1,e38357866a104879308845af4a7106384c27550ed45fddf481471b010e89cffe,html_question_div,fill_in_or_graphie,False,EXCLUDE_REQUIRED_IMAGE,question_div|dynamic_template|image_dependency_flag,content_sufficiency_v1,True,True,False
junyi,8017f2f9654c70f22c26c4f765ab3e92845dcfc31d0aecade7e5d4e7c39b740a,b530221e6120913e0fbbc98e394e0bb8fb403efcfc518287d04d899e4d79467f,html_question_div,fill_in_or_graphie,True,PASS_TEXT_COMPLETE,question_div|dynamic_template,content_sufficiency_v1,False,True,False
junyi,d8e67c56f52d6383cd221c6948e84ccb57b9dc472ee593b20409e66fe16744ba,05cccace6a7779c829b155188916d29267412b7cbba0ae95619ddcff50449849,html_question_div,fill_in_or_graphie,False,EXCLUDE_REQUIRED_IMAGE,question_div|dynamic_template|image_dependency_flag,content_sufficiency_v1,True,True,False
junyi,3e4d3d45e6c881107d29a1d80ca59bfae3bcaf6643010e2dc20dc66b25f003ff,9bfe7bb7d42e7e63d78614fc5051ad50ac65ef1795470a27652ffc27b43ce918,html_question_div,fill_in_or_graphie,True,PASS_TEXT_COMPLETE,question_div|dynamic_template,content_sufficiency_v1,False,True,False
junyi,4c02f01b9c7c74059f32ea84fed6fce0907cd670f29feb20791ef7b5c1dc1be4,a5a6e4f85ca7141756b87ad842216fa17159499fd9840dbdafa696533d034a47,html_question_div,fill_in_or_graphie,True,PASS_TEXT_COMPLETE,question_div|dynamic_template,content_sufficiency_v1,False,True,False
junyi,49e0b89e637279e50a227e33abd96365b5cbdc4464fc75dc6219ad7dd0c259f8,583e02056e87ac13dc555145fcde28f379e155ffa52335755947f6ed0a36978c,html_question_div,fill_in_or_graphie,True,PASS_TEXT_COMPLETE,question_div|dynamic_template,content_sufficiency_v1,False,True,False
junyi,5054b2cf4cd994c0030d8c8f01466f66133a21da6869e2b00591d05eb039b1f7,90fb81af4578934a509480de9707fa2e1347b43dcf9226774072aa993ac0dce2,html_question_div,fill_in_or_graphie,False,EXCLUDE_REQUIRED_IMAGE,question_div|dynamic_template|image_dependency_flag,content_sufficiency_v1,True,True,False
junyi,a3e260530dc3e4ca1e5d1e36e916fee2bf7e0e2b5fdebd6b7fede00011e7ff10,e171f30d313b87c4d37c30c8de032a30bd5b6ac7c6b53d845f6b728a3cd52c83,html_question_div,fill_in_or_graphie,True,PASS_TEXT_COMPLETE,question_div|dynamic_template,content_sufficiency_v1,False,True,False
junyi,e80878f1c8a56b16b1e0cdb439eb03e4b74f03e825b365e62656c00c086d11f6,671ba4f7beeb029ff1d1f29e7ce0ea82ebebfcd7bf01a823a09c118e066a2d31,html_question_div,fill_in_or_graphie,True,PASS_TEXT_COMPLETE,question_div|dynamic_template,content_sufficiency_v1,False,True,False
junyi,16d3f99ccf777629d1833619a102219a6d3780e87a8be3942e1483dec7c30158,f216f4c3aae5479be5bce55daa4de1f464212936b255a7a087b72593002df3c7,html_question_div,fill_in_or_graphie,True,PASS_TEXT_COMPLETE,question_div|dynamic_template,content_sufficiency_v1,False,True,False
junyi,901e20a5ee932b8684f7d376fac83a21921b15d992763ea961fba210db4f843a,e06ca75367ee6bcdb82dbbd35c6c3392ad6a190f8cf0d840dbaf2b7be752ba27,html_question_div,fill_in_or_graphie,False,EXCLUDE_REQUIRED_IMAGE,question_div|dynamic_template|image_dependency_flag,content_sufficiency_v1,True,True,False
junyi,556c67ae913e7637099d15a0c3b381b0bc824587dcdc746c989d205260b6c2e1,c9136fde5db55d7d398088c98ecfd7b66a7794f03c77e12460e45789937fe5a0,html_question_div,fill_in_or_graphie,True,PASS_TEXT_COMPLETE,question_div|dynamic_template,content_sufficiency_v1,False,True,False
junyi,749af270c3ef0e2d086dff3ba10808add23834436dab1c23665e841ed55e7533,0be7f04ecb477b01cb75e6f5392a78ef9e464559eb351deb9f50023480a4cf3f,html_question_div,fill_in_or_graphie,True,PASS_TEXT_COMPLETE,question_div|dynamic_template,content_sufficiency_v1,False,True,False
junyi,b569d2cc4186b647e47316e5f77a51b60dff8b5dbbf56797fad5f14c475637cf,ce0cab306abacae7b1aab303843aa2786debde6a9b586b2d3dfe8ab71769433f,html_question_div,fill_in_or_graphie,True,PASS_TEXT_COMPLETE,question_div|dynamic_template,content_sufficiency_v1,False,True,False
junyi,7d5fcaab9612bc48cdb752fadec518c3646bc6be24b5f3bc1166d5c9aa96c384,8e9f6cff8e52d6f3f7660a69058140c4f0ffed20dd2e1068f222d23d86758903,html_question_div,fill_in_or_graphie,True,PASS_TEXT_COMPLETE,question_div|dynamic_template,content_sufficiency_v1,False,True,False
junyi,048ea828718119bb1e4c1f24b038f412e90af46b53dab9dec184a6a8491eccc4,3145ff09348166061258841a1595e25d0838a803fe69b6866299d7e2e763eddc,html_question_div,fill_in_or_graphie,False,EXCLUDE_REQUIRED_IMAGE,question_div|dynamic_template|image_dependency_flag,content_sufficiency_v1,True,True,False
junyi,1f9bb004a69ac0e9c26d79b6e9c3af38ff6c8ac1e81eea02e21a2a628fc39d5c,ec5fa10edd55257c814e4cc250d55af9a02ead61828bd914150e283752fe7940,html_question_div,fill_in_or_graphie,False,EXCLUDE_REQUIRED_IMAGE,question_div|dynamic_template|image_dependency_flag,content_sufficiency_v1,True,True,False
junyi,0a621affba077407937e6caee9147520a85bce9335fd377394f77c86405feda5,d7b46e71bce5d6ad418b6d6e3286123efe473d9e89c295dd83921087409b1afb,html_question_div,fill_in_or_graphie,True,PASS_TEXT_COMPLETE,question_div|dynamic_template,content_sufficiency_v1,False,True,False
junyi,8a1b593cdc0d9b85ee815fcdaeb9f02dc3d2a28fac168d80fae1f32bcb86297e,eee0823058d2c7bd56ccd16daa51813ad05354ff6f239593ab9ee07eec17b9f5,html_question_div,fill_in_or_graphie,False,EXCLUDE_REQUIRED_IMAGE,question_div|dynamic_template|image_dependency_flag,content_sufficiency_v1,True,True,False
junyi,dd0a4d70cc40a8372712358f56a67541133cbd422ba6aaa219d7eb7ee2ad28dd,bfb398bde3d745f9724f874b602e9138ec66dabfed0c69eac0fe3c935d9aa5b3,html_question_div,fill_in_or_graphie,False,EXCLUDE_REQUIRED_IMAGE,question_div|dynamic_template|image_dependency_flag,content_sufficiency_v1,True,True,False
junyi,87b47c4b14361a153c02b5f8952fbc52ed358a08908fbd46b7c295200fe52227,60ba02964fef6172786a3009b370589bafadfc9f8f034360752dffd07699920c,html_question_div,fill_in_or_graphie,False,EXCLUDE_REQUIRED_IMAGE,question_div|dynamic_template|image_dependency_flag,content_sufficiency_v1,True,True,False
junyi,83cf308a425061f28d93c2f0543b971ac89bf227412439a54d46506f9c876e96,4381488d64e03c6b212caa6f218a7379d6c79d053ce667e724a896a8b682a845,html_question_div,fill_in_or_graphie,True,PASS_TEXT_COMPLETE,question_div|dynamic_template,content_sufficiency_v1,False,True,False
junyi,493374ee4e891e2fa2aa9ad547b9b9e4ad771372425372215bfb1f3be855ec87,069a6343dfedaee2cbc190c96dacad50411fd5acaf780d5b8aed38741136a1af,html_title_fallback,fill_in_or_graphie,False,EXCLUDE_TITLE_ONLY,,content_sufficiency_v1,False,False,False
junyi,660d1b2797e437b6e6144e6ccd68aa768138d0a4caf1b9c92e51b387e25320de,c98e3dc32f7c344bb30fe8a3d20428964f810a474e3c0d37f5cc61cec6c83353,html_question_div,fill_in_or_graphie,True,PASS_TEXT_COMPLETE,question_div|dynamic_template,content_sufficiency_v1,False,True,False
junyi,e8d11bb286b31cf1dffb2b4b01149363d8217f8c52f01a22f9a1b0dd7f7d9806,757177d11a14652ee0ab4647dfaab116078e1a66b19a65a84662322874507318,html_question_div,fill_in_or_graphie,True,PASS_TEXT_COMPLETE,question_div|dynamic_template,content_sufficiency_v1,False,True,False
junyi,ab24833bed18379bd6dbc5d94cf2b605e34cdaa18151bcd15a419e78a3f05a85,5bf4ad26c64262f76ee8d84f91f97c5114b1553694dd31313d4ef879f67579f3,html_question_div,fill_in_or_graphie,True,PASS_TEXT_COMPLETE,question_div|dynamic_template,content_sufficiency_v1,False,True,False
junyi,a7b528d99af5ea30b1d807bf1e776a0f281e4555791faabf26d769102d37df94,18c6b04f9433ed58a135c808bbdc9c85754b550204674de8d1370c8cac5b8c16,html_question_div,fill_in_or_graphie,False,EXCLUDE_REQUIRED_IMAGE,question_div|dynamic_template|image_dependency_flag,content_sufficiency_v1,True,True,False
junyi,4081fece1bd69806017f3b064e1da77243a3559fe1a207b178f2935d5690b061,7ab4ab06c88df438595676fa78679215df75114c00add93ad99bde397dbed696,html_question_div,fill_in_or_graphie,False,EXCLUDE_REQUIRED_IMAGE,question_div|dynamic_template|image_dependency_flag,content_sufficiency_v1,True,True,False
junyi,ba64fdd0577ef660c50493bba03aabb43426a443d7bd81aaefc5c2b23435460a,18c6b04f9433ed58a135c808bbdc9c85754b550204674de8d1370c8cac5b8c16,html_question_div,fill_in_or_graphie,False,EXCLUDE_REQUIRED_IMAGE,question_div|dynamic_template|image_dependency_flag,content_sufficiency_v1,True,True,False
junyi,d5feb5ac073b62579be29ed60ec9af51a7bab4943b5c334bc735aabff685ee51,886205f03c7e5bde3ada13e7551fee105c99432afe3f3194d4db7475dbdb73fd,html_question_div,fill_in_or_graphie,False,EXCLUDE_REQUIRED_IMAGE,question_div|dynamic_template|image_dependency_flag,content_sufficiency_v1,True,True,False
junyi,ee70d7b50ed39bcf0f5b73ae66056743667545b7f7a6de997be5718a36d3942f,886205f03c7e5bde3ada13e7551fee105c99432afe3f3194d4db7475dbdb73fd,html_question_div,fill_in_or_graphie,False,EXCLUDE_REQUIRED_IMAGE,question_div|dynamic_template|image_dependency_flag,content_sufficiency_v1,True,True,False
junyi,a7f16f3292a6013a44a5d71071037472102718e857f44999c14aadab45639c22,fdef14c2a588078983620f6be43ac255586ab5942592f007ab2627858afee32e,html_question_div,fill_in_or_graphie,False,EXCLUDE_REQUIRED_IMAGE,question_div|dynamic_template|image_dependency_flag,content_sufficiency_v1,True,True,False
junyi,828e6533041696caf0c41184e7d97058197595d5ef0074d8db64a24df8a088e9,f589b938e1df23c2910802c90898448fd59a4c9f9a80bf341be58d018523d85e,html_question_div,fill_in_or_graphie,True,PASS_TEXT_COMPLETE,question_div|dynamic_template,content_sufficiency_v1,False,True,False
junyi,6a45d815d8a86d00d2f2861fc0656fd7b7bcc757a605885f19a700e4e87781b1,551ec2a821fd1a9e0848b66435e0ffa7c42353be67bfba2fd116b23d94ff9a8f,html_question_div,fill_in_or_graphie,True,PASS_TEXT_COMPLETE,question_div|dynamic_template,content_sufficiency_v1,False,True,False
junyi,b6c09853f66f8d0719dc390dff4e17508963ee2edf50465ca202519a805f080f,922afd7376be220835a7757c14fe7d005306fc57f1e6a8886ed4cbd14c253f9d,html_question_div,fill_in_or_graphie,True,PASS_TEXT_COMPLETE,question_div|dynamic_template,content_sufficiency_v1,False,True,False
junyi,bc6411daa543f28a1887ce921d69527c0d5c0064f326ff1f58c78c33ad0a3257,29d701c17a05f6e5e58152d12be9d03fbcd8a8c8d6a5f05aa1526d7414434316,html_question_div,fill_in_or_graphie,True,PASS_TEXT_COMPLETE,question_div|dynamic_template,content_sufficiency_v1,False,True,False
junyi,08ba2dac64d463108e92c4d9b8f4fecf7e050a06da1ce491ccf43ce09a5aa250,3c1ddafe28cc50a79c6b2bbc55404988f1f3beb8c6cb5615f7ed3064608a5a65,html_question_div,fill_in_or_graphie,False,EXCLUDE_REQUIRED_IMAGE,question_div|dynamic_template|image_dependency_flag,content_sufficiency_v1,True,True,False
junyi,e5f55fa1009add2162b1ff84bb1056098b23474fe293d08b8f8d570976b1acb4,bd490337a83a145089ab98c84172daae10003829db490033a5d348e26efad228,html_question_div,fill_in_or_graphie,True,PASS_TEXT_COMPLETE,question_div|dynamic_template,content_sufficiency_v1,False,True,False
junyi,d098e1f52b408e662e2551cc835e05cabaf35f5de01406b17492a3b54e954bfc,0a196ff0b92cfea8df613770d600d7d2edf3280e698fdfb75892fbde775fcbcb,html_question_div,fill_in_or_graphie,True,PASS_TEXT_COMPLETE,question_div|dynamic_template,content_sufficiency_v1,False,True,False
junyi,087d41bb0d7a58b5287aea2ae316d528474630562661af648747b6c86b8bc7b5,27b639a45b1f2f7b4acdbaf8a21adae481a7aa0ec657c0ec6690874bfdbdb28d,html_question_div,fill_in_or_graphie,True,PASS_TEXT_COMPLETE,question_div|dynamic_template,content_sufficiency_v1,False,True,False
junyi,9392d64eff6dab34a7487a7c9614de12ff3af40894477896fcd297f016f15f26,2741d54774ed4100696738a8b49cf6a72e97931f462e758a11b2bdc6e9a46c0d,html_question_div,fill_in_or_graphie,True,PASS_TEXT_COMPLETE,question_div|dynamic_template,content_sufficiency_v1,False,True,False
junyi,9d13db9fcc865be60e6a4c9106ac810129bc5af9f7ef06814d9a5bc935bf3ffd,363468a880ddb5be17ca9dc55942a1d51fd36b4cd85a105b8e35081bee265a4d,html_question_div,fill_in_or_graphie,False,EXCLUDE_UNRESOLVED_TEMPLATE,question_div|dynamic_template,content_sufficiency_v1,False,True,False
junyi,d1c68a24ca3d7eea49106b234160c3982d4bbc13a3b2f8405f7472074769500d,535ba6265854a3ac48d76824a9f087f9a2e40ab8443913cb98f6eccf7de7753f,html_question_div,fill_in_or_graphie,False,EXCLUDE_REQUIRED_IMAGE,question_div|dynamic_template|image_dependency_flag,content_sufficiency_v1,True,True,False
junyi,1076b530570a654ba1562598bee403c4da5a2fa7f1b8c408c515820a4e4db544,493711c5740498ddb910f698a9e6cc13b73495d493ec4f514eb5d122e64bed73,html_question_div,fill_in_or_graphie,False,EXCLUDE_REQUIRED_IMAGE,question_div|dynamic_template|image_dependency_flag,content_sufficiency_v1,True,True,False
junyi,ad4fd96da5b021b5dc796a89bca87a177c6c74ee2b897f959edaac472e68e494,18d0b7cb5dcbdb9dddc516382e9156f7944a8fb41b1c9359da8a5271b4baf48c,html_question_div,fill_in_or_graphie,False,EXCLUDE_REQUIRED_IMAGE,question_div|dynamic_template|image_dependency_flag,content_sufficiency_v1,True,True,False
junyi,e823310eed0ff536c9db7a97fd5e31d540ce159cb9503528b4c5e7637bafd207,c09874f9688e2fa78985c6b90bcf7d608cc2b16e05e37cfcd51f2c282207e282,html_question_div,fill_in_or_graphie,False,EXCLUDE_REQUIRED_IMAGE,question_div|dynamic_template|image_dependency_flag,content_sufficiency_v1,True,True,False
junyi,68336470cb9e1e2d7ab5a9ee3b6f4e8a3a32b24bbcd8630919ae981e3ca3cc74,4ecabeb4e796d42abe8f24c52d4b1f374a90dffb3c71affcbe16da3aa97c91be,html_question_div,fill_in_or_graphie,False,EXCLUDE_REQUIRED_IMAGE,question_div|dynamic_template|image_dependency_flag,content_sufficiency_v1,True,True,False
junyi,6cd291fd0cf93e87421cbdc5e27a460e3bc6783001b05f068b458d7062fe98af,9337fd0c2b93ee4f076e1a757099aeff7b9f6cd1da69f2a1b38f614c0b37decb,html_question_div,fill_in_or_graphie,False,EXCLUDE_REQUIRED_IMAGE,question_div|dynamic_template|image_dependency_flag,content_sufficiency_v1,True,True,False
junyi,546231b50b555011e92f440a2189c593742c119d3173283ee9d812a9aa786c54,f0baa3e241e78e7de664bc1386bd5143ef0b355b14680d05340622cbb13d744b,html_question_div,fill_in_or_graphie,False,EXCLUDE_REQUIRED_IMAGE,question_div|dynamic_template|image_dependency_flag,content_sufficiency_v1,True,True,False
junyi,55fc563f657f726a91da4ef054a8216e69c292fd90efcd8f94930795ae61fb68,cad13efb3bfd0e5be54a905727f77f7e25685be09d9d88a535dea2795aac7826,html_question_div,fill_in_or_graphie,False,EXCLUDE_REQUIRED_IMAGE,question_div|dynamic_template|image_dependency_flag,content_sufficiency_v1,True,True,False
junyi,0bd8bdb5d0cbb08d9c4c864deafaf51145860268b55463756d065933d54dad35,184996ee623f54f2974d7c356ea2b45041a38ad749141d17ad55192fd02ca056,html_question_div,fill_in_or_graphie,False,EXCLUDE_REQUIRED_IMAGE,question_div|dynamic_template|image_dependency_flag,content_sufficiency_v1,True,True,False
junyi,1c742d6a0db2a66cc67af5ab30d3645a0b6edb83a84134948d658e20a838c572,f189c28128012b57fab9fa37b0416b7d376dc6e1c4014cfe79e1b42d75e29c89,html_question_div,fill_in_or_graphie,True,PASS_TEXT_COMPLETE,question_div|dynamic_template,content_sufficiency_v1,False,True,False
junyi,7564828e656100c0a09210a4fbf1585b9ee08aed0f46e889596e9aff205f904e,306a1575c91caf2a50f8d9443856e88a53ced5119a3181453e1e0129cca15929,html_question_div,fill_in_or_graphie,False,EXCLUDE_REQUIRED_IMAGE,question_div|dynamic_template|image_dependency_flag,content_sufficiency_v1,True,True,False
junyi,56fe86ae91245a81d1e6ce4aa49c77f71f22910755a8d63f9356b5b36ed6a9a4,315be699eaca4fcdceee29aa893211758b0776c5d4dde26612baf86ed388b5e6,html_question_div,fill_in_or_graphie,False,EXCLUDE_REQUIRED_IMAGE,question_div|dynamic_template|image_dependency_flag,content_sufficiency_v1,True,True,False
junyi,197fee64d70e23fe0fc721274784b057d8b956107d2fa86d860fdff674354e30,70464acddf2d44fdb12f35a40e85e767ebd874c8172111a7fa6a23a5f2b3fc0f,html_question_div,fill_in_or_graphie,False,EXCLUDE_REQUIRED_IMAGE,question_div|dynamic_template|image_dependency_flag,content_sufficiency_v1,True,True,False
junyi,29685c195ecc715208cf3630f5d40f339c978eeee28548b73d048e135ae54328,13b72e5361ea1df4476e29874f252d867382cf3c9541580c6ea3fd2bde278607,html_question_div,fill_in_or_graphie,False,EXCLUDE_REQUIRED_IMAGE,question_div|dynamic_template|image_dependency_flag,content_sufficiency_v1,True,True,False
junyi,04d04f8145b42c3fd522587b616b1a5e3171475b91f0404f79f45205b1e98a8a,90c11f14a1be46a0984c78803e3d0f33c67d02fee65bf0e52a39c497178a32b1,html_question_div,fill_in_or_graphie,False,EXCLUDE_TRUNCATED_CONTENT,question_div|dynamic_template|image_dependency_flag,content_sufficiency_v1,True,True,False
junyi,a39a2e61e50fa04d9f6f991812dc11a3e3b82123e4eae9bcbdcf032754f1b993,5e3b32d84beb9f4516627b8a9b976ddab60f2d6ffb6871f7fca7088ecb8323fa,html_question_div,fill_in_or_graphie,False,EXCLUDE_REQUIRED_IMAGE,question_div|dynamic_template|image_dependency_flag,content_sufficiency_v1,True,True,False
junyi,9c7f2bc5db1a17f5ce5fad190c2f6ec402390ac793cd0260ef2501a729fde258,db201c3556c1523b18eb61544159c26b5d1b579acc650fe22cb1e765cc771f9b,html_question_div,fill_in_or_graphie,False,EXCLUDE_REQUIRED_IMAGE,question_div|dynamic_template|image_dependency_flag,content_sufficiency_v1,True,True,False
junyi,805375383dd5bf77747d40f32946917692171b9eea80ed78a105768438428999,868b5ae18cae851b145e94f8fb26c85ba3799c8d759e44c6dc38ff52dff9d8dc,html_question_div,fill_in_or_graphie,False,EXCLUDE_REQUIRED_IMAGE,question_div|dynamic_template|image_dependency_flag,content_sufficiency_v1,True,True,False
junyi,8d87d0ca7235f1ad4a910e12cd652fef96a2b9d2c2d2967bdd7953d9782251f7,3c5a3bc88f033cc6cca33e7c0566846d4559e223c603c6065c88972f3dccd4fe,html_question_div,fill_in_or_graphie,False,EXCLUDE_REQUIRED_IMAGE,question_div|dynamic_template|image_dependency_flag,content_sufficiency_v1,True,True,False
junyi,591f6243d000dbfbde88904bb4f2c67b888a49762858882c3df88821082fab81,81dd067081778cef710039803a900dde36b022d89e33742630684909083e0f20,html_question_div,fill_in_or_graphie,False,EXCLUDE_REQUIRED_IMAGE,question_div|dynamic_template|image_dependency_flag,content_sufficiency_v1,True,True,False
junyi,7c8a9839dcbab086d4a7c61abf893ef08c3f90f4ef444017890c9e0da2a4a5e1,f682040f12f53606182540900310c568cbcb67f4e3e8113cf5aaa08866c03314,html_question_div,fill_in_or_graphie,False,EXCLUDE_REQUIRED_IMAGE,question_div|dynamic_template|image_dependency_flag,content_sufficiency_v1,True,True,False
junyi,869e1e42c5cc75041e174672ded6852d1f879ed7eec1088917a04d0e39041247,6718898fe95132c956e4406b6848621ab62914a57c84c4995d57eaa65afc97ec,html_question_div,fill_in_or_graphie,False,EXCLUDE_REQUIRED_IMAGE,question_div|dynamic_template|image_dependency_flag,content_sufficiency_v1,True,True,False
junyi,1427a299e168a4ed88053550e6cd040a24a4b8ed05acc3314ab004a3ed7478d7,1b518c586c844096d5ad3768d7dcf6f6efc79589eaa1af7e73a549e3328e850e,html_question_div,fill_in_or_graphie,False,EXCLUDE_REQUIRED_IMAGE,question_div|dynamic_template|image_dependency_flag,content_sufficiency_v1,True,True,False
junyi,4581f532904b8a11cf4f279b0a3ad8f8cd72e451253f721082549e5e29b694fd,ae775b9b91e1334a3b06358261282c7c1284c52f9de623feaa0632fc8cd71663,html_question_div,fill_in_or_graphie,False,EXCLUDE_REQUIRED_IMAGE,question_div|dynamic_template|image_dependency_flag,content_sufficiency_v1,True,True,False
junyi,4fba36d50e112b2d810a5e3bffb6238f83fe971b8fd2a59d1e9da52d08c1ff14,3041fbc513cf0553a454bb83ace82dd0cc318bdf2469a41864d25603b2d3ac3d,html_question_div,fill_in_or_graphie,False,EXCLUDE_REQUIRED_IMAGE,question_div|dynamic_template|image_dependency_flag,content_sufficiency_v1,True,True,False
junyi,74925fafaf5121e82f7f9e53032141471c88f17af45ad0c17fd8668f658735ab,3619b341009c176f7ad8fc57247339032a1478e8d9f7643b349de89f5dea41cc,html_question_div,fill_in_or_graphie,False,EXCLUDE_REQUIRED_IMAGE,question_div|dynamic_template|image_dependency_flag,content_sufficiency_v1,True,True,False
junyi,2bdc7a5e245ed9ce8832c1f449afb054d392b36c44b5b18e2a52fd2ea4b1b6a0,04b5a540594e734c09d15b2e2b82f1be0bc4b3b3d9e02f506c0c53b2dae50fce,html_question_div,fill_in_or_graphie,False,EXCLUDE_REQUIRED_IMAGE,question_div|dynamic_template|image_dependency_flag,content_sufficiency_v1,True,True,False
junyi,a6c05015ae01879ebf20fac57ac53ae3c674d7bc3a936ded0ef27b0941eeb7e1,6c2e5884de0603032622cb20c96a797b8da309f34b1cc4c046e0a308e2e9f881,html_question_div,fill_in_or_graphie,False,EXCLUDE_TRUNCATED_CONTENT,question_div|dynamic_template|image_dependency_flag,content_sufficiency_v1,True,True,False
junyi,d4207c033b940d1d5e6ebecb7b60862b5c6c0c381a0dd0d9b74cdb8dcb00b02d,3b2e803ab4da0b5923bd9936dfe8643cc1178817c6a62584d251cab32e2ca449,html_question_div,fill_in_or_graphie,False,EXCLUDE_REQUIRED_IMAGE,question_div|dynamic_template|image_dependency_flag,content_sufficiency_v1,True,True,False
junyi,ed27924da3ea6e2eed58049de503559db14e0a159fc1065f0ad833da9a32e434,41ff00306f5b5d224e907c3d588b8f4f68e4a3e7d155b44d6ce057e4f5d13b80,html_question_div,fill_in_or_graphie,False,EXCLUDE_REQUIRED_IMAGE,question_div|dynamic_template|image_dependency_flag,content_sufficiency_v1,True,True,False
junyi,b8ebe73267a753d686ade77b2483197dc7a09995f1b375f7483eb3e2d0e6a9fb,4f9dc3ac25f66df43935f41e875871d776b490a9716571535283e57ecef778c4,html_question_div,fill_in_or_graphie,False,EXCLUDE_REQUIRED_IMAGE,question_div|dynamic_template|image_dependency_flag,content_sufficiency_v1,True,True,False
junyi,092e273fd3d811e966c516da978c4d8188124c3e523765c16a8d1b2fa4fcd59a,cf1c90d6bc338d65bec65f2078eae29e717a05d2c859e98a3ba28e31ad145b2c,html_question_div,fill_in_or_graphie,False,EXCLUDE_REQUIRED_IMAGE,question_div|dynamic_template|image_dependency_flag,content_sufficiency_v1,True,True,False
junyi,f462f54d8d583e30800ffb4d5166d6cc0f966b6973b3a307c32d7f4c0e75e264,4f9dc3ac25f66df43935f41e875871d776b490a9716571535283e57ecef778c4,html_question_div,fill_in_or_graphie,False,EXCLUDE_REQUIRED_IMAGE,question_div|dynamic_template|image_dependency_flag,content_sufficiency_v1,True,True,False
junyi,2aa4780702b67e907647d351d9634d35f496425e300423bc18d19d06a6829080,cf1c90d6bc338d65bec65f2078eae29e717a05d2c859e98a3ba28e31ad145b2c,html_question_div,fill_in_or_graphie,False,EXCLUDE_REQUIRED_IMAGE,question_div|dynamic_template|image_dependency_flag,content_sufficiency_v1,True,True,False
junyi,7f0d28b91f0678642ef8d534bdf92657327cfef9b484af9f9cdb632c3bff3724,ba18169e6003e1011cdcbe4bd6d3455f7d7009d959214e39c6c8f0ce07c5d25e,html_question_div,fill_in_or_graphie,False,EXCLUDE_REQUIRED_IMAGE,question_div|dynamic_template|image_dependency_flag,content_sufficiency_v1,True,True,False
junyi,76b79e62cb8a3101d09f9778ee79e2b847921f80f0268226ce1bc16cba541134,1bff5efc848bb72c27187bd632278a8ba963f1d9284e42567355aaa350de6179,html_question_div,fill_in_or_graphie,False,EXCLUDE_REQUIRED_IMAGE,question_div|dynamic_template|image_dependency_flag|prompt_length_risk,content_sufficiency_v1,True,True,False
junyi,3bb28aeb876114349b4f1863ec51009c4c1cff7f7adb83b1f3a20dfe117f1383,f2e3a6b3477dac7c40f2a34132bcf31dacb07450c6fe872e7cd36cad0fef417f,html_question_div,fill_in_or_graphie,True,PASS_TEXT_COMPLETE,question_div|dynamic_template,content_sufficiency_v1,False,True,False
junyi,c15e95bb3a73b85ac86f7e67c9fcf8d7a26810dfff376d35690b23ff2064ceee,93fdd93b5e30dc42a39c5da10fcc9c9e5f7346a7677914bd9732d8cef00eefb6,html_question_div,fill_in_or_graphie,True,PASS_TEXT_COMPLETE,question_div|dynamic_template,content_sufficiency_v1,False,True,False
junyi,431329e29377300987761a9d53e562e2c32aec312581f0bc5d94940de347cf9a,4a8b2204c2ac4c6fcbd3af096fdf197ad06b292863107b69d65a812e4c55468f,html_question_div,fill_in_or_graphie,False,EXCLUDE_REQUIRED_IMAGE,question_div|dynamic_template|image_dependency_flag|prompt_length_risk,content_sufficiency_v1,True,True,False
junyi,19a709b11c2cf71235213a9b8b45f6f60e05ae2c5db45ee9d252915cabdc6097,1bc1d3029c9d64e51c9a37d362f277102022fae4990cadd1ef39bc3036806a30,html_question_div,fill_in_or_graphie,False,EXCLUDE_REQUIRED_IMAGE,question_div|dynamic_template|image_dependency_flag,content_sufficiency_v1,True,True,False
junyi,7cbe31d9646e3167adb3071b7b6e2e5882cdbf3ead8fa20a4e54fc52a52fde8c,92380b63e0968034cd6901008db50c22efe30efe2e6b17ae1cf2d6ae2e313048,html_question_div,fill_in_or_graphie,False,EXCLUDE_REQUIRED_IMAGE,question_div|dynamic_template|image_dependency_flag,content_sufficiency_v1,True,True,False
junyi,99ae69fe39aac81ef0a01cd35e7d4d7ca9f8b878109fc771d7179ae0b3c3617f,a786a9a785af53a196ec3263a77806851310ebd48b2692101de03cd20747e741,html_question_div,fill_in_or_graphie,False,EXCLUDE_REQUIRED_IMAGE,question_div|dynamic_template|image_dependency_flag,content_sufficiency_v1,True,True,False
junyi,5ed1f02f11bafd5730785825e0f2df98fccb61f8872e273345e441be4de39465,6489edcd3153b9067aba12a579e04630ca0569ef3a4b68c0ee2fa8a6cbedee41,html_question_div,fill_in_or_graphie,False,EXCLUDE_REQUIRED_IMAGE,question_div|dynamic_template|image_dependency_flag,content_sufficiency_v1,True,True,False
junyi,8defd1559ee534d5bff4b813fc917a7f272b8a4ab2f7109da8734ec0fcd0b105,4baafdd4f011c5d6e96addb40d8a777103fa055b1547d7544408c15a0950b3e9,html_question_div,fill_in_or_graphie,False,EXCLUDE_REQUIRED_IMAGE,question_div|dynamic_template|image_dependency_flag,content_sufficiency_v1,True,True,False
junyi,81d9f3e99fb2bd67b5c4025ba4a6cae896b50568491f5dae195580bc28137e60,8fbf2e41fd7947c8c06d3473a34408baa097d115db81bd6cee48590409a999b7,html_question_div,fill_in_or_graphie,False,EXCLUDE_REQUIRED_IMAGE,question_div|dynamic_template|image_dependency_flag,content_sufficiency_v1,True,True,False
junyi,8f085e7371ef61177e9e5008aa6077edb88bc20ebbabfe08ff3a7ba3d684c80c,9ec5463bf4e931a6d48ccc2a2e023a9e3c33ce134153802ea3ac0032e6e82c63,html_question_div,fill_in_or_graphie,False,EXCLUDE_REQUIRED_IMAGE,question_div|dynamic_template|image_dependency_flag,content_sufficiency_v1,True,True,False
junyi,ec26d95d92a7deb135654c193d949ede25f5c11fd66db83d13917737938e0d7f,18ae784191a49f399c2db0ecccef1fa19c219e5e6d660edb4b60301527cc62c8,html_question_div,fill_in_or_graphie,False,EXCLUDE_REQUIRED_IMAGE,question_div|dynamic_template|image_dependency_flag,content_sufficiency_v1,True,True,False
junyi,ed905392ac609dcac52f3568f6fbc08d80afda5f0cd8271ab1f920c720af2b26,0a2ae6f7f1cb656cfa675dac3fd813022fd9b8354ea7257670b2eb26dfaa985a,html_question_div,fill_in_or_graphie,True,PASS_TEXT_COMPLETE,question_div|dynamic_template,content_sufficiency_v1,False,True,False
junyi,a2659b1d3921b7d6ac3e76ab84e1efe5324f27cdec25d3a92b38f1c80e43ad54,1b4def5196400644519f679b6fea9ef42a402f51426241d180b559f2773a9cb2,html_question_div,fill_in_or_graphie,False,EXCLUDE_REQUIRED_IMAGE,question_div|dynamic_template|image_dependency_flag,content_sufficiency_v1,True,True,False
junyi,2d4a8accd0cf1c98f066647d62dad69359d588b09cd682b478fa7aaaa81e46be,1b4def5196400644519f679b6fea9ef42a402f51426241d180b559f2773a9cb2,html_question_div,fill_in_or_graphie,False,EXCLUDE_REQUIRED_IMAGE,question_div|dynamic_template|image_dependency_flag,content_sufficiency_v1,True,True,False
junyi,538022958f1341dd050d8ca67b39e31c43611b8a22ab4b38856d5b3d0cdc043f,0b50ef63acfb0c88437aca0ebcf26f890452a92aaf73cafe2458eb81d9cd45ae,html_title_fallback,fill_in_or_graphie,False,EXCLUDE_TITLE_ONLY,,content_sufficiency_v1,False,False,False
junyi,4244ea84ff27e866f29fac35b72b5f1ea9ba3358d205f862b1a85dece759b35c,fe5599e59fef3dd05c5066c043be14a9808edf850dca47beeabe6dafdfde18c6,html_question_div,fill_in_or_graphie,False,EXCLUDE_REQUIRED_IMAGE,question_div|dynamic_template|image_dependency_flag,content_sufficiency_v1,True,True,False
junyi,1baef47b58c4023a5c2fefe71f0ceb2417ef3df7933564ca39b3c0bb9a52a046,7a0d6b6cec34d2df537088e88c4d03fe12216f573ee0a1af8fb684c369a867e3,html_question_div,fill_in_or_graphie,False,EXCLUDE_REQUIRED_IMAGE,question_div|dynamic_template|image_dependency_flag,content_sufficiency_v1,True,True,False
junyi,18a41fc7d540ec2db5b2c60273b34ab74eb063f3a46223942f99d4da01344267,96224e39da1158f67b8cee488c1e10290f76f44589cd9f19a5537583cbbb9057,html_question_div,fill_in_or_graphie,False,EXCLUDE_REQUIRED_IMAGE,question_div|dynamic_template|image_dependency_flag,content_sufficiency_v1,True,True,False
junyi,6a529a23870817f2dff86f30eb2e25132dc77ce64ac0203a3d0389109f7cbc0a,2a5856345357867241cb89eb5e29eca8ceae9c940925fc251039b1711e4198ba,html_question_div,fill_in_or_graphie,False,EXCLUDE_REQUIRED_IMAGE,question_div|dynamic_template|image_dependency_flag,content_sufficiency_v1,True,True,False
junyi,c10f91bbd109d3cd9b3a3dc1c759a3a9b88a23603d456f2c0bd29fe66f35c6ba,a2645c9135fc576bf4a0fa8269ba9cdc69276e3c9a76c5c6f26fadca5227d080,html_question_div,fill_in_or_graphie,True,PASS_TEXT_COMPLETE,question_div|dynamic_template,content_sufficiency_v1,False,True,False
junyi,648528b2be01f0cddebea0ee823e7256627db1ba9a83cf91d68e068c17d7f8b0,baba357141f209b3a223f0c05b73613b7d2958f752bc5c6788385c587593eb72,html_question_div,fill_in_or_graphie,False,EXCLUDE_UNRESOLVED_TEMPLATE,question_div|dynamic_template,content_sufficiency_v1,False,True,False
junyi,85f78661947d144e0ff9b665f9d2ab75f7c688121495b4ba5622138a2b70bf12,4e788a37a3dd8db357c3685f22d113c853b591756fc7bb73eac1bba02377a9c8,html_question_div,fill_in_or_graphie,True,PASS_TEXT_COMPLETE,question_div|dynamic_template,content_sufficiency_v1,False,True,False
junyi,d8706dc5e198898625de7b641f79171ca9196d69afc3001e4bad058d4aa466da,d8efe65c73af13d6bd703c29bf5f28e31d77e1e56841f5a66f2c4330042fcd69,html_question_div,fill_in_or_graphie,True,PASS_TEXT_COMPLETE,question_div|dynamic_template,content_sufficiency_v1,False,True,False
junyi,dca06bb98fe0644e7968e936300caf0c4ff94728cf6a8cd066d6d3d9e94641da,f9e13ec41d1ba479ea153df2d6bcd014153f1c63e15efd5a44c505e156037891,html_question_div,fill_in_or_graphie,False,EXCLUDE_REQUIRED_IMAGE,question_div|dynamic_template|image_dependency_flag,content_sufficiency_v1,True,True,False
junyi,ae637c7641fd2622dfda2912006132bbaa55f149b19a003e5ba6316016d7b6ca,407c73c2c6b946f7b2617237236be3b2050ece46babe43f38dc62dfc0bf66899,html_question_div,fill_in_or_graphie,False,EXCLUDE_UNRESOLVED_TEMPLATE,question_div|dynamic_template|image_dependency_flag,content_sufficiency_v1,True,True,False
junyi,b84649b95c3475a7f24f882ff55365eeb9f62a2ab35bc1f8c4d57d9c5ebf43d4,f039cdc641066b3f0bda9582b8fb115f1f32311a9db1e12d2a1cd08cdfc9f07e,html_question_div,fill_in_or_graphie,False,EXCLUDE_REQUIRED_IMAGE,question_div|dynamic_template|image_dependency_flag,content_sufficiency_v1,True,True,False
junyi,82081d1a55ea27de6e5ad7764dc8a2d8384a0ef6bf40e9fcaf5cad6122b797c9,6e693d9a948deadea3db966193da82f68ef919c732664cc7dadfaa9e72b60cc0,html_question_div,fill_in_or_graphie,False,EXCLUDE_REQUIRED_IMAGE,question_div|dynamic_template|image_dependency_flag|prompt_length_risk,content_sufficiency_v1,True,True,False
junyi,d830448d681fe7318a323f1f3ca2d62326f8820dc1bd831f2ee853e380691ee3,bd65fd9bedd3372aaf02d6b605b6d06db5d5f4c73c54f0d9b9d578f454a4b0d4,html_question_div,fill_in_or_graphie,False,EXCLUDE_REQUIRED_IMAGE,question_div|dynamic_template|image_dependency_flag,content_sufficiency_v1,True,True,False
junyi,acadd44c29f4b40ccef4555c7791926c46781ab0b0e21444a437bcbe641854ac,cd3cdcc85aa68f2a9e7a7dc88ef9d0795a0a7467fdbe78e1d85d9ef78d468924,html_question_div,fill_in_or_graphie,True,PASS_TEXT_COMPLETE,question_div|dynamic_template,content_sufficiency_v1,False,True,False
junyi,b12bb145ac87c7cfb34236c84f864440debc89d71b3e0c7d7aa8956cfb445318,83261dfbaa187f16c0f4bbabac7207d6aa9747046e73706dd0f484d558a20bc9,html_question_div,fill_in_or_graphie,False,EXCLUDE_REQUIRED_IMAGE,question_div|dynamic_template|image_dependency_flag,content_sufficiency_v1,True,True,False
junyi,c1d56f9e90ca5ada0996d0192e1213859e4ee00ac05680b1f4ade97ce5169103,3d4e13f457dbcb527fb917a81b86a8109d9431c533d45ce7b05c8225a32aa206,html_question_div,fill_in_or_graphie,False,EXCLUDE_REQUIRED_IMAGE,question_div|dynamic_template|image_dependency_flag,content_sufficiency_v1,True,True,False
junyi,6e839bac237f5d44da932c6a0e2a482db7ef5f761f365caad911449d11c14402,6154e58874be32059b586603966639aa6aadfae9d6f68903275ac5252c362823,html_question_div,fill_in_or_graphie,False,EXCLUDE_REQUIRED_IMAGE,question_div|dynamic_template|image_dependency_flag,content_sufficiency_v1,True,True,False
junyi,c35445ba67a329a194ee8c5eb55d281a6b4b6402d4a960b86f61e13a2ae653a6,be9b1e10f5e2570c65aa63845cd7f3d42dd957688a1d487578114306fa78ea7b,html_question_div,fill_in_or_graphie,False,EXCLUDE_REQUIRED_IMAGE,question_div|dynamic_template|image_dependency_flag,content_sufficiency_v1,True,True,False
junyi,d6e1eebf3f2e2b55db06b532f797b263890aaecfde25ab0adc03ff6901c0dd74,ae2c2c250ef0b6a2d5a275fead8f34cd0f2bb8be55ff09b1f19c1484d6727a75,html_question_div,fill_in_or_graphie,True,PASS_TEXT_COMPLETE,question_div|dynamic_template,content_sufficiency_v1,False,True,False
junyi,4381708e9f9ebf0a1c3a9ac83100321b027a2cbb2a165968029db003eb594ed4,ae2c2c250ef0b6a2d5a275fead8f34cd0f2bb8be55ff09b1f19c1484d6727a75,html_question_div,fill_in_or_graphie,True,PASS_TEXT_COMPLETE,question_div|dynamic_template,content_sufficiency_v1,False,True,False
junyi,ed16c3b0c98430ef43f2abf40a4480957efb24c11c4e77bc9d38fa1c4f9859c3,401893759375ffc3f23a9e97d6c33095e4226e50863dc3cc6debb1eb600dc47f,html_question_div,fill_in_or_graphie,True,PASS_TEXT_COMPLETE,question_div|dynamic_template,content_sufficiency_v1,False,True,False
junyi,57e9e36889043a237ec6d61e2a29fa1ef1b70e190583ebb8090fd46dfd0f31e7,fa8da08379003101d86d772f39371c4e34cdc3680d520091b7932a3c04cdd8bd,html_question_div,fill_in_or_graphie,False,EXCLUDE_REQUIRED_IMAGE,question_div|dynamic_template|image_dependency_flag,content_sufficiency_v1,True,True,False
junyi,0f5912ca0e84d2e536e9316f1736b4b6382854c75d72d770cec753f8b6bc7cbe,983a46cb8645c354791c8f4065ca581ac8d08b1802a12779d8c56ee095381ef1,html_question_div,fill_in_or_graphie,False,EXCLUDE_REQUIRED_IMAGE,question_div|dynamic_template|image_dependency_flag,content_sufficiency_v1,True,True,False
junyi,2141d27b62b43b9ea4273c8bd98cacc03ccbc1cd7d4aed12dc2aceacbed92db9,fa0005b6f64fd42910ec62899d4a2684fb9e35ba7996852183efd29f6dd00dc0,html_question_div,fill_in_or_graphie,True,PASS_TEXT_COMPLETE,question_div|dynamic_template,content_sufficiency_v1,False,True,False
junyi,2006af5340c3a6a4cea25d5a89244caf663263a0688fdf8158e79fc4d55c2787,500e61372efa6d8de54fd461d20e2f363743f581e26b8e58f02f1a52b64c7955,html_question_div,fill_in_or_graphie,False,EXCLUDE_REQUIRED_IMAGE,question_div|dynamic_template|image_dependency_flag,content_sufficiency_v1,True,True,False
junyi,4a9861047c558c302216582795777f9550db3858483ef4c8959a2b9caf6c380c,c4cd4ee2d8f7c8a8b164c823664bdd4a98fa69ad50d09dc450660b85c9b53f7b,html_question_div,fill_in_or_graphie,True,PASS_TEXT_COMPLETE,question_div|dynamic_template,content_sufficiency_v1,False,True,False
junyi,8f589d0f7b5cf6081dd9309e9fb6212006820dff6bfe8594df9be834f8f3327f,60cb17cf2aeb20e2536d553bb6cf7f29affabdba38a681ba8d73a6f44731931b,html_question_div,fill_in_or_graphie,False,EXCLUDE_UNRESOLVED_TEMPLATE,question_div|dynamic_template|image_dependency_flag,content_sufficiency_v1,True,True,False
junyi,7fe4e5e1b288c1ab6f3990fa3eb1b4bdab9a9fa8ea751d4a20527b40b37e8943,089dc2d52a28f1ebf208d88b88075070d5afe014441839b60318f6dfc45f664a,html_question_div,fill_in_or_graphie,False,EXCLUDE_REQUIRED_IMAGE,question_div|dynamic_template|image_dependency_flag,content_sufficiency_v1,True,True,False
junyi,5f27614bd17df34828948da347784cb2414a24e7a9927750ddab4f9bbf4fe6dd,57e79a1febd08061e3863878287e9839c0b327692f274eb1419d1f78a072371e,html_question_div,fill_in_or_graphie,False,EXCLUDE_REQUIRED_IMAGE,question_div|dynamic_template|image_dependency_flag,content_sufficiency_v1,True,True,False
junyi,ec51aa32cc2bf8457d1da390698a8dada3fb7ff7774bcb7fd15bde75c019597f,e296b39f2735f1ffd7a0ed231890e75916f60d4d617d92cbe88b77c89c8e7687,html_question_div,fill_in_or_graphie,False,EXCLUDE_REQUIRED_IMAGE,question_div|dynamic_template|image_dependency_flag,content_sufficiency_v1,True,True,False
junyi,14ff21afed7574ef9e9da63d6a24881baeda571976d659fbaed37afc4895e118,4b598b76b01e209d6868236609a8a9224ccb6be8b7d50c010e0d7e5ddd72f48a,html_question_div,fill_in_or_graphie,True,PASS_TEXT_COMPLETE,question_div|dynamic_template,content_sufficiency_v1,False,True,False
junyi,addcd84bc0ca14462763f144128f27e8fd575faa334e58dee9db633353188b9a,9dd28bf864d788c20c9d3cbdd756df6d0277ed5fd06bb0071eacb68fd91dda72,html_question_div,fill_in_or_graphie,True,PASS_TEXT_COMPLETE,question_div|dynamic_template,content_sufficiency_v1,False,True,False
junyi,3bce78b2c14cfd024d552d89d7eda2c7425821c9f8e4e8a461ca8480a15893f6,04170f596fe177452308980da77d162847dd9b1daf9373f55e216d3773a4c279,html_question_div,fill_in_or_graphie,True,PASS_TEXT_COMPLETE,question_div|dynamic_template,content_sufficiency_v1,False,True,False
junyi,47048b1752f8fd7e9aad079865d9a89846e20c8b00556c7c44025889b073e15b,35fb7ddc0ef34dc63b81b54ba27cccc990ec1886bb7dd213e8c0ddf58ad9e4b0,html_question_div,fill_in_or_graphie,False,EXCLUDE_REQUIRED_IMAGE,question_div|dynamic_template|image_dependency_flag,content_sufficiency_v1,True,True,False
junyi,d92ccae345dab262c04d35097c7feab01e92e340bbac575fe9c1bce956c09e23,68985f55ba91ec3283dbd01801d30b05ad3b68e8746673e695caea9b09b3f7e7,html_question_div,fill_in_or_graphie,False,EXCLUDE_REQUIRED_IMAGE,question_div|dynamic_template|image_dependency_flag,content_sufficiency_v1,True,True,False
junyi,80830ab982dffbb19820f8281a07fa288bdf8cba29fe48d2a567101af566f360,9679d3ad0319544662c951b1fd556804d6213c8b6b3a19fa1d0201f5927fe39d,html_question_div,fill_in_or_graphie,True,PASS_TEXT_COMPLETE,question_div|dynamic_template,content_sufficiency_v1,False,True,False
junyi,692ab0f45056ad0192526152b73f6cb437b06b2a266eb1df5315f1b5145c0714,d7aee4fa92eb95ee1478b43d7d06ceffcf1af1cb4ee010d20cd9fd47de56149e,html_question_div,fill_in_or_graphie,False,EXCLUDE_REQUIRED_IMAGE,question_div|dynamic_template|image_dependency_flag,content_sufficiency_v1,True,True,False
junyi,a7845d38710ee054dfca0f1c97e399ffb5c59cac1066757aba62464f12d3cc6b,005055d756d0e8d254f3a98ee8ee80369d61428e72754cf42624140dfbb79bc1,html_question_div,fill_in_or_graphie,False,EXCLUDE_REQUIRED_IMAGE,question_div|dynamic_template|image_dependency_flag,content_sufficiency_v1,True,True,False
junyi,0735f48c03d1e99963c9e41e1f77710e4c5576a1ee8807be091f5d704dd4b2ce,66909552edbb8417ce9083f2dbc447092fe61436889635173dd57dab5f27a0bf,html_title_fallback,fill_in_or_graphie,False,EXCLUDE_TITLE_ONLY,dynamic_template|image_dependency_flag|graphie_only,content_sufficiency_v1,True,True,True
junyi,bf7235e40e1c2fc30b4c6d0df70c07878480dc17170c11123fd8a2576a151bcf,ba9258bf487c36a896e4eca189d6108d6c17514df770d05a348d36a521c9a31f,html_title_fallback,fill_in_or_graphie,False,EXCLUDE_TITLE_ONLY,dynamic_template|image_dependency_flag|graphie_only,content_sufficiency_v1,True,True,True
junyi,a592b8873f3c295df94b0e2fed36edbde646716c3656591d505c6c23cc29cddc,0ef2f59b1a03fe8b0559dba01cdbf719951ab0934cf9491a3f8de22ce0fdb4ed,html_title_fallback,fill_in_or_graphie,False,EXCLUDE_TITLE_ONLY,dynamic_template|image_dependency_flag|graphie_only,content_sufficiency_v1,True,True,True
junyi,8c5bc1f1b93aecea27b1d7c3ac0cfa9f780d98508a7bd5ffa0b76ad34c39f479,4b9d5736ba9ff2619434b518a81bfe118c871f6dbefd63c0da55ff783de114ec,html_question_div,fill_in_or_graphie,False,EXCLUDE_UNRESOLVED_TEMPLATE,question_div|dynamic_template|image_dependency_flag,content_sufficiency_v1,True,True,False
junyi,751b92edb01a9d6dbc1453fce6248aef03b1ffc7ea36d9a3f9527534eb56fb56,e04c19b574a2b2323b1dcc8060c6284e26bb16ecf67ed9d16da0b1005cbc819f,html_question_div,fill_in_or_graphie,False,EXCLUDE_REQUIRED_IMAGE,question_div|dynamic_template|image_dependency_flag,content_sufficiency_v1,True,True,False
junyi,207202436d86297a71ea33a42466b200e28c069922d509d902d34588fe157aec,298fd91a2de021a694759a4c784014678e2ad356d036126a8815a6d6db5e135d,html_question_div,fill_in_or_graphie,False,EXCLUDE_UNRESOLVED_TEMPLATE,question_div|dynamic_template|image_dependency_flag,content_sufficiency_v1,True,True,False
junyi,2f880e6872320a57850ebedb140597db29315d42ec9e208d247ecf1b07e24489,14970a01370cd55a074087fbaeee244a1b759712b42a23b02dbdc141cdad55e5,html_question_div,fill_in_or_graphie,False,EXCLUDE_REQUIRED_IMAGE,question_div|dynamic_template|image_dependency_flag,content_sufficiency_v1,True,True,False
junyi,91eb1f5a54b19df4206b3ac3f7cd3589d842e0cacaf869dc7d57a4694bfb2c7a,205025b53cc63640144a1a37281db791872c33b08a1a5593de0b1571a37fd080,html_question_div,fill_in_or_graphie,False,EXCLUDE_REQUIRED_IMAGE,question_div|dynamic_template|image_dependency_flag,content_sufficiency_v1,True,True,False
junyi,ab1273ba57693807e63d42b4f14d6ac98025c3a7a0147e477f45dcf7f2e446f4,c10f5a0e63ea56e8afc6cd88924aa194c8bc8764badbaedf62a1af0d711b4163,html_question_div,fill_in_or_graphie,False,EXCLUDE_TRUNCATED_CONTENT,question_div|dynamic_template|image_dependency_flag,content_sufficiency_v1,True,True,False
junyi,e9244402fb2db1b8d16d03d70e733ea72a871b1b79053d2f867688949f0dc400,0ccec3cd4da36102143484f754b36d8dca53dd9d375c6b2e017d0e6eed490c7e,html_question_div,fill_in_or_graphie,False,EXCLUDE_UNRESOLVED_TEMPLATE,question_div|dynamic_template,content_sufficiency_v1,False,True,False
junyi,4164e1e5d8104615c2bffd0d9e16400292ddf4ad19afbea16a87144b5b10f73f,a8c062be236584ee2c7f70226cea48021474972051f3240925d9ef92b9a2595f,html_question_div,fill_in_or_graphie,False,EXCLUDE_UNRESOLVED_TEMPLATE,question_div|dynamic_template,content_sufficiency_v1,False,True,False
junyi,fa1bb273e051458747bb9228ec9e140ff1bc71adef31429ecd45839473aa8816,7f6d1f46372d3231209a8f98bec1a401b5a7c70e0515a38eb49b209113805431,html_question_div,fill_in_or_graphie,False,EXCLUDE_UNRESOLVED_TEMPLATE,question_div|dynamic_template,content_sufficiency_v1,False,True,False
junyi,26c6291c9ed6a252c1aeb36f77abc3e395ef35219179387e87182af7ae0ef62b,84ec358beaa1d8748c43015745597f34d42dbfc4baf5fdec93e41757ea244967,html_question_div,fill_in_or_graphie,False,EXCLUDE_UNRESOLVED_TEMPLATE,question_div|dynamic_template,content_sufficiency_v1,False,True,False
junyi,ca8c32c2d1669c03217b5c6ea36e68057a6156669e512e047267cf2cd027bf31,0ccec3cd4da36102143484f754b36d8dca53dd9d375c6b2e017d0e6eed490c7e,html_question_div,fill_in_or_graphie,False,EXCLUDE_UNRESOLVED_TEMPLATE,question_div|dynamic_template,content_sufficiency_v1,False,True,False
junyi,b007c17ec5643f0af86d7354beeb7edebdcb96b3da925e66e0045e82f0b5a4c2,0ccec3cd4da36102143484f754b36d8dca53dd9d375c6b2e017d0e6eed490c7e,html_question_div,fill_in_or_graphie,False,EXCLUDE_UNRESOLVED_TEMPLATE,question_div|dynamic_template,content_sufficiency_v1,False,True,False
junyi,4d0d5317e727f6d695a180cb4f018c136d4480487f4853117e35bdc859e693b2,06be82f237b6a30cf84795db9013fbeffcecfbb85aebaab963b44a871e6a981d,html_question_div,fill_in_or_graphie,False,EXCLUDE_UNRESOLVED_TEMPLATE,question_div|dynamic_template,content_sufficiency_v1,False,True,False
junyi,460098577c1a08f5813ecf7736565611c01d13bd4c26b4fa667c395eaa26f732,0ccec3cd4da36102143484f754b36d8dca53dd9d375c6b2e017d0e6eed490c7e,html_question_div,fill_in_or_graphie,False,EXCLUDE_UNRESOLVED_TEMPLATE,question_div|dynamic_template,content_sufficiency_v1,False,True,False
junyi,5b13d857c9872c28b3e84deaf22470fcd45da21fcb1c9803bed75c54e3d7a1b7,7f6d1f46372d3231209a8f98bec1a401b5a7c70e0515a38eb49b209113805431,html_question_div,fill_in_or_graphie,False,EXCLUDE_UNRESOLVED_TEMPLATE,question_div|dynamic_template,content_sufficiency_v1,False,True,False
junyi,5815c8db947d64ab8b33cadee526823af5074d08b41cda284df53cd6cb31ca03,d734353b5870fb121572f4f5493a7eac20759c82f895061cd84f3ca8a4b759a4,html_question_div,fill_in_or_graphie,True,PASS_TEXT_COMPLETE,question_div|dynamic_template,content_sufficiency_v1,False,True,False
junyi,ddf01bae3690ef66dd0a26956de8e4aaf535e3ffc020a6e31f98d1799bc8f640,5ca7f60b019b061acb19b59bd3242e4bb72346cf1442a070f2a5aaa309d02da8,html_question_div,fill_in_or_graphie,False,EXCLUDE_REQUIRED_IMAGE,question_div|dynamic_template|image_dependency_flag,content_sufficiency_v1,True,True,False
junyi,818ee9ebc5ceedfca2bf090d146af85b621a2f3f517416253f38d00e5c81a91e,44699e9beb126f8d65af459b4a22bff46de272c60b08b0c69b447096c522af41,html_question_div,fill_in_or_graphie,False,EXCLUDE_REQUIRED_IMAGE,question_div|dynamic_template|image_dependency_flag,content_sufficiency_v1,True,True,False
junyi,a4a18db71acbde6218a532acbf81ca88309a487f239d608db9878ae6a6bd0e54,61839f6108dd398f9cc51402848a499d697bdc889eea44e6fb0726df3f41c4a1,html_question_div,fill_in_or_graphie,False,EXCLUDE_REQUIRED_IMAGE,question_div|dynamic_template|image_dependency_flag|prompt_length_risk,content_sufficiency_v1,True,True,False
junyi,e6172c6f977827ee1ea56575d0cc6f4a32955602988e8d72079b4e7feddc1c30,55729b54d3e220060e7f00c1dc26c35fcb0fd729f471d8db66aaf235678456a4,html_question_div,fill_in_or_graphie,False,EXCLUDE_REQUIRED_IMAGE,question_div|dynamic_template|image_dependency_flag,content_sufficiency_v1,True,True,False
junyi,b567db57a72dbb418e5a688261bee2c7cbc7cf169dbef6210a1d113316462d82,59b92604e196c9037449fb3b6699fbf71947c785ee383ea2ca218e3b354ee640,html_question_div,fill_in_or_graphie,False,EXCLUDE_REQUIRED_IMAGE,question_div|dynamic_template|image_dependency_flag,content_sufficiency_v1,True,True,False
junyi,492b89db074b25e1d194371abf70f0ee7bc1badb2d8cc65802dd6e50bb9acd17,68d9ceb7984a11055db61fc04243d849c7c5c19281b2e98d3dbd4915597862a7,html_question_div,fill_in_or_graphie,False,EXCLUDE_UNRESOLVED_TEMPLATE,question_div|dynamic_template,content_sufficiency_v1,False,True,False
junyi,bbef173ff89be62d01f2aec88d0105fb423633ca4684ef38cc7d3bf1b74612f9,a4e723023dfa85719e7ee6e6ce784eeb0b959c5e132537784e84879152b9598c,html_question_div,fill_in_or_graphie,False,EXCLUDE_UNRESOLVED_TEMPLATE,question_div|dynamic_template|image_dependency_flag|prompt_length_risk,content_sufficiency_v1,True,True,False
junyi,892adddfe3d4864232d35fed7343091447a429dc161b3b011135ade3e6d9a355,eac1f7e298ce360e93a6c843a7c647d3f3ff5bc6b5d60421c26b073c518f513f,html_question_div,fill_in_or_graphie,False,EXCLUDE_REQUIRED_IMAGE,question_div|dynamic_template|image_dependency_flag,content_sufficiency_v1,True,True,False
junyi,5a6075fa78290def4b9e019cb3b868571a2f2257a722bf15a10409cc4e297c5e,ce6fa57c9d35046d3167adbf9bf41d49c295994e300f3c322fced5acb25b6601,html_question_div,fill_in_or_graphie,False,EXCLUDE_REQUIRED_IMAGE,question_div|dynamic_template|image_dependency_flag,content_sufficiency_v1,True,True,False
junyi,1ecd4a07aa2db356e5e457aa5131bcfa4ed816aa576b40448a69fea651ef1656,091014b6a9ff2f79e9d8a2aa41e9ce1cca353c419bf913f082fb879f8a166c6f,html_question_div,fill_in_or_graphie,False,EXCLUDE_REQUIRED_IMAGE,question_div|dynamic_template|image_dependency_flag,content_sufficiency_v1,True,True,False
junyi,969b769da06791dd942e45fa5caec11014469672832fd327c75d8835f72e0c07,3251311b3f68f3a49ffa52278c6d224840893dfcabbb0e93451324d856115f02,html_question_div,fill_in_or_graphie,False,EXCLUDE_REQUIRED_IMAGE,question_div|dynamic_template|image_dependency_flag,content_sufficiency_v1,True,True,False
junyi,7ab15d6663bf409efd99b361c44751fd3a8bd69f424cee0b6636336164f911f0,0f1e104584da8280393b569dc3d23e43a5e278421151f3907a472938e237d045,html_question_div,fill_in_or_graphie,False,EXCLUDE_REQUIRED_IMAGE,question_div|dynamic_template|image_dependency_flag,content_sufficiency_v1,True,True,False
junyi,2c5bb16fcf2fc3641cd5cb79ab512a9096bb2677735df5da55e5451f83503201,f352d3fead5c51c25e7b395fb8552d7d02e71844805a914ba87dd80e0d99f904,html_question_div,fill_in_or_graphie,False,EXCLUDE_REQUIRED_IMAGE,question_div|dynamic_template|image_dependency_flag,content_sufficiency_v1,True,True,False
junyi,caf752520c394ddcc330015a4bee1331ff620b98e82ad150d0621fcd2397df5b,fbbc2304ce4766f941109e763121f54370a76d75f50f4811cfa6405eb41843aa,html_question_div,fill_in_or_graphie,False,EXCLUDE_REQUIRED_IMAGE,question_div|dynamic_template|image_dependency_flag,content_sufficiency_v1,True,True,False
junyi,c46de66aa7624b07a1114e51b61312771dec7e7c155772020a359436b902bce0,abc121432c60edebedb676d497ce4f7c2617c00a045a081b54a11de59383f79b,html_question_div,fill_in_or_graphie,False,EXCLUDE_REQUIRED_IMAGE,question_div|dynamic_template|image_dependency_flag,content_sufficiency_v1,True,True,False
junyi,db4a2e03d89d6c8e5084a781269ed771d60ebad83d239d6b43e3ba850ff72b66,1a5302fa7698487977dd6ab946fddab4040b4b5991746893a4807773b4fc16df,html_question_div,fill_in_or_graphie,True,PASS_TEXT_COMPLETE,question_div|dynamic_template,content_sufficiency_v1,False,True,False
junyi,2fedd58839b85d5d8da3481e65c1f48393e693699edcb6abf919b8a0eadd24be,a5c5a0d92de26394d8f7279a60ab0eed992a69bd4493739c6ea5968ef43a285a,html_question_div,fill_in_or_graphie,False,EXCLUDE_REQUIRED_IMAGE,question_div|dynamic_template|image_dependency_flag,content_sufficiency_v1,True,True,False
junyi,383c3f8c5f4610ad41a84694dccbec37fe361467e3a7ded073f3841c9383f574,a080537c46af17c804b8d17df14f4065bc1091d7825f3f51b3ed09b53c814347,html_question_div,fill_in_or_graphie,False,EXCLUDE_REQUIRED_IMAGE,question_div|dynamic_template|image_dependency_flag,content_sufficiency_v1,True,True,False
junyi,31ad76a962ad3b35145575e6466a43796f0000c85b0cf99d12eb98e56dca9bd6,940c07152da1f01bc8b9a55d0f966bcb77d9947ed7dcbe6ca426aa1695ef6948,html_question_div,fill_in_or_graphie,False,EXCLUDE_REQUIRED_IMAGE,question_div|dynamic_template|image_dependency_flag,content_sufficiency_v1,True,True,False
junyi,4225288b026392f2b8df5ec5321a416a61cf857f380ceefbce96ec41b6353ffc,6a0db33efc7f8e4de74ad683cf4aa32d4f59301d60e667b0525cfb4978c59eca,html_question_div,fill_in_or_graphie,False,EXCLUDE_REQUIRED_IMAGE,question_div|dynamic_template|image_dependency_flag,content_sufficiency_v1,True,True,False
junyi,b63ce46c525487403d71aadcf188fab27fe50840ff7fc6322a44ad31f23f03f9,5935e100c43f29d123b75005c4ae7a1c9fedac8f5d1bdb2fb15893a8e10f8ce5,html_question_div,fill_in_or_graphie,False,EXCLUDE_REQUIRED_IMAGE,question_div|dynamic_template|image_dependency_flag,content_sufficiency_v1,True,True,False
junyi,7911045e33be6a52543d725d2b61d228d1d6663206d5d2d59905428fb3a6586e,b43eb5df6d22323cbdf47151610ece28165b3716f88cec64ff088b4be3043042,html_question_div,fill_in_or_graphie,False,EXCLUDE_REQUIRED_IMAGE,question_div|dynamic_template|image_dependency_flag,content_sufficiency_v1,True,True,False
junyi,298024c7ebd148a78b649c18c602c409b952e909e49177ba229bad72ef2df0ea,22b2028cf44958e2303e13bd3ee1134cf1444e0d54c6ad059c44d6c4174ed4fb,html_question_div,fill_in_or_graphie,False,EXCLUDE_REQUIRED_IMAGE,question_div|dynamic_template|image_dependency_flag|prompt_length_risk,content_sufficiency_v1,True,True,False
junyi,18877967e06a3940879faf9113113b9e0f24e9728762b6c8451ba8c4d72a937a,9c7ca7d4de2bd446841dc7c4b3242a8ee418282ede9493379f8e73c1820250dc,html_question_div,fill_in_or_graphie,False,EXCLUDE_REQUIRED_IMAGE,question_div|dynamic_template|image_dependency_flag,content_sufficiency_v1,True,True,False
junyi,f2cc64a023ed9bb3e3d5ab38b90c1d1ddd6cfcc28368984a90dcc4b1894973ad,53a19d28c7a82ad0ed72b3a419734bdd4755a311a489a39d7782c30a328ac166,html_question_div,fill_in_or_graphie,False,EXCLUDE_REQUIRED_IMAGE,question_div|dynamic_template|image_dependency_flag|prompt_length_risk,content_sufficiency_v1,True,True,False
junyi,de3e22809868053c13c6b518afb0069deed1cf811399f05c0a1b8ff8947f1199,4e327a719a5d0197ce014c93c7e18c8875a6c5e4e5c3fee5cac9b2dcd5d1ab60,html_question_div,fill_in_or_graphie,False,EXCLUDE_REQUIRED_IMAGE,question_div|dynamic_template|image_dependency_flag,content_sufficiency_v1,True,True,False
junyi,bc8de6ff99b3d9d59be190c5ebaf8f891cdc6acf8cef9abae1a55971c16c1acf,688877ab12a2f8707c675ba4657eaa89a22eed8ab14528b50d096a0ea575fee2,html_question_div,fill_in_or_graphie,False,EXCLUDE_REQUIRED_IMAGE,question_div|dynamic_template|image_dependency_flag,content_sufficiency_v1,True,True,False
junyi,c006cdd17fe7419e4c1f5d26dddfd3b4e6c3ae61ab51768bd75d88326e5bb9ae,4aee5b8fd6ab131bcb8f1ce6e8e8e75becdb6287299384a1fa362a953cdbc922,html_question_div,fill_in_or_graphie,True,PASS_TEXT_COMPLETE,question_div|dynamic_template,content_sufficiency_v1,False,True,False
junyi,b64c174d67836f2fcd7d2054e0d7296db9fbe952b8e95fd3eef1c8c398c6fb6b,42fa14dc5bba9841fc224916ce72d747885434c8e70c9402d95ebea97afc4e2b,html_question_div,fill_in_or_graphie,False,EXCLUDE_REQUIRED_IMAGE,question_div|dynamic_template|image_dependency_flag,content_sufficiency_v1,True,True,False
junyi,c4b68eb2257eb01ea84751220586f8d9767cfe8a8c7cc4af2a0551b9141721c6,ec9df5e4cfd6e6848fdf2fa391fc1047602d925eb351de6f1607e978f47cd695,html_question_div,fill_in_or_graphie,False,EXCLUDE_REQUIRED_IMAGE,question_div|dynamic_template|image_dependency_flag,content_sufficiency_v1,True,True,False
junyi,4162e24b89bfd558ffd60230d5d43c1c4823380275e9046dd3d7fbf8b6f18bda,271de136ddbe13f514c92658b0c0626a81b891bfe04f74545d5bd740878f0101,html_question_div,fill_in_or_graphie,False,EXCLUDE_REQUIRED_IMAGE,question_div|dynamic_template|image_dependency_flag,content_sufficiency_v1,True,True,False
junyi,9c5027a5a2a9eaa14d118c10c20ea9541dd12932007ccbd27a923d65cea88713,3b2dec17163a3b729cc714485854836f5fac36974f757872621b76895a500e7e,html_question_div,fill_in_or_graphie,False,EXCLUDE_REQUIRED_IMAGE,question_div|dynamic_template|image_dependency_flag,content_sufficiency_v1,True,True,False
junyi,c04ac638b4c93e4af4c13fce44b2ba4d699824dc45214b6cb3bc0dde6c138737,f479ea8eea3fa3172581513238e4e9e5e960fbe6feabe3c897d0864648d169cb,html_question_div,fill_in_or_graphie,False,EXCLUDE_REQUIRED_IMAGE,question_div|dynamic_template|image_dependency_flag,content_sufficiency_v1,True,True,False
junyi,f4ffecc88a7c279aa4ee19b4cc5c2c68fe6aacacd65df62873a2fabd1c294479,80f39774b87dd788746581f5bb7e6828f041d2814b02aa32a1ad6c44d7cc81c2,html_question_div,fill_in_or_graphie,False,EXCLUDE_TRUNCATED_CONTENT,question_div|dynamic_template|image_dependency_flag,content_sufficiency_v1,True,True,False
junyi,44da462c58a8252b0e01508adca7e981e346b81b13a14e20319c58e89e81ad3d,69eb8add9549259c01bbfec7e446fe149e6d806c491772aa9495f34ed3559c3c,html_question_div,fill_in_or_graphie,False,EXCLUDE_REQUIRED_IMAGE,question_div|dynamic_template|image_dependency_flag,content_sufficiency_v1,True,True,False
junyi,d930e39950010d68fd97fef2dc4ec234a2a6af5d2a98cef263b780a629aebce0,fa2e36b3a199a213992f63d42f4be2a5aabd440f87070bac64e4fa2145a52470,html_question_div,fill_in_or_graphie,False,EXCLUDE_UNRESOLVED_TEMPLATE,question_div|dynamic_template|image_dependency_flag,content_sufficiency_v1,True,True,False
junyi,ef215953350e61d56786e8b0ba6f6cbb47065b1af039e230d0016612b1d38853,9ddef497804af943d00041b729619ae32b3f4a47b34f6dedf4c83b0171b973ee,html_question_div,fill_in_or_graphie,False,EXCLUDE_REQUIRED_IMAGE,question_div|dynamic_template|image_dependency_flag,content_sufficiency_v1,True,True,False
junyi,d33a96c0e1f5041eb0df7586db10053fd93a15590c6db47cb528c1f219d366b3,de50a86301ff5d1688154aaa4411a91eaa68ef30a423608598be1d6ccd8e6a83,html_question_div,fill_in_or_graphie,False,EXCLUDE_REQUIRED_IMAGE,question_div|dynamic_template|image_dependency_flag,content_sufficiency_v1,True,True,False
junyi,8bb989c78d9bd9cc32e0c7d53fabc5f6703b48c2a5e1457b94073374dcc15b29,f37a084fe4fe472ee61a7428faf645915516bcaa66e1e3a854e4608cbba22b1b,html_question_div,fill_in_or_graphie,False,EXCLUDE_REQUIRED_IMAGE,question_div|dynamic_template|image_dependency_flag,content_sufficiency_v1,True,True,False
junyi,c34675463393d2cf04b306a2308b43cad251a76b1701ceed770532da43863069,a0a1fa57bb90d25dc7f62c4049e5176d69ea4cae17977cc259411092bcfe3bc5,html_question_div,fill_in_or_graphie,False,EXCLUDE_REQUIRED_IMAGE,question_div|dynamic_template|image_dependency_flag,content_sufficiency_v1,True,True,False
junyi,726fe4e46856a276eaa39b44f2ef8b46b4e06c81ba43d2ad72a8b67cf842b29c,4fae881f0124005205094b6b22542c34fb40a65265fb47c117245d1d1e072f89,html_question_div,fill_in_or_graphie,False,EXCLUDE_REQUIRED_IMAGE,question_div|dynamic_template|image_dependency_flag,content_sufficiency_v1,True,True,False
junyi,0c7aa9b08f55734349ab84c1ec4f715764862f8f002b3d96ab607b4e3e2d8bcf,103075b0062a5987713020486fa012359d0f801f3da978c2e01952f156d8b89e,html_question_div,fill_in_or_graphie,False,EXCLUDE_REQUIRED_IMAGE,question_div|dynamic_template|image_dependency_flag,content_sufficiency_v1,True,True,False
junyi,abae7cd76f92629e1308e9676d6ca83adfbb9faeb4833b432d26ae4568427f0d,1caef37c5ecd81806a387218474ed054701395cd3e5d19216c062143d66129c5,html_question_div,fill_in_or_graphie,False,EXCLUDE_REQUIRED_IMAGE,question_div|dynamic_template|image_dependency_flag,content_sufficiency_v1,True,True,False
junyi,f7325a8b830eee1da95296eeea5e7d0ca09f6ea363ccb5ec3b70501ec93470bf,e9485de6d9e706084cb8ec9b8dba67ef904651055df0248e3c6f5688f7088971,html_question_div,fill_in_or_graphie,False,EXCLUDE_REQUIRED_IMAGE,question_div|dynamic_template|image_dependency_flag,content_sufficiency_v1,True,True,False
junyi,6229b48d274f7df7c3b26384d1d0cb677f8a14a4bb7c24e8ea5496955ab0a306,457714c7daacd38336a78544c685c5d16667f872d5c37b110b0ee0e0d209d8d7,html_question_div,fill_in_or_graphie,False,EXCLUDE_REQUIRED_IMAGE,question_div|dynamic_template|image_dependency_flag,content_sufficiency_v1,True,True,False
junyi,e17547c9d59fbdbb1c0b18f3a91d9aa43d657f4fee08bc882a0be634b829c349,f5d0b94034b71b4b7e7336960ec33ed2ff14bd436bae20b867a695c90646a980,html_question_div,fill_in_or_graphie,True,PASS_TEXT_COMPLETE,question_div|dynamic_template,content_sufficiency_v1,False,True,False
junyi,f58e6b6971ae6cc70c7b3cc08d06f19446598237d8546c023ec48fffedb2ac2e,a5e0932c32a3813521c2bdbee2e09e772fdd88699ac741107e75801d96a996a7,html_question_div,fill_in_or_graphie,True,PASS_TEXT_COMPLETE,question_div|dynamic_template,content_sufficiency_v1,False,True,False
junyi,87eb60dc895fa389c7a7f172b9c6445ba00751fafbf10f193b0f2db0cd2d308c,212301ccb74287b4c4569087a011e20e07927373a6d515231f63f99a16573131,html_question_div,fill_in_or_graphie,True,PASS_TEXT_COMPLETE,question_div|dynamic_template,content_sufficiency_v1,False,True,False
junyi,28a5ccd23bb6c788e7651b004caf8f77abb2bef55fe26e391ac953b724a90455,03e9eb0bf7a3e616b4069bab864b82c8938f19fd4b18169f18315d8c582280e8,html_question_div,fill_in_or_graphie,True,PASS_TEXT_COMPLETE,question_div|dynamic_template,content_sufficiency_v1,False,True,False
junyi,3436523d4b7be8add35083ceecfb99bf08a3b5aa44649e55c4606cba11b40380,f68536fc2aa6a75ca0b969f9fcd1d7016c53852d4671de6ee53c203ed3c7df02,html_question_div,fill_in_or_graphie,True,PASS_TEXT_COMPLETE,question_div|dynamic_template,content_sufficiency_v1,False,True,False
junyi,3481ba6f399540830fc3688ee5b1c2f34abdf8051bc74fe5262172cca08b90c0,d32499385560f2097f42718e78fd3c8c65b7f53006e1dbd5970c6eb0630539b6,html_question_div,fill_in_or_graphie,False,EXCLUDE_REQUIRED_IMAGE,question_div|dynamic_template|image_dependency_flag,content_sufficiency_v1,True,True,False
junyi,7b27382a965fa393d294940662d15104dbbe77b29ee9e928465a0f8988dfb644,4b780313af0f5978585b95d719169529b745a2185bc8969f7ca4f914d639fa3d,html_question_div,fill_in_or_graphie,False,EXCLUDE_REQUIRED_IMAGE,question_div|dynamic_template|image_dependency_flag,content_sufficiency_v1,True,True,False
junyi,cad09a5a7370c634038f10fc1bff3f5a68fce721e586a559c48a24c45cd413ed,68d90257df5409336383f5c27ef51d2cdec7e42144c64900339c9b7df65ce5b2,html_question_div,fill_in_or_graphie,False,EXCLUDE_REQUIRED_IMAGE,question_div|dynamic_template|image_dependency_flag,content_sufficiency_v1,True,True,False
junyi,e37ea22405e23134fce6d56204ff26ece4d2bfc55ca041dd8d5c4b1c64fcc792,b30d6da872d664d9d5799d12551150149e96c873097d15a0dc7de15ef953a06d,html_question_div,fill_in_or_graphie,False,EXCLUDE_REQUIRED_IMAGE,question_div|dynamic_template|image_dependency_flag,content_sufficiency_v1,True,True,False
junyi,7f35d6d99a08cea23ffe9862fbf2b5d4406fb185e1d72bf0ca991f9f114cc837,c4f87a41a1a8e5d17900b2581c1dbe3db4dd7137d570bba4ce41b5ca4dee4896,html_question_div,fill_in_or_graphie,False,EXCLUDE_REQUIRED_IMAGE,question_div|dynamic_template|image_dependency_flag,content_sufficiency_v1,True,True,False
junyi,03a521c204061ba1cb18e8898f41d39ddfcff601f433a18cb3207eb241d964a7,aeba374b475e33fb90512f12df0aeb32e2d37cb7fee57ef14e830ce07a921894,html_question_div,fill_in_or_graphie,False,EXCLUDE_REQUIRED_IMAGE,question_div|dynamic_template|image_dependency_flag,content_sufficiency_v1,True,True,False
junyi,24a7c954f6f258c6163083cc0d33f325cf195bd32b282b444d174390bbe15a95,adb67147a32711a8be23fe9d63d8fa5d65f6585b469cc14b5702700e51f9936b,html_question_div,fill_in_or_graphie,False,EXCLUDE_REQUIRED_IMAGE,question_div|dynamic_template|image_dependency_flag|prompt_length_risk,content_sufficiency_v1,True,True,False
junyi,1806f69041b7f04e1a79f1ed3d79b71d9aa4e11ea1ad4c638d2553af21131046,ca4d6dc1467e96c289af16677ed52979885586508d68476768d4829f3b1bf110,html_question_div,fill_in_or_graphie,False,EXCLUDE_REQUIRED_IMAGE,question_div|dynamic_template|image_dependency_flag|prompt_length_risk,content_sufficiency_v1,True,True,False
junyi,ff91e044cec0d0676d3fbedab1fd6cf91bec00fd758c52df5b9b51be575cd31f,801814db1c218222a54fdfb6f7c0db6a8c83626945cba134beb0e8c7e4e5beaf,html_question_div,fill_in_or_graphie,False,EXCLUDE_REQUIRED_IMAGE,question_div|dynamic_template|image_dependency_flag|prompt_length_risk,content_sufficiency_v1,True,True,False
junyi,671ed75414377872d00c0411a707146768ed4b37e75e16e147ec1870fba2a78c,c86f05509716a266cee6a6544801164a859c837077eb1f94e5e6061892749370,html_question_div,fill_in_or_graphie,False,EXCLUDE_REQUIRED_IMAGE,question_div|dynamic_template|image_dependency_flag,content_sufficiency_v1,True,True,False
junyi,45502e39f82cccb132711fb517b213104bf5bede84baf5aa7370634f390aea5f,4abf91db1b92a41e9fa5ee1f52bad22c571a2cd152949db8728999a998b041b1,html_question_div,fill_in_or_graphie,False,EXCLUDE_REQUIRED_IMAGE,question_div|dynamic_template|image_dependency_flag,content_sufficiency_v1,True,True,False
junyi,57f0b2c4cf084e4618886a703d09912891fa4747dc7b7a8b699cef14dbd05168,fc11a7f969443abea0f06371e35036991366e6505fac7a2594f46e7f2fbfab5c,html_question_div,fill_in_or_graphie,False,EXCLUDE_REQUIRED_IMAGE,question_div|dynamic_template|image_dependency_flag,content_sufficiency_v1,True,True,False
junyi,d1717ce5861d6468a2ddb9c0fa5a61f4c891b3c5e4680b1ded9ae406bede375a,5931f3e52449e3bdcb43482417fde584af4e32265c13d25c04a4c9cb0d94c310,html_question_div,fill_in_or_graphie,False,EXCLUDE_REQUIRED_IMAGE,question_div|dynamic_template|image_dependency_flag,content_sufficiency_v1,True,True,False
junyi,f3fd2b04adb9651fc9b2cc535463a2ac88fa27f81180a946d76516bbe6ada044,aa85a9044f5747035153e4e473824d0d406148b66acc25a8ca99c105b2eb20b2,html_question_div,fill_in_or_graphie,False,EXCLUDE_REQUIRED_IMAGE,question_div|dynamic_template|image_dependency_flag|prompt_length_risk,content_sufficiency_v1,True,True,False
junyi,f81d2795fc8e57606334f211d5285814fd6b82c8fe9dc70e2b4427c9ef5d6b9a,a2f0fb227e176a62b15dd03f650375960db20f7894dac85ba2694c41cf88a254,html_question_div,fill_in_or_graphie,False,EXCLUDE_REQUIRED_IMAGE,question_div|dynamic_template|image_dependency_flag,content_sufficiency_v1,True,True,False
junyi,3de8428d341ca711bbeb4a300d7f993822d51f9665eb32a52f5e5de0597c3d85,5cf813530f53dbf0cce60da4536c110d2309acde116dfc383f7d3a1d5aecde7f,html_question_div,fill_in_or_graphie,False,EXCLUDE_REQUIRED_IMAGE,question_div|dynamic_template|image_dependency_flag|prompt_length_risk,content_sufficiency_v1,True,True,False
junyi,284dd205b3f7d8fff206eeed670bf65e932f379fb22cd9e41181c727f22bc359,41b7211462af306fad31e8caf761ea7b2729b4f4e1f81fe57c1efea4413e8a1a,html_question_div,fill_in_or_graphie,False,EXCLUDE_REQUIRED_IMAGE,question_div|dynamic_template|image_dependency_flag|prompt_length_risk,content_sufficiency_v1,True,True,False
junyi,21c1d779fbe0f9d99e7e676ad099874bcf57f0fc7b96dc26874afe0909b2e31c,76ea2d63f969f6d0e49a25f3e45fe332b8ad918d1abc821ec9a9582201790da9,html_question_div,fill_in_or_graphie,False,EXCLUDE_TRUNCATED_CONTENT,question_div|dynamic_template|image_dependency_flag,content_sufficiency_v1,True,True,False
junyi,0ce80c1cf772a17afac9ba7b4efdec783dc0e2ecdfc64c3bc826a754de441041,6478188de1b96e9fad789e86c1a6eddac6a5443fb20cf2a11207fc3b47c8f273,html_question_div,fill_in_or_graphie,True,PASS_TEXT_COMPLETE,question_div|dynamic_template,content_sufficiency_v1,False,True,False
junyi,66c4f604469686a94d6b7b970d92d44edd057c75d34b5bc98d1cb5719bd8f334,8819398a52aea5a37373f1a3443c801c099519319ce449281921d340ecc9b5ea,html_question_div,fill_in_or_graphie,False,EXCLUDE_REQUIRED_IMAGE,question_div|dynamic_template|image_dependency_flag,content_sufficiency_v1,True,True,False
junyi,2608a4e3aec2fd88248457b47c5155824faddb4e833f7912102e7baf67ae860e,1449195520eb28d27af991167576249655f99b2a863f9f06486b960b51ca410e,html_question_div,fill_in_or_graphie,False,EXCLUDE_UNRESOLVED_TEMPLATE,question_div|dynamic_template,content_sufficiency_v1,False,True,False
junyi,c40fe9c8e4035d47280051f91cb0f124bee42794f445d50b2ea89fec1c15bef5,29600ae64a7592ebc9dbbf20a5733cca14cec46f87599c3ebb4285582fc797f4,html_question_div,fill_in_or_graphie,False,EXCLUDE_UNRESOLVED_TEMPLATE,question_div|dynamic_template,content_sufficiency_v1,False,True,False
junyi,a00d26a0bf3f9d5dec8e5c5535c972795c22d16a01f9b2d5938c1be846baaa17,7ddba8ae129da4d605da9bfbb1307aba3bb68c1c0a5f29b387a62c7c15ea03df,html_question_div,fill_in_or_graphie,True,PASS_TEXT_COMPLETE,question_div|dynamic_template,content_sufficiency_v1,False,True,False
junyi,3931eced6885065efeb39bf33b1008998c2a9f296b7d759fc39d3ce3f6d37897,32953357bc98d2ea17427762a91ff3d643f4f34ae59cd881256b43aeaf3570b0,html_question_div,fill_in_or_graphie,False,EXCLUDE_REQUIRED_IMAGE,question_div|dynamic_template|image_dependency_flag,content_sufficiency_v1,True,True,False
junyi,7b1811faa3dc8e919f751eb5488e53e245d60cca9bd576c2af7d29c9f34a7bef,b47cbb2b1cd1f31149f4933003507336bc12a5893a985eb1cc832549b1bfddf9,html_question_div,fill_in_or_graphie,False,EXCLUDE_REQUIRED_IMAGE,question_div|dynamic_template|image_dependency_flag,content_sufficiency_v1,True,True,False
junyi,3ce65f94812dddcb39ccd4c324721ea57c32cfa7596f4b409d96baa38e6bacd8,989795f1abc2a7f23e60bcdb205a230f2ae4d383f2dc17d179ec01bc77258639,html_question_div,fill_in_or_graphie,True,PASS_TEXT_COMPLETE,question_div|dynamic_template,content_sufficiency_v1,False,True,False
junyi,3d8dd14d08eaf64b0bf18474ef43ee8a4eb23fd0b2137e79b426a0387450dcc3,32355109ceda2f4a2a9f5428e1f48079732f16caab0bca9f40987e50c332cced,html_question_div,fill_in_or_graphie,True,PASS_TEXT_COMPLETE,question_div|dynamic_template,content_sufficiency_v1,False,True,False
junyi,3cb30c3bce8541ce7a3c64e38948558d6e775d9cd9903f1f17db3dd372f34aa6,eb45b59b4647058966cff57cc76147f2e90cfa8ae46cad8a1a0a9f23eaf726c2,html_question_div,fill_in_or_graphie,False,EXCLUDE_REQUIRED_IMAGE,question_div|dynamic_template|image_dependency_flag,content_sufficiency_v1,True,True,False
junyi,05d476e68f4d3b1f749d9cc7b36e29e49b23e8c3ea12a229a4b0c651d480b5ca,d84a153c894f3d81640386a81fa7b94bfec3973b147e8705b042325abca2dd5c,html_question_div,fill_in_or_graphie,False,EXCLUDE_REQUIRED_IMAGE,question_div|dynamic_template|image_dependency_flag,content_sufficiency_v1,True,True,False
