slug,html_present,html_sha256,download_url,question_text_len,title_text_len,stem_text_len,stem_source,cleaned_text_len,has_latex,has_dynamic_vars,has_image_dep,has_graphie,graphie_only_no_question_text,has_multiple_choice,intelligible,duplicate_html_slugs,response_count,area,is_math_domain,eligible_for_llm
absolute_value,True,1150e36722ebfb9d39de21a035d77339e3d43496986fe69d09c1019034a63a08,https://raw.githubusercontent.com/junyiacademy/junyiexercise/master/exercises/absolute_value.html,36,3.0,36.0,question_div,721,True,True,True,True,False,False,True,0,106815,algebra,True,True
absolute_value_add_sub,True,3e4369e91f70bed8da517f178bb212ddb0a0848ea46fdee54aba5d3045e314f8,https://raw.githubusercontent.com/junyiacademy/junyiexercise/master/exercises/absolute_value_add_sub.html,72,10.0,72.0,question_div,1020,True,True,False,False,False,False,True,0,16915,algebra,True,True
absolute_value_add_sub_properties,True,8db9a05e415a579d07a5c96065cfe6a01a0e01407dd42a1c4ba292a0fe956274,https://raw.githubusercontent.com/junyiacademy/junyiexercise/master/exercises/absolute_value_add_sub_properties.html,58,10.0,58.0,question_div,1629,True,True,False,False,False,False,True,0,10134,algebra,True,True
absolute_value_equations,True,e8f087e7de5055b87ea6776e1beb3f9ca3efb82fc13a0e82ecef767a080a9bb6,https://raw.githubusercontent.com/junyiacademy/junyiexercise/master/exercises/absolute_value_equations.html,54,6.0,54.0,question_div,3786,True,True,False,False,False,True,True,0,2983,algebra,True,True
absolute_value_of_complex_numbers,True,ff5aefce051216a73cc90ce89712f4b0d97b59bbcf7d88b4379406554aa120f2,https://raw.githubusercontent.com/junyiacademy/junyiexercise/master/exercises/absolute_value_of_complex_numbers.html,37,6.0,37.0,question_div,1200,True,True,True,True,False,False,True,0,3020,algebra,True,True
absolute_values_meaning,True,8bb988cf9a351022fb4584e21f06cd30e19c20fcfb2ac10aed2bd005f85d5a34,https://raw.githubusercontent.com/junyiacademy/junyiexercise/master/exercises/absolute_values_meaning.html,23,6.0,23.0,question_div,3680,True,True,False,False,False,False,True,0,30816,algebra,True,True
add_subtract_negative_fractions,True,23981c41df645584e4d7accc03f3a71250209dc4cc6c0e6eb829f2fcae7b0f24,https://raw.githubusercontent.com/junyiacademy/junyiexercise/master/exercises/add_subtract_negative_fractions.html,51,7.0,51.0,question_div,1346,True,True,False,False,False,False,True,0,24640,algebra,True,True
adding_and_subtracting_centimeter_and_millimeter,True,e47c3380af7e72b316db1cc069a866eed906ad70b7ab2392f4ca6ee24e3da068,https://raw.githubusercontent.com/junyiacademy/junyiexercise/master/exercises/adding_and_subtracting_centimeter_and_millimeter.html,66,11.0,66.0,question_div,4425,True,True,True,True,False,False,True,0,5380,arithmetic,True,True
adding_and_subtracting_complex_numbers,True,529b20335f01befe3a5d48da32a0736cf856964029860cf736c7a504c4b3e2a5,https://raw.githubusercontent.com/junyiacademy/junyiexercise/master/exercises/adding_and_subtracting_complex_numbers.html,127,5.0,127.0,question_div,1082,True,True,False,False,False,False,True,0,3696,algebra,True,True
adding_and_subtracting_decimals_word_problems,True,aedfed4d6ba280ca2b4230ff1888ca718f6624366e1b5a7e7f4466284069145e,https://raw.githubusercontent.com/junyiacademy/junyiexercise/master/exercises/adding_and_subtracting_decimals_word_problems.html,19,9.0,19.0,question_div,5075,False,True,True,True,False,False,True,0,32787,arithmetic,True,True
adding_and_subtracting_fractions,True,96aefc0fdc66da0e316d15dc24e6bc3a30ac580a2e735c283e46848b2d73ffb7,https://raw.githubusercontent.com/junyiacademy/junyiexercise/master/exercises/adding_and_subtracting_fractions.html,45,5.0,45.0,question_div,1439,True,True,False,False,False,False,True,0,25848,arithmetic,True,True
adding_and_subtracting_negative_numbers,True,ce327719fd89b2ad60a64337fb93f6d9288c3dc533e4d7fef194ac512fa6c148,https://raw.githubusercontent.com/junyiacademy/junyiexercise/master/exercises/adding_and_subtracting_negative_numbers.html,143,8.0,143.0,question_div,1676,True,True,True,True,False,False,True,0,181133,algebra,True,True
adding_and_subtracting_polynomials,True,af6f46bbaa55b3285029603215342e6d88f6e13fbf318da2b9a28b29c98de12c,https://raw.githubusercontent.com/junyiacademy/junyiexercise/master/exercises/adding_and_subtracting_polynomials.html,78,6.0,78.0,question_div,1135,True,True,False,False,False,True,True,0,45611,algebra,True,True
adding_and_subtracting_radicals,True,cce12ab23db1ae8fd1dfce5cc9d85c1eb47f72337d31515bf15c1502977abd69,https://raw.githubusercontent.com/junyiacademy/junyiexercise/master/exercises/adding_and_subtracting_radicals.html,67,8.0,67.0,question_div,2293,True,True,False,False,False,False,True,0,19553,algebra,True,True
adding_and_subtracting_within_20,True,ab93c71b2c6716ae36dd1f47c217555d1799590e2ee8b9bf0b9b107d497edd4d,https://raw.githubusercontent.com/junyiacademy/junyiexercise/master/exercises/adding_and_subtracting_within_20.html,89,10.0,89.0,question_div,3237,True,True,True,True,False,False,True,0,86330,arithmetic,True,True
adding_decimals,True,5571f358292a80c09c84e56a7a7bbe8a0ccb6236f6ed194d3c981eccc1c494dd,https://raw.githubusercontent.com/junyiacademy/junyiexercise/master/exercises/adding_decimals.html,310,5.0,310.0,question_div,989,True,True,True,True,False,False,True,0,79010,arithmetic,True,True
adding_decimals_0.5,True,b04af1088babc6abe21cee067d2c40d4b9eb9572aabf1f5089171e47183cc6a5,https://raw.githubusercontent.com/junyiacademy/junyiexercise/master/exercises/adding_decimals_0.5.html,310,9.0,310.0,question_div,971,True,True,True,True,False,False,True,0,97767,arithmetic,True,True
adding_decimals_2,True,0346cf4ba65b12ba809f840d9e8913d1ce966db48f57b5c57c0706e028b535d0,https://raw.githubusercontent.com/junyiacademy/junyiexercise/master/exercises/adding_decimals_2.html,205,7.0,205.0,question_div,977,True,True,True,True,False,False,True,0,44857,arithmetic,True,True
adding_fractions,True,34565f2ff63ca1f91d84ee270fe92346873a97b6633e2e161eacda2291d1c797,https://raw.githubusercontent.com/junyiacademy/junyiexercise/master/exercises/adding_fractions.html,63,4.0,63.0,question_div,942,True,True,False,False,False,False,True,0,35860,arithmetic,True,True
adding_fractions_with_common_denominators,True,80cf80543b6d24db18f1c8053f2c24faa796065a454bebaf9022eac46d62dfc7,https://raw.githubusercontent.com/junyiacademy/junyiexercise/master/exercises/adding_fractions_with_common_denominators.html,43,9.0,43.0,question_div,730,False,True,True,True,False,False,True,0,64236,arithmetic,True,True
adding_negative_numbers,True,34766e6fa8469e7472b2b3fd5e59ff165053b33e9483a98bbf8a26113affcd68,https://raw.githubusercontent.com/junyiacademy/junyiexercise/master/exercises/adding_negative_numbers.html,269,5.0,269.0,question_div,967,True,True,True,True,False,False,True,0,129099,algebra,True,True
adding_subtracting_carry_2,True,7de3453e16d2dd8a5aebfd4edd1a5125a766f602268907f5e4b9cdc1659b3dc5,https://raw.githubusercontent.com/junyiacademy/junyiexercise/master/exercises/adding_subtracting_carry_2.html,116,22.0,116.0,question_div,8910,True,True,True,True,False,False,True,0,10739,arithmetic,True,True
adding_subtracting_carry_3,True,398b5e4ca54fb365235ce7a7251a54606703bdcec78e1197b613618d36f33f70,https://raw.githubusercontent.com/junyiacademy/junyiexercise/master/exercises/adding_subtracting_carry_3.html,9,24.0,9.0,question_div,1681,False,True,True,True,False,False,False,0,92464,arithmetic,True,False
adding_subtracting_mixed_numbers_0.5,True,0e680721c21294105fa2f2e6eaea7dd0d57272aa7f8d032b8c77590d1ac8e63f,https://raw.githubusercontent.com/junyiacademy/junyiexercise/master/exercises/adding_subtracting_mixed_numbers_0.5.html,100,11.0,100.0,question_div,2026,True,True,False,False,False,False,True,0,7117,arithmetic,True,True
adding_subtracting_mixed_numbers_1,True,57c3257fb6843e15ce3459976b63df76d2379bff95ce4c20f0d1d4b831c24c19,https://raw.githubusercontent.com/junyiacademy/junyiexercise/master/exercises/adding_subtracting_mixed_numbers_1.html,100,9.0,100.0,question_div,3089,True,True,False,False,False,False,True,0,7126,arithmetic,True,True
adding_subtracting_no_carry_3,True,9fe3e0c53062e4829fd8ee274543e0e3b623abfc4d990a2ca7d9eb7b69f03b04,https://raw.githubusercontent.com/junyiacademy/junyiexercise/master/exercises/adding_subtracting_no_carry_3.html,17,23.0,17.0,question_div,2197,False,True,True,True,False,False,True,0,26057,arithmetic,True,True
adding_vectors,True,09f057810d7249831fc5f3c8283be034feb43163eed2fbcc3c066371252f7ed6,https://raw.githubusercontent.com/junyiacademy/junyiexercise/master/exercises/adding_vectors.html,504,5.0,504.0,question_div,973,True,True,True,True,False,False,True,0,9483,algebra,True,True
addition_1,True,f1366193a167311e8fc35e81795aafd2bd5d0e9ecafef5bc54d9008907d60cd6,https://raw.githubusercontent.com/junyiacademy/junyiexercise/master/exercises/addition_1.html,139,4.0,139.0,question_div,302,True,True,True,True,False,False,True,0,895736,arithmetic,True,True
addition_2,True,350faaa51cc21d40b6eb0a97ddf63a62fcb45bb093334e42073e7bd0989fdf63,https://raw.githubusercontent.com/junyiacademy/junyiexercise/master/exercises/addition_2.html,0,11.0,11.0,title_fallback,243,False,True,True,True,True,False,True,0,268922,arithmetic,True,True
addition_3,True,0e4c19a001763e5709c66ff253aab23172783a4d62bd446d978d57754ec317cd,https://raw.githubusercontent.com/junyiacademy/junyiexercise/master/exercises/addition_3.html,0,10.0,10.0,title_fallback,242,False,True,True,True,True,False,True,0,45141,arithmetic,True,True
addition_4,True,552bc05dbcabebccd1de00f51b0463388688c5cff49d0b15eec38c9cd4cdfaf9,https://raw.githubusercontent.com/junyiacademy/junyiexercise/master/exercises/addition_4.html,0,15.0,15.0,title_fallback,680,False,True,True,True,True,False,True,0,226206,arithmetic,True,True
addition_of_vary_denominator_fraction,True,fe0353f1b582243ebd9fa8962d4bcd1458b279888c3195d789ffb7dbc76ff02c,https://raw.githubusercontent.com/junyiacademy/junyiexercise/master/exercises/addition_of_vary_denominator_fraction.html,90,10.0,90.0,question_div,2472,True,True,True,True,False,False,True,0,10246,arithmetic,True,True
addition_two_numbers,True,642d918a4631077fdcc8b05b12ea09cb5b6ef7c71a255af5bd42165309e89642,https://raw.githubusercontent.com/junyiacademy/junyiexercise/master/exercises/addition_two_numbers.html,152,23.0,152.0,question_div,4663,True,True,False,False,False,False,True,0,35514,arithmetic,True,True
addition_within_20,True,bf2fe35c6845e3a89d6ab074799e97c4bf47ca3558220a9bebc8eb29ed490dd4,https://raw.githubusercontent.com/junyiacademy/junyiexercise/master/exercises/addition_within_20.html,288,8.0,288.0,question_div,427,True,True,True,True,False,False,True,0,14457,arithmetic,True,True
advanced_fraction,True,d4d25147b17a2eecb3ae3cea89f4ce6aa6d219117844274c32b88562a9f403f5,https://raw.githubusercontent.com/junyiacademy/junyiexercise/master/exercises/advanced_fraction.html,644,12.0,644.0,question_div,3883,True,True,True,True,False,False,True,0,3065,arithmetic,True,True
age_problems,True,07b988335770ca443e6fdbea833f3175ecce4565ea0eeb0ff906cd2029c85d2b,https://raw.githubusercontent.com/junyiacademy/junyiexercise/master/exercises/age_problems.html,57,4.0,57.0,question_div,10148,True,True,True,True,False,False,True,0,5100,algebra,True,True
age_problems_new,True,1df7555935ef35a67859372795febef24c296ff23c8bd772050661573f9bf14a,https://raw.githubusercontent.com/junyiacademy/junyiexercise/master/exercises/age_problems_new.html,52,4.0,52.0,question_div,1785,True,True,False,False,False,False,True,0,3940,algebra,True,True
age_word_problems,True,53dab387fab72166e9c0499b9425691321c0b9ad61a040981d1f20a9f9232385,https://raw.githubusercontent.com/junyiacademy/junyiexercise/master/exercises/age_word_problems.html,221,4.0,221.0,question_div,4998,True,True,False,False,False,False,True,0,13795,algebra,True,True
alternate_exterior_angles,True,64076945a14d3c5dfca61cbe501e9fd09bfa2759a1d3b8f86c505b4f96215223,https://raw.githubusercontent.com/junyiacademy/junyiexercise/master/exercises/alternate_exterior_angles.html,283,3.0,283.0,question_div,750,False,True,True,True,False,False,True,0,41980,geometry,True,True
alternate_exterior_angles_2,True,6c334ceaa6cab00142d673f9cb59bc96c6b1ed05194cae716d7b48438a4468bb,https://raw.githubusercontent.com/junyiacademy/junyiexercise/master/exercises/alternate_exterior_angles_2.html,294,5.0,294.0,question_div,1573,True,True,True,True,False,False,True,0,5298,geometry,True,True
alternate_interior_angles,True,928f4266360024a7bc252706667aa8abe07e498176627f3e34ebdeb046dc9545,https://raw.githubusercontent.com/junyiacademy/junyiexercise/master/exercises/alternate_interior_angles.html,283,3.0,283.0,question_div,750,False,True,True,True,False,False,True,0,48382,geometry,True,True
alternate_interior_angles_2,True,9a57c31d5e26f0abce483ece809c477f551bedbed5e9e7b3523b3b268bf3bdcb,https://raw.githubusercontent.com/junyiacademy/junyiexercise/master/exercises/alternate_interior_angles_2.html,316,5.0,316.0,question_div,1595,True,True,True,True,False,False,True,0,8176,geometry,True,True
altitude_and_hypotenuse,True,2b4e5607cd879d1382b90ffdff77421444cdf1a390aca884d5a1ad607504e46e,https://raw.githubusercontent.com/junyiacademy/junyiexercise/master/exercises/altitude_and_hypotenuse.html,387,10.0,387.0,question_div,1758,True,True,True,True,False,False,True,0,3054,geometry,True,True
angle_addition_postulate,True,39c6be885890fbf88678d0b899e617be402319ca7cbb4dc26b78abc6854cd4aa,https://raw.githubusercontent.com/junyiacademy/junyiexercise/master/exercises/angle_addition_postulate.html,1003,6.0,1003.0,question_div,3662,True,True,True,True,False,False,True,0,4525,analytic-geometry,True,True
angle_bisector_theorem,True,1d65e0a99de63c362c5b711999f0ce92f4ab498bf6e42d348138f38a82624aba,https://raw.githubusercontent.com/junyiacademy/junyiexercise/master/exercises/angle_bisector_theorem.html,104,6.0,104.0,question_div,2232,True,True,True,True,False,False,True,0,4071,geometry,True,True
angle_of_osculation,True,3a1a108935ced85875ea151cc2e032844e76575f8a8276679a59cdae2db48f88,https://raw.githubusercontent.com/junyiacademy/junyiexercise/master/exercises/angle_of_osculation.html,997,3.0,997.0,question_div,3650,True,True,True,True,False,False,True,0,2838,geometry,True,True
angle_rotation,True,36f17cba7d5df53223041c49956e17e0331fad2d2b07c4eaa1fff82a3dc525d2,https://raw.githubusercontent.com/junyiacademy/junyiexercise/master/exercises/angle_rotation.html,31,11.0,31.0,question_div,1446,True,True,True,True,False,False,True,0,16212,geometry,True,True
angle_types,True,7a96e5f2a3618180a4b978d8fc18b9966e2cbc52ec86f1e9de21f20b632f7716,https://raw.githubusercontent.com/junyiacademy/junyiexercise/master/exercises/angle_types.html,610,4.0,610.0,question_div,1611,True,True,True,True,False,True,True,0,97756,analytic-geometry,True,True
angles_1,True,ad6f89013400699cf96f2b329dd4bfdf001a49122d8fe452b593edf120be65f4,https://raw.githubusercontent.com/junyiacademy/junyiexercise/master/exercises/angles_1.html,299,4.0,299.0,question_div,13627,True,True,True,True,False,False,True,0,21947,geometry,True,True
angles_2,True,fb315609772d306cf987af6c606ca56fbd637ed6439ccec3ea094dc1e70e3093,https://raw.githubusercontent.com/junyiacademy/junyiexercise/master/exercises/angles_2.html,190,4.0,190.0,question_div,10962,True,True,True,True,False,False,True,0,14132,geometry,True,True
angles_of_a_polygon,True,becf1bb69dfc22fc1974681a2f373ce5b3b081c79fff78e92307a665bb5296fc,https://raw.githubusercontent.com/junyiacademy/junyiexercise/master/exercises/angles_of_a_polygon.html,169,5.0,169.0,question_div,1230,True,True,True,True,False,False,True,0,26080,geometry,True,True
application_add_large_nums,True,34bdf8d3fcc85bd63d3fea6cc452e472dc80be5143cf26f38ffd0cb9b7b7a7b2,https://raw.githubusercontent.com/junyiacademy/junyiexercise/master/exercises/application_add_large_nums.html,100,5.0,100.0,question_div,2880,True,True,True,True,False,False,True,0,53764,arithmetic,True,True
application_division_large_nums,True,8a987a27de1d21aed4ff9263fac1dbc0fdedf16925ed565288f33588d87b6d93,https://raw.githubusercontent.com/junyiacademy/junyiexercise/master/exercises/application_division_large_nums.html,60,9.0,60.0,question_div,987,False,True,True,True,False,False,True,0,27290,arithmetic,True,True
application_of_linear_equations_1,True,51f780da39a18d921871178b9c72222d5a0bb8d034ada584ebb5bbd7447e911e,https://raw.githubusercontent.com/junyiacademy/junyiexercise/master/exercises/application_of_linear_equations_1.html,75,13.0,75.0,question_div,1881,True,True,False,False,False,False,True,0,7840,algebra,True,True
application_of_linear_equations_2,True,78852d612dd20e42b3e1368b7e4f7584e10443b40301690ca23f09f9f369f0c5,https://raw.githubusercontent.com/junyiacademy/junyiexercise/master/exercises/application_of_linear_equations_2.html,146,13.0,146.0,question_div,3486,True,True,False,False,False,False,True,0,41,algebra,True,True
application_of_scientific_notation,True,31e3052467d2ed62e1a7da56b7009737414683835caacec61585d73c41a58dbc,https://raw.githubusercontent.com/junyiacademy/junyiexercise/master/exercises/application_of_scientific_notation.html,101,12.0,101.0,question_div,2176,True,True,False,False,False,False,True,0,14069,algebra,True,True
application_of_scientific_notation_2,True,679b390846b9a9f9509db74e4e93922eb75bd5bc4342e419a2175360a418ea69,https://raw.githubusercontent.com/junyiacademy/junyiexercise/master/exercises/application_of_scientific_notation_2.html,135,7.0,135.0,question_div,1768,True,True,False,False,False,False,True,0,7104,algebra,True,True
applications_of_index,True,eb09ff51166d3cc09f9f3af987fbdca3848f668a198856c02241ce2d8fc2559b,https://raw.githubusercontent.com/junyiacademy/junyiexercise/master/exercises/applications_of_index.html,53,6.0,53.0,question_div,1064,True,True,False,False,False,False,True,0,19137,algebra,True,True
approximate_number,True,fff11b15cecd936f9e228ba87d63d157d1559101f66a1fcbdfa0c511f636fab4,https://raw.githubusercontent.com/junyiacademy/junyiexercise/master/exercises/approximate_number.html,192,5.0,192.0,question_div,1057,False,True,True,True,False,False,True,0,3345,arithmetic,True,True
arc_length_and_circular_sector_area,False,,https://raw.githubusercontent.com/junyiacademy/junyiexercise/master/exercises/arc_length_and_circular_sector_area.html,0,,,,0,False,False,False,False,,False,False,0,697,geometry,True,False
area_1,True,bc987e3d839abfde1ca8815ac927a0ea1d64678df2aa66e096ee2c7134a5a59e,https://raw.githubusercontent.com/junyiacademy/junyiexercise/master/exercises/area_1.html,258,4.0,258.0,question_div,2375,True,True,True,True,False,False,True,0,84242,geometry,True,True
area_of_a_circle,True,d210a4148b56651a9fa0e9bb2e743e5fed0523a03ed205a8979bf7f6592a69bf,https://raw.githubusercontent.com/junyiacademy/junyiexercise/master/exercises/area_of_a_circle.html,46,5.0,46.0,question_div,1824,True,True,True,True,False,False,True,0,34968,geometry,True,True
area_of_a_circle2,True,1b00ea2b8cbc9ab884405914f3ae38c323a8a73120415bc0fcab524103b80958,https://raw.githubusercontent.com/junyiacademy/junyiexercise/master/exercises/area_of_a_circle2.html,60,6.0,60.0,question_div,1896,True,True,True,True,False,False,True,0,8135,geometry,True,True
area_of_fans,True,a8d512e9003f6d49d331b79c2d35bc897585035eb1d3abf195c924a0248b49c8,https://raw.githubusercontent.com/junyiacademy/junyiexercise/master/exercises/area_of_fans.html,690,7.0,690.0,question_div,8838,True,True,True,True,False,False,True,0,778,geometry,True,True
area_of_parallelograms,True,b3471dc64544c4af732e2a320a143f3969dd5fae61fddfd3e38676852804081a,https://raw.githubusercontent.com/junyiacademy/junyiexercise/master/exercises/area_of_parallelograms.html,10,8.0,10.0,question_div,464,True,True,True,True,False,False,True,0,125272,geometry,True,True
area_of_squares_and_rectangles,True,3d64298d4b4677cfb4624ada84d937ff21fb20fd8dfaaf579a0dd0ffe9bde065,https://raw.githubusercontent.com/junyiacademy/junyiexercise/master/exercises/area_of_squares_and_rectangles.html,68,10.0,68.0,question_div,2428,True,True,True,True,False,False,True,0,45428,geometry,True,True
area_of_triangles_1,True,8b0f18867929ca1bdfc9999944ef0a64bb3ab114f4f35862f87f907ca2f35fee,https://raw.githubusercontent.com/junyiacademy/junyiexercise/master/exercises/area_of_triangles_1.html,398,8.0,398.0,question_div,3939,True,True,True,True,False,False,True,0,57218,geometry,True,True
area_of_triangular_shapes,True,d5f76d723e233c40cf1e1cadd87ae2fb38c216dc5c64ff6b5671676d15e36476,https://raw.githubusercontent.com/junyiacademy/junyiexercise/master/exercises/area_of_triangular_shapes.html,598,7.0,598.0,question_div,6793,True,True,True,True,False,False,True,0,1991,geometry,True,True
area_relationship_larger_narrow_graph,True,631841d430f2ee7b088e47823a60f069e73b26d91d96dc9f89b3b2125dbe480d,https://raw.githubusercontent.com/junyiacademy/junyiexercise/master/exercises/area_relationship_larger_narrow_graph.html,627,12.0,627.0,question_div,2854,True,True,True,True,False,False,True,0,4049,geometry,True,True
area_relationship_larger_narrow_num,True,c370ba8435770b53d7b3b0f67f8c205e5152e6213ea53c57738e1c97b7e58e32,https://raw.githubusercontent.com/junyiacademy/junyiexercise/master/exercises/area_relationship_larger_narrow_num.html,153,12.0,153.0,question_div,991,True,True,True,True,False,False,True,0,3003,geometry,True,True
area_unit_cm_square,True,b794784d64659840ab50e9a78a3f180c1e57de003a9a5d492e590bcaae7ce935,https://raw.githubusercontent.com/junyiacademy/junyiexercise/master/exercises/area_unit_cm_square.html,250,30.0,250.0,question_div,20118,True,True,True,True,False,False,True,0,7085,geometry,True,True
areas_of_circles_and_sectors,True,dc3fcd2b4a99818596a7d6b188b03cdc8ce9aeae2457a8dc3738d96cbd794aad,https://raw.githubusercontent.com/junyiacademy/junyiexercise/master/exercises/areas_of_circles_and_sectors.html,860,7.0,860.0,question_div,1948,True,True,True,True,False,False,True,0,7850,geometry,True,True
areas_of_kites,True,6ee7d52a6b8c86f1a4e911f2ae77b674a065db8db05d706250f96d627bbfba73,https://raw.githubusercontent.com/junyiacademy/junyiexercise/master/exercises/areas_of_kites.html,9,5.0,9.0,question_div,3104,True,True,True,True,False,False,True,0,40553,geometry,True,True
areas_of_rhombi,True,a6a0d2b788ac83381b40e76e4c44882d7a671a85830075f8c7cb71118fa4b9a3,https://raw.githubusercontent.com/junyiacademy/junyiexercise/master/exercises/areas_of_rhombi.html,9,5.0,9.0,question_div,3089,True,True,True,True,False,False,True,0,28314,geometry,True,True
areas_of_trapezoids,True,dc33ac96f533c5fcd349d964b120699baa4088abaab6052f80d7db8f36fa2098,https://raw.githubusercontent.com/junyiacademy/junyiexercise/master/exercises/areas_of_trapezoids.html,9,5.0,9.0,question_div,3501,True,True,True,True,False,False,True,0,68127,geometry,True,True
areas_of_trapezoids_rhombi_and_kites,True,aa78a5430ff9597e32e5479ace5db11517adad43d76b4e407d5b87bcb7194cf6,https://raw.githubusercontent.com/junyiacademy/junyiexercise/master/exercises/areas_of_trapezoids_rhombi_and_kites.html,9,11.0,9.0,question_div,4793,True,True,True,True,False,False,True,0,9574,geometry,True,True
arithmetic_means,True,40a1ef7af1c103379abfa959745bc0ee6720f1aa3f5b3cc8a582a29d8166986d,https://raw.githubusercontent.com/junyiacademy/junyiexercise/master/exercises/arithmetic_means.html,22,4.0,22.0,question_div,2727,True,True,True,True,False,False,True,0,1028,arithmetic,True,True
arithmetic_reasoning,True,e2912afcf754dead907e4895149750509b6d5d08bed03e12c59ab7cfb81e6c30,https://raw.githubusercontent.com/junyiacademy/junyiexercise/master/exercises/arithmetic_reasoning.html,49,4.0,49.0,question_div,6843,True,True,True,True,False,False,True,0,6801,arithmetic,True,True
arithmetic_sequences_3,True,bc329eb8960e3eaeff32fcb87c6a2c4571d63a2e6fbf655e10863d2d5d8fb91c,https://raw.githubusercontent.com/junyiacademy/junyiexercise/master/exercises/arithmetic_sequences_3.html,34,8.0,34.0,question_div,1509,False,True,True,True,False,False,True,0,4237,arithmetic,True,True
arithmetic_series,True,7bb4759b9247c4d76e2a5a4c5caf11b31c3f476e3941d6e676663839b9313f56,https://raw.githubusercontent.com/junyiacademy/junyiexercise/master/exercises/arithmetic_series.html,687,7.0,687.0,question_div,6031,True,True,True,True,False,False,True,0,510,arithmetic,True,True
arithmetic_series_1,True,5f6f4b41078efc3b7fe3567460a01312ca3a300d65286c37563a7b50235e76ec,https://raw.githubusercontent.com/junyiacademy/junyiexercise/master/exercises/arithmetic_series_1.html,38,8.0,38.0,question_div,919,True,True,True,True,False,False,True,0,2644,arithmetic,True,True
arithmetic_word_problems,True,854647366f91e3aeef15f32b40ddb59a5eff375b765ebcf0dacfcec10d226136,https://raw.githubusercontent.com/junyiacademy/junyiexercise/master/exercises/arithmetic_word_problems.html,193,7.0,193.0,question_div,2194,True,True,False,False,False,False,True,0,69058,arithmetic,True,True
arithmetic_word_problems_1,True,30cdc9dcd33bd0c71071850629e1595e00a8bfda38666c0a6cc276042def2169,https://raw.githubusercontent.com/junyiacademy/junyiexercise/master/exercises/arithmetic_word_problems_1.html,24,9.0,24.0,question_div,3191,False,True,False,False,False,False,True,0,373888,arithmetic,True,True
arithmetic_word_problems_2,True,5b6e0b83a8ad750ec8a8c954908cb3e9f6fcf06e97efc89907743fac881a1a06,https://raw.githubusercontent.com/junyiacademy/junyiexercise/master/exercises/arithmetic_word_problems_2.html,37,6.0,37.0,question_div,4026,True,True,False,False,False,False,True,0,121426,arithmetic,True,True
average_word_problems,True,1197bf452b7c68b60a3833c4504194071bae392ac06b45144a7571f1c0ca2f8b,https://raw.githubusercontent.com/junyiacademy/junyiexercise/master/exercises/average_word_problems.html,116,21.0,116.0,question_div,1345,True,True,False,False,False,False,True,0,4410,probability-statistics,True,True
axis_of_symmetry,True,2ce716b1cda1e003564dd4a32ea6dab7c2ba0bf8648480d3026eee521ad0a82a,https://raw.githubusercontent.com/junyiacademy/junyiexercise/master/exercises/axis_of_symmetry.html,255,3.0,255.0,question_div,788,False,True,True,True,False,True,True,0,166488,geometry,True,True
baseline_compareline,True,172cb71ff1a707e1be35b35e06a13636099454f17f1172bbbe573ab0d1276d1e,https://raw.githubusercontent.com/junyiacademy/junyiexercise/master/exercises/baseline_compareline.html,119,7.0,119.0,question_div,2395,True,True,True,True,False,False,True,0,430,arithmetic,True,True
baseline_compareline_application,True,ddba8472e286e78a3683c24ce9aa67bb7809369fd7cb38b0a4da9ebedbc63eeb,https://raw.githubusercontent.com/junyiacademy/junyiexercise/master/exercises/baseline_compareline_application.html,164,10.0,164.0,question_div,1634,True,True,True,True,False,False,True,0,260,arithmetic,True,True
basic_compared_with_the_reference_quantity,True,698e108d19b295d91f40984756b68cc5dc86449f3de8ff7dfe328a13456cfe72,https://raw.githubusercontent.com/junyiacademy/junyiexercise/master/exercises/basic_compared_with_the_reference_quantity.html,81,11.0,81.0,question_div,6562,True,True,True,True,False,False,True,0,208,arithmetic,True,True
basic_concept_of_circumcenter,True,1c550895b5afbacb2cd3d19917f33e2cb7edd5ee1f815552f66088a90a51e64f,https://raw.githubusercontent.com/junyiacademy/junyiexercise/master/exercises/basic_concept_of_circumcenter.html,561,7.0,561.0,question_div,4665,True,True,True,True,False,False,True,0,3356,geometry,True,True
basic_concept_of_congruent_triangles,True,96d04bf25f8b6baa54bb658007fb4ffeca3bd4ecabfc5c01c8e925431301669f,https://raw.githubusercontent.com/junyiacademy/junyiexercise/master/exercises/basic_concept_of_congruent_triangles.html,695,10.0,695.0,question_div,2173,True,True,True,True,False,False,True,0,4782,geometry,True,True
basic_concept_of_similar_shapes,True,c1855ba20459d913920e2722936f305f95c5849c007d5bd43d8f19f9b16a69b8,https://raw.githubusercontent.com/junyiacademy/junyiexercise/master/exercises/basic_concept_of_similar_shapes.html,837,8.0,837.0,question_div,17260,True,True,True,True,False,False,True,0,1764,geometry,True,True
basic_concepts_of_probability_1,True,885f9e83cc51c39b6b269cdd9540ee06f6da4ba0a0ff60496ba78ed56ca2f470,https://raw.githubusercontent.com/junyiacademy/junyiexercise/master/exercises/basic_concepts_of_probability_1.html,29,8.0,29.0,question_div,2823,True,True,True,True,False,False,True,0,1495,probability-statistics,True,True
basic_concepts_of_probability_2,True,b0b415cb104bbf39ac56d6af4418fb72ddc84993b3ba8ba0991a57a9c6f79d47,https://raw.githubusercontent.com/junyiacademy/junyiexercise/master/exercises/basic_concepts_of_probability_2.html,40,8.0,40.0,question_div,3340,True,True,True,True,False,False,True,0,1275,probability-statistics,True,True
basic_graph_and_composite_graph_area,False,,https://raw.githubusercontent.com/junyiacademy/junyiexercise/master/exercises/basic_graph_and_composite_graph_area.html,0,,,,0,False,False,False,False,,False,False,0,629,geometry,True,False
calculating_averages_advanced,True,5d26a2dda1332ec21778ecca1d435d3b196ddeee9186ebfd678c44debd352d4b,https://raw.githubusercontent.com/junyiacademy/junyiexercise/master/exercises/calculating_averages_advanced.html,1263,10.0,1263.0,question_div,3203,True,True,True,True,False,False,True,0,509,probability-statistics,True,True
calculation_of_proportions,True,4232f5d2b823856a0e29941a6b7c166aad1cd403b3afda7ca8f48bbc02e371eb,https://raw.githubusercontent.com/junyiacademy/junyiexercise/master/exercises/calculation_of_proportions.html,39,3.0,39.0,question_div,1239,True,True,False,False,False,False,True,0,1258,arithmetic,True,True
calculations_using_similar_shapes,True,fdc3cdae79180e57590f4fbbce0d1958fc74a9973935d507d2184793d43b4df6,https://raw.githubusercontent.com/junyiacademy/junyiexercise/master/exercises/calculations_using_similar_shapes.html,792,12.0,792.0,question_div,9395,True,True,True,True,False,False,True,0,1136,geometry,True,True
chain_rule_1,True,aa17b702c072ee1ea6a5cf4a15a99eb5f967cf8759853838da812e134571b5f6,https://raw.githubusercontent.com/junyiacademy/junyiexercise/master/exercises/chain_rule_1.html,447,12.0,447.0,question_div,1973,True,True,False,False,False,True,True,0,2787,calculus,True,True
chickens_and_rabbits_questions,True,fa6f5ea2d894743edc7c226a6c77d295c040318be9231d9979fde86d58e42ca4,https://raw.githubusercontent.com/junyiacademy/junyiexercise/master/exercises/chickens_and_rabbits_questions.html,44,4.0,44.0,question_div,2899,True,True,False,False,False,False,True,0,3936,arithmetic,True,True
circles_and_arcs,True,4d93ed5732efe5c46228966a2510f36429f4ac2a51793514c3274f137a5db69f,https://raw.githubusercontent.com/junyiacademy/junyiexercise/master/exercises/circles_and_arcs.html,849,3.0,849.0,question_div,1867,True,True,True,True,False,False,True,0,8910,geometry,True,True
circumferential_angle,True,30eb73cf15ac39ff895911de8b8ea46519af2efd2772908fd23408a2705d10f2,https://raw.githubusercontent.com/junyiacademy/junyiexercise/master/exercises/circumferential_angle.html,716,3.0,716.0,question_div,5808,True,True,True,True,False,False,True,0,2880,geometry,True,True
combinations_of_polynomials,True,55946112d595df6079deb2646a4a96cf3723ef9842ab2fc3c81cbc3a9f09d24f,https://raw.githubusercontent.com/junyiacademy/junyiexercise/master/exercises/combinations_of_polynomials.html,56,9.0,56.0,question_div,2072,True,True,False,False,False,False,True,0,6724,algebra,True,True
combining_like_terms_1,True,6b00b6a953a9fe2988f6e151fa2d87248f9f2d58dc98232f6832fe592c497557,https://raw.githubusercontent.com/junyiacademy/junyiexercise/master/exercises/combining_like_terms_1.html,68,7.0,68.0,question_div,4900,True,True,False,False,False,False,True,0,52627,algebra,True,True
combining_like_terms_2,True,be4eaf1637e9f882f76847b6546d95d6e3b06a7e60d611f64c91283b942a44a1,https://raw.githubusercontent.com/junyiacademy/junyiexercise/master/exercises/combining_like_terms_2.html,59,7.0,59.0,question_div,4953,True,True,False,False,False,False,True,0,28736,algebra,True,True
combining_like_terms_with_two_variables,True,a140f23c7ee223b82b8dd3fbae0276212830c388ae5f6f79ded0c532dc2624fd,https://raw.githubusercontent.com/junyiacademy/junyiexercise/master/exercises/combining_like_terms_with_two_variables.html,128,9.0,128.0,question_div,2461,True,True,False,False,False,False,True,0,5822,algebra,True,True
common_factor,True,239fec9da7654727dc2ae55a3100a52ad0ab886eee033c0807a6b88f1f590a63,https://raw.githubusercontent.com/junyiacademy/junyiexercise/master/exercises/common_factor.html,49,9.0,49.0,question_div,1614,True,True,False,False,False,False,True,0,4726,algebra,True,True
common_factor_advance,True,eb9025f3da03dda0854eba8ffa549400ed1b78ed506e682b8b2e9b73551c0971,https://raw.githubusercontent.com/junyiacademy/junyiexercise/master/exercises/common_factor_advance.html,73,13.0,73.0,question_div,2003,True,True,False,False,False,False,True,0,34,algebra,True,True
common_factors_of_a_polynomial_2,True,0e8097c0b4adee8c46e9a83a8e0bfe2fd3fa76b676b480cd0d97fe579080a3c9,https://raw.githubusercontent.com/junyiacademy/junyiexercise/master/exercises/common_factors_of_a_polynomial_2.html,64,32.0,64.0,question_div,365,False,True,True,True,False,True,True,0,1,algebra,True,True
common_form_for_life,True,8cc72a4289525a069909175bb87db2fc0c8bd5c59b5e3a711f6e9e9b3c4567c4,https://raw.githubusercontent.com/junyiacademy/junyiexercise/master/exercises/common_form_for_life.html,159,19.0,159.0,question_div,10556,True,True,True,True,False,True,True,0,16660,probability-statistics,True,True
comparing_absolute_values,True,cf61ce73483c552995c0c9752355b6bc0a2be1a31e00a4966c62e16dfd4c8640,https://raw.githubusercontent.com/junyiacademy/junyiexercise/master/exercises/comparing_absolute_values.html,71,5.0,71.0,question_div,695,False,True,True,True,False,True,True,0,75024,algebra,True,True
comparing_fractions_1,True,81ff1d5d4216d7f3658f29749dd4f72015011d3ead4e6479baf2c8efb67ca6eb,https://raw.githubusercontent.com/junyiacademy/junyiexercise/master/exercises/comparing_fractions_1.html,79,5.0,79.0,question_div,1489,True,True,True,True,False,True,True,0,45200,arithmetic,True,True
comparing_fractions_2,True,74942f9a83581308fb955b8b5d4e1329043202223b9aa6fa8aa2b5e95b65a5b5,https://raw.githubusercontent.com/junyiacademy/junyiexercise/master/exercises/comparing_fractions_2.html,67,8.0,67.0,question_div,829,True,True,False,False,False,True,True,0,45265,arithmetic,True,True
comparing_improper_fractions_and_mixed_numbers,True,5d3a474aa2bdb69afd5281cfb2b63abce1d4bc359d47f233e0613986e391fe5f,https://raw.githubusercontent.com/junyiacademy/junyiexercise/master/exercises/comparing_improper_fractions_and_mixed_numbers.html,105,12.0,105.0,question_div,2646,True,True,False,False,False,True,True,0,34439,arithmetic,True,True
comparing_with_multiplication,True,2d2489f803a76b884385408dfa0ee709ebd3ba770657b91312863b20ac969c0d,https://raw.githubusercontent.com/junyiacademy/junyiexercise/master/exercises/comparing_with_multiplication.html,56,5.0,56.0,question_div,7574,True,True,True,True,False,False,True,0,4256,arithmetic,True,True
comparison_between_numbers_within_ten,True,5a802c141f02995f16fd462dfda577a2c41e709b7dcc8eac59de79afbbaec984,https://raw.githubusercontent.com/junyiacademy/junyiexercise/master/exercises/comparison_between_numbers_within_ten.html,25,13.0,25.0,question_div,5871,True,True,True,True,False,False,True,0,89939,arithmetic,True,True
comparison_between_numbers_within_ten_0.5,True,30089201b454711975b578072c64af058d929ffa340fc013fa3fd4ee8e7145a5,https://raw.githubusercontent.com/junyiacademy/junyiexercise/master/exercises/comparison_between_numbers_within_ten_0.5.html,15,13.0,15.0,question_div,2890,True,True,True,True,False,False,True,0,7025,arithmetic,True,True
complementary_and_supplementary_angles,True,66222878e99220a5c14b8cec7ffce30e72d777e0b43b92bcdfc82c179a27be5a,https://raw.githubusercontent.com/junyiacademy/junyiexercise/master/exercises/complementary_and_supplementary_angles.html,0,38.0,38.0,title_fallback,38,False,False,False,False,False,False,True,0,11220,analytic-geometry,True,True
complementary_angles,True,2f26ebbf2f507c79f7a7cbca3c1161ed84cfa4e1701d3cf95a02a19e8a2f23c3,https://raw.githubusercontent.com/junyiacademy/junyiexercise/master/exercises/complementary_angles.html,904,20.0,904.0,question_div,1282,True,True,True,True,False,False,True,0,15354,analytic-geometry,True,True
completing_the_square_1,True,cd95c36ea7f4c3befcd4181211838d3da07462e7cecc16521fcf40542d8f79f1,https://raw.githubusercontent.com/junyiacademy/junyiexercise/master/exercises/completing_the_square_1.html,31,5.0,31.0,question_div,1013,True,True,False,False,False,False,True,0,8485,algebra,True,True
completing_the_square_1_new,True,abec81b859bb0d8ea2956d06803a06ab7f532e7707c87e0664d76008d1406602,https://raw.githubusercontent.com/junyiacademy/junyiexercise/master/exercises/completing_the_square_1_new.html,63,5.0,63.0,question_div,1277,True,True,False,False,False,False,True,0,7,algebra,True,True
completing_the_square_2,True,51c3f4819894b6a76b9a6c262b8274980dbaa3d8af37f9b2661a54cb85119704,https://raw.githubusercontent.com/junyiacademy/junyiexercise/master/exercises/completing_the_square_2.html,31,5.0,31.0,question_div,2040,True,True,False,False,False,False,True,0,4291,algebra,True,True
complex_fraction,True,a47a7cd0117a2080f3021989b7a42de55cf42dff35b57fa3e36347adb37ef13d,https://raw.githubusercontent.com/junyiacademy/junyiexercise/master/exercises/complex_fraction.html,229,5.0,229.0,question_div,887,True,True,True,True,False,False,True,0,939,arithmetic,True,True
composite_numbers,True,665ce2ac5748258abc19101c0d74364bc5a684580bd88c25e55a4b3b5e4d5e40,https://raw.githubusercontent.com/junyiacademy/junyiexercise/master/exercises/composite_numbers.html,65,7.0,65.0,question_div,388,True,True,False,False,False,True,True,0,142092,arithmetic,True,True
compound_inequalities,True,445edecc54c7bb4516e37585fa0297070430e768da653e46390fa2c929a62884,https://raw.githubusercontent.com/junyiacademy/junyiexercise/master/exercises/compound_inequalities.html,205,5.0,205.0,question_div,5391,True,True,True,True,False,True,True,0,8464,algebra,True,True
computing_law_with_power,True,bc9f544144cb98d8f9101960b6d1a7cbc9556177b72e4951d0cc81f823d61302,https://raw.githubusercontent.com/junyiacademy/junyiexercise/master/exercises/computing_law_with_power.html,65,9.0,65.0,question_div,515,True,True,False,False,False,False,True,0,6220,algebra,True,True
concepts_related_to_diamond,True,1f46467007d588b09e6e6497064062306cf1963b81ef13e552725067a24df073,https://raw.githubusercontent.com/junyiacademy/junyiexercise/master/exercises/concepts_related_to_diamond.html,1191,8.0,1191.0,question_div,6710,True,True,True,True,False,False,True,0,322,geometry,True,True
concepts_related_to_kite,True,4edc6610d22dfc1b864ca958e2928de0bb1892eedfa62d1d470fb00d46ce15ea,https://raw.githubusercontent.com/junyiacademy/junyiexercise/master/exercises/concepts_related_to_kite.html,1021,8.0,1021.0,question_div,7786,True,True,True,True,False,False,True,0,409,geometry,True,True
concepts_related_to_parallelogram,True,9d651ad006d360dadcc36bef1e81796df2e59c380c25e144c7cfe1b2cc474ed1,https://raw.githubusercontent.com/junyiacademy/junyiexercise/master/exercises/concepts_related_to_parallelogram.html,772,11.0,772.0,question_div,14666,True,True,True,True,False,False,True,0,273,geometry,True,True
conditional_statements_2,True,d2978d3153d44c0440cf77d98f6dbd178b3d8fd178549d655f91982ed06ab064,https://raw.githubusercontent.com/junyiacademy/junyiexercise/master/exercises/conditional_statements_2.html,40,24.0,40.0,question_div,6309,True,True,True,True,False,False,True,0,7837,logics,False,False
conditional_statements_and_truth_value,True,a245c80fbedb83702468ffad355a0add495c0d7f97709bf0e7e1447de683c7d0,https://raw.githubusercontent.com/junyiacademy/junyiexercise/master/exercises/conditional_statements_and_truth_value.html,16,38.0,16.0,question_div,5654,False,True,False,False,False,True,True,0,2701,logics,False,False
cone_surface_arc,True,0c3bf9fa0b2bb09b43486cbd373be3df294caae66523d47ddda7c33fd4dfb32f,https://raw.githubusercontent.com/junyiacademy/junyiexercise/master/exercises/cone_surface_arc.html,320,9.0,320.0,question_div,2236,True,True,True,True,False,False,True,0,2436,geometry,True,True
congruency_postulates,True,59b5d61ee4113771a765d1528990db10258554a0675fe088a916dd1e8ac0c16a,https://raw.githubusercontent.com/junyiacademy/junyiexercise/master/exercises/congruency_postulates.html,620,8.0,620.0,question_div,5539,True,True,True,True,False,False,True,0,51553,geometry,True,True
congruent_angles,True,e79f2b4c69eaba9841168de24c25c9f7816024a29bdf1257b1c1688d816e77c3,https://raw.githubusercontent.com/junyiacademy/junyiexercise/master/exercises/congruent_angles.html,1011,5.0,1011.0,question_div,2181,False,True,True,True,False,False,True,0,22236,geometry,True,True
congruent_segments,True,72417636c53a955a01c5d3014ab3f2421490cc4d6d57ab8af37107e680e5a9ad,https://raw.githubusercontent.com/junyiacademy/junyiexercise/master/exercises/congruent_segments.html,981,5.0,981.0,question_div,1560,True,True,True,True,False,True,True,0,28256,analytic-geometry,True,True
congruent_triangles_1,True,9d4a4e5f5fae04b75a3be88ec08d507aabedc8c2ad4fc104eb34bdbb39e6d180,https://raw.githubusercontent.com/junyiacademy/junyiexercise/master/exercises/congruent_triangles_1.html,201,7.0,201.0,question_div,2000,False,True,True,True,False,True,True,0,71916,geometry,True,True
congruent_triangles_2,True,6d771e44ff6553d4fa9405fa821b798ddfa30f379cd73fc45d866795b8f54b4b,https://raw.githubusercontent.com/junyiacademy/junyiexercise/master/exercises/congruent_triangles_2.html,107,7.0,107.0,question_div,3874,True,True,True,True,False,False,True,0,19077,geometry,True,True
constant_function_and_a_fuction,False,,https://raw.githubusercontent.com/junyiacademy/junyiexercise/master/exercises/constant_function_and_a_fuction.html,0,,,,0,False,False,False,False,,False,False,0,866,algebra,True,False
converse_inverse_and_contrapositive,True,595b1e799cf8639a8e99aa1494dce59ffd5a98ebdf232f54f8db3c41f1a87c49,https://raw.githubusercontent.com/junyiacademy/junyiexercise/master/exercises/converse_inverse_and_contrapositive.html,74,37.0,74.0,question_div,4265,True,True,False,False,False,True,True,0,13670,logics,False,False
converting_between_point_slope_and_slope_intercept,True,bcae8419e907cb0c764c96f1e8e6dbbbb5b6b0a3fbeaa978d6a331cb70c920bd,https://raw.githubusercontent.com/junyiacademy/junyiexercise/master/exercises/converting_between_point_slope_and_slope_intercept.html,126,10.0,126.0,question_div,530,True,True,False,False,False,False,True,0,440,algebra,True,True
converting_between_slope_intercept_and_standard_form,True,7207dbab198e303f32feb1e8dd826763750ed13326c5af58d120631adf695359,https://raw.githubusercontent.com/junyiacademy/junyiexercise/master/exercises/converting_between_slope_intercept_and_standard_form.html,139,10.0,139.0,question_div,1505,True,True,True,True,False,False,True,0,484,algebra,True,True
converting_decimals_to_fractions_1,True,a6811ba6c0652afee6fb5aeda4029964b91e7f2069818c489bf74da53500fe85,https://raw.githubusercontent.com/junyiacademy/junyiexercise/master/exercises/converting_decimals_to_fractions_1.html,81,10.0,81.0,question_div,502,False,True,False,False,False,False,True,0,16124,arithmetic,True,True
converting_decimals_to_fractions_2,True,09ee08228bc4c4d22b19c3e4dcfa1501b6db3db35408fc7b82e930ef00959e0b,https://raw.githubusercontent.com/junyiacademy/junyiexercise/master/exercises/converting_decimals_to_fractions_2.html,214,10.0,214.0,question_div,927,False,True,False,False,False,False,True,0,8394,arithmetic,True,True
converting_decimals_to_percents,True,1c4af778ef805f79a63d9575758d2e336f2935014bfedd1e0afcbc9e5eb0a31a,https://raw.githubusercontent.com/junyiacademy/junyiexercise/master/exercises/converting_decimals_to_percents.html,66,9.0,66.0,question_div,378,True,True,False,False,False,False,True,0,78926,arithmetic,True,True
converting_fractions_to_decimals,True,9bbdf75a8d284d2d2a496abd0ed2a20dec85bf91fce2761a6b946eb4b3359af0,https://raw.githubusercontent.com/junyiacademy/junyiexercise/master/exercises/converting_fractions_to_decimals.html,214,7.0,214.0,question_div,509,True,True,True,True,False,False,True,0,29750,arithmetic,True,True
converting_mixed_numbers_and_improper_fractions,True,ab970023adce95accebeccf973d5ee9349db87fb77cd58e883dc6cd3488181db,https://raw.githubusercontent.com/junyiacademy/junyiexercise/master/exercises/converting_mixed_numbers_and_improper_fractions.html,171,12.0,171.0,question_div,2666,True,True,True,True,False,False,True,0,35194,arithmetic,True,True
converting_percents_to_decimals,True,b5c6f87b3a5ecd7cf9be705a9a09f72778fd3c70b55a3e0b76c8fac5aeffc07d,https://raw.githubusercontent.com/junyiacademy/junyiexercise/master/exercises/converting_percents_to_decimals.html,103,8.0,103.0,question_div,280,True,True,False,False,False,False,True,0,64611,arithmetic,True,True
converting_repeating_decimals_to_fractions_1,True,5ff7aec4d3f4124fc1b3b01e0fed65957ec63b905f2e0364232c0bdf352eb3d4,https://raw.githubusercontent.com/junyiacademy/junyiexercise/master/exercises/converting_repeating_decimals_to_fractions_1.html,51,13.0,51.0,question_div,799,True,True,False,False,False,False,True,0,1565,algebra,True,True
converting_repeating_decimals_to_fractions_2,True,e00de34ee80f8e70207e4e0fab0525c0f47dec10b9d4d60fc08b6ba2d6c7eac2,https://raw.githubusercontent.com/junyiacademy/junyiexercise/master/exercises/converting_repeating_decimals_to_fractions_2.html,51,13.0,51.0,question_div,1190,True,True,False,False,False,False,True,0,1297,algebra,True,True
coordination_bctest_cap,False,,https://raw.githubusercontent.com/junyiacademy/junyiexercise/master/exercises/coordination_bctest_cap.html,0,,,,0,False,False,False,False,,False,False,0,30387,biology,False,False
corresponding_angles,True,228c7e9ddc46aa66fa82a58584896e59216ab66e69d5fff5869323df3c020937,https://raw.githubusercontent.com/junyiacademy/junyiexercise/master/exercises/corresponding_angles.html,283,3.0,283.0,question_div,597,False,True,True,True,False,False,True,0,49360,geometry,True,True
corresponding_angles_2,True,acb590e0aa4ca74f5ce296c708b8964d48fbbd41f8f3b674e62fe0769606c0e1,https://raw.githubusercontent.com/junyiacademy/junyiexercise/master/exercises/corresponding_angles_2.html,345,5.0,345.0,question_div,1718,True,True,True,True,False,False,True,0,6871,geometry,True,True
count_number_to_100,True,16b9ed074431e826643fdf3ea4172cc9bb52514b587eb4ecc7c8067c058e297e,https://raw.githubusercontent.com/junyiacademy/junyiexercise/master/exercises/count_number_to_100.html,482,5.0,482.0,question_div,1688,True,True,True,True,False,False,True,0,106535,arithmetic,True,True
count_number_to_20,True,8ec424ff488e647aa86a3ed2e90c1df1e3e77afbaf88094c7ed0ba23d392934c,https://raw.githubusercontent.com/junyiacademy/junyiexercise/master/exercises/count_number_to_20.html,40,10.0,40.0,question_div,3350,True,True,True,True,False,False,True,0,8,arithmetic,True,True
count_number_to_20_2,True,33763b3c000dba0b83cfd60f55bf889b9fabadc2d2a7f845b14b8785882f5a8b,https://raw.githubusercontent.com/junyiacademy/junyiexercise/master/exercises/count_number_to_20_2.html,14,10.0,14.0,question_div,799,True,True,True,True,False,False,True,0,15434,arithmetic,True,True
count_number_to_50,True,6715701878e16a16bb20de5448535ac67a4bf9676907d180a8d53811726dffc1,https://raw.githubusercontent.com/junyiacademy/junyiexercise/master/exercises/count_number_to_50.html,475,4.0,475.0,question_div,1710,True,True,True,True,False,False,True,0,48,arithmetic,True,True
count_numbers,True,661f0a1f45f19b7a2c8e59c0b695029aa0d787c7888ee15ecc4132ba387d66d7,https://raw.githubusercontent.com/junyiacademy/junyiexercise/master/exercises/count_numbers.html,89,4.0,89.0,question_div,1335,True,True,True,True,False,False,True,0,105569,arithmetic,True,True
count_one_by_one_1,True,a784799453734d52caa4414e955b052454a5a1247126968710be5b73acdc9a5e,https://raw.githubusercontent.com/junyiacademy/junyiexercise/master/exercises/count_one_by_one_1.html,32,4.0,32.0,question_div,3176,True,True,True,True,False,False,True,0,243516,arithmetic,True,True
counting_1,True,b9f653f80b693d0ebf16cc8ed3b38732ac06e3b324a282df696163843ada92dd,https://raw.githubusercontent.com/junyiacademy/junyiexercise/master/exercises/counting_1.html,48,7.0,48.0,question_div,797,False,True,False,False,False,False,True,0,62628,probability-statistics,True,True
counting_2,True,2d511efecced9d32e8c1fbc0d533353c1c36244d5ab6c8911526197bd423aa99,https://raw.githubusercontent.com/junyiacademy/junyiexercise/master/exercises/counting_2.html,417,6.0,417.0,question_div,1363,True,True,False,False,False,False,True,0,21059,probability-statistics,True,True
creating_bar_charts_1,True,2f0ec64374132919057d768fc58fd0ad94956ad0645e804f99775c9eee5b0107,https://raw.githubusercontent.com/junyiacademy/junyiexercise/master/exercises/creating_bar_charts_1.html,1997,6.0,1997.0,question_div,3565,True,True,True,True,False,False,True,0,30658,probability-statistics,True,True
creating_box_and_whisker_plots,True,e08196eb0f13a5a29a7212c24fd607f2de82bb00dc5e78224e8f7734a74f38cd,https://raw.githubusercontent.com/junyiacademy/junyiexercise/master/exercises/creating_box_and_whisker_plots.html,3447,5.0,3447.0,question_div,6178,True,True,True,True,False,False,True,0,4922,probability-statistics,True,True
cross_multiplication_advanced,True,3c3f2f277a8228c246e51f52818b28defc5fbccedad5221012d95e8eed9e4cb3,https://raw.githubusercontent.com/junyiacademy/junyiexercise/master/exercises/cross_multiplication_advanced.html,69,9.0,69.0,question_div,6287,True,True,True,True,False,False,True,0,8928,algebra,True,True
cube_roots,True,a039dfeace04441b2e8a4df5c702b911d01ea6a49725fd11b0c9774e39f5667e,https://raw.githubusercontent.com/junyiacademy/junyiexercise/master/exercises/cube_roots.html,43,3.0,43.0,question_div,1067,True,True,True,True,False,False,True,0,13072,algebra,True,True
date_and_weekday,True,6300e3eba1a82cff7faecdb54121f91cc2c1a4490c6d419e124616bbe12311d3,https://raw.githubusercontent.com/junyiacademy/junyiexercise/master/exercises/date_and_weekday.html,390,7.0,390.0,question_div,10931,True,True,True,True,False,False,True,0,51311,arithmetic,True,True
decimal_multiplier_calculation,True,f9ee7524f5c0e30ec759b5bbf9cabdec8e4d055d59887766268868c8b935d0a8,https://raw.githubusercontent.com/junyiacademy/junyiexercise/master/exercises/decimal_multiplier_calculation.html,197,24.0,197.0,question_div,2187,False,True,True,True,False,False,True,0,3169,arithmetic,True,True
decimal_two_steps,True,18adf50d76ea3f357496c0dbadaf5847671dd03be081b8b0dae88f74dc26e612,https://raw.githubusercontent.com/junyiacademy/junyiexercise/master/exercises/decimal_two_steps.html,135,33.0,135.0,question_div,6769,True,True,False,False,False,False,True,0,1614,arithmetic,True,True
decimals_distributive_law_of_multiplication,True,176f054db163eb7e58557ecb925e760e009b342ac7b4fcfa01e892610e12abaa,https://raw.githubusercontent.com/junyiacademy/junyiexercise/master/exercises/decimals_distributive_law_of_multiplication.html,88,14.0,88.0,question_div,3415,True,True,True,True,False,False,True,0,3461,arithmetic,True,True
decimals_on_the_number_line_1,True,3823e335aa4cab940b7bc389bdc8baa4a67c4a2087902d4392c2860d3fcaf411,https://raw.githubusercontent.com/junyiacademy/junyiexercise/master/exercises/decimals_on_the_number_line_1.html,915,8.0,915.0,question_div,1900,True,True,True,True,False,False,True,0,191565,arithmetic,True,True
decimals_on_the_number_line_2,True,b3547ef4c45237ddd3e6fbe062c3709db8f6bcf72bca969b23a4e064e8886770,https://raw.githubusercontent.com/junyiacademy/junyiexercise/master/exercises/decimals_on_the_number_line_2.html,1069,7.0,1069.0,question_div,2239,True,True,True,True,False,False,True,0,144036,arithmetic,True,True
define_one_function,True,ef8d08e109b13731e424dd3cf5572736848debf31b3b8650d69b3339851e7537,https://raw.githubusercontent.com/junyiacademy/junyiexercise/master/exercises/define_one_function.html,84,7.0,84.0,question_div,2858,True,True,False,False,False,False,True,0,1280,algebra,True,True
definition_opposite_number,True,c693b5b0725552cdfe9e1e6f0d16b6bb8d76ff399b98e66c8ed3ae1f18e350e7,https://raw.githubusercontent.com/junyiacademy/junyiexercise/master/exercises/definition_opposite_number.html,57,3.0,57.0,question_div,12188,True,True,True,True,False,True,True,0,35716,algebra,True,True
degrees_to_radians,True,952cbf4c307bbf4fd7c9c0f5b042ea64b80ec3edf03dffcfeece6f73f5078d77,https://raw.githubusercontent.com/junyiacademy/junyiexercise/master/exercises/degrees_to_radians.html,48,7.0,48.0,question_div,257,True,True,False,False,False,False,True,0,5614,analytic-geometry,True,True
denominator_comparison,True,f96aa58a71d7a04c388d2dd8378e6c5aaaf9a8bc861126da71325861fce5ba6d,https://raw.githubusercontent.com/junyiacademy/junyiexercise/master/exercises/denominator_comparison.html,60,13.0,60.0,question_div,1752,True,True,False,False,False,True,True,0,9093,arithmetic,True,True
dependent_probability,True,15af01a26718477b68184955f5a57c963dc352ba8e5a7740ef12f3b2dd8e35cb,https://raw.githubusercontent.com/junyiacademy/junyiexercise/master/exercises/dependent_probability.html,52,6.0,52.0,question_div,2064,True,True,False,False,False,False,True,0,1053,probability-statistics,True,True
derivative_intuition,True,f1f478b1252e36841e7bd6d5c7fdbc2d54cee83677017a4a0f847bd5ed348722,https://raw.githubusercontent.com/junyiacademy/junyiexercise/master/exercises/derivative_intuition.html,210,5.0,210.0,question_div,2367,True,True,True,True,False,False,True,0,2300,calculus,True,True
derivatives_1,True,30b2e5f3fa2915b877668993260f3404965270aacf8a4f0c7f7f0a2ff161f3c2,https://raw.githubusercontent.com/junyiacademy/junyiexercise/master/exercises/derivatives_1.html,494,4.0,494.0,question_div,1852,True,True,True,True,False,False,True,0,2518,calculus,True,True
direct_and_inverse_variation,True,9cd63b2434d570f58091da987a960888c0ab11b7fe4e56ebde285099a59d1ccf,https://raw.githubusercontent.com/junyiacademy/junyiexercise/master/exercises/direct_and_inverse_variation.html,147,5.0,147.0,question_div,2642,True,True,False,False,False,True,True,0,29396,algebra,True,True
discount_tax_and_tip_word_problems,True,3db597c6e9a8037c6eed463135f0dc3d7851528f90d756518b4c354d0a152cbd,https://raw.githubusercontent.com/junyiacademy/junyiexercise/master/exercises/discount_tax_and_tip_word_problems.html,133,10.0,133.0,question_div,3338,True,True,True,True,False,False,True,0,13256,arithmetic,True,True
distance_between_point_and_line,True,c9b195d7b324a1ca79016ad008bcfa924d41e29518280db772af1a5c663c4ba9,https://raw.githubusercontent.com/junyiacademy/junyiexercise/master/exercises/distance_between_point_and_line.html,433,9.0,433.0,question_div,4474,True,True,True,True,False,False,True,0,1195,algebra,True,True
distance_formula,True,3ae363a53ac67a0208f5345be6b8ed3e8ed9536a9876e2d8e89cc9cfa724ffa3,https://raw.githubusercontent.com/junyiacademy/junyiexercise/master/exercises/distance_formula.html,492,4.0,492.0,question_div,1481,True,True,True,True,False,False,True,0,22542,algebra,True,True
distributive_property,True,48a31361b25e65978378b4c17c050ba30d3c14f8c945e26d5d335b435ed66e29,https://raw.githubusercontent.com/junyiacademy/junyiexercise/master/exercises/distributive_property.html,278,3.0,278.0,question_div,1375,True,True,True,True,False,False,True,0,146255,arithmetic,True,True
distributive_property_with_variables,True,c74dc5c0c649f67568810a357a8cdf726b31826d130c99fd213153e72f944797,https://raw.githubusercontent.com/junyiacademy/junyiexercise/master/exercises/distributive_property_with_variables.html,464,36.0,464.0,question_div,5024,True,True,False,False,False,True,True,0,5,algebra,True,True
dividing_complex_numbers,True,eb961c8d13311430986b8b322f16fdaeaea04c9060912c13b29b48a62f552bf0,https://raw.githubusercontent.com/junyiacademy/junyiexercise/master/exercises/dividing_complex_numbers.html,141,4.0,141.0,question_div,2780,True,True,False,False,False,False,True,0,1820,algebra,True,True
dividing_decimals,True,befb15c0ec82253bdefc8b8a8b1162e4de7c24130307d66b61c3718c0f71ba79,https://raw.githubusercontent.com/junyiacademy/junyiexercise/master/exercises/dividing_decimals.html,0,4.0,4.0,title_fallback,471,False,True,True,True,True,False,False,0,33969,arithmetic,True,False
dividing_decimals_0.5,True,b67cf37873ec140664865dc70f4cf816ce36c8a6e8e2cb342c58c3654137ddeb,https://raw.githubusercontent.com/junyiacademy/junyiexercise/master/exercises/dividing_decimals_0.5.html,11,4.0,11.0,question_div,357,False,True,True,True,False,False,True,0,114759,arithmetic,True,True
dividing_decimals_1,True,91b2b8c67c8cd5156467104c770b64fc2d3af7c5fda67fe0e3f841e65198625e,https://raw.githubusercontent.com/junyiacademy/junyiexercise/master/exercises/dividing_decimals_1.html,0,6.0,6.0,title_fallback,409,False,True,True,True,True,False,False,0,56101,arithmetic,True,False
dividing_decimals_2,True,91b80f5d1ec965a6941a31ac10b3b944c33d2f6a2f6aae27de5bba1c1b9a38db,https://raw.githubusercontent.com/junyiacademy/junyiexercise/master/exercises/dividing_decimals_2.html,0,7.0,7.0,title_fallback,407,False,True,True,True,True,False,False,0,33177,arithmetic,True,False
dividing_decimals_int_to_int_0.5,False,,https://raw.githubusercontent.com/junyiacademy/junyiexercise/master/exercises/dividing_decimals_int_to_int_0.5.html,0,,,,0,False,False,False,False,,False,False,0,8,arithmetic,True,False
dividing_decimals_int_to_int_0.7,True,ae73311bdc8344ceeeb058da0c1e155077ea64d054d5960b6a05f8b6dcf8cac4,https://raw.githubusercontent.com/junyiacademy/junyiexercise/master/exercises/dividing_decimals_int_to_int_0.7.html,93,16.0,93.0,question_div,3811,True,True,True,True,False,False,True,0,7,arithmetic,True,True
dividing_fractions,True,57039116dfb03fe7281f970573e0ff03a81447d3238dea56d1f20e1644648b3d,https://raw.githubusercontent.com/junyiacademy/junyiexercise/master/exercises/dividing_fractions.html,102,4.0,102.0,question_div,812,True,True,False,False,False,False,True,0,42467,arithmetic,True,True
dividing_fractions_0.5,True,83d5f888d1dfe1d43a423ccd3e671fa033d3edc4cfb5a951cd376f101c301094,https://raw.githubusercontent.com/junyiacademy/junyiexercise/master/exercises/dividing_fractions_0.5.html,60,8.0,60.0,question_div,549,True,True,False,False,False,False,True,0,54006,arithmetic,True,True
dividing_fractions_word_problems,True,3d6c2e2137e90ddddf6c70657cfe45f742d3a068443a8d294bb305870cbd3cb4,https://raw.githubusercontent.com/junyiacademy/junyiexercise/master/exercises/dividing_fractions_word_problems.html,51,6.0,51.0,question_div,7164,True,True,False,False,False,False,True,0,33629,arithmetic,True,True
dividing_polynomials,True,3c3a88baed09183c77a4393cce9f8c97fe293ea9a13387627272186693b27f65,https://raw.githubusercontent.com/junyiacademy/junyiexercise/master/exercises/dividing_polynomials.html,160,6.0,160.0,question_div,562,True,True,False,False,False,False,True,0,3563,algebra,True,True
dividing_polynomials_1,True,349c326fe30060040584ef40f97c047aba095bc942cdc2b4d0529bac82f1570c,https://raw.githubusercontent.com/junyiacademy/junyiexercise/master/exercises/dividing_polynomials_1.html,156,8.0,156.0,question_div,676,True,True,True,True,False,False,True,0,3427,algebra,True,True
dividing_polynomials_2,True,eb78984576c19eb84b5da2aa251d24ca620c67f8d7e9343727c700e706dbba95,https://raw.githubusercontent.com/junyiacademy/junyiexercise/master/exercises/dividing_polynomials_2.html,156,8.0,156.0,question_div,737,True,True,True,True,False,False,True,0,3207,algebra,True,True
dividing_polynomials_3,True,eb93ff18edf7d501549a9c9620d08ea28b1aa45dffb3650fa7d2e43d47ae1539,https://raw.githubusercontent.com/junyiacademy/junyiexercise/master/exercises/dividing_polynomials_3.html,156,8.0,156.0,question_div,654,True,True,True,True,False,False,True,0,1341,algebra,True,True
dividing_polynomials_4,True,73fd9564b2e25b74553e1e7cf7ea3c1bd9992d0eb66d1b8f1de4c3764b48dbb9,https://raw.githubusercontent.com/junyiacademy/junyiexercise/master/exercises/dividing_polynomials_4.html,156,8.0,156.0,question_div,656,True,True,True,True,False,False,True,0,1085,algebra,True,True
dividing_polynomials_5,True,f4f4b07e2d629412fa0a50626d09f0885be93867ae91ccc037eb4fc5a74befe1,https://raw.githubusercontent.com/junyiacademy/junyiexercise/master/exercises/dividing_polynomials_5.html,179,6.0,179.0,question_div,678,True,True,True,True,False,False,True,0,1456,algebra,True,True
dividing_polynomials_6,True,6ce0e2fe5e46fd4b046e6c1ba262b404f92d41775e240de6bcfb296d88f30480,https://raw.githubusercontent.com/junyiacademy/junyiexercise/master/exercises/dividing_polynomials_6.html,98,6.0,98.0,question_div,579,True,True,True,True,False,False,True,0,859,algebra,True,True
divisibility,True,39f1ddad8d1d6b71eb946476045b920c4fd4cf8d5c73fe37fd67f5c85337ddb1,https://raw.githubusercontent.com/junyiacademy/junyiexercise/master/exercises/divisibility.html,32,3.0,32.0,question_div,1036,True,True,False,False,False,True,True,0,94215,arithmetic,True,True
divisibility_0.5,True,5c17f782da95ea7fdadf08a9052bfb360f36b5f5ae5a6724e10f427f2a4fdc8b,https://raw.githubusercontent.com/junyiacademy/junyiexercise/master/exercises/divisibility_0.5.html,155,6.0,155.0,question_div,1496,True,True,False,False,False,True,True,0,154635,arithmetic,True,True
divisibility_intuition,True,b3af94274e8d1e7d72a3dc3b0a3215f908fc7cae379e5c57b595496eebacd9a1,https://raw.githubusercontent.com/junyiacademy/junyiexercise/master/exercises/divisibility_intuition.html,1963,6.0,1963.0,question_div,2730,True,True,True,True,False,False,True,0,229070,arithmetic,True,True
divisibility_tests,True,3c3ffef107151c2ebba24d64566b72ec146955f96108212887c951a3bdcef2a6,https://raw.githubusercontent.com/junyiacademy/junyiexercise/master/exercises/divisibility_tests.html,64,5.0,64.0,question_div,3046,True,True,False,False,False,True,True,0,174414,arithmetic,True,True
division_0.5,True,92261b7889bda3d5fc44d65524429f026492db2623f7ef1e0e32eb6c71a355f0,https://raw.githubusercontent.com/junyiacademy/junyiexercise/master/exercises/division_0.5.html,42,6.0,42.0,question_div,755,True,True,True,True,False,False,True,0,286250,arithmetic,True,True
division_0.9,True,93cdae1c611189285d633c1036cb769dc646b8227693d5953b12ecd84ac2fbf1,https://raw.githubusercontent.com/junyiacademy/junyiexercise/master/exercises/division_0.9.html,42,6.0,42.0,question_div,765,True,True,True,True,False,False,True,0,212380,arithmetic,True,True
division_1,True,6e2c1f9d1887ea074b4620955324e4d85eb4adf244b5952248c1a03cd220ab5e,https://raw.githubusercontent.com/junyiacademy/junyiexercise/master/exercises/division_1.html,42,4.0,42.0,question_div,736,True,True,True,True,False,False,True,0,200577,arithmetic,True,True
division_1.4,True,b06a89712b994c434a2c0c5107d66f570d02a598a8471f4a6e3be7aebf3521dc,https://raw.githubusercontent.com/junyiacademy/junyiexercise/master/exercises/division_1.4.html,0,6.0,6.0,title_fallback,502,False,True,True,True,True,False,False,0,139955,arithmetic,True,False
division_1.5,True,42a9ef0b36d974a5bfa91e564967b0cb95ca8c4cd4e1414bf09ec7715c772a2c,https://raw.githubusercontent.com/junyiacademy/junyiexercise/master/exercises/division_1.5.html,0,6.0,6.0,title_fallback,415,False,True,True,True,True,False,False,0,138822,arithmetic,True,False
division_2,True,1504e8deed89a4c4b129588e5b1b2beb03b0aad7b5c8925d39d197122f4ad573,https://raw.githubusercontent.com/junyiacademy/junyiexercise/master/exercises/division_2.html,0,4.0,4.0,title_fallback,217,False,True,True,True,True,False,False,0,97530,arithmetic,True,False
division_2.9,True,f0f7b257af2c0206f6ac1c7fefc67abb760e51a8bd5c4f65565097b6882095d1,https://raw.githubusercontent.com/junyiacademy/junyiexercise/master/exercises/division_2.9.html,93,6.0,93.0,question_div,436,True,True,True,True,False,False,True,0,84830,arithmetic,True,True
division_3,True,5d95a85229eed52208361de6f99de9d9b7fd7b8c557ef145efb3480c10ba5c4a,https://raw.githubusercontent.com/junyiacademy/junyiexercise/master/exercises/division_3.html,93,4.0,93.0,question_div,410,True,True,True,True,False,False,True,0,76534,arithmetic,True,True
division_4,True,00428bc426ac234857eaa52d8277f5a49633e3341879951d6d6369fa32bca7ba,https://raw.githubusercontent.com/junyiacademy/junyiexercise/master/exercises/division_4.html,0,4.0,4.0,title_fallback,221,False,True,True,True,True,False,False,0,45875,arithmetic,True,False
division_word_problems_1,True,9767dffa410129812c2752fa9dd737fff1a5bc968df3aa9491a3a7d2200943ad,https://raw.githubusercontent.com/junyiacademy/junyiexercise/master/exercises/division_word_problems_1.html,204,8.0,204.0,question_div,868,True,True,False,False,False,False,True,0,87539,arithmetic,True,True
division_word_problems_2,True,23cd879e22090c8cd688b10c718d7be18c14ae571404f305135e60aa01ef85a9,https://raw.githubusercontent.com/junyiacademy/junyiexercise/master/exercises/division_word_problems_2.html,210,9.0,210.0,question_div,1118,True,True,False,False,False,False,True,0,46534,arithmetic,True,True
domain_and_range_0.5,True,93433fbb1683ce481aca0fe6615739451ff374f9738b305fcaa948ed82d4c4e7,https://raw.githubusercontent.com/junyiacademy/junyiexercise/master/exercises/domain_and_range_0.5.html,401,13.0,401.0,question_div,2853,True,True,True,True,False,False,True,0,5572,algebra,True,True
domain_of_a_function,True,61a2026a5f70d3d9683ace224a9279fc511362625d6e428cc2ffc8afad2fb2f0,https://raw.githubusercontent.com/junyiacademy/junyiexercise/master/exercises/domain_of_a_function.html,184,6.0,184.0,question_div,5858,True,True,False,False,False,True,True,0,2380,algebra,True,True
draw_a_pie_chart,True,31cbd7d28ab316fe613b47a84693e9ed760237744999cbb7a4ea8a19844717ec,https://raw.githubusercontent.com/junyiacademy/junyiexercise/master/exercises/draw_a_pie_chart.html,66,38.0,66.0,question_div,28958,True,True,True,True,False,False,True,0,4349,probability-statistics,True,True
empirical_rule,True,1d1870d693a18af14f1258965442f415e6053baed2f7ee759868e4f6eb887b7d,https://raw.githubusercontent.com/junyiacademy/junyiexercise/master/exercises/empirical_rule.html,59,14.0,59.0,question_div,12577,True,True,True,True,False,False,True,0,1388,probability-statistics,True,True
equation_of_a_circle_1,True,d44a78e010a46a8430194a72239f087eb976d08536a81fbc8381c0a8d68e4123,https://raw.githubusercontent.com/junyiacademy/junyiexercise/master/exercises/equation_of_a_circle_1.html,71,6.0,71.0,question_div,420,False,True,False,False,False,False,True,0,2127,algebra,True,True
equation_of_a_circle_2,True,798bba417be315a1a53ff621e7c0d29d4e2aa870acd443a5fd5503ec07bbe5a3,https://raw.githubusercontent.com/junyiacademy/junyiexercise/master/exercises/equation_of_a_circle_2.html,156,6.0,156.0,question_div,688,False,True,False,False,False,False,True,0,2445,algebra,True,True
equation_of_a_hyperbola,True,acb21e023f52bcf48e509d0761a6c291699e1b48cf564a20201b00d17c765882,https://raw.githubusercontent.com/junyiacademy/junyiexercise/master/exercises/equation_of_a_hyperbola.html,92,7.0,92.0,question_div,1294,True,True,False,False,False,False,True,0,288,algebra,True,True
equation_of_a_line,True,8fc290115e658e347f9bf7dee7207d74c3d24828405de7af6397b7a0db2cd8c5,https://raw.githubusercontent.com/junyiacademy/junyiexercise/master/exercises/equation_of_a_line.html,0,18.0,18.0,title_fallback,18,False,False,True,True,False,False,True,0,903,algebra,True,True
equation_of_an_ellipse,True,c5205218a644f996e1f4b5a195d581f375e157edeec913ebf10cc9413692ccae,https://raw.githubusercontent.com/junyiacademy/junyiexercise/master/exercises/equation_of_an_ellipse.html,112,6.0,112.0,question_div,905,True,True,False,False,False,False,True,0,631,algebra,True,True
equivalent_fractions,True,4a407836a01794b8f56a5df0673174d1fb16e2222a3abe14c9ebc2a02f73e696,https://raw.githubusercontent.com/junyiacademy/junyiexercise/master/exercises/equivalent_fractions.html,73,4.0,73.0,question_div,1554,True,True,True,True,False,False,True,0,73694,arithmetic,True,True
equivalent_fractions_2,True,320c82b141de377803469a9e865a17ec1e33e927ba0f8940b570e31012aeae5e,https://raw.githubusercontent.com/junyiacademy/junyiexercise/master/exercises/equivalent_fractions_2.html,68,6.0,68.0,question_div,1371,True,True,False,False,False,False,True,0,51064,arithmetic,True,True
equivalent_fractions_conversion,True,f318f12784d5b538b498f208717ad41961df60e7092c990f8fa3c47781c7e2a1,https://raw.githubusercontent.com/junyiacademy/junyiexercise/master/exercises/equivalent_fractions_conversion.html,63,11.0,63.0,question_div,604,True,True,False,False,False,False,True,0,7340,arithmetic,True,True
estimation_three-digit_add_sub,True,e68c326dd62c7489a8d089ed571cd00eb41c39a07212e767f66a45a28b1d20fc,https://raw.githubusercontent.com/junyiacademy/junyiexercise/master/exercises/estimation_three-digit_add_sub.html,56,20.0,56.0,question_div,1862,True,True,False,False,False,False,True,0,64564,arithmetic,True,True
estimation_with_decimals,True,f93b265604e6c7533713984a5ae574991332f994703d780371f1b6ed2f4e1c12,https://raw.githubusercontent.com/junyiacademy/junyiexercise/master/exercises/estimation_with_decimals.html,156,5.0,156.0,question_div,1045,True,True,False,False,False,False,True,0,36194,arithmetic,True,True
eval_expressions_w_two_var,True,b107270827a348b8bd3490c1620ebbcb00abb64073df33970d400d1fec006695,https://raw.githubusercontent.com/junyiacademy/junyiexercise/master/exercises/eval_expressions_w_two_var.html,37,7.0,37.0,question_div,1430,True,True,True,True,False,False,True,0,1255,algebra,True,True
evaluating_expressions_1,True,ed5a1247f627f364932bbc6a6ab8d4c9e60d9c0ff41c378be158df14f464061a,https://raw.githubusercontent.com/junyiacademy/junyiexercise/master/exercises/evaluating_expressions_1.html,27,7.0,27.0,question_div,264,True,True,False,False,False,False,True,0,66446,algebra,True,True
evaluating_expressions_2,True,dbf54fd70071ad225f186fd4f26d9b5519cac9cf46fefff9c26cd744aab44fa6,https://raw.githubusercontent.com/junyiacademy/junyiexercise/master/exercises/evaluating_expressions_2.html,141,7.0,141.0,question_div,752,True,True,False,False,False,False,True,0,12702,algebra,True,True
even_and_odd_functions,True,a276e35529ff3fa136b22a7e8a5c2c021e7d624c86c4e0cb8309a1762cbd1928,https://raw.githubusercontent.com/junyiacademy/junyiexercise/master/exercises/even_and_odd_functions.html,38,7.0,38.0,question_div,2059,True,True,True,True,False,True,True,0,5735,algebra,True,True
exploring_angle_pairs_1,True,95b5eb166068e752eb27d065946760d23a0d9425fd958355718f2503574d8ec1,https://raw.githubusercontent.com/junyiacademy/junyiexercise/master/exercises/exploring_angle_pairs_1.html,40,12.0,40.0,question_div,3133,True,True,True,True,False,False,True,0,11553,analytic-geometry,True,True
exploring_mean_and_median,True,1fcc9abaabe05632dec1155dc6e533cd38548a2c4f59d8b62953aa0da4e41365,https://raw.githubusercontent.com/junyiacademy/junyiexercise/master/exercises/exploring_mean_and_median.html,1484,7.0,1484.0,question_div,2454,True,True,True,True,False,False,True,0,24936,probability-statistics,True,True
exploring_standard_deviation_1,True,1b74a4df06da6b52a6998272ce967b8f9396ffa16ca04c4486ac95811955bfba,https://raw.githubusercontent.com/junyiacademy/junyiexercise/master/exercises/exploring_standard_deviation_1.html,2005,7.0,2005.0,question_div,2519,True,True,True,True,False,False,True,0,1013,probability-statistics,True,True
exponent_rules,True,3129e988f9168588e901bc79220725aa4480e14a08e24c567f42e70ca14de340,https://raw.githubusercontent.com/junyiacademy/junyiexercise/master/exercises/exponent_rules.html,257,5.0,257.0,question_div,1436,True,True,False,False,False,False,True,0,24504,algebra,True,True
exponents_1,True,fbb14512c8485c0728c97a2fa0a930bd57e7018ec4c19d7c31056efeed38c76e,https://raw.githubusercontent.com/junyiacademy/junyiexercise/master/exercises/exponents_1.html,98,3.0,98.0,question_div,1169,True,True,False,False,False,False,True,0,137365,algebra,True,True
exponents_2,True,b6c905384f1717562bbd06f7419b406127fd5bddb0ad6f2e033c1f975e51d439,https://raw.githubusercontent.com/junyiacademy/junyiexercise/master/exercises/exponents_2.html,119,3.0,119.0,question_div,514,True,True,False,False,False,False,True,0,46847,algebra,True,True
exponents_3,True,a67ef28acc2c6db9294a1a71cba08b0c3254173d272eb592a807a70512cbf485,https://raw.githubusercontent.com/junyiacademy/junyiexercise/master/exercises/exponents_3.html,612,3.0,612.0,question_div,1042,True,True,False,False,False,False,True,0,22008,algebra,True,True
exponents_4,True,8c3a91a11babdeafc37be2b020bf850e797c888270224ae8d96f2d694b86221d,https://raw.githubusercontent.com/junyiacademy/junyiexercise/master/exercises/exponents_4.html,1031,4.0,1031.0,question_div,2034,True,True,False,False,False,False,True,0,10365,algebra,True,True
expressing_ratios_as_fractions,True,26f9bde289ee2846b8ff95a7dedf4d4d66a169edda789b30fe12493f4db2ffe4,https://raw.githubusercontent.com/junyiacademy/junyiexercise/master/exercises/expressing_ratios_as_fractions.html,107,7.0,107.0,question_div,431,True,True,False,False,False,False,True,0,97473,arithmetic,True,True
expressions_with_unknown_variables,True,c8b1f2c8883b112264b07b10baafed3f66fb902882cb66506c8b1bf0f1a7c742,https://raw.githubusercontent.com/junyiacademy/junyiexercise/master/exercises/expressions_with_unknown_variables.html,133,7.0,133.0,question_div,1616,True,True,False,False,False,False,True,0,4812,algebra,True,True
expressions_with_unknown_variables_2,True,326b7bac32a78c15ec21a7a6d0e5b9973b04067ad47225848f9acccd3a717429,https://raw.githubusercontent.com/junyiacademy/junyiexercise/master/exercises/expressions_with_unknown_variables_2.html,133,9.0,133.0,question_div,1636,True,True,False,False,False,False,True,0,2312,algebra,True,True
factor_word_problems,True,0e8362fdc666fdb7c3f23ed37ef7096349a150b62f6603cfa0573312e8fafce2,https://raw.githubusercontent.com/junyiacademy/junyiexercise/master/exercises/factor_word_problems.html,47,5.0,47.0,question_div,3824,True,True,False,False,False,False,True,0,1614,arithmetic,True,True
factoring_difference_of_squares_1,True,4fb4678b2d6494e02efb5a1ac3f2f588713ac58e9c199acc6d4e75934821dc26,https://raw.githubusercontent.com/junyiacademy/junyiexercise/master/exercises/factoring_difference_of_squares_1.html,24,13.0,24.0,question_div,689,True,True,False,False,False,False,True,0,11847,algebra,True,True
factoring_difference_of_squares_2,True,909e384773dea195d4ceef877d573febdb651f8467e713f5fd23b95efeb6ff21,https://raw.githubusercontent.com/junyiacademy/junyiexercise/master/exercises/factoring_difference_of_squares_2.html,31,13.0,31.0,question_div,745,True,True,False,False,False,False,True,0,8110,algebra,True,True
factoring_difference_of_squares_3,True,ac2d723a42ceaa2b88386793fcd14b4740e3c8c342c6b06713b32cfc474931fe,https://raw.githubusercontent.com/junyiacademy/junyiexercise/master/exercises/factoring_difference_of_squares_3.html,39,18.0,39.0,question_div,1891,True,True,False,False,False,False,True,0,6471,algebra,True,True
factoring_polynomials_1,True,a964e58cd0b7f616231cc59f942d15f3f06f4715fdf37630a1bf821196a62e83,https://raw.githubusercontent.com/junyiacademy/junyiexercise/master/exercises/factoring_polynomials_1.html,184,20.0,184.0,question_div,1649,True,True,False,False,False,False,True,0,21191,algebra,True,True
factoring_polynomials_2,True,4d666a0f0e8941779fadc48619eb1e612577ac49e86984dc6348876443c50c8e,https://raw.githubusercontent.com/junyiacademy/junyiexercise/master/exercises/factoring_polynomials_2.html,16,21.0,16.0,question_div,2559,True,True,False,False,False,False,True,0,8852,algebra,True,True
factoring_polynomials_by_grouping_1,True,d221ce2b4121cb42516679d75cbd4ee56b99a23389b40c243c1a49fcb2161f88,https://raw.githubusercontent.com/junyiacademy/junyiexercise/master/exercises/factoring_polynomials_by_grouping_1.html,180,21.0,180.0,question_div,2008,True,True,True,True,False,False,True,0,4008,algebra,True,True
factoring_polynomials_with_two_variables,True,cc1d7845959cf13bddc63dbc3aef60965ee30658153495c6d926ed57e4aa5e54,https://raw.githubusercontent.com/junyiacademy/junyiexercise/master/exercises/factoring_polynomials_with_two_variables.html,16,13.0,16.0,question_div,1884,True,True,False,False,False,False,True,0,2416,algebra,True,True
factorization_by_add_sub_square,True,7b58de6812a8ea0ba498a2242861d6176d79149513ad4d3f1e4538ecf5c76c11,https://raw.githubusercontent.com/junyiacademy/junyiexercise/master/exercises/factorization_by_add_sub_square.html,57,18.0,57.0,question_div,1605,True,True,False,False,False,False,True,0,2016,algebra,True,True
factorization_quadratic_polynomial,False,,https://raw.githubusercontent.com/junyiacademy/junyiexercise/master/exercises/factorization_quadratic_polynomial.html,0,,,,0,False,False,False,False,,False,False,0,5861,algebra,True,False
finding_axis_of_symmetry,True,bbeb38840a07fa1af3f69139cc7a502dab04825632e591bf10f1d52907d8f2a5,https://raw.githubusercontent.com/junyiacademy/junyiexercise/master/exercises/finding_axis_of_symmetry.html,125,5.0,125.0,question_div,14420,True,True,True,True,False,False,True,0,98982,geometry,True,True
four_operations_and_decimal_fraction,True,1569c10c0451dafd8e42e5c5e68931f30a33a31000ae3b6b50546f43c512a825,https://raw.githubusercontent.com/junyiacademy/junyiexercise/master/exercises/four_operations_and_decimal_fraction.html,115,10.0,115.0,question_div,3058,True,True,False,False,False,False,True,0,29,arithmetic,True,True
fraction_integer,True,eae8e47b6406902d415ca67dcce1d8ee5194fc76eb5a9a3bb698290d17e60e8c,https://raw.githubusercontent.com/junyiacademy/junyiexercise/master/exercises/fraction_integer.html,82,6.0,82.0,question_div,2434,True,True,True,True,False,False,True,0,4484,arithmetic,True,True
fraction_of_one_step_to_unknow_formula,True,49e8005cc485d2753c529144f46e65f239c0403a7b772a72b50c4a6ec08c6979,https://raw.githubusercontent.com/junyiacademy/junyiexercise/master/exercises/fraction_of_one_step_to_unknow_formula.html,32,31.0,32.0,question_div,1730,True,True,False,False,False,False,True,0,2121,arithmetic,True,True
fraction_word_problems_1,True,93a17b8f10839dfef8d2f31237d5f082723d91b91f90e99a97c38fbcd19d3f54,https://raw.githubusercontent.com/junyiacademy/junyiexercise/master/exercises/fraction_word_problems_1.html,318,6.0,318.0,question_div,2398,True,True,True,True,False,False,True,0,35980,arithmetic,True,True
fractional_division_life_problem,True,2fcf775d323345a8120aadf86424bb732f13a6fa7845a89254e528cd7af1cabe,https://raw.githubusercontent.com/junyiacademy/junyiexercise/master/exercises/fractional_division_life_problem.html,84,15.0,84.0,question_div,4613,True,True,False,False,False,False,True,0,3755,arithmetic,True,True
fractions_cut_and_copy_1,True,6fd4a0534e35bafd10835cf12ac35b4729e162d12852407195b3a3a691539245,https://raw.githubusercontent.com/junyiacademy/junyiexercise/master/exercises/fractions_cut_and_copy_1.html,487,24.0,487.0,question_div,2683,True,True,True,True,False,False,True,0,7215,arithmetic,True,True
fractions_cut_and_copy_2,True,e725450e841cba94368289b04179952a78a4e60cf954c7191714ea3056e6ca2b,https://raw.githubusercontent.com/junyiacademy/junyiexercise/master/exercises/fractions_cut_and_copy_2.html,275,11.0,275.0,question_div,2639,True,True,True,True,False,False,True,0,3026,arithmetic,True,True
fractions_on_the_number_line_1,True,55ed5eba992007fcab54f6acd8225e5f4924275f4b9a0eab417694312b88e282,https://raw.githubusercontent.com/junyiacademy/junyiexercise/master/exercises/fractions_on_the_number_line_1.html,981,11.0,981.0,question_div,4638,True,True,True,True,False,False,True,0,66798,arithmetic,True,True
fractions_on_the_number_line_2,True,719532496adca5ffab9d21dc5f77db6475a358f9b7eaf5ab26859a1db5699ada,https://raw.githubusercontent.com/junyiacademy/junyiexercise/master/exercises/fractions_on_the_number_line_2.html,1004,11.0,1004.0,question_div,2668,True,True,True,True,False,False,True,0,21908,arithmetic,True,True
fractions_on_the_number_line_3,True,b6ca8b85e176594c6f1327ace7089d6e6b8d54adb280234755269cbe451f6b55,https://raw.githubusercontent.com/junyiacademy/junyiexercise/master/exercises/fractions_on_the_number_line_3.html,988,11.0,988.0,question_div,2628,True,True,True,True,False,False,True,0,14154,arithmetic,True,True
fractions_word_problem,True,272c47da1dceefab5733b036190c1af985cd991f2ad53c9473cc02b32ad0b42e,https://raw.githubusercontent.com/junyiacademy/junyiexercise/master/exercises/fractions_word_problem.html,63,7.0,63.0,question_div,1211,True,True,False,False,False,False,True,0,3057,arithmetic,True,True
functions_1,True,1cfccb12ec55c0c180b6336952a95e01a8d5f182d321a98b2896225d3250b811,https://raw.githubusercontent.com/junyiacademy/junyiexercise/master/exercises/functions_1.html,248,4.0,248.0,question_div,1365,True,True,True,True,False,False,True,0,33333,algebra,True,True
functions_2,True,1351e5f130937d031d500016bb356f0a797f7f44087a1a3f395781be0b096c56,https://raw.githubusercontent.com/junyiacademy/junyiexercise/master/exercises/functions_2.html,145,4.0,145.0,question_div,2365,True,True,True,True,False,False,True,0,19877,algebra,True,True
functions_3,True,6138298a54c3b80a7ebea55a0d4dbb07eccc23426c632fb69ac8d1d3546309e8,https://raw.githubusercontent.com/junyiacademy/junyiexercise/master/exercises/functions_3.html,66,4.0,66.0,question_div,1401,False,True,False,False,False,False,True,0,4400,algebra,True,True
gcd_and_lcm_word_problems,True,46a9f9aebec2acb7566a4d4bcd3b1ce4f22df8079a5b4d0dfa6daae4b897567e,https://raw.githubusercontent.com/junyiacademy/junyiexercise/master/exercises/gcd_and_lcm_word_problems.html,52,14.0,52.0,question_div,1278,True,True,False,False,False,False,True,0,18047,arithmetic,True,True
gcd_of_life,True,439237c2c536e4bb2adb6735605ea20d15b424d78ba892f7fa026713a7b5596a,https://raw.githubusercontent.com/junyiacademy/junyiexercise/master/exercises/gcd_of_life.html,55,12.0,55.0,question_div,2165,True,True,False,False,False,False,True,0,25013,arithmetic,True,True
geometric_construction,True,8b8217b9e0c53f6d63df95bcabe655b1db200c4b7caa5df7caafe09d2ec5106c,https://raw.githubusercontent.com/junyiacademy/junyiexercise/master/exercises/geometric_construction.html,335,4.0,335.0,question_div,21688,True,True,True,True,False,False,True,0,1870,geometry,True,True
geometry_1,True,7223fcee74e69d18126dee2a8380f1c4a614fcc91392e112908a54b4fd52c215,https://raw.githubusercontent.com/junyiacademy/junyiexercise/master/exercises/geometry_1.html,0,10.0,10.0,title_fallback,10,False,False,False,False,False,False,True,0,24,geometry,True,True
geometry_about_circle_concept,False,,https://raw.githubusercontent.com/junyiacademy/junyiexercise/master/exercises/geometry_about_circle_concept.html,0,,,,0,False,False,False,False,,False,False,0,3636,geometry,True,False
geometry_categorial_proposition,False,,https://raw.githubusercontent.com/junyiacademy/junyiexercise/master/exercises/geometry_categorial_proposition.html,0,,,,0,False,False,False,False,,False,False,0,789,geometry,True,False
geometry_identification_concept,False,,https://raw.githubusercontent.com/junyiacademy/junyiexercise/master/exercises/geometry_identification_concept.html,0,,,,0,False,False,False,False,,False,False,0,781,geometry,True,False
geometry_proofs_1,True,82ca70c25e17651ba06186e18ed25f87ac1c1e6bcecb3585f01f376f46539bf8,https://raw.githubusercontent.com/junyiacademy/junyiexercise/master/exercises/geometry_proofs_1.html,6495,6.0,6495.0,question_div,7818,True,True,True,True,False,False,True,0,986,geometry,True,True
geometry_proofs_2,True,87c6276dca381b6581487665b3670fe215464316262348e01f3cf2860d212cab,https://raw.githubusercontent.com/junyiacademy/junyiexercise/master/exercises/geometry_proofs_2.html,5570,6.0,5570.0,question_div,13761,True,True,True,True,False,True,True,0,1130,geometry,True,True
geometry_proofs_intro,True,4f7ce1ca8a9445ac2ac8a28fff90a961078a3b93367cc4e7a2c49e81d7201771,https://raw.githubusercontent.com/junyiacademy/junyiexercise/master/exercises/geometry_proofs_intro.html,4105,8.0,4105.0,question_div,15247,True,True,True,True,False,False,True,0,30,geometry,True,True
get_gcd_and_lcm,True,db3686f76b578fa8fe320d47f0851d403c2101c2fbb2d3931731add8f49c5004,https://raw.githubusercontent.com/junyiacademy/junyiexercise/master/exercises/get_gcd_and_lcm.html,495,28.0,495.0,question_div,3678,True,True,True,True,False,False,True,0,19412,arithmetic,True,True
graphing_inequalities,True,77f25ff2975414f4a05170b32247c710f296e235977a935003200b8036424599,https://raw.githubusercontent.com/junyiacademy/junyiexercise/master/exercises/graphing_inequalities.html,2555,7.0,2555.0,question_div,5695,True,True,True,True,False,False,True,0,1437,algebra,True,True
graphing_inequalities_2,True,0553d70a1769b59fc2713ef693f7f49e9ff58de3e464735c690e196d9d5efe25,https://raw.githubusercontent.com/junyiacademy/junyiexercise/master/exercises/graphing_inequalities_2.html,2628,9.0,2628.0,question_div,7151,True,True,True,True,False,False,True,0,509,algebra,True,True
graphing_linear_equations,True,4711b000107f9a710553d1df7344f98d63f1ba9730001a8c7fe7309e637276ab,https://raw.githubusercontent.com/junyiacademy/junyiexercise/master/exercises/graphing_linear_equations.html,1030,7.0,1030.0,question_div,3268,True,True,True,True,False,False,True,0,4298,algebra,True,True
graphing_parabolas_0.5,True,6c8a26aa0f11a9f016f2d9656941b298bfb6108663f4f72b84fec0b13a9e3ecc,https://raw.githubusercontent.com/junyiacademy/junyiexercise/master/exercises/graphing_parabolas_0.5.html,3181,9.0,3181.0,question_div,4279,True,True,True,True,False,False,True,0,5074,algebra,True,True
graphing_parabolas_1,True,35cabc15e45a45a6b6aceb4a2657b5835ab0af6285356fdb2247fd4d2656859f,https://raw.githubusercontent.com/junyiacademy/junyiexercise/master/exercises/graphing_parabolas_1.html,3149,7.0,3149.0,question_div,5301,True,True,True,True,False,False,True,0,1182,algebra,True,True
graphing_parabolas_2,True,411460cab7b506dc8b509d7b7c120d074257ed8a9234b78e2bf0e7b2aa02aba4,https://raw.githubusercontent.com/junyiacademy/junyiexercise/master/exercises/graphing_parabolas_2.html,3149,7.0,3149.0,question_div,6732,True,True,True,True,False,False,True,0,916,algebra,True,True
graphing_points,True,8e4704b1ed3513c623115b5e55fb4267ccc25af9e7f574f5a6ab445581bbad0c,https://raw.githubusercontent.com/junyiacademy/junyiexercise/master/exercises/graphing_points.html,462,2.0,462.0,question_div,1775,True,True,True,True,False,False,True,0,33623,algebra,True,True
graphing_points_2,True,7ca97d84c38a7d236bd02c36b44002471d340e51f12d9adbbd2f749b217151e2,https://raw.githubusercontent.com/junyiacademy/junyiexercise/master/exercises/graphing_points_2.html,458,4.0,458.0,question_div,2645,True,True,True,True,False,False,True,0,22275,algebra,True,True
graphing_points_fraction_1,True,a64c6016f5163fa6a619e823c165e993853a051be655aa3f329d346e23801e1e,https://raw.githubusercontent.com/junyiacademy/junyiexercise/master/exercises/graphing_points_fraction_1.html,533,5.0,533.0,question_div,2347,True,True,True,True,False,False,True,0,1344,algebra,True,True
graphing_points_fraction_2,True,eb02e07d36fe0732c5d39b70057742f65e067fa673a0e8c1eae558bdeed3251d,https://raw.githubusercontent.com/junyiacademy/junyiexercise/master/exercises/graphing_points_fraction_2.html,531,5.0,531.0,question_div,3318,True,True,True,True,False,False,True,0,499,algebra,True,True
graphing_scaling,True,b26e021e080566c136101ba1153cf5964f6f58ef090ea2d3f4f110485ec3c916,https://raw.githubusercontent.com/junyiacademy/junyiexercise/master/exercises/graphing_scaling.html,1639,9.0,1639.0,question_div,17514,True,True,True,True,False,False,True,0,3560,geometry,True,True
graphing_systems_of_equations,True,95911b50d2d5f3867644ebfe740c60c28261f51aca8f2ec6cf7cbe334d4d531e,https://raw.githubusercontent.com/junyiacademy/junyiexercise/master/exercises/graphing_systems_of_equations.html,1781,7.0,1781.0,question_div,4573,False,True,True,True,False,False,True,0,10535,algebra,True,True
graphing_systems_of_inequalities,True,3f299afd17c7128c264f99106e102112c3007e19660aa3d00556d54f8b46af80,https://raw.githubusercontent.com/junyiacademy/junyiexercise/master/exercises/graphing_systems_of_inequalities.html,4731,7.0,4731.0,question_div,10070,True,True,True,True,False,False,True,0,361,algebra,True,True
graphing_systems_of_inequalities_2,True,5fd511c8117efca765f808846f44ede4fab2276f9cc9ebd9a7911d5906480a54,https://raw.githubusercontent.com/junyiacademy/junyiexercise/master/exercises/graphing_systems_of_inequalities_2.html,4805,9.0,4805.0,question_div,12328,True,True,True,True,False,False,True,0,325,algebra,True,True
graphs_of_linear_equations,True,fb83647136c63641cded9def471e58f9d3a1e7beb6e2659f7b75f869aece4cec,https://raw.githubusercontent.com/junyiacademy/junyiexercise/master/exercises/graphs_of_linear_equations.html,124,11.0,124.0,question_div,4367,True,True,True,True,False,False,True,0,707,algebra,True,True
graphs_of_sine_and_cosine,True,0b1c3c63d72b37aff8e2dd05a601dfe7dafc395509432d562ba5ac75b95686a9,https://raw.githubusercontent.com/junyiacademy/junyiexercise/master/exercises/graphs_of_sine_and_cosine.html,50,10.0,50.0,question_div,2061,True,True,True,True,False,False,True,0,1993,analytic-geometry,True,True
greatest_common_divisor,True,c8c83e252fa70bb4fa4eeb6795369332323caa1d166aceefeaa56b9cd6853d0e,https://raw.githubusercontent.com/junyiacademy/junyiexercise/master/exercises/greatest_common_divisor.html,44,5.0,44.0,question_div,349,True,True,False,False,False,False,True,0,132684,arithmetic,True,True
halves_and_fourths,True,a2b77559e20a7987bdd39db693d2c460172ba458985e1214dfba080e2a752ef2,https://raw.githubusercontent.com/junyiacademy/junyiexercise/master/exercises/halves_and_fourths.html,3095,6.0,3095.0,question_div,48681,True,True,True,True,False,False,True,0,3249,arithmetic,True,True
herons_formula,True,b05452d1316731eb7a5f284d3ab988d3d57d035a2e2874e3f4d29d0c88f4f436,https://raw.githubusercontent.com/junyiacademy/junyiexercise/master/exercises/herons_formula.html,576,4.0,576.0,question_div,1183,True,True,True,True,False,False,True,0,1239,geometry,True,True
hundred_million_adding_and_subtracting,True,1427c1c894da6c0f0138720a60174e6c64ca45ad8cd24ce2d0483cd0e5dea1c8,https://raw.githubusercontent.com/junyiacademy/junyiexercise/master/exercises/hundred_million_adding_and_subtracting.html,160,4.0,160.0,question_div,9318,True,True,True,True,False,False,True,0,24606,arithmetic,True,True
identifying_points_1,True,470acdbcf4ca264e3192e2abcb80b0abe75beb48ff048343d44fb9320c043679,https://raw.githubusercontent.com/junyiacademy/junyiexercise/master/exercises/identifying_points_1.html,263,4.0,263.0,question_div,989,True,True,True,True,False,True,True,0,11658,algebra,True,True
identifying_points_2,True,3ae5ab2cfa9864b72aef53e5c479501831c5c9bf5e0c92d4fbb08d598f0ea667,https://raw.githubusercontent.com/junyiacademy/junyiexercise/master/exercises/identifying_points_2.html,233,6.0,233.0,question_div,1503,True,True,True,True,False,True,True,0,8410,algebra,True,True
imaginary_unit_powers,True,b2f699f6fb2155f695e0f9c4a5f894d909ea71de4813f8482f939a6f4bb07083,https://raw.githubusercontent.com/junyiacademy/junyiexercise/master/exercises/imaginary_unit_powers.html,16,5.0,16.0,question_div,1097,True,True,False,False,False,True,True,0,31830,algebra,True,True
independent_probability,True,bef657cfbfdf32d54be06fca99780822ccff2153388e07a0e17178068191c87b,https://raw.githubusercontent.com/junyiacademy/junyiexercise/master/exercises/independent_probability.html,76,6.0,76.0,question_div,774,True,True,False,False,False,False,True,0,2421,probability-statistics,True,True
inequalities_and_expressions,False,,https://raw.githubusercontent.com/junyiacademy/junyiexercise/master/exercises/inequalities_and_expressions.html,0,,,,0,False,False,False,False,,False,False,0,1412,algebra,True,False
inequalities_on_a_number_line,True,8595c31f708c11df7b346f1c20a582d6a207ffb327c8e88ffe4b1e44537c3f00,https://raw.githubusercontent.com/junyiacademy/junyiexercise/master/exercises/inequalities_on_a_number_line.html,159,7.0,159.0,question_div,1520,True,True,True,True,False,True,True,0,18471,algebra,True,True
inequality_properties,True,6846cfc02658e9b262508ad7e2910efae9846ea0c5ce5dffbe6b391e5530ddb1,https://raw.githubusercontent.com/junyiacademy/junyiexercise/master/exercises/inequality_properties.html,113,8.0,113.0,question_div,4288,True,True,False,False,False,False,True,0,508,algebra,True,True
inequality_symbol_word_problems,True,730a625f51e843dbc18392a995c4e66c61b3e35927994b654c133cbc5dbe6d1c,https://raw.githubusercontent.com/junyiacademy/junyiexercise/master/exercises/inequality_symbol_word_problems.html,100,8.0,100.0,question_div,2459,True,True,False,False,False,True,True,0,473,algebra,True,True
inscribed_angles_1,True,bd4c92194659f4562b9cd27201f4acc153c57c8ecc5d8f0af7ed05ef962b5183,https://raw.githubusercontent.com/junyiacademy/junyiexercise/master/exercises/inscribed_angles_1.html,616,5.0,616.0,question_div,3021,True,True,True,True,False,False,True,0,23203,geometry,True,True
inscribed_angles_2,True,31d691097c6c8e4b91823a3bb1062c07646cace9dc81f95d43af5e78ddffcc48,https://raw.githubusercontent.com/junyiacademy/junyiexercise/master/exercises/inscribed_angles_2.html,649,5.0,649.0,question_div,3526,True,True,True,True,False,False,True,0,8093,geometry,True,True
inscribed_angles_3,True,aacc27439b2db9080d84959c4eb8c57f241e1316539f9b0b0188ebc3f6d54fb8,https://raw.githubusercontent.com/junyiacademy/junyiexercise/master/exercises/inscribed_angles_3.html,616,5.0,616.0,question_div,5461,True,True,True,True,False,False,True,0,5995,geometry,True,True
integer_arithmetic,True,de8a30ae7f73bca32a79cb142b9465241e5f63a3683a877cdf13b8dc2607f6ab,https://raw.githubusercontent.com/junyiacademy/junyiexercise/master/exercises/integer_arithmetic.html,14,11.0,14.0,question_div,1120,True,True,False,False,False,False,True,0,17277,arithmetic,True,True
integers_multiply_decimals,True,9a02619d003772f3799144f06d401ed641e8c5c0ec9b0af2c8e9b3aaf5270b13,https://raw.githubusercontent.com/junyiacademy/junyiexercise/master/exercises/integers_multiply_decimals.html,251,6.0,251.0,question_div,652,False,True,True,True,False,False,True,0,23003,arithmetic,True,True
integers_multiply_decimals2,True,d7d409d239598b75ee9225fa0c0d1d31f263369e35f062ea26b457f7a0a1ef49,https://raw.githubusercontent.com/junyiacademy/junyiexercise/master/exercises/integers_multiply_decimals2.html,55,6.0,55.0,question_div,3588,True,True,True,True,False,False,True,0,29669,arithmetic,True,True
interpreting_linear_equations,True,33061bd35ee66f5f2930b3d2418b83294fb2410fd423b496daf6c3aaee3e6124,https://raw.githubusercontent.com/junyiacademy/junyiexercise/master/exercises/interpreting_linear_equations.html,569,7.0,569.0,question_div,3406,True,True,True,True,False,True,True,0,8395,algebra,True,True
inverse_proportional_calculation,True,56b20684884f891a1598ea8e9e0f704fb70e80a541b7a3fddbc978fe4af337fb,https://raw.githubusercontent.com/junyiacademy/junyiexercise/master/exercises/inverse_proportional_calculation.html,49,5.0,49.0,question_div,758,True,True,False,False,False,False,True,0,1289,arithmetic,True,True
inverse_trig_functions,True,a6312e5e273139322aa05af0230d41ca45638f2b134bded0794a62d49bc9b83b,https://raw.githubusercontent.com/junyiacademy/junyiexercise/master/exercises/inverse_trig_functions.html,131,5.0,131.0,question_div,1834,True,True,True,True,False,False,True,0,1458,analytic-geometry,True,True
inverses_of_functions,True,da112869409f930b077a59beaad04b41bf0be7ca8265df560c7a52d781a8cbf3,https://raw.githubusercontent.com/junyiacademy/junyiexercise/master/exercises/inverses_of_functions.html,214,3.0,214.0,question_div,1996,False,True,True,True,False,True,True,0,1012,algebra,True,True
judging_axis_of_symmetry,True,65adeb0667fbf964d3705355d40a9d08ddc1271d16a9921a4ed006d1d03f1410,https://raw.githubusercontent.com/junyiacademy/junyiexercise/master/exercises/judging_axis_of_symmetry.html,359,6.0,359.0,question_div,6153,True,True,True,True,False,True,True,0,119174,geometry,True,True
kg_g_arithmatic,True,90e24bfb80bfde0982bc8d4aa3c95c724293d942752d8dab7c68eb7fc9a395fd,https://raw.githubusercontent.com/junyiacademy/junyiexercise/master/exercises/kg_g_arithmatic.html,234,10.0,234.0,question_div,2141,True,True,True,True,False,False,True,0,6482,arithmetic,True,True
kg_g_time_div,True,755d7c1eaeb52af8ee62a1c084873d739f37dfbb7c7f46065f8b03947d2efc1f,https://raw.githubusercontent.com/junyiacademy/junyiexercise/master/exercises/kg_g_time_div.html,139,10.0,139.0,question_div,1518,True,True,True,True,False,False,True,0,4355,arithmetic,True,True
kg_g_unit_transform,True,2f58aa6d694071926accb8441d4fac21554ea01af6d4aa73a78315272b986171,https://raw.githubusercontent.com/junyiacademy/junyiexercise/master/exercises/kg_g_unit_transform.html,113,11.0,113.0,question_div,752,True,True,True,True,False,False,True,0,18696,arithmetic,True,True
kg_g_unit_transform2,True,d4a18699b938c69e7eb22036907160b19603267f4087527854d0dfe370ec049f,https://raw.githubusercontent.com/junyiacademy/junyiexercise/master/exercises/kg_g_unit_transform2.html,105,11.0,105.0,question_div,594,True,True,True,True,False,False,True,0,12021,arithmetic,True,True
km_m_unit_transform,True,cea8d0eb899777380e38348f536b37c0c64a36fd3046b69d2ad83c7097089c1e,https://raw.githubusercontent.com/junyiacademy/junyiexercise/master/exercises/km_m_unit_transform.html,54,8.0,54.0,question_div,796,True,True,False,False,False,False,True,0,18,arithmetic,True,True
l_ml_arithmatic,True,95d1d8381016c458ae573a19ef8d54f1af4265a44437143885819bfa03e28e80,https://raw.githubusercontent.com/junyiacademy/junyiexercise/master/exercises/l_ml_arithmatic.html,234,11.0,234.0,question_div,2134,True,True,True,True,False,False,True,0,6619,arithmetic,True,True
l_ml_time_div,True,3c66aa6907f2c2ac307b0e0b6f9db752311f7731ae8108188525cda582d5cc61,https://raw.githubusercontent.com/junyiacademy/junyiexercise/master/exercises/l_ml_time_div.html,139,10.0,139.0,question_div,1519,True,True,True,True,False,False,True,0,4821,arithmetic,True,True
l_ml_transform,True,6e2adf185aaa87719b24d4998de302136fa3412bc081180ccd582082b6a3eff3,https://raw.githubusercontent.com/junyiacademy/junyiexercise/master/exercises/l_ml_transform.html,137,9.0,137.0,question_div,548,True,True,True,True,False,False,True,0,35578,arithmetic,True,True
l_ml_word_problem,True,5ff3f8dd5003a10531bce940e8e9a8eb8ad23ad4291a151de48a73dd819385de,https://raw.githubusercontent.com/junyiacademy/junyiexercise/master/exercises/l_ml_word_problem.html,146,11.0,146.0,question_div,1288,True,True,True,True,False,False,True,0,13056,arithmetic,True,True
large_angle_long_edge,True,0bd43150c5f9a9200eb65158ac40690fe5b92161bd8ede41e22cd268bcf0c9ca,https://raw.githubusercontent.com/junyiacademy/junyiexercise/master/exercises/large_angle_long_edge.html,747,11.0,747.0,question_div,2055,True,True,True,True,False,False,True,0,1614,geometry,True,True
lcm_word_problems,True,11a5dd915d399412c64c7e247e96a764d58bfb31df425beef2efbbbd8f86d8b4,https://raw.githubusercontent.com/junyiacademy/junyiexercise/master/exercises/lcm_word_problems.html,108,12.0,108.0,question_div,2866,True,True,False,False,False,False,True,0,28181,arithmetic,True,True
least_common_multiple,True,0545ec9b4f5b9319f576ef3bfe39627404d31d200a1e41f45687dd8b67791c24,https://raw.githubusercontent.com/junyiacademy/junyiexercise/master/exercises/least_common_multiple.html,41,5.0,41.0,question_div,392,False,True,False,False,False,False,True,0,106804,arithmetic,True,True
least_common_multiple_and_greatest_common_divisor_word_problems,True,a73e4ea88a0519696a0c5568461e8f51de842efe41d65039d18f16627eefb20b,https://raw.githubusercontent.com/junyiacademy/junyiexercise/master/exercises/least_common_multiple_and_greatest_common_divisor_word_problems.html,115,15.0,115.0,question_div,6301,True,True,False,False,False,False,True,0,63282,arithmetic,True,True
lhopitals_rule,True,ff9c237cc3d108519b1a50750b520820965195d18809bdc498223344905b8357,https://raw.githubusercontent.com/junyiacademy/junyiexercise/master/exercises/lhopitals_rule.html,115,24.0,115.0,question_div,2701,True,True,False,False,False,False,True,0,4656,calculus,True,True
life_1,False,,https://raw.githubusercontent.com/junyiacademy/junyiexercise/master/exercises/life_1.html,0,,,,0,False,False,False,False,,False,False,0,297,biology,False,False
limits_1,True,8ec41ee15b400b8d9dd05dde0c563f82b07f82bed95f2eabd98ccdda49f5cda4,https://raw.githubusercontent.com/junyiacademy/junyiexercise/master/exercises/limits_1.html,157,5.0,157.0,question_div,3856,True,True,True,True,False,True,True,0,121551,calculus,True,True
limits_2,True,d15e1ee939667a4bf0eee374aab5d4f0fab12c971da1fe8ede1632f48a9f9f76,https://raw.githubusercontent.com/junyiacademy/junyiexercise/master/exercises/limits_2.html,73,5.0,73.0,question_div,3472,True,True,False,False,False,True,True,0,13364,calculus,True,True
line_graph_intuition,True,ff4dbad5ffbff9562b9ff6c5290b44482cdb1171a338773647d0c82b34f9e390,https://raw.githubusercontent.com/junyiacademy/junyiexercise/master/exercises/line_graph_intuition.html,46,8.0,46.0,question_div,980,False,True,True,True,False,False,True,0,1133,algebra,True,True
line_relationships,True,a8d80b49e00e8874134f6251b90567477fbb9f2a014bd772d150e7ec1d5e46af,https://raw.githubusercontent.com/junyiacademy/junyiexercise/master/exercises/line_relationships.html,474,5.0,474.0,question_div,4986,True,True,True,True,False,True,True,0,814,algebra,True,True
linear_equations_1,True,5d7497ed2030f5a44d28f23bce074aa6338ffb0c62d8e4141eb52926f1a99beb,https://raw.githubusercontent.com/junyiacademy/junyiexercise/master/exercises/linear_equations_1.html,16,7.0,16.0,question_div,306,True,True,False,False,False,False,True,0,59765,algebra,True,True
linear_equations_2,True,02e0476da37acf486b7897561356b1dddc2d90a7b6c897d77f6f7e176ec475cb,https://raw.githubusercontent.com/junyiacademy/junyiexercise/master/exercises/linear_equations_2.html,19,7.0,19.0,question_div,275,True,True,False,False,False,False,True,0,39832,algebra,True,True
linear_equations_3,True,ca3a3bbeff4ec7c8619fa8eb9dfc60ed5e856a24899f2f38301def06630fff8c,https://raw.githubusercontent.com/junyiacademy/junyiexercise/master/exercises/linear_equations_3.html,26,7.0,26.0,question_div,652,True,True,False,False,False,False,True,0,26623,algebra,True,True
linear_equations_4,True,6877b2756c10d03e423e830bf04bf815bc5bf6be8c474254d5a465c1e497f0a7,https://raw.githubusercontent.com/junyiacademy/junyiexercise/master/exercises/linear_equations_4.html,51,7.0,51.0,question_div,1511,True,True,False,False,False,False,True,0,11939,algebra,True,True
linear_equations_word_problems_2,True,0543d9d921241066077b187c59c4b592795acb26ae4b92b31cba7645db8cd119,https://raw.githubusercontent.com/junyiacademy/junyiexercise/master/exercises/linear_equations_word_problems_2.html,146,13.0,146.0,question_div,3485,True,True,False,False,False,False,True,0,3858,algebra,True,True
linear_inequalities,True,558c8bc3cdd289e5499867b689ed06631fa0963756fe49f719b52c71323b10c8,https://raw.githubusercontent.com/junyiacademy/junyiexercise/master/exercises/linear_inequalities.html,28,5.0,28.0,question_div,714,True,True,False,False,False,False,True,0,5807,algebra,True,True
lines_plane_vertical_parallel,False,,https://raw.githubusercontent.com/junyiacademy/junyiexercise/master/exercises/lines_plane_vertical_parallel.html,0,,,,0,False,False,False,False,,False,False,0,2251,geometry,True,False
logarithms_1,True,86ebc9323e7d3ace06cb9e159b5e1485ddf706a4924bdc345821e05b6d1b0b8b,https://raw.githubusercontent.com/junyiacademy/junyiexercise/master/exercises/logarithms_1.html,33,4.0,33.0,question_div,344,True,True,False,False,False,False,True,0,10243,algebra,True,True
logarithms_2,True,5975f29c84cceebb3757de8ce467fb8f645cc3aaefe84196768bd7a0a1edced3,https://raw.githubusercontent.com/junyiacademy/junyiexercise/master/exercises/logarithms_2.html,122,4.0,122.0,question_div,468,True,True,False,False,False,False,True,0,7471,algebra,True,True
logical_arguments_deductive_reasoning,True,16533cc8fe76a6364546a6c12f6cb40ee46126020e8ca9bcfbcbd9e3f605a599,https://raw.githubusercontent.com/junyiacademy/junyiexercise/master/exercises/logical_arguments_deductive_reasoning.html,350,41.0,350.0,question_div,5717,True,True,True,True,False,True,True,0,11960,logics,False,False
make_a_line_by_ruler_and_compasses,False,,https://raw.githubusercontent.com/junyiacademy/junyiexercise/master/exercises/make_a_line_by_ruler_and_compasses.html,0,,,,0,False,False,False,False,,False,False,0,3174,analytic-geometry,True,False
marking_inequalities_range_on_a_number_line,False,,https://raw.githubusercontent.com/junyiacademy/junyiexercise/master/exercises/marking_inequalities_range_on_a_number_line.html,0,,,,0,False,False,False,False,,False,False,0,840,algebra,True,False
markup_and_commission_word_problems,True,a5c782e9e480a8054ef49ebc48ccf3f2c4c7bc3b2ea2f2d03f9dafe618bbd435,https://raw.githubusercontent.com/junyiacademy/junyiexercise/master/exercises/markup_and_commission_word_problems.html,154,4.0,154.0,question_div,2840,True,True,True,True,False,False,True,0,8456,arithmetic,True,True
matrix_add_sub_2,True,ad92aa0dc4c53e940032ca31c5019c1ecfee6db37ef4c10da379187acf0662cc,https://raw.githubusercontent.com/junyiacademy/junyiexercise/master/exercises/matrix_add_sub_2.html,63,33.0,63.0,question_div,2674,False,True,True,True,False,False,True,0,816,algebra,True,True
matrix_add_sub_3,True,2cb2ce68bc8361824ebb8c92616d737b6ba0070f27e1a19b67742fb392ace659,https://raw.githubusercontent.com/junyiacademy/junyiexercise/master/exercises/matrix_add_sub_3.html,88,33.0,88.0,question_div,8027,False,True,True,True,False,False,True,0,453,algebra,True,True
matrix_add_zero_negative,True,59adfd0f7c3faa4bceb178f84cd8d24a49300ebe6e5fd8fd1bf84062a0717a20,https://raw.githubusercontent.com/junyiacademy/junyiexercise/master/exercises/matrix_add_zero_negative.html,61,24.0,61.0,question_div,6830,False,True,True,True,False,False,True,0,720,algebra,True,True
matrix_app_fruit_oil,True,055c8009bbaf7fa7d9588e1c9e367c43bc6f49689b9f9516911ee767689e1403,https://raw.githubusercontent.com/junyiacademy/junyiexercise/master/exercises/matrix_app_fruit_oil.html,427,9.0,427.0,question_div,2788,False,True,True,True,False,False,True,0,3,algebra,True,True
matrix_basic_distance,True,4cc2172c78a800422da2c0575778faafef9befa61573166a3f8d01f3dea6cdfa,https://raw.githubusercontent.com/junyiacademy/junyiexercise/master/exercises/matrix_basic_distance.html,597,21.0,597.0,question_div,3735,False,True,True,True,False,False,True,0,558,algebra,True,True
matrix_basic_percentage,True,a27051ab45b97dfa9084890ee26f091e5c2c03d5bc084584b0d3f9c1cb0f0199,https://raw.githubusercontent.com/junyiacademy/junyiexercise/master/exercises/matrix_basic_percentage.html,677,23.0,677.0,question_div,2364,False,True,True,True,False,False,True,0,797,algebra,True,True
matrix_basic_product,True,270ab8b4a4ca0136a10cd8065f2a5a9ee5ef03894a6482996956e0204726b48d,https://raw.githubusercontent.com/junyiacademy/junyiexercise/master/exercises/matrix_basic_product.html,396,20.0,396.0,question_div,1068,False,True,True,True,False,False,True,0,621,algebra,True,True
matrix_gaussian_elimination,True,226f7e90691949f5d19aac2b9b55be99473deaa7ac1ba7ac10da01176d7f8122,https://raw.githubusercontent.com/junyiacademy/junyiexercise/master/exercises/matrix_gaussian_elimination.html,58,27.0,58.0,question_div,3122,False,True,True,True,False,False,True,0,334,algebra,True,True
matrix_mul_scalar,True,da6932cb6fd75244551b79d5bf090943f3c2133740f8f8e376f1987c2e27f9ef,https://raw.githubusercontent.com/junyiacademy/junyiexercise/master/exercises/matrix_mul_scalar.html,74,23.0,74.0,question_div,1486,False,True,True,True,False,False,True,0,205,algebra,True,True
matrix_mul_two,True,17ab72b12c10aab41d4a8cc91bf06e4e51436137c27f5461ae64773894138f45,https://raw.githubusercontent.com/junyiacademy/junyiexercise/master/exercises/matrix_mul_two.html,93,23.0,93.0,question_div,3071,False,True,True,True,False,False,True,0,8,nan,True,True
matrix_mul_two_2,True,17ab72b12c10aab41d4a8cc91bf06e4e51436137c27f5461ae64773894138f45,https://raw.githubusercontent.com/junyiacademy/junyiexercise/master/exercises/matrix_mul_two_2.html,93,23.0,93.0,question_div,3071,False,True,True,True,False,False,True,0,90,algebra,True,True
matrix_mul_zero_one,True,6f08fecbe236d46cb795d5fb779b6dc49adb96db309e43bea014310325d4b66b,https://raw.githubusercontent.com/junyiacademy/junyiexercise/master/exercises/matrix_mul_zero_one.html,53,30.0,53.0,question_div,10130,False,True,True,True,False,False,True,0,295,algebra,True,True
matrix_row_echelon,True,7ca3fd6b309e7f05275b1e65151a4653560ac759ef7d6ab8b1e8276dd4499468,https://raw.githubusercontent.com/junyiacademy/junyiexercise/master/exercises/matrix_row_echelon.html,121,18.0,121.0,question_div,3436,False,True,True,True,False,True,True,0,1110,algebra,True,True
matrix_row_operation,True,3440134a5370f12a345340dce45e06ed4ebe637ea3f76e52986804d25103d5b1,https://raw.githubusercontent.com/junyiacademy/junyiexercise/master/exercises/matrix_row_operation.html,73,20.0,73.0,question_div,8014,False,True,True,True,False,True,True,0,276,algebra,True,True
matrix_submatrix,True,7b7e1dfe1ce8b379dc6906a6e752e3be8e65d43f1e63bd8122402d705129a608,https://raw.githubusercontent.com/junyiacademy/junyiexercise/master/exercises/matrix_submatrix.html,57,20.0,57.0,question_div,1340,False,True,True,True,False,False,True,0,217,algebra,True,True
matrix_transpose,True,c1214e428c7e00747b4e0e6118ef78c6ab946098ec5c35598153967eec55287c,https://raw.githubusercontent.com/junyiacademy/junyiexercise/master/exercises/matrix_transpose.html,83,16.0,83.0,question_div,1170,False,True,True,True,False,False,True,0,252,algebra,True,True
matrix_triangular_and_symmetric,True,eb22e47df67a354bf48830df626b70a759e6b8b04a9e5183326d3b1bb8f41caa,https://raw.githubusercontent.com/junyiacademy/junyiexercise/master/exercises/matrix_triangular_and_symmetric.html,24,29.0,24.0,question_div,1290,False,True,True,True,False,True,True,0,321,algebra,True,True
mean_median_and_mode,True,11b2a219adc6445e9f69b43758f78d0a7df9c2c161ab8175038da8ca2e9f29d6,https://raw.githubusercontent.com/junyiacademy/junyiexercise/master/exercises/mean_median_and_mode.html,27,8.0,27.0,question_div,1768,True,True,True,True,False,False,True,0,8971,probability-statistics,True,True
meaning_congruent_planar_graph,True,de5916e6eeb528d273ae4005033a145377fa15dd9c481d73c9c150c5ec2c6a29,https://raw.githubusercontent.com/junyiacademy/junyiexercise/master/exercises/meaning_congruent_planar_graph.html,3860,15.0,3860.0,question_div,7538,True,True,True,True,False,False,True,0,20565,geometry,True,True
measuring_and_comparing_angles,True,bbc47b2eea41e748044fad5a569fb377cb57eea0ffc71d004bcbaeeb4184a4bd,https://raw.githubusercontent.com/junyiacademy/junyiexercise/master/exercises/measuring_and_comparing_angles.html,613,4.0,613.0,question_div,7109,True,True,True,True,False,True,True,0,32164,analytic-geometry,True,True
measuring_angles,True,f299aa1e71545b8e056b4253beee7aef89d8790bace4e3db63324ac425f27237,https://raw.githubusercontent.com/junyiacademy/junyiexercise/master/exercises/measuring_angles.html,396,4.0,396.0,question_div,777,True,True,True,True,False,False,True,0,164287,analytic-geometry,True,True
measuring_segments,True,4b080a54a1b874880c79b80c97a51066cf89bb9281d599e65911753ad6b920bf,https://raw.githubusercontent.com/junyiacademy/junyiexercise/master/exercises/measuring_segments.html,957,7.0,957.0,question_div,1462,True,True,True,True,False,False,True,0,30103,analytic-geometry,True,True
meters_and_centimeters,True,8bcebdd6133cc6b2b04e58c275010d22326d69f36df96ee5f06aa8dc3a1ef7ed,https://raw.githubusercontent.com/junyiacademy/junyiexercise/master/exercises/meters_and_centimeters.html,59,5.0,59.0,question_div,1576,True,True,True,True,False,False,True,0,34598,arithmetic,True,True
metric_area_unit_comparison,True,b15123bc03a8e923bbe049c0bfad4f26c6f95e55d474b13a2a1becfec8163809,https://raw.githubusercontent.com/junyiacademy/junyiexercise/master/exercises/metric_area_unit_comparison.html,22,9.0,22.0,question_div,1162,False,True,True,True,False,True,True,0,30024,arithmetic,True,True
metric_area_unit_conversion,True,c66f7ab821b6e5b67dd31e0b1f13ff6a66843c9d7e468ec6c5cd8e0e5dbd251a,https://raw.githubusercontent.com/junyiacademy/junyiexercise/master/exercises/metric_area_unit_conversion.html,13,9.0,13.0,question_div,569,False,True,True,True,False,False,True,0,40841,arithmetic,True,True
metric_weight_unit_conversion,True,1e3d54cf369affa53ee969a8157ad6c9e8d356c5c168065be164a2c2f7eb49d2,https://raw.githubusercontent.com/junyiacademy/junyiexercise/master/exercises/metric_weight_unit_conversion.html,12,9.0,12.0,question_div,496,False,True,True,True,False,False,True,0,31135,arithmetic,True,True
metric_weight_unit_selection,True,cb7237b72fb948250db59e78618e413531bd04e55a16969d609cac0fe9bf1cd5,https://raw.githubusercontent.com/junyiacademy/junyiexercise/master/exercises/metric_weight_unit_selection.html,13,9.0,13.0,question_div,2145,False,True,True,True,False,True,True,0,53470,arithmetic,True,True
metric_weight_unit_word_problem,True,6afa0f4149c66d9716c344ef1fdea985ef74f4bae48fb8f1dbd5be6195f8b76b,https://raw.githubusercontent.com/junyiacademy/junyiexercise/master/exercises/metric_weight_unit_word_problem.html,39,9.0,39.0,question_div,1898,True,True,True,True,False,False,True,0,14271,arithmetic,True,True
midpoint_coordinates,True,f07430dc14cb7b14d684e45a20fd225273c120f50972a240108fd5113fb5dc8d,https://raw.githubusercontent.com/junyiacademy/junyiexercise/master/exercises/midpoint_coordinates.html,27,4.0,27.0,question_div,2675,True,True,True,True,False,False,True,0,974,analytic-geometry,True,True
midpoint_formula,True,58a61baed47ff9afd1b78032fd392f507cbbf985b6cf194811aae15735138010,https://raw.githubusercontent.com/junyiacademy/junyiexercise/master/exercises/midpoint_formula.html,526,4.0,526.0,question_div,2419,True,True,True,True,False,False,True,0,7224,algebra,True,True
midpoint_of_a_segment,True,3082e1ab4ee97cf19a628f3ceaaa77a2f70760999d093cda95f9c55cf98538ca,https://raw.githubusercontent.com/junyiacademy/junyiexercise/master/exercises/midpoint_of_a_segment.html,26,5.0,26.0,question_div,1942,True,True,True,True,False,False,True,0,6929,analytic-geometry,True,True
millimeter_and_centimeter,True,dab7eb5d660f99df82af20c78800caf0f362b459af3f00f75a66497ab3f98448,https://raw.githubusercontent.com/junyiacademy/junyiexercise/master/exercises/millimeter_and_centimeter.html,32,5.0,32.0,question_div,1345,True,True,False,False,False,False,True,0,27800,arithmetic,True,True
morning_afternoon_night,True,52fbef17de1f6fa2f38bd17601eba1f01cafcae9908a459168132c0357b7fd64,https://raw.githubusercontent.com/junyiacademy/junyiexercise/master/exercises/morning_afternoon_night.html,30,18.0,30.0,question_div,6125,True,True,True,True,False,False,True,0,44682,arithmetic,True,True
moving_points,True,6cf099c69ad8303a0fe43fd0fe20169e9966668909d7311c09d8cfe888936a45,https://raw.githubusercontent.com/junyiacademy/junyiexercise/master/exercises/moving_points.html,396,9.0,396.0,question_div,1218,True,True,True,True,False,False,True,0,1041,algebra,True,True
multiple_brackets,True,b8a35f261e9850c3047c1f8dfb68b96f50400665ed9f0c8cf3264c169c46c21d,https://raw.githubusercontent.com/junyiacademy/junyiexercise/master/exercises/multiple_brackets.html,154,7.0,154.0,question_div,6096,True,True,False,False,False,False,True,0,6475,algebra,True,True
multiple_proportions_reasoning,True,632f08d9b4911b03454458d500188cdfdf8b33bd9d14f098d878f1eb74c82a56,https://raw.githubusercontent.com/junyiacademy/junyiexercise/master/exercises/multiple_proportions_reasoning.html,114,2.0,114.0,question_div,2156,True,True,False,False,False,False,True,0,694,arithmetic,True,True
multiple_unit_transate,True,3e9073edfc90e5e08e35e420dbe1f589a988dc2b9f402c7798d9888184d64fa4,https://raw.githubusercontent.com/junyiacademy/junyiexercise/master/exercises/multiple_unit_transate.html,28,13.0,28.0,question_div,2052,True,True,False,False,False,False,True,0,4337,arithmetic,True,True
multiplication_0.5,True,09d13dd2f4c6207e9c9246461ff2eb6e1eae126acfd2e0b56cdb01edb29458ad,https://raw.githubusercontent.com/junyiacademy/junyiexercise/master/exercises/multiplication_0.5.html,0,6.0,6.0,title_fallback,814,True,True,True,True,True,False,True,0,508641,arithmetic,True,True
multiplication_1,True,0e2eb9c6c73f334519eaef0565e53f352ec9567d48e2509df6ca9dbf31da312c,https://raw.githubusercontent.com/junyiacademy/junyiexercise/master/exercises/multiplication_1.html,0,4.0,4.0,title_fallback,791,True,True,True,True,True,False,True,0,432737,arithmetic,True,True
multiplication_1.5,True,0cb6ed693163a91b1068cf2fa178a7bc361754e2ed8fd80af8dbb35013f32f66,https://raw.githubusercontent.com/junyiacademy/junyiexercise/master/exercises/multiplication_1.5.html,0,6.0,6.0,title_fallback,428,False,True,True,True,True,False,False,0,232765,arithmetic,True,False
multiplication_2,True,3be126655fdd94293c1b005061c4b7e19c5d38cdd382856e32b117b72aba685b,https://raw.githubusercontent.com/junyiacademy/junyiexercise/master/exercises/multiplication_2.html,0,4.0,4.0,title_fallback,237,False,True,True,True,True,False,False,0,221412,arithmetic,True,False
multiplication_3,True,20b92482e429cf91c23737e226b689863f0db15f94f8a7a9e787f0a62386dc64,https://raw.githubusercontent.com/junyiacademy/junyiexercise/master/exercises/multiplication_3.html,0,4.0,4.0,title_fallback,242,False,True,True,True,True,False,False,0,132186,arithmetic,True,False
multiplication_4,True,be123c3607455221b12973dbd62da175254d36ba157c81cb3669925460c4bf8a,https://raw.githubusercontent.com/junyiacademy/junyiexercise/master/exercises/multiplication_4.html,0,4.0,4.0,title_fallback,241,False,True,True,True,True,False,False,0,80727,arithmetic,True,False
multiplication_and_division_order,True,e0001bdf07775477cc4e212d3b4d779c055809e12afc39a4a99c488c5a776c89,https://raw.githubusercontent.com/junyiacademy/junyiexercise/master/exercises/multiplication_and_division_order.html,126,31.0,126.0,question_div,3872,True,True,False,False,False,False,True,0,6676,arithmetic,True,True
multiplication_and_division_word_problems,True,9d44414e7db7ecba520cdff3fd5b8dc6ee54f22766390c18c78205cd0418fc17,https://raw.githubusercontent.com/junyiacademy/junyiexercise/master/exercises/multiplication_and_division_word_problems.html,42,8.0,42.0,question_div,4823,True,True,True,True,False,True,True,0,7,arithmetic,True,True
multiplication_association_word_problems,True,33c49975680eb29a9be30a97e5fd7a12cffb58ba1dd863f490c5500b68bcdebb,https://raw.githubusercontent.com/junyiacademy/junyiexercise/master/exercises/multiplication_association_word_problems.html,43,15.0,43.0,question_div,3015,True,True,False,False,False,False,True,0,10103,arithmetic,True,True
multiplication_formula_1,True,72349e321dc6e837242089fc356a37db0a0b749a88c4691375a21abe5989c17f,https://raw.githubusercontent.com/junyiacademy/junyiexercise/master/exercises/multiplication_formula_1.html,41,8.0,41.0,question_div,2922,True,True,False,False,False,False,True,0,20475,algebra,True,True
multiplication_formula_add,True,26ee68e368f859b1a6adeacf02d26fa830bfead44d5f8c28cf330fbc370afe37,https://raw.githubusercontent.com/junyiacademy/junyiexercise/master/exercises/multiplication_formula_add.html,22,10.0,22.0,question_div,2724,True,True,False,False,False,False,True,0,17641,algebra,True,True
multiplication_formula_minus,True,cfb03c2e9af70e2cf9b74e02da5c737cbf64ed9650bb0f4237e0ba57ae52b5db,https://raw.githubusercontent.com/junyiacademy/junyiexercise/master/exercises/multiplication_formula_minus.html,22,10.0,22.0,question_div,4631,True,True,False,False,False,False,True,0,7445,algebra,True,True
multiplication_formula_sub,True,5d48929637d2b8be99a28a26f2b52556960dc68449f318d4e593a36e6ebc228f,https://raw.githubusercontent.com/junyiacademy/junyiexercise/master/exercises/multiplication_formula_sub.html,55,10.0,55.0,question_div,2353,True,True,False,False,False,False,True,0,5000,algebra,True,True
multiplication_word_problems,True,4fac9b5fa7a0aaa27e77156976cdefedf27c227ee77fe7faae8b719892d450ff,https://raw.githubusercontent.com/junyiacademy/junyiexercise/master/exercises/multiplication_word_problems.html,42,6.0,42.0,question_div,1856,False,True,False,False,False,False,True,0,23128,arithmetic,True,True
multiplicative_problems,True,44e8dc5847705a3053120414ac51333287affe7bf68c1ef115bfd81f1952d58b,https://raw.githubusercontent.com/junyiacademy/junyiexercise/master/exercises/multiplicative_problems.html,48,26.0,48.0,question_div,1686,True,True,True,True,False,False,True,0,1687,arithmetic,True,True
multiply_by_tens,True,5c33ee20ea79d27c3100e85c7a92686b3fb100cfd6fe244f550f97ecd6280945,https://raw.githubusercontent.com/junyiacademy/junyiexercise/master/exercises/multiply_by_tens.html,0,4.0,4.0,title_fallback,919,True,True,True,True,True,False,True,0,8303,arithmetic,True,True
multiplying_and_dividing,True,f76c440f52ae013f0462d9f00ed90b0851b5f341b72321ce324dc05ee1cd754a,https://raw.githubusercontent.com/junyiacademy/junyiexercise/master/exercises/multiplying_and_dividing.html,115,11.0,115.0,question_div,5002,True,True,False,False,False,False,True,0,14604,arithmetic,True,True
multiplying_and_dividing_negative_numbers,True,3ba5eb4fbbe59033b1285baf9a5e9e0ee78002a809468f2c28c3443bceb7e612,https://raw.githubusercontent.com/junyiacademy/junyiexercise/master/exercises/multiplying_and_dividing_negative_numbers.html,24,8.0,24.0,question_div,234,True,True,False,False,False,False,True,0,83603,algebra,True,True
multiplying_and_dividing_scientific_notation,True,d20c12e26eaf77d2bb4dd01875590a9c14f70d5ae34e1a2972887b66df55e4b0,https://raw.githubusercontent.com/junyiacademy/junyiexercise/master/exercises/multiplying_and_dividing_scientific_notation.html,165,7.0,165.0,question_div,2563,True,True,False,False,False,False,True,0,32206,algebra,True,True
multiplying_complex_numbers,True,5a191f7403e5db35130da71b5a5ec537cf7ee1f2e22b84b1c5880c52ac8d104b,https://raw.githubusercontent.com/junyiacademy/junyiexercise/master/exercises/multiplying_complex_numbers.html,109,27.0,109.0,question_div,1465,True,True,False,False,False,False,True,0,2482,algebra,True,True
multiplying_decimal_integer,True,869015f5ec833454bfdca2e47558fee05057cc31095f3c78b3436ec2ebecd6b8,https://raw.githubusercontent.com/junyiacademy/junyiexercise/master/exercises/multiplying_decimal_integer.html,24,6.0,24.0,question_div,2665,True,True,True,True,False,False,True,0,6146,arithmetic,True,True
multiplying_decimals,True,6bc41283ae347f0f9cb04070166a6a51e42e06cb7ea0a93f2e126aa76e29b858,https://raw.githubusercontent.com/junyiacademy/junyiexercise/master/exercises/multiplying_decimals.html,0,4.0,4.0,title_fallback,719,False,True,True,True,True,False,False,0,51192,arithmetic,True,False
multiplying_expressions_0.5,True,5d95fc21f163ea4eb08ce7046b92013820638017dfb019c9fcfc2fb3109f1c2f,https://raw.githubusercontent.com/junyiacademy/junyiexercise/master/exercises/multiplying_expressions_0.5.html,525,15.0,525.0,question_div,1568,True,True,False,False,False,True,True,0,16795,algebra,True,True
multiplying_expressions_1,True,f65ca08559146fdf7719d8eb897cae64d99df408ca8fbdfdc0a7bbde866a5c88,https://raw.githubusercontent.com/junyiacademy/junyiexercise/master/exercises/multiplying_expressions_1.html,493,22.0,493.0,question_div,1276,True,True,False,False,False,True,True,0,13433,algebra,True,True
multiplying_fractions,True,70e154e03762aae08c98c84e899d18733cf5a79b9cf6f286c4d0ff909c45abea,https://raw.githubusercontent.com/junyiacademy/junyiexercise/master/exercises/multiplying_fractions.html,64,21.0,64.0,question_div,465,True,True,False,False,False,False,True,0,39872,arithmetic,True,True
multiplying_fractions_0.5,True,bca0706d438550113465f4765ab4e945667fccbbf6ed3b903c3fed910b74ca2d,https://raw.githubusercontent.com/junyiacademy/junyiexercise/master/exercises/multiplying_fractions_0.5.html,52,4.0,52.0,question_div,289,True,True,False,False,False,False,True,0,53194,arithmetic,True,True
multiplying_fractions_and_whole_numbers_word_problems,True,ff83c29e08c68075660f884b2f5e3ffbb7b9b02f0e08d5c2d393b9d323b5add6,https://raw.githubusercontent.com/junyiacademy/junyiexercise/master/exercises/multiplying_fractions_and_whole_numbers_word_problems.html,223,8.0,223.0,question_div,11330,True,True,True,True,False,False,True,0,2,arithmetic,True,True
multiplying_fractions_word_problems,True,c493bdc7657e131d1ec1970c0181451f2f2c0baf438b3fe2fbea50900403e31f,https://raw.githubusercontent.com/junyiacademy/junyiexercise/master/exercises/multiplying_fractions_word_problems.html,40,6.0,40.0,question_div,8524,True,True,True,True,False,False,True,0,34752,arithmetic,True,True
multiplying_mixed_numbers_1,True,4bc4a27219d7e0be33f0b0400b3b28669737484a2520cdc22c1fbe2ce181dc9b,https://raw.githubusercontent.com/junyiacademy/junyiexercise/master/exercises/multiplying_mixed_numbers_1.html,153,7.0,153.0,question_div,1558,True,True,True,True,False,False,True,0,23353,arithmetic,True,True
multiplying_polynomials,True,edcaf767d66f765a35f78d63bd527d2898034a82b790a4b7ca27653040aa4dfb,https://raw.githubusercontent.com/junyiacademy/junyiexercise/master/exercises/multiplying_polynomials.html,81,9.0,81.0,question_div,2314,True,True,False,False,False,True,True,0,13926,algebra,True,True
multiplying_radicals,True,7733c0ae0fe12694b5af760725d272035b976aaaaff58e019da4ea1eece3c8cc,https://raw.githubusercontent.com/junyiacademy/junyiexercise/master/exercises/multiplying_radicals.html,80,5.0,80.0,question_div,710,True,True,False,False,False,False,True,0,18925,algebra,True,True
narrative_and_opposite_narrative,False,,https://raw.githubusercontent.com/junyiacademy/junyiexercise/master/exercises/narrative_and_opposite_narrative.html,0,,,,0,False,False,False,False,,False,False,0,17366,logics,False,False
nature_of_isosceles_triangle,True,55aa4f11d4014c36fe2b20fe6b21170604243d08233e78a96d82ac5e5fd65ab4,https://raw.githubusercontent.com/junyiacademy/junyiexercise/master/exercises/nature_of_isosceles_triangle.html,839,8.0,839.0,question_div,6056,True,True,True,True,False,False,True,0,477,geometry,True,True
negative_number_word_problems,True,f0b136c0c3f1cbaa02deb27ed2cb7bacab6d357b37d7512b76ef0eb3a6b8eb99,https://raw.githubusercontent.com/junyiacademy/junyiexercise/master/exercises/negative_number_word_problems.html,13,6.0,13.0,question_div,1599,True,True,True,True,False,False,True,0,98527,algebra,True,True
negative_numbers_multiply_divide,True,e6d0111055a072ebec54f0da5f8c664ad58e66db8f7ae466645fdb4f60d5a3a5,https://raw.githubusercontent.com/junyiacademy/junyiexercise/master/exercises/negative_numbers_multiply_divide.html,48,7.0,48.0,question_div,1706,True,True,False,False,False,True,True,0,2494,algebra,True,True
new_definitions_1,True,9d33f2ed67e8632705021a5106e407e67993e162e506f09af7b63b388eb24e58,https://raw.githubusercontent.com/junyiacademy/junyiexercise/master/exercises/new_definitions_1.html,43,5.0,43.0,question_div,1182,False,True,False,False,False,False,True,0,16899,algebra,True,True
new_definitions_2,True,64bc5df75a31d45213b1dbcfd9b37bc7df5b6682c869f931d6ea523e0b5a94c9,https://raw.githubusercontent.com/junyiacademy/junyiexercise/master/exercises/new_definitions_2.html,44,5.0,44.0,question_div,2188,True,True,False,False,False,False,True,0,3780,algebra,True,True
notation_calculation_type,True,bf3c24ef36cb41e577eba61028fb6e51cc8185008a6f3bd50fc1dcc0476bf296,https://raw.githubusercontent.com/junyiacademy/junyiexercise/master/exercises/notation_calculation_type.html,142,33.0,142.0,question_div,5166,True,True,True,True,False,False,True,0,4665,arithmetic,True,True
number_line,True,ea7f346f008e4792110d4208353d2fe84a7adead044b16e726a8313a24fa447b,https://raw.githubusercontent.com/junyiacademy/junyiexercise/master/exercises/number_line.html,699,2.0,699.0,question_div,1259,False,True,True,True,False,False,True,0,748359,arithmetic,True,True
number_line_0.5,True,859504344afe12fdcb5862eb70a5e21bf4a1b3ce2303c251828b3dcbe2c4579a,https://raw.githubusercontent.com/junyiacademy/junyiexercise/master/exercises/number_line_0.5.html,866,10.0,866.0,question_div,2987,True,True,True,True,False,False,True,0,10589,algebra,True,True
number_line_0.7,True,99591669a89a0609c63811d873cc2b2ae1d189d9e329d61620119716ca21a0d6,https://raw.githubusercontent.com/junyiacademy/junyiexercise/master/exercises/number_line_0.7.html,866,10.0,866.0,question_div,2949,True,True,True,True,False,False,True,0,4898,algebra,True,True
number_line_2,True,11beb1d3f479f9431da4baa06aab29ac4b376fe17043f51d1953fa980abe0eac,https://raw.githubusercontent.com/junyiacademy/junyiexercise/master/exercises/number_line_2.html,674,6.0,674.0,question_div,2197,False,True,True,True,False,False,True,0,264853,algebra,True,True
number_line_3,True,b286afaefe77902161680d048173e319addf76f90651ce14ae588e1b4fce6ba2,https://raw.githubusercontent.com/junyiacademy/junyiexercise/master/exercises/number_line_3.html,519,4.0,519.0,question_div,1432,False,True,True,True,False,False,True,0,221063,algebra,True,True
number_line_4,True,f3599d42b8ea4b77105ae0e2409eba52e842225ec33a155433a1b75294e73ec4,https://raw.githubusercontent.com/junyiacademy/junyiexercise/master/exercises/number_line_4.html,866,10.0,866.0,question_div,3045,True,True,True,True,False,False,True,0,80488,algebra,True,True
number_properties_terminology_1,True,744e3c10265def3a160a587b8628fbea07c3f865375220994c80b7c2d5c49f37,https://raw.githubusercontent.com/junyiacademy/junyiexercise/master/exercises/number_properties_terminology_1.html,180,8.0,180.0,question_div,1972,False,True,False,False,False,True,True,0,180648,arithmetic,True,True
number_sequence_within_ten,True,565f3917093a423308be1283ddcc8cfecff797ff5c385804b463aa52532f10f8,https://raw.githubusercontent.com/junyiacademy/junyiexercise/master/exercises/number_sequence_within_ten.html,75,7.0,75.0,question_div,2362,True,True,True,True,False,False,True,0,97279,arithmetic,True,True
number_within_fifty,True,42b0d4c221ee642ae5abc9450ddfb05c728b8bd458195b3a518743c2f5e223a6,https://raw.githubusercontent.com/junyiacademy/junyiexercise/master/exercises/number_within_fifty.html,23,8.0,23.0,question_div,3872,True,True,True,True,False,False,True,0,109932,arithmetic,True,True
one_more_one_less,True,f4acf13506aee585d0a43992c6ce4eec7f2fc0bb9b0c5bb2d41f33b25384efad,https://raw.githubusercontent.com/junyiacademy/junyiexercise/master/exercises/one_more_one_less.html,89,7.0,89.0,question_div,2710,True,True,True,True,False,False,True,0,121378,arithmetic,True,True
one_step_equation_problems,True,158f31ce04948d6dc97c8845e5ae3265d75e82ec97a7e9207dd688adcc891089,https://raw.githubusercontent.com/junyiacademy/junyiexercise/master/exercises/one_step_equation_problems.html,64,6.0,64.0,question_div,1054,True,True,True,True,False,False,True,0,13037,algebra,True,True
one_step_equations,True,abc4258acf748f52ff3e8d26e1e76887dd3f03ed867e3e8b645edec4f9a68575,https://raw.githubusercontent.com/junyiacademy/junyiexercise/master/exercises/one_step_equations.html,40,7.0,40.0,question_div,1383,True,True,False,False,False,False,True,0,40186,algebra,True,True
one_step_equations_0.5,True,f0e163ffe7c8fa8a7158e725751aa60ddd06754a1a2aede740d9a48476466366,https://raw.githubusercontent.com/junyiacademy/junyiexercise/master/exercises/one_step_equations_0.5.html,46,22.0,46.0,question_div,1444,True,True,False,False,False,False,True,0,1,algebra,True,True
one_step_inequalities,True,e932d2f279c4c5631ae68cff2458138edb8b3156a9c919f5843a11f305d38ece,https://raw.githubusercontent.com/junyiacademy/junyiexercise/master/exercises/one_step_inequalities.html,30,8.0,30.0,question_div,1563,True,True,True,True,False,False,True,0,10116,algebra,True,True
operations_with_negative_numbers,True,37031f25d3eac443ae8a4fc50c7772f16749c805adeedbe9d5de6ebf70f9287d,https://raw.githubusercontent.com/junyiacademy/junyiexercise/master/exercises/operations_with_negative_numbers.html,45,8.0,45.0,question_div,1558,True,True,False,False,False,False,True,0,26052,algebra,True,True
order_of_operations,True,41414707f759f750ea18621a8addb8fda80c77bc1ba2f24c3dd8ce27b22a9181,https://raw.githubusercontent.com/junyiacademy/junyiexercise/master/exercises/order_of_operations.html,91,7.0,91.0,question_div,2532,True,True,False,False,False,False,True,0,97953,arithmetic,True,True
ordering_fractions,True,14256bfdda0faca3b897e3d5212ef45ad9a3128ddec1c93513b06772370da6d8,https://raw.githubusercontent.com/junyiacademy/junyiexercise/master/exercises/ordering_fractions.html,54,6.0,54.0,question_div,2081,True,True,False,False,False,False,True,0,16658,arithmetic,True,True
ordering_improper_fractions_and_mixed_numbers,True,90621246cef42260fe9abe3d9b73cc1b1108411828c4a79acea9088c062aca8f,https://raw.githubusercontent.com/junyiacademy/junyiexercise/master/exercises/ordering_improper_fractions_and_mixed_numbers.html,59,11.0,59.0,question_div,3269,True,True,False,False,False,False,True,0,7518,arithmetic,True,True
ordering_negative_numbers,True,f9ca592df04763aea5456f54a1311765e860a6b695e52cada320e8ad2872206b,https://raw.githubusercontent.com/junyiacademy/junyiexercise/master/exercises/ordering_negative_numbers.html,53,7.0,53.0,question_div,1868,True,True,True,True,False,False,True,0,143838,algebra,True,True
ordering_numbers,True,90eaab508222b4b0cb7d27eb01015cbe2236af192944a383a94fb4e24cee0cd4,https://raw.githubusercontent.com/junyiacademy/junyiexercise/master/exercises/ordering_numbers.html,52,3.0,52.0,question_div,1480,True,True,False,False,False,False,True,0,8436,arithmetic,True,True
parabola_intuition_1,True,82c9e0e55c060b78d76409385a70dd3d5da691e476bf1ada035c04e7a3b53380,https://raw.githubusercontent.com/junyiacademy/junyiexercise/master/exercises/parabola_intuition_1.html,486,8.0,486.0,question_div,602,False,True,True,True,False,False,True,0,2513,algebra,True,True
parabola_intuition_2,True,d6a716f9679a92a70b7219cd4077f86083c3b79ac99fabd33342d1e4000076ba,https://raw.githubusercontent.com/junyiacademy/junyiexercise/master/exercises/parabola_intuition_2.html,524,8.0,524.0,question_div,658,False,True,True,True,False,False,True,0,1067,algebra,True,True
parabola_intuition_3,True,5efdfbf55a08bb7dc0d8e92b52a989160b417ccb70624d7418ee04e6a9659b89,https://raw.githubusercontent.com/junyiacademy/junyiexercise/master/exercises/parabola_intuition_3.html,1180,8.0,1180.0,question_div,2818,True,True,True,True,False,False,True,0,1133,algebra,True,True
parallel_and_perpendicular,True,1c04b320f30580d4b3ec4b83f1e50db1b4e6b00bd0815ca54130119722366eb9,https://raw.githubusercontent.com/junyiacademy/junyiexercise/master/exercises/parallel_and_perpendicular.html,1121,26.0,1121.0,question_div,23452,True,True,True,True,False,False,True,0,4496,geometry,True,True
parallel_lines_1,True,84450c386963b785d82faae68e91e74a8b3080f3c88bbc3cd84470e90d594098,https://raw.githubusercontent.com/junyiacademy/junyiexercise/master/exercises/parallel_lines_1.html,0,16.0,16.0,title_fallback,16,False,False,False,False,False,False,True,0,25530,geometry,True,True
parallel_lines_2,True,f96d89caf14d88ba0f9a7ab0d9dca2f77d6687ec55fdd0ee8217db0854cb474a,https://raw.githubusercontent.com/junyiacademy/junyiexercise/master/exercises/parallel_lines_2.html,0,16.0,16.0,title_fallback,16,False,False,False,False,False,False,True,0,6764,geometry,True,True
parallel_lines_proportion,False,,https://raw.githubusercontent.com/junyiacademy/junyiexercise/master/exercises/parallel_lines_proportion.html,0,,,,0,False,False,False,False,,False,False,0,946,geometry,True,False
parallelogram_concept_and_application,False,,https://raw.githubusercontent.com/junyiacademy/junyiexercise/master/exercises/parallelogram_concept_and_application.html,0,,,,0,False,False,False,False,,False,False,0,586,geometry,True,False
parts_of_circles,True,fda5027b118639d15b2badcb78091100e5ce721fd74994d2efdfd385e4237835,https://raw.githubusercontent.com/junyiacademy/junyiexercise/master/exercises/parts_of_circles.html,104,4.0,104.0,question_div,1090,True,True,True,True,False,True,True,0,46169,geometry,True,True
percentage_concept,False,,https://raw.githubusercontent.com/junyiacademy/junyiexercise/master/exercises/percentage_concept.html,0,,,,0,False,False,False,False,,False,False,0,2140,probability-statistics,True,False
percentage_word_problems_1,True,129e61be56d4dc6fe58ebff72c5b4715c34c78d5e6f4815d90c26c14ed40c49e,https://raw.githubusercontent.com/junyiacademy/junyiexercise/master/exercises/percentage_word_problems_1.html,151,10.0,151.0,question_div,1674,True,True,False,False,False,False,True,0,15765,arithmetic,True,True
percentage_word_problems_2,True,e93c8be1a2808e8c781c8c34f3aad5bfbd2018b0f4faea8223bb41cb8ba80831,https://raw.githubusercontent.com/junyiacademy/junyiexercise/master/exercises/percentage_word_problems_2.html,656,10.0,656.0,question_div,1178,True,True,False,False,False,False,True,0,3196,arithmetic,True,True
perimeter_1,True,57f09efcbb9cddda9166a2be76b0abc253eefa91f17e8a1d13637bd2c896ee43,https://raw.githubusercontent.com/junyiacademy/junyiexercise/master/exercises/perimeter_1.html,254,4.0,254.0,question_div,3836,True,True,True,True,False,False,True,0,94910,geometry,True,True
perimeter_deduction,True,35d8c9ad811ab5aa329e0b88e0339d1a084a14e6b78ad6316a2e9048b1580886,https://raw.githubusercontent.com/junyiacademy/junyiexercise/master/exercises/perimeter_deduction.html,424,5.0,424.0,question_div,2947,True,True,True,True,False,False,True,0,22955,geometry,True,True
perimeter_of_combined_shapes,True,06d8cb4f8d2a33007a332b6734b8bb6c9982a35a0cb1f41247fada16457942e2,https://raw.githubusercontent.com/junyiacademy/junyiexercise/master/exercises/perimeter_of_combined_shapes.html,458,7.0,458.0,question_div,1873,True,True,True,True,False,False,True,0,39158,geometry,True,True
perimeter_of_sector,True,cdc636e14be7b2e9a9871781f19fa55cd998d9eea7ea2f09ee3552ccb693db87,https://raw.githubusercontent.com/junyiacademy/junyiexercise/master/exercises/perimeter_of_sector.html,78,7.0,78.0,question_div,4353,True,True,True,True,False,False,True,0,2892,geometry,True,True
perimeter_of_squares_and_rectangles,True,cb678bf12bef62605b3d0528ea1b14c1aee34717e324a56839602b7c531dff46,https://raw.githubusercontent.com/junyiacademy/junyiexercise/master/exercises/perimeter_of_squares_and_rectangles.html,75,10.0,75.0,question_div,2347,True,True,True,True,False,False,True,0,47510,geometry,True,True
permutations_1,True,74c3656812b3ac55a37f960e90fe4834f96add5a8be0e2016f1afa16ebe3909b,https://raw.githubusercontent.com/junyiacademy/junyiexercise/master/exercises/permutations_1.html,173,4.0,173.0,question_div,1639,True,True,False,False,False,False,True,0,8668,probability-statistics,True,True
place_value,True,f694056ee80d82e5c2ca023f3068fed0817e10ee47c228a5510bb7318e08e99f,https://raw.githubusercontent.com/junyiacademy/junyiexercise/master/exercises/place_value.html,72,3.0,72.0,question_div,1649,True,True,False,False,False,True,True,0,65378,arithmetic,True,True
place_value_big_number,True,331b0984742f6214483ca644093b92f6738f59dee6178d1fd1e7f1701f82cb22,https://raw.githubusercontent.com/junyiacademy/junyiexercise/master/exercises/place_value_big_number.html,82,3.0,82.0,question_div,6671,True,True,False,False,False,True,True,0,5621,arithmetic,True,True
place_value_concept,True,a05f9d7b6452ca2c9b50c7fa3571415b5262f991048c8525a98a3fee380a1827,https://raw.githubusercontent.com/junyiacademy/junyiexercise/master/exercises/place_value_concept.html,55,24.0,55.0,question_div,16277,True,True,True,True,False,False,True,0,5347,arithmetic,True,True
planar_graph_resizing,False,,https://raw.githubusercontent.com/junyiacademy/junyiexercise/master/exercises/planar_graph_resizing.html,0,,,,0,False,False,False,False,,False,False,0,1524,geometry,True,False
planting_problems,True,bd02a9ec7cfef79c3dc8a6d5ac25d04ac9c8bc5cc039c1b351bb48dbbe400d49,https://raw.githubusercontent.com/junyiacademy/junyiexercise/master/exercises/planting_problems.html,79,4.0,79.0,question_div,13684,True,True,True,True,False,False,True,0,1907,probability-statistics,True,True
plotting_the_line_of_best_fit,True,7cf3811ce45e54eb0befc46cfaf7903f43d3921bf7a86379edf98ebbc6968535,https://raw.githubusercontent.com/junyiacademy/junyiexercise/master/exercises/plotting_the_line_of_best_fit.html,1809,9.0,1809.0,question_div,8747,True,True,True,True,False,False,True,0,12664,probability-statistics,True,True
plugging_in_values,True,2ae516943ae95d006a050318e64aada24370177f9d2d4f3caceb348f51640eb6,https://raw.githubusercontent.com/junyiacademy/junyiexercise/master/exercises/plugging_in_values.html,48,4.0,48.0,question_div,2697,True,True,False,False,False,True,True,0,1742,algebra,True,True
point_slope_form,True,5327885a345dc363636ba50e5cfa1ac45a42ba5c41334ed4d357377b387346f1,https://raw.githubusercontent.com/junyiacademy/junyiexercise/master/exercises/point_slope_form.html,275,3.0,275.0,question_div,2705,True,True,True,True,False,False,True,0,1246,algebra,True,True
points_lines_and_planes,True,798083592af9229f3d49f848e05206d7b2a6182bd4dd824478b16dbb9e156251,https://raw.githubusercontent.com/junyiacademy/junyiexercise/master/exercises/points_lines_and_planes.html,3383,5.0,3383.0,question_div,6342,True,True,True,True,False,True,True,0,44204,analytic-geometry,True,True
polygon_geometry_characteristic,False,,https://raw.githubusercontent.com/junyiacademy/junyiexercise/master/exercises/polygon_geometry_characteristic.html,0,,,,0,False,False,False,False,,False,False,0,424,geometry,True,False
polygon_similarity,False,,https://raw.githubusercontent.com/junyiacademy/junyiexercise/master/exercises/polygon_similarity.html,0,,,,0,False,False,False,False,,False,False,0,1739,geometry,True,False
polynomial_concept_and_proper_noun,False,,https://raw.githubusercontent.com/junyiacademy/junyiexercise/master/exercises/polynomial_concept_and_proper_noun.html,0,,,,0,False,False,False,False,,False,False,0,11911,algebra,True,False
position_relation_between_circle_point,True,242a5877aea9d0b87325305bc695a319e684f60c25c6c63945678970bd91f5f0,https://raw.githubusercontent.com/junyiacademy/junyiexercise/master/exercises/position_relation_between_circle_point.html,56,8.0,56.0,question_div,1810,True,True,True,True,False,True,True,0,11461,geometry,True,True
power_rule,True,ba2d968d53990f0be49b4737cf722caad9baf5c8ea6e2a95da4ce9a8f837b2c2,https://raw.githubusercontent.com/junyiacademy/junyiexercise/master/exercises/power_rule.html,133,17.0,133.0,question_div,284,False,True,False,False,False,True,True,0,1372,calculus,True,True
prime_factorization,True,a02bb5b137d4a8e9fba050be7e8072134fe48b6755c3e7ad17d0630664b12222,https://raw.githubusercontent.com/junyiacademy/junyiexercise/master/exercises/prime_factorization.html,121,5.0,121.0,question_div,796,True,True,True,True,False,False,True,0,157568,arithmetic,True,True
prime_numbers,True,244f00e91fa3e7cece1d7be248ecfc0187f4077b38c86b31867fc55b6cb0120d,https://raw.githubusercontent.com/junyiacademy/junyiexercise/master/exercises/prime_numbers.html,55,13.0,55.0,question_div,295,True,True,False,False,False,True,True,0,229722,arithmetic,True,True
probability_1,True,e0c18e6144d970131f285902eadefbf97ed3d143cde1862c04d0d9a4946bc7b8,https://raw.githubusercontent.com/junyiacademy/junyiexercise/master/exercises/probability_1.html,145,4.0,145.0,question_div,2478,True,True,False,False,False,False,True,0,10130,probability-statistics,True,True
product_rule,True,6bd08ec40f75774b708d280197cb9ca4b58d4ea551869983ce3b38f0d3424ff9,https://raw.githubusercontent.com/junyiacademy/junyiexercise/master/exercises/product_rule.html,73,4.0,73.0,question_div,905,True,True,False,False,False,True,True,0,1006,calculus,True,True
properties_of_incenters,True,a93d45bc8d9678eeaba09d55fbd910fdbecfcae845f82b5028a0898a30158c33,https://raw.githubusercontent.com/junyiacademy/junyiexercise/master/exercises/properties_of_incenters.html,478,7.0,478.0,question_div,15335,True,True,True,True,False,False,True,0,1583,geometry,True,True
properties_of_numbers_1,True,ef5e76e01db4334e9fd0cb4eb580e1dd5514a11f2efa446ec745987e9052bca2,https://raw.githubusercontent.com/junyiacademy/junyiexercise/master/exercises/properties_of_numbers_1.html,141,7.0,141.0,question_div,1992,True,True,False,False,False,False,True,0,148970,arithmetic,True,True
properties_of_numbers_2,True,249fb64497ac92273f9049c805269fa2fc4efe9089b17b615859c59f4aa8794d,https://raw.githubusercontent.com/junyiacademy/junyiexercise/master/exercises/properties_of_numbers_2.html,115,7.0,115.0,question_div,560,True,True,False,False,False,False,True,0,76243,arithmetic,True,True
proportional_calculation,True,0b50a42166b9718fed5f6284f9af08ace9c2ba6f136061681c5bfe4a64e61b80,https://raw.githubusercontent.com/junyiacademy/junyiexercise/master/exercises/proportional_calculation.html,49,5.0,49.0,question_div,993,True,True,False,False,False,False,True,0,1946,arithmetic,True,True
proportional_life_problems,True,f864d85ecba78ac08fc2fb52afc8d0f45ac7e9aa545da3c6c8654851c73e98e9,https://raw.githubusercontent.com/junyiacademy/junyiexercise/master/exercises/proportional_life_problems.html,175,18.0,175.0,question_div,4352,True,True,True,True,False,False,True,0,556,arithmetic,True,True
proportional_or_inverse_proportional,True,0a72304ae7685cbc4fa4896f019928bf745ab3a87548a36eaa660ef6614daef8,https://raw.githubusercontent.com/junyiacademy/junyiexercise/master/exercises/proportional_or_inverse_proportional.html,150,7.0,150.0,question_div,1104,True,True,False,True,False,True,True,0,11980,arithmetic,True,True
proportions_1,True,400b9579f7c997ece90e83d219e631fca88773b972a4d70d003e9e4fca4b2d0e,https://raw.githubusercontent.com/junyiacademy/junyiexercise/master/exercises/proportions_1.html,436,6.0,436.0,question_div,1990,True,True,False,False,False,False,True,0,16466,arithmetic,True,True
proportions_2,True,98dfbc15b778085efe80591401eb882b6ed8e443ce6c43eb2117619b0e13665d,https://raw.githubusercontent.com/junyiacademy/junyiexercise/master/exercises/proportions_2.html,438,6.0,438.0,question_div,3037,True,True,False,False,False,False,True,0,8390,arithmetic,True,True
proportions_inner_outer_product,True,68544b7d3971856414c353018e34a8c7ebf7460fc90b74177f4ebeee484d76a8,https://raw.githubusercontent.com/junyiacademy/junyiexercise/master/exercises/proportions_inner_outer_product.html,30,13.0,30.0,question_div,1491,True,True,False,False,False,False,True,0,1528,arithmetic,True,True
pyramidal_prism,True,6225fdffa9a2c1128675cb45d406c7b5a8d0e2a6856dde40ebe68d7bc38fd402,https://raw.githubusercontent.com/junyiacademy/junyiexercise/master/exercises/pyramidal_prism.html,44,20.0,44.0,question_div,4199,True,True,True,True,False,True,True,0,12582,geometry,True,True
pythagorean_theorem_1,True,9256211117ed9a44ed461859c2d1b496669c042a28668bff983e694ebbfcdad5,https://raw.githubusercontent.com/junyiacademy/junyiexercise/master/exercises/pythagorean_theorem_1.html,131,6.0,131.0,question_div,904,True,True,True,True,False,False,True,0,79763,algebra,True,True
quadratic_equation,True,88cf5743bc236a0a45b252756d055cf0fc5e095ab385ca83c345f2ad011722fc,https://raw.githubusercontent.com/junyiacademy/junyiexercise/master/exercises/quadratic_equation.html,113,11.0,113.0,question_div,1462,True,True,False,False,False,True,True,0,3404,algebra,True,True
quadratic_function_concept,False,,https://raw.githubusercontent.com/junyiacademy/junyiexercise/master/exercises/quadratic_function_concept.html,0,,,,0,False,False,False,False,,False,False,0,633,algebra,True,False
quadratic_function_graphing,False,,https://raw.githubusercontent.com/junyiacademy/junyiexercise/master/exercises/quadratic_function_graphing.html,0,,,,0,False,False,False,False,,False,False,0,326,algebra,True,False
quadratic_function_maximum_and_minimum,False,,https://raw.githubusercontent.com/junyiacademy/junyiexercise/master/exercises/quadratic_function_maximum_and_minimum.html,0,,,,0,False,False,False,False,,False,False,0,260,algebra,True,False
quadratic_function_word_problem,False,,https://raw.githubusercontent.com/junyiacademy/junyiexercise/master/exercises/quadratic_function_word_problem.html,0,,,,0,False,False,False,False,,False,False,0,154,algebra,True,False
quadratic_polynomial_word_problem,False,,https://raw.githubusercontent.com/junyiacademy/junyiexercise/master/exercises/quadratic_polynomial_word_problem.html,0,,,,0,False,False,False,False,,False,False,0,4321,algebra,True,False
quadratics_word_problems,True,6555d0d88630e11ec0de262f31c2121c20b75b09771903b35df310611f69fcf7,https://raw.githubusercontent.com/junyiacademy/junyiexercise/master/exercises/quadratics_word_problems.html,75,7.0,75.0,question_div,2128,True,True,True,True,False,False,True,0,397,algebra,True,True
quadrilateral_angles,True,d7b7d847de4ba9d7b87422eca42ccd63e5b43b7768db7287ac1c3b0585d92185,https://raw.githubusercontent.com/junyiacademy/junyiexercise/master/exercises/quadrilateral_angles.html,390,6.0,390.0,question_div,2267,True,True,True,True,False,False,True,0,18793,geometry,True,True
quadrilateral_types,True,edd83aca5616945bb9ffbb717176339fb071ac99aba4dcee34050d1e44a7ca80,https://raw.githubusercontent.com/junyiacademy/junyiexercise/master/exercises/quadrilateral_types.html,240,6.0,240.0,question_div,1597,True,True,True,True,False,True,True,0,122335,geometry,True,True
quotient_rule,True,1610cf65bc179d862e9fd480e10d28758cb4d59888fbe9967cc11cc1ea9bfa67,https://raw.githubusercontent.com/junyiacademy/junyiexercise/master/exercises/quotient_rule.html,409,4.0,409.0,question_div,1335,True,True,False,False,False,True,True,0,1523,calculus,True,True
radians_and_degrees,True,050013353fb3f4503dd41c07b1b6d54ac80467d8bfbb380c48ffe45787c2bc43,https://raw.githubusercontent.com/junyiacademy/junyiexercise/master/exercises/radians_and_degrees.html,0,19.0,19.0,title_fallback,19,False,False,False,False,False,False,True,0,1360,analytic-geometry,True,True
radians_to_degrees,True,6b97658bef633256eaa565e31fd15f641a280b7156f0c6b9a982ad32df61a53c,https://raw.githubusercontent.com/junyiacademy/junyiexercise/master/exercises/radians_to_degrees.html,175,6.0,175.0,question_div,495,True,True,False,False,False,False,True,0,6811,analytic-geometry,True,True
radical_equations,True,2db3962f545630bc861546cf4afbef441faa846fef0d609341938d126d03417e,https://raw.githubusercontent.com/junyiacademy/junyiexercise/master/exercises/radical_equations.html,41,7.0,41.0,question_div,1723,True,True,False,False,False,True,True,0,14588,algebra,True,True
radical_multiplication_and_division,True,583d48859e30c5c09a7e8e67c1e20f0b44470c7d4f9fe333a692357f52103326,https://raw.githubusercontent.com/junyiacademy/junyiexercise/master/exercises/radical_multiplication_and_division.html,44,7.0,44.0,question_div,7786,True,True,False,False,False,False,True,0,2926,algebra,True,True
radius_and_diameter,True,666beec9c8c40af19c163070275916b09df551aaad9cc8a2810cdbf6ef40925f,https://raw.githubusercontent.com/junyiacademy/junyiexercise/master/exercises/radius_and_diameter.html,37,5.0,37.0,question_div,406,True,True,True,True,False,False,True,0,100868,geometry,True,True
radius_angle,True,240e4a9a8d94084e288c3737765f380497a26cd17dc499029677f6ac63c699d4,https://raw.githubusercontent.com/junyiacademy/junyiexercise/master/exercises/radius_angle.html,1049,3.0,1049.0,question_div,9767,True,True,True,True,False,False,True,0,7711,geometry,True,True
radius_diameter_and_circumference,True,526c9c6a77c9eb25053475d1189dcba03b4961085cfee8a2b27f242da5c25e77,https://raw.githubusercontent.com/junyiacademy/junyiexercise/master/exercises/radius_diameter_and_circumference.html,37,8.0,37.0,question_div,1318,True,True,True,True,False,False,True,0,22806,geometry,True,True
radius_diameter_and_circumference_1,True,37f45d7e5ee13bc1ca77eac90cd249dd01b59a959c341d1464b4fb780ced9e7d,https://raw.githubusercontent.com/junyiacademy/junyiexercise/master/exercises/radius_diameter_and_circumference_1.html,38,9.0,38.0,question_div,922,True,True,True,True,False,False,True,0,13138,geometry,True,True
radius_diameter_and_circumference_314_1,True,a56cffbace21d23223d1fadd28ec08f92a1da66d39fad110931f078bc1231c2c,https://raw.githubusercontent.com/junyiacademy/junyiexercise/master/exercises/radius_diameter_and_circumference_314_1.html,38,6.0,38.0,question_div,2656,True,True,True,True,False,False,True,0,21793,geometry,True,True
range_of_a_function,True,d30b7a6e9a87b6beca1d591d6397b593dfa662ac65fada13e9ff4e2a11070af3,https://raw.githubusercontent.com/junyiacademy/junyiexercise/master/exercises/range_of_a_function.html,64,5.0,64.0,question_div,1542,True,True,True,True,False,False,True,0,804,algebra,True,True
range_of_triangle_sides_2,True,fb4c58d20353861b9772cd7f38bd5dd0b380fc393d61ef7f9eeff1601707f4e1,https://raw.githubusercontent.com/junyiacademy/junyiexercise/master/exercises/range_of_triangle_sides_2.html,73,9.0,73.0,question_div,828,True,True,False,False,False,False,True,0,796,geometry,True,True
range_quarter_case_chart,False,,https://raw.githubusercontent.com/junyiacademy/junyiexercise/master/exercises/range_quarter_case_chart.html,0,,,,0,False,False,False,False,,False,False,0,742,probability-statistics,True,False
rate_problems_0.5,True,7606a453cda4b2a977323bc5afc1f8eb2b5d4276a126a83ce0252805c827df46,https://raw.githubusercontent.com/junyiacademy/junyiexercise/master/exercises/rate_problems_0.5.html,101,8.0,101.0,question_div,1750,True,True,False,False,False,False,True,0,39018,arithmetic,True,True
rate_problems_1,True,85ec345b2f86d57f6bd4a3fe4e1a81a427c2aa4cb3e15587c047f0d1d407e28f,https://raw.githubusercontent.com/junyiacademy/junyiexercise/master/exercises/rate_problems_1.html,61,6.0,61.0,question_div,2039,False,True,False,False,False,False,True,0,5949,arithmetic,True,True
rate_problems_2,True,9fcdab70f0c4b126f1ff9b47dcfa4a7f7e07429a63213364c4154b63da238561,https://raw.githubusercontent.com/junyiacademy/junyiexercise/master/exercises/rate_problems_2.html,41,6.0,41.0,question_div,4025,True,True,False,False,False,False,True,0,3102,arithmetic,True,True
rate_unit_transform,True,cebe0acc30648fbffb646c83666098e035bd9a81b6eb340194b158deebbb5030,https://raw.githubusercontent.com/junyiacademy/junyiexercise/master/exercises/rate_unit_transform.html,291,11.0,291.0,question_div,1744,True,True,True,True,False,False,True,0,4797,arithmetic,True,True
rates_and_ratios,True,a9fc0981ad77dce177923f327092f6f04e87bb182bf0f63df5faedaabed6bb3a,https://raw.githubusercontent.com/junyiacademy/junyiexercise/master/exercises/rates_and_ratios.html,49,11.0,49.0,question_div,2206,True,True,False,False,False,False,True,0,368,arithmetic,True,True
ratio,True,36b5a846f17cc4feedb623817fafa51045cacd925851e27960584d55aa7f636a,https://raw.githubusercontent.com/junyiacademy/junyiexercise/master/exercises/ratio.html,24,3.0,24.0,question_div,1165,True,True,False,False,False,False,True,0,774,arithmetic,True,True
ratio_and_the_ratio_of,True,c5d8bf9ee12975b501d46a4ea3b22da4a0dec8ca8dfa394e763451d6a5a79158,https://raw.githubusercontent.com/junyiacademy/junyiexercise/master/exercises/ratio_and_the_ratio_of.html,87,4.0,87.0,question_div,6076,True,True,False,False,False,False,True,0,3100,arithmetic,True,True
ratio_discount,True,ff0ffb69b6fb4fd00aef4f0995d6f92d1ad48b6a53657ccd4342559d0504d5bd,https://raw.githubusercontent.com/junyiacademy/junyiexercise/master/exercises/ratio_discount.html,109,2.0,109.0,question_div,1141,False,True,False,False,False,False,True,0,3067,arithmetic,True,True
ratio_money,True,38ff88e7685dd6a004014b0708f39c0394ba38c853e8b6e7e15bdf560f435b8e,https://raw.githubusercontent.com/junyiacademy/junyiexercise/master/exercises/ratio_money.html,131,2.0,131.0,question_div,1362,False,True,False,False,False,False,True,0,2279,arithmetic,True,True
ratio_word_problems,True,13f8b890b86cda9a4f8fe2bdfc8615e5df839927e60bb8fbca616e0e14d7b5b4,https://raw.githubusercontent.com/junyiacademy/junyiexercise/master/exercises/ratio_word_problems.html,95,4.0,95.0,question_div,2134,True,True,True,True,False,False,True,0,46001,arithmetic,True,True
re_graphics,True,ab5ff2e52ba039670af1793cac8d8eb0de56484947b5f06ef4ec029e838a3b90,https://raw.githubusercontent.com/junyiacademy/junyiexercise/master/exercises/re_graphics.html,258,32.0,258.0,question_div,9292,True,True,True,True,False,False,True,0,1718,geometry,True,True
reading_bar_charts_1,True,ad9b04a614e1b6f7578bbb3115897dc944e300a36e51245fc10043e35a4c3d00,https://raw.githubusercontent.com/junyiacademy/junyiexercise/master/exercises/reading_bar_charts_1.html,244,4.0,244.0,question_div,777,True,True,True,True,False,False,True,0,71839,probability-statistics,True,True
reading_bar_charts_2,True,23656c859178620425c8b79ae91fe43a95d2ba9b14b4b3ac1243c9c6b2d13d4b,https://raw.githubusercontent.com/junyiacademy/junyiexercise/master/exercises/reading_bar_charts_2.html,33,4.0,33.0,question_div,5485,True,True,True,True,False,True,True,0,50656,probability-statistics,True,True
reading_bar_charts_3,True,bc422999726f6ea237476527aa06b2991dfb2754a67d2ad4a2c7db4cdd85dc18,https://raw.githubusercontent.com/junyiacademy/junyiexercise/master/exercises/reading_bar_charts_3.html,25,5.0,25.0,question_div,7617,True,True,True,True,False,True,True,0,16400,probability-statistics,True,True
reading_fractions_in_chinese,True,3454237079fe5ff472a553a0e95313f333c746313c6cf55690b54074a6c0cbd0,https://raw.githubusercontent.com/junyiacademy/junyiexercise/master/exercises/reading_fractions_in_chinese.html,20,6.0,20.0,question_div,1802,True,True,True,True,False,True,True,0,59861,arithmetic,True,True
reading_line_charts_1,True,e178c62eb955c4ddcb8c15f8d357576b5fa154f76a7efb8fb205249f397a9b1a,https://raw.githubusercontent.com/junyiacademy/junyiexercise/master/exercises/reading_line_charts_1.html,304,7.0,304.0,question_div,1014,True,True,True,True,False,False,True,0,47856,probability-statistics,True,True
reading_pictographs_1,True,5ee5b017424f3699cc8f8711f7cca5a2554dc3898962a0fd6215df98e2867ee8,https://raw.githubusercontent.com/junyiacademy/junyiexercise/master/exercises/reading_pictographs_1.html,35,4.0,35.0,question_div,1094,True,True,True,True,False,True,True,0,29933,probability-statistics,True,True
reading_pictographs_2,True,e7efadbda32c5950b059b5669bf2c8b8287d690b202cdfc247b923694c2b3e33,https://raw.githubusercontent.com/junyiacademy/junyiexercise/master/exercises/reading_pictographs_2.html,54,4.0,54.0,question_div,3768,True,True,True,True,False,True,True,0,28987,probability-statistics,True,True
reading_stem_and_leaf_plots,True,055fa71b9883b013c720c911a774273b71553666448277f73112ef1d1e89f2ab,https://raw.githubusercontent.com/junyiacademy/junyiexercise/master/exercises/reading_stem_and_leaf_plots.html,83,3.0,83.0,question_div,3535,True,True,False,False,False,False,True,0,20718,probability-statistics,True,True
reading_tables_1,True,4783a9c4bc99ddec8361f3064369af918e958185460de75511c053806093c34e,https://raw.githubusercontent.com/junyiacademy/junyiexercise/master/exercises/reading_tables_1.html,22,16.0,22.0,question_div,2913,True,True,True,True,False,False,True,0,78388,probability-statistics,True,True
reading_tables_2,True,c4d7ec1f8a2c8192dee72d9c30dd3925f7876d13f656f23d18ebc3fc4c928367,https://raw.githubusercontent.com/junyiacademy/junyiexercise/master/exercises/reading_tables_2.html,26,6.0,26.0,question_div,3070,True,True,True,True,False,False,True,0,36047,probability-statistics,True,True
realizing_inequalities,False,,https://raw.githubusercontent.com/junyiacademy/junyiexercise/master/exercises/realizing_inequalities.html,0,,,,0,False,False,False,False,,False,False,0,478,algebra,True,False
recognize_decimal_percentile_position,True,2f5d3d730986cc02b7971df3224b0c20f3f24e313a5ccf01b38a0e5ba5e7acab,https://raw.githubusercontent.com/junyiacademy/junyiexercise/master/exercises/recognize_decimal_percentile_position.html,176,19.0,176.0,question_div,2179,True,True,True,True,False,True,True,0,11095,arithmetic,True,True
recognize_graph_zoom_effect,True,044eddcc8c33364951c2390bfa9a78454debe50a15df5201d71396b5f27687ac,https://raw.githubusercontent.com/junyiacademy/junyiexercise/master/exercises/recognize_graph_zoom_effect.html,48,24.0,48.0,question_div,7948,True,True,True,True,False,False,True,0,13507,geometry,True,True
recognize_num_less_than_10000,True,83da7e38e7cf53af977b4510eed6615a6b5140d33879ab3aa64ae99cfe46891d,https://raw.githubusercontent.com/junyiacademy/junyiexercise/master/exercises/recognize_num_less_than_10000.html,14,19.0,14.0,question_div,2707,True,True,True,True,False,False,True,0,38867,arithmetic,True,True
recognizing_conic_sections,True,450372f1d3dff0cd4dd59ea263990d0a1e2d623108e9a7af6b9d3ab91adfd822,https://raw.githubusercontent.com/junyiacademy/junyiexercise/master/exercises/recognizing_conic_sections.html,24,6.0,24.0,question_div,1296,False,True,True,True,False,True,True,0,11090,algebra,True,True
recognizing_factoring,True,f7b510ef2bba0c9a1dfcd1080bb81d7fc16168772917acd4152455c3945f8f76,https://raw.githubusercontent.com/junyiacademy/junyiexercise/master/exercises/recognizing_factoring.html,83,4.0,83.0,question_div,4965,True,True,True,True,False,False,True,0,6147,algebra,True,True
recognizing_fractions,True,8785f5b372a5a151acf193b47b03e85c1de33c3bb39dfb7dc0c8955202ee5c90,https://raw.githubusercontent.com/junyiacademy/junyiexercise/master/exercises/recognizing_fractions.html,484,4.0,484.0,question_div,689,True,True,True,True,False,False,True,0,73353,arithmetic,True,True
recognizing_fractions_0.5,True,f73ada4f455acfa20ad9435d003cd73e3bb3442e7f498734a85b76c1bc63cfd1,https://raw.githubusercontent.com/junyiacademy/junyiexercise/master/exercises/recognizing_fractions_0.5.html,118,4.0,118.0,question_div,768,True,True,True,True,False,False,True,0,103746,arithmetic,True,True
recognizing_rays_lines_and_line_segments,True,44ab7ea9fe5f1e8a80b7ebd819dea79319922224e2a5e961e75280020e807b5e,https://raw.githubusercontent.com/junyiacademy/junyiexercise/master/exercises/recognizing_rays_lines_and_line_segments.html,73,10.0,73.0,question_div,914,False,True,True,True,False,True,True,0,180417,analytic-geometry,True,True
recognizing_shapes,True,0b1c5809e6f0c2f1ec89129b8150a1e52e499f3129be499b04bb3be2f8b71236,https://raw.githubusercontent.com/junyiacademy/junyiexercise/master/exercises/recognizing_shapes.html,1033,4.0,1033.0,question_div,34449,True,True,True,True,False,False,True,0,2313,geometry,True,True
recording_life_problem_by_expressions,False,,https://raw.githubusercontent.com/junyiacademy/junyiexercise/master/exercises/recording_life_problem_by_expressions.html,0,,,,0,False,False,False,False,,False,False,0,7129,algebra,True,False
regrouping_decimals,True,da8fb623a00a60af6dc8652d95c7427cb0a8301518bfe90ea38a00426a134fa7,https://raw.githubusercontent.com/junyiacademy/junyiexercise/master/exercises/regrouping_decimals.html,464,6.0,464.0,question_div,6320,True,True,True,True,False,False,True,0,2079,arithmetic,True,True
regular_number_of_columns,False,,https://raw.githubusercontent.com/junyiacademy/junyiexercise/master/exercises/regular_number_of_columns.html,0,,,,0,False,False,False,False,,False,False,0,1180,arithmetic,True,False
relationships_linear_equations,True,a8200785b5cfbe0997c4324535dfdef107a51be172dafb9a01a37a768f61e481,https://raw.githubusercontent.com/junyiacademy/junyiexercise/master/exercises/relationships_linear_equations.html,78,10.0,78.0,question_div,3052,True,True,True,True,False,True,True,0,470,algebra,True,True
represent_by_symbol_addend,True,20962def3b922ae4f2548ef6badc9ee7249533c7123bfe1cec006c472b1a779b,https://raw.githubusercontent.com/junyiacademy/junyiexercise/master/exercises/represent_by_symbol_addend.html,86,18.0,86.0,question_div,2390,False,True,True,True,False,False,True,0,2838,algebra,True,True
represent_by_symbol_dividend,True,d3001319b489e36844e4b3c7a02f24cbd4d895fd418388ffc7991446273371bb,https://raw.githubusercontent.com/junyiacademy/junyiexercise/master/exercises/represent_by_symbol_dividend.html,113,20.0,113.0,question_div,1624,True,True,True,True,False,False,True,0,800,algebra,True,True
represent_by_symbol_multiplier,True,f104f1ee65ddbfe5e920897e8ec78f40fe0911169ca95b49bcb045fae3d17444,https://raw.githubusercontent.com/junyiacademy/junyiexercise/master/exercises/represent_by_symbol_multiplier.html,91,20.0,91.0,question_div,958,True,True,True,True,False,False,True,0,29398,algebra,True,True
represent_by_symbol_subtrahend,True,cd6b97c33d4fbd0f03b6cb3aa90f3e258cacdbe5767be7e536802e0847df8821,https://raw.githubusercontent.com/junyiacademy/junyiexercise/master/exercises/represent_by_symbol_subtrahend.html,128,20.0,128.0,question_div,4033,True,True,True,True,False,False,True,0,1640,algebra,True,True
representing_numbers,True,11faae2eb01e9568e8c2b55a772cd713d36c2d8086a97b1a2b50792402c14889,https://raw.githubusercontent.com/junyiacademy/junyiexercise/master/exercises/representing_numbers.html,13,3.0,13.0,question_div,1522,True,True,True,True,False,False,True,0,586342,arithmetic,True,True
rounding_numbers,True,91beeeef109fe36ccbabdea2b959e388ed11b0757fd1bf4af219dbf24085cbaf,https://raw.githubusercontent.com/junyiacademy/junyiexercise/master/exercises/rounding_numbers.html,33,7.0,33.0,question_div,2418,False,True,True,True,False,False,True,0,60570,arithmetic,True,True
rounding_whole_numbers,True,483b33a727f4771f6fdd818c28ab818a0e56e8fa70079c34d8cdfe2e6c71030f,https://raw.githubusercontent.com/junyiacademy/junyiexercise/master/exercises/rounding_whole_numbers.html,42,5.0,42.0,question_div,1478,False,True,True,True,False,False,True,0,50301,arithmetic,True,True
same_side_exterior_angles,True,75125e5bda9c36abf8eb7d7478c3d1198d5a7e0ba3f4425911803caf89248a7e,https://raw.githubusercontent.com/junyiacademy/junyiexercise/master/exercises/same_side_exterior_angles.html,289,4.0,289.0,question_div,745,False,True,True,True,False,False,True,0,31480,geometry,True,True
same_side_exterior_angles_2,True,daf1952bde26043dd332c10e1de812a9be303253e82d78620e755209e4038e53,https://raw.githubusercontent.com/junyiacademy/junyiexercise/master/exercises/same_side_exterior_angles_2.html,329,6.0,329.0,question_div,1470,True,True,True,True,False,False,True,0,4832,geometry,True,True
same_side_interior_angles,True,3db0ffdf2a7954c5cdba34d21b11b17c187dbf58f55116a999f698d8470f5c19,https://raw.githubusercontent.com/junyiacademy/junyiexercise/master/exercises/same_side_interior_angles.html,289,4.0,289.0,question_div,746,False,True,True,True,False,False,True,0,41528,geometry,True,True
same_side_interior_angles_2,True,446c5e2f483bfd6ac35ed4074594506beae93fb52edcab64bbe4345a0327b64b,https://raw.githubusercontent.com/junyiacademy/junyiexercise/master/exercises/same_side_interior_angles_2.html,329,6.0,329.0,question_div,1470,True,True,True,True,False,False,True,0,7456,geometry,True,True
scale,True,10430433a92d6105badb7a3af43d3f3db7f83f3553d1d6ff61363cacc98e257d,https://raw.githubusercontent.com/junyiacademy/junyiexercise/master/exercises/scale.html,98,3.0,98.0,question_div,1546,True,True,True,True,False,False,True,0,4356,arithmetic,True,True
scaling_vectors,True,8a22dfb7d17f0c6d44119fadc1caf45b541e20918c7c5c64c54569734377f5d5,https://raw.githubusercontent.com/junyiacademy/junyiexercise/master/exercises/scaling_vectors.html,1297,5.0,1297.0,question_div,2262,True,True,True,True,False,True,True,0,7960,algebra,True,True
scientific_notation,True,742aa38327a8662de114b8ec3a070be4db7eeaf272e318b345535c1a87263199,https://raw.githubusercontent.com/junyiacademy/junyiexercise/master/exercises/scientific_notation.html,46,4.0,46.0,question_div,1069,True,True,False,False,False,False,True,0,47202,algebra,True,True
scientific_notation_decimals,True,a11c8709cfe453a8b6f7ad3a78520710af61d5b0b1052fd538b1271fdca6b80b,https://raw.githubusercontent.com/junyiacademy/junyiexercise/master/exercises/scientific_notation_decimals.html,84,13.0,84.0,question_div,1034,True,True,False,False,False,False,True,0,19230,algebra,True,True
scientific_notation_intuition,True,d9d4a18b1e60f14a678301016faef562b01f504411dc0261b82fa52b254099c5,https://raw.githubusercontent.com/junyiacademy/junyiexercise/master/exercises/scientific_notation_intuition.html,1945,4.0,1945.0,question_div,3244,True,True,True,True,False,False,True,0,64836,algebra,True,True
sectors_as_fraction_of_circles_1,True,943c773449289c0161c5ffd5aea682cfe8ea6f5b3dc5a5942bbd6f737ebfc46e,https://raw.githubusercontent.com/junyiacademy/junyiexercise/master/exercises/sectors_as_fraction_of_circles_1.html,92,8.0,92.0,question_div,2156,True,True,True,True,False,False,True,0,26738,geometry,True,True
sectors_as_fraction_of_circles_2,True,8443e3bfbebe37fa86aa7ddb1f1732fe0509ae658e9429d7188ba58be9f87473,https://raw.githubusercontent.com/junyiacademy/junyiexercise/master/exercises/sectors_as_fraction_of_circles_2.html,180,8.0,180.0,question_div,2045,True,True,True,True,False,False,True,0,10158,geometry,True,True
segment_addition,True,4ed19f8e919b8a11e95b75b4ba2e1ae027ca7b0dcde04deaff91c2789bfc12a9,https://raw.githubusercontent.com/junyiacademy/junyiexercise/master/exercises/segment_addition.html,35,5.0,35.0,question_div,2126,True,True,True,True,False,False,True,0,5988,analytic-geometry,True,True
separation_and_union,True,af34ca0b1f00eec6d5b616cf2111e056a669fc44d92d4de7e92e191475923dfb,https://raw.githubusercontent.com/junyiacademy/junyiexercise/master/exercises/separation_and_union.html,31,7.0,31.0,question_div,6728,True,True,True,True,False,False,True,0,98292,arithmetic,True,True
sequences_word_problems,True,e9e7e9fc86d3320f6c6ba5bcdb11301a10c3d67a0a527495771b6bdde7cef15a,https://raw.githubusercontent.com/junyiacademy/junyiexercise/master/exercises/sequences_word_problems.html,74,7.0,74.0,question_div,3033,True,True,True,True,False,False,True,0,1442,arithmetic,True,True
shaded_areas,True,eb204af19826500314e68950446ff3ac489824f3d0371299a970be0ba62cb7a6,https://raw.githubusercontent.com/junyiacademy/junyiexercise/master/exercises/shaded_areas.html,50,9.0,50.0,question_div,3797,True,True,True,True,False,False,True,0,1409,geometry,True,True
shifting_and_reflecting_functions,True,429dbbad03b2871527db21c3449dd78cff139e44a218ac48cdc978fbe61efa76,https://raw.githubusercontent.com/junyiacademy/junyiexercise/master/exercises/shifting_and_reflecting_functions.html,100,7.0,100.0,question_div,2087,True,True,True,True,False,True,True,0,2526,algebra,True,True
sides_and_angles_of_simple_shapes,True,d39332b9d93395c8fff4d199232f0a1e23fcebc17da6924144cae8a8b1f75c21,https://raw.githubusercontent.com/junyiacademy/junyiexercise/master/exercises/sides_and_angles_of_simple_shapes.html,142,6.0,142.0,question_div,7171,True,True,True,True,False,False,True,0,123932,geometry,True,True
significant_figures_1,True,748d5c4797369f9fc737679c76ab07744990a9b46880ebd8ef3cc44ca384bc96,https://raw.githubusercontent.com/junyiacademy/junyiexercise/master/exercises/significant_figures_1.html,24,6.0,24.0,question_div,1123,True,True,False,False,False,False,True,0,12665,algebra,True,True
similar_triangles_1,True,7cf9bde90761ef56dfcad7ecf7c377d4736fb36728a48afa837452ae091fd3f4,https://raw.githubusercontent.com/junyiacademy/junyiexercise/master/exercises/similar_triangles_1.html,191,7.0,191.0,question_div,1976,True,True,True,True,False,True,True,0,57731,geometry,True,True
similar_triangles_2,True,a834a7f1b32c04d2d11f70398d8be7a98cc11ebf8fe1d4562564a5fdf5c85d66,https://raw.githubusercontent.com/junyiacademy/junyiexercise/master/exercises/similar_triangles_2.html,191,7.0,191.0,question_div,3393,True,True,True,True,False,True,True,0,24981,geometry,True,True
similar_triangles_review,True,774ee6e251ce1a4c65244c7c3e302080b8eaa4266409e879099aaf10278976e3,https://raw.githubusercontent.com/junyiacademy/junyiexercise/master/exercises/similar_triangles_review.html,0,24.0,24.0,title_fallback,24,False,False,False,False,False,False,True,0,3452,geometry,True,True
simple_hologram_concept,False,,https://raw.githubusercontent.com/junyiacademy/junyiexercise/master/exercises/simple_hologram_concept.html,0,,,,0,False,False,False,False,,False,False,0,779,geometry,True,False
simple_hologram_surface_area,False,,https://raw.githubusercontent.com/junyiacademy/junyiexercise/master/exercises/simple_hologram_surface_area.html,0,,,,0,False,False,False,False,,False,False,0,1392,geometry,True,False
simplificate_ractional_formula,True,d850c08853199240b9dd3d9abc98da809b6778a10d081091bc6405abbf4f8a16,https://raw.githubusercontent.com/junyiacademy/junyiexercise/master/exercises/simplificate_ractional_formula.html,128,8.0,128.0,question_div,4919,True,True,True,True,False,False,True,0,6557,algebra,True,True
simplify_expressions_w_two_var_1,True,45de60ec41d9de478622433346ff82c2456e8792e70a92c881d0de20542376d0,https://raw.githubusercontent.com/junyiacademy/junyiexercise/master/exercises/simplify_expressions_w_two_var_1.html,85,18.0,85.0,question_div,1132,True,True,True,True,False,False,True,0,1399,algebra,True,True
simplify_expressions_w_two_var_2,True,0790b49396fa48c328b0e52e5289b22002512a888f0685cc66e5853ddea28b41,https://raw.githubusercontent.com/junyiacademy/junyiexercise/master/exercises/simplify_expressions_w_two_var_2.html,76,19.0,76.0,question_div,2057,True,True,True,True,False,False,True,0,1146,algebra,True,True
simplify_expressions_w_two_var_3,True,de983cee3c1954a5dc55688d9d0eb641df9514c89385e7e16d35fb5dda54d69d,https://raw.githubusercontent.com/junyiacademy/junyiexercise/master/exercises/simplify_expressions_w_two_var_3.html,94,19.0,94.0,question_div,1607,True,True,True,True,False,False,True,0,825,algebra,True,True
simplify_the_root_type,True,bb0696f86084898c8c708aeb74fd05cd5b991a139d648402f5da1ebb47c8dd60,https://raw.githubusercontent.com/junyiacademy/junyiexercise/master/exercises/simplify_the_root_type.html,29,6.0,29.0,question_div,1828,True,True,False,False,False,False,True,0,15024,algebra,True,True
simplifying_expressions_with_exponents,True,f952ea56b0f8736f0da2d638252776a49a2f146a94b17327786355ce0d82a5d0,https://raw.githubusercontent.com/junyiacademy/junyiexercise/master/exercises/simplifying_expressions_with_exponents.html,156,7.0,156.0,question_div,3421,True,True,False,False,False,False,True,0,10905,algebra,True,True
simplifying_fractions,True,9bad66b1acdb948725ef9d97261dbe39f323e67426ff678838dc8c34900bb5f6,https://raw.githubusercontent.com/junyiacademy/junyiexercise/master/exercises/simplifying_fractions.html,34,4.0,34.0,question_div,1203,True,True,False,False,False,False,True,0,73419,arithmetic,True,True
simplifying_radicals,True,680ca9c8befcfd5fc50de2259cdf873083990532212c8d4ddd766606ed0f1e92,https://raw.githubusercontent.com/junyiacademy/junyiexercise/master/exercises/simplifying_radicals.html,21,4.0,21.0,question_div,723,True,True,False,False,False,False,True,0,42817,algebra,True,True
skip_counting_by_10s,True,311f732b735785b60a2204f3ce3c42d6dde32744a2ba84bc27c43bbd694397fd,https://raw.githubusercontent.com/junyiacademy/junyiexercise/master/exercises/skip_counting_by_10s.html,101,15.0,101.0,question_div,3403,True,True,True,True,False,False,True,0,1,arithmetic,True,True
slope_intercept_form,True,e6864d7c4dd774be61381cd8c15ae85c381db03da7c23090e80ad40a1d5cdbdd,https://raw.githubusercontent.com/junyiacademy/junyiexercise/master/exercises/slope_intercept_form.html,17,3.0,17.0,question_div,3850,True,True,True,True,False,False,True,0,1020,algebra,True,True
slope_of_a_line,True,882b0859e94074f0c77ec210d0235d2c26153778ebbff60b7f7fc16120978969,https://raw.githubusercontent.com/junyiacademy/junyiexercise/master/exercises/slope_of_a_line.html,414,6.0,414.0,question_div,3898,True,True,True,True,False,True,True,0,4222,algebra,True,True
solid_geometry,True,39f082139d8b000d4c1649b31417bc45252bd50992d80e07ba73800eceab7471,https://raw.githubusercontent.com/junyiacademy/junyiexercise/master/exercises/solid_geometry.html,1259,4.0,1259.0,question_div,9907,True,True,True,True,False,False,True,0,14234,geometry,True,True
solutions_to_systems_of_equations,True,ac842c41a3c784675229bdea0507f4361a76d3acad3822719c39c429f1a4a333,https://raw.githubusercontent.com/junyiacademy/junyiexercise/master/exercises/solutions_to_systems_of_equations.html,58,7.0,58.0,question_div,2386,True,True,True,True,False,True,True,0,17410,algebra,True,True
solving_for_a_variable,True,3821e043586c91af6afb7a99a07ea234b7af49b33728e39e60ef119bb389824f,https://raw.githubusercontent.com/junyiacademy/junyiexercise/master/exercises/solving_for_a_variable.html,315,5.0,315.0,question_div,7517,True,True,False,False,False,True,True,0,1120,algebra,True,True
solving_for_the_x-intercept,True,9947cf1dac52af7c9e4dfaa5ff938b8dc6c57a8572f5af4e08b6c9c27d94028c,https://raw.githubusercontent.com/junyiacademy/junyiexercise/master/exercises/solving_for_the_x-intercept.html,47,6.0,47.0,question_div,972,True,True,True,True,False,False,True,0,1544,algebra,True,True
solving_for_the_y-intercept,True,03ad949770bab6131c330bf5dc59986cb5e72ed1903604eb4bc5bc2a21f72fd5,https://raw.githubusercontent.com/junyiacademy/junyiexercise/master/exercises/solving_for_the_y-intercept.html,88,6.0,88.0,question_div,1488,True,True,True,True,False,False,True,0,1333,algebra,True,True
solving_linear_equations,True,4e24b212a059d617e1a9653ab2a29f118fa7c9292962b6ecf243a98e336cacb6,https://raw.githubusercontent.com/junyiacademy/junyiexercise/master/exercises/solving_linear_equations.html,50,8.0,50.0,question_div,4502,True,True,True,True,False,False,True,0,10937,algebra,True,True
solving_linear_inequalities,True,b25c907da5738e3c3716fceaa8fc049d72f221f88ded31b2200b6efa3fa37c8e,https://raw.githubusercontent.com/junyiacademy/junyiexercise/master/exercises/solving_linear_inequalities.html,1048,8.0,1048.0,question_div,4535,True,True,True,True,False,False,True,0,1146,algebra,True,True
solving_quadratics_by_factoring,True,527dd2af915997ea3c2358501b1aea49ca551375c212b136877b041292f5d0f4,https://raw.githubusercontent.com/junyiacademy/junyiexercise/master/exercises/solving_quadratics_by_factoring.html,63,16.0,63.0,question_div,1473,True,True,False,False,False,False,True,0,14767,algebra,True,True
solving_quadratics_by_factoring_2,True,38381537d780203262f5b7a016f580d63903a8f2f4063d9d763c08fc640b32c9,https://raw.githubusercontent.com/junyiacademy/junyiexercise/master/exercises/solving_quadratics_by_factoring_2.html,63,18.0,63.0,question_div,1675,True,True,False,False,False,False,True,0,5994,algebra,True,True
solving_quadratics_by_taking_the_square_root,True,3e2217fcbf5c86d04eb8c0ccbf0ef43ca460034b48e5c52c7ba1c5e9dca56baf,https://raw.githubusercontent.com/junyiacademy/junyiexercise/master/exercises/solving_quadratics_by_taking_the_square_root.html,31,11.0,31.0,question_div,688,True,True,False,False,False,False,True,0,8952,algebra,True,True
solving_similar_triangles_1,True,f36d7467c699e8d82f0fcf8d57209f5702a4d3c058565ec7a832e8cb9422713e,https://raw.githubusercontent.com/junyiacademy/junyiexercise/master/exercises/solving_similar_triangles_1.html,539,10.0,539.0,question_div,2899,True,True,True,True,False,False,True,0,5394,geometry,True,True
solving_similar_triangles_2,True,b3673fbab86ece432c2e2c037265fb7e9d2498676ac6bcc9e7458f3409018b44,https://raw.githubusercontent.com/junyiacademy/junyiexercise/master/exercises/solving_similar_triangles_2.html,31,10.0,31.0,question_div,9685,True,True,True,True,False,False,True,0,2023,geometry,True,True
special_derivatives,True,1d6c46e3bc6a12fe6bd6cc0ca90eeb50299e57ee6c68426cea84525545fe0360,https://raw.githubusercontent.com/junyiacademy/junyiexercise/master/exercises/special_derivatives.html,46,19.0,46.0,question_div,192,False,True,False,False,False,True,True,0,2305,calculus,True,True
special_right_triangles,True,4bf3b22c3440d322af2de8f10c7823ab32995b79ac51da8e19cbd57467271e2f,https://raw.githubusercontent.com/junyiacademy/junyiexercise/master/exercises/special_right_triangles.html,626,7.0,626.0,question_div,4701,True,True,True,True,False,False,True,0,7253,algebra,True,True
special_triangle_and_quadrilateral_concept,False,,https://raw.githubusercontent.com/junyiacademy/junyiexercise/master/exercises/special_triangle_and_quadrilateral_concept.html,0,,,,0,False,False,False,False,,False,False,0,218,geometry,True,False
speed_applying,True,8ea0663cb7ceef973db7c4f95744e1922af17c6dbca13d4bc016c31edf0f846c,https://raw.githubusercontent.com/junyiacademy/junyiexercise/master/exercises/speed_applying.html,127,7.0,127.0,question_div,1994,False,True,False,False,False,False,True,0,4904,arithmetic,True,True
speed_equal_to_distance_divide_time,True,d91f1e2ff105cc30195d8269f12395846e4044846b124f601058a384b0bf5a34,https://raw.githubusercontent.com/junyiacademy/junyiexercise/master/exercises/speed_equal_to_distance_divide_time.html,85,9.0,85.0,question_div,3581,False,True,True,True,False,False,True,0,14937,arithmetic,True,True
square_cm_square_m_unit_transform,True,be084ccfb01bbf24da80c732e0bf4102d78f82dc23523f7718c86a0c74686d9b,https://raw.githubusercontent.com/junyiacademy/junyiexercise/master/exercises/square_cm_square_m_unit_transform.html,110,14.0,110.0,question_div,765,True,True,True,True,False,False,True,0,4982,geometry,True,True
square_root_calculation_3,True,42ff44953ab024cc3e6be492e9e9d68f061850ec83b932a6edc72af547fddff4,https://raw.githubusercontent.com/junyiacademy/junyiexercise/master/exercises/square_root_calculation_3.html,32,8.0,32.0,question_div,2952,True,True,True,True,False,False,True,0,7676,algebra,True,True
square_roots,True,fde55a0d570b322e6dc083a4227a8230dc62fc935b000855c25479d519383249,https://raw.githubusercontent.com/junyiacademy/junyiexercise/master/exercises/square_roots.html,54,3.0,54.0,question_div,1011,True,True,True,True,False,False,True,0,84178,algebra,True,True
square_roots_2,True,a539f88b652272f5f77d10a3a08c917119080bd853a30a815a972479b959faaa,https://raw.githubusercontent.com/junyiacademy/junyiexercise/master/exercises/square_roots_2.html,49,5.0,49.0,question_div,681,True,True,False,False,False,False,True,0,28548,algebra,True,True
standard_deviation,True,93eff8b1f96ecfb5a545d2f05bbd2a5cf71a2c45b72ec82b532c3d126b4554e7,https://raw.githubusercontent.com/junyiacademy/junyiexercise/master/exercises/standard_deviation.html,150,3.0,150.0,question_div,5026,True,True,False,False,False,False,True,0,931,probability-statistics,True,True
statistical_table_and_chart,False,,https://raw.githubusercontent.com/junyiacademy/junyiexercise/master/exercises/statistical_table_and_chart.html,0,,,,0,False,False,False,False,,False,False,0,4177,probability-statistics,True,False
subtract_of_positive_negative_fraction,True,811f1aeed8d1ea6620cfb574e89c5230164c956fab1817bb084de43e68f79edd,https://raw.githubusercontent.com/junyiacademy/junyiexercise/master/exercises/subtract_of_positive_negative_fraction.html,48,7.0,48.0,question_div,976,True,True,False,False,False,False,True,0,4031,arithmetic,True,True
subtracting_decimals,True,5f209c087cef6a04de7a07005128e981980fdb7094839552e620190831823710,https://raw.githubusercontent.com/junyiacademy/junyiexercise/master/exercises/subtracting_decimals.html,73,4.0,73.0,question_div,375,True,True,True,True,False,False,True,0,38940,arithmetic,True,True
subtracting_decimals_0.5,True,7b80a690b56b8edd20e3883bb394ecf6d8f972e61c0bc42263f244d9fbdefe7c,https://raw.githubusercontent.com/junyiacademy/junyiexercise/master/exercises/subtracting_decimals_0.5.html,91,4.0,91.0,question_div,367,True,True,True,True,False,False,True,0,47872,arithmetic,True,True
subtracting_fractions,True,d627e4b4654cd56a0e2ebc450f0291e2ef4b9f24501dcdd1ee8758665830d824,https://raw.githubusercontent.com/junyiacademy/junyiexercise/master/exercises/subtracting_fractions.html,63,5.0,63.0,question_div,885,True,True,False,False,False,False,True,0,16449,arithmetic,True,True
subtracting_fractions_with_common_denominators,True,3ccc0de62b60b6f26277ff6a19d2dbc88179164e513603a4962809c4d06897fa,https://raw.githubusercontent.com/junyiacademy/junyiexercise/master/exercises/subtracting_fractions_with_common_denominators.html,43,8.0,43.0,question_div,730,False,True,True,True,False,False,True,0,52927,arithmetic,True,True
subtraction_1,True,d35ed88a4ce604e7b4671d3952bd884e58bb912236bb5f32b8d1428dd92241f8,https://raw.githubusercontent.com/junyiacademy/junyiexercise/master/exercises/subtraction_1.html,139,6.0,139.0,question_div,296,True,True,True,True,False,False,True,0,527707,arithmetic,True,True
subtraction_2,True,d70f0d9599274b44e0e1ae7ea54fab75b1f69570f3b491475bfa792f668c58e1,https://raw.githubusercontent.com/junyiacademy/junyiexercise/master/exercises/subtraction_2.html,0,12.0,12.0,title_fallback,270,False,True,True,True,True,False,True,0,402323,arithmetic,True,True
subtraction_3,True,df7ec0684a049d1c985b3c82b6512d839f67b572d4638ecc33680fb39b3bf478,https://raw.githubusercontent.com/junyiacademy/junyiexercise/master/exercises/subtraction_3.html,0,11.0,11.0,title_fallback,290,False,True,True,True,True,False,True,0,226713,arithmetic,True,True
subtraction_4,True,577f789b3dc1cdfee0f410bea5673cc43d6e5050c367b89482c34b599c648157,https://raw.githubusercontent.com/junyiacademy/junyiexercise/master/exercises/subtraction_4.html,0,15.0,15.0,title_fallback,686,False,True,True,True,True,False,True,0,175470,arithmetic,True,True
subtraction_and_addition,True,cf32aa8babb64088f49efc10eaa932b61c8b58bb1d62fb0556db18d8b7f47906,https://raw.githubusercontent.com/junyiacademy/junyiexercise/master/exercises/subtraction_and_addition.html,15,33.0,15.0,question_div,2114,True,True,True,True,False,False,True,0,17769,arithmetic,True,True
subtraction_of_vary_denominator_fraction,True,a67116d9f12bb26f423e22ad83b5d36a1a537a52970f6519edc49cfd1314f87e,https://raw.githubusercontent.com/junyiacademy/junyiexercise/master/exercises/subtraction_of_vary_denominator_fraction.html,90,10.0,90.0,question_div,1647,True,True,True,True,False,False,True,0,8559,arithmetic,True,True
subtraction_within_20,True,f6076793a7ceefa3ce97e6444abaa3eb7d43e481734ad23896acdccb7e366e1e,https://raw.githubusercontent.com/junyiacademy/junyiexercise/master/exercises/subtraction_within_20.html,267,7.0,267.0,question_div,446,True,True,True,True,False,False,True,0,8,arithmetic,True,True
supplementary_angles,True,77e219a1dbd4b9689ef4df9d29a94b32e15b455e34110eff797ef45de26a56b2,https://raw.githubusercontent.com/junyiacademy/junyiexercise/master/exercises/supplementary_angles.html,886,20.0,886.0,question_div,1270,True,True,True,True,False,False,True,0,14985,analytic-geometry,True,True
surface_area_of_cylinders,True,374f3002e0009efe765d8799a6bdc2082a4c7bde6b241bab974d9955365d2c0a,https://raw.githubusercontent.com/junyiacademy/junyiexercise/master/exercises/surface_area_of_cylinders.html,370,12.0,370.0,question_div,868,True,True,True,True,False,False,True,0,5912,geometry,True,True
surface_area_of_rectangular_boxes,True,b5247e025dfb9c0309c617412f49691d7c3f5a89ce00a3836f4cfd0d3a1ceb55,https://raw.githubusercontent.com/junyiacademy/junyiexercise/master/exercises/surface_area_of_rectangular_boxes.html,11,4.0,11.0,question_div,3973,True,True,True,True,False,False,True,0,29091,geometry,True,True
symmetry_concept_and_application,False,,https://raw.githubusercontent.com/junyiacademy/junyiexercise/master/exercises/symmetry_concept_and_application.html,0,,,,0,False,False,False,False,,False,False,0,26301,geometry,True,False
systems_of_equ_elimination_1,True,11c53b37378c312b6c5165d7682beec425974531da445e7b2d81388b4874e79c,https://raw.githubusercontent.com/junyiacademy/junyiexercise/master/exercises/systems_of_equ_elimination_1.html,115,7.0,115.0,question_div,3399,True,True,False,False,False,False,True,0,773,algebra,True,True
systems_of_equ_substitution_1,True,53b4444f95b7ee31c8d76b0579345d2304642bfcf0a7bb62586c2d265faf5aa8,https://raw.githubusercontent.com/junyiacademy/junyiexercise/master/exercises/systems_of_equ_substitution_1.html,117,17.0,117.0,question_div,2615,True,True,False,False,False,False,True,0,1016,algebra,True,True
systems_of_equ_substitution_2,True,7f2867ca4af2801717c033c6b782e09f1d8764a506b178b1a822e24368b162cc,https://raw.githubusercontent.com/junyiacademy/junyiexercise/master/exercises/systems_of_equ_substitution_2.html,103,5.0,103.0,question_div,3022,True,True,False,False,False,False,True,0,438,algebra,True,True
systems_of_equations,True,e870bcdaffa651a7dc830dabef2bbc3d7167389e86548b9ce0c5274a6c4a6e8a,https://raw.githubusercontent.com/junyiacademy/junyiexercise/master/exercises/systems_of_equations.html,174,6.0,174.0,question_div,5875,True,True,False,False,False,False,True,0,2679,algebra,True,True
systems_of_equations_with_elimination,True,f9f3adcfc82ba47f8cc9e2ec3bbd115f3a048933b5955ce208573e9e0c8dcdea,https://raw.githubusercontent.com/junyiacademy/junyiexercise/master/exercises/systems_of_equations_with_elimination.html,115,13.0,115.0,question_div,3741,True,True,False,False,False,False,True,0,7661,algebra,True,True
systems_of_equations_with_elimination_0.5,True,83522b45dacf17190bb9ed6567cbb2a8fc39077e9fe728ad853dc90353aa35ed,https://raw.githubusercontent.com/junyiacademy/junyiexercise/master/exercises/systems_of_equations_with_elimination_0.5.html,115,9.0,115.0,question_div,3401,True,True,False,False,False,False,True,0,9629,algebra,True,True
systems_of_equations_with_elimination_2,True,73486c0a620cc825f8d1d6165bdc1efbc3f90b4b9e66fdbc7ef54c23fd515c46,https://raw.githubusercontent.com/junyiacademy/junyiexercise/master/exercises/systems_of_equations_with_elimination_2.html,113,7.0,113.0,question_div,3773,True,True,False,False,False,False,True,0,100,algebra,True,True
systems_of_equations_with_elimination_3,True,354e917cbfe2b9a3f3ccc62f99176ed3068b546e35c51fbb820c08f7e2e5bfd7,https://raw.githubusercontent.com/junyiacademy/junyiexercise/master/exercises/systems_of_equations_with_elimination_3.html,115,7.0,115.0,question_div,4491,True,True,False,False,False,False,True,0,370,algebra,True,True
systems_of_equations_with_substitution,True,3db2c0e55e5e77555ce3d7e1d9c00078ae23c2ca4b4c6627832c91332dd009f3,https://raw.githubusercontent.com/junyiacademy/junyiexercise/master/exercises/systems_of_equations_with_substitution.html,103,5.0,103.0,question_div,3022,True,True,False,False,False,False,True,0,13022,algebra,True,True
systems_of_equations_word_problems,True,c6feb0deba9327394c3c16bd56a9f750eed68ca6d57ee1a5947298deb76869a0,https://raw.githubusercontent.com/junyiacademy/junyiexercise/master/exercises/systems_of_equations_word_problems.html,251,8.0,251.0,question_div,10303,True,True,False,False,False,False,True,0,6080,algebra,True,True
telling_time,True,6e7563a5550a126626f69847a393e4b78ff171ae0ff985f766cc806c8833ae8c,https://raw.githubusercontent.com/junyiacademy/junyiexercise/master/exercises/telling_time.html,170,9.0,170.0,question_div,1301,True,True,True,True,False,False,True,0,374488,arithmetic,True,True
telling_time_0.5,True,836852cb4a299a408b57441a990699fc338dc7fcd7769b73c46fcdc721ced884,https://raw.githubusercontent.com/junyiacademy/junyiexercise/master/exercises/telling_time_0.5.html,153,8.0,153.0,question_div,1176,True,True,True,True,False,False,True,0,544691,arithmetic,True,True
telling_time_2,True,eb3aa2955dbbaa5e6f54a3963f2c0a5c54ce1fad6831fa06d06b5237ba9ba8d6,https://raw.githubusercontent.com/junyiacademy/junyiexercise/master/exercises/telling_time_2.html,3288,7.0,3288.0,question_div,6433,True,True,True,True,False,False,True,0,274608,arithmetic,True,True
telling_time_comparing,True,16a222583ec929a07fe8fe74bc4bc143a5ae8c4fedc91a6f03a1b149952fab10,https://raw.githubusercontent.com/junyiacademy/junyiexercise/master/exercises/telling_time_comparing.html,88,5.0,88.0,question_div,487,False,True,True,True,False,True,True,0,137597,arithmetic,True,True
the_complex_plane,True,bf2890b8bce24a43f259eceba64b98b09f28b7ac04a7b9a95ced4f20132a8b2f,https://raw.githubusercontent.com/junyiacademy/junyiexercise/master/exercises/the_complex_plane.html,529,4.0,529.0,question_div,1205,True,True,True,True,False,False,True,0,5391,algebra,True,True
the_four_arithmetic_exponentially,True,f8c9f2c71124754cdb7acb79f4e0515a941d6d2326d2cd71896e9e808ab47a48,https://raw.githubusercontent.com/junyiacademy/junyiexercise/master/exercises/the_four_arithmetic_exponentially.html,81,10.0,81.0,question_div,1377,True,True,False,False,False,False,True,0,9701,algebra,True,True
the_fundamental_theorem_of_arithmetic,True,307cf6af0baeb9342f4eccbab22462f00f1f7f1719798e952451e0f3ceee19a2,https://raw.githubusercontent.com/junyiacademy/junyiexercise/master/exercises/the_fundamental_theorem_of_arithmetic.html,3124,9.0,3124.0,question_div,5713,True,True,True,True,False,False,True,0,39099,arithmetic,True,True
time_terminology,True,33c81e08ee88df2749d6f4910dca2734d316e97f30820c421189017a3e721eb8,https://raw.githubusercontent.com/junyiacademy/junyiexercise/master/exercises/time_terminology.html,68,4.0,68.0,question_div,708,False,True,True,True,False,True,True,0,174875,arithmetic,True,True
time_units_transformation_1,True,66b6294df7026f77822839d9058e637bcb41eba7a2f197bf0e157f0b91abc154,https://raw.githubusercontent.com/junyiacademy/junyiexercise/master/exercises/time_units_transformation_1.html,23,7.0,23.0,question_div,1366,False,True,True,True,False,False,True,0,50881,arithmetic,True,True
time_units_transformation_2,True,d5d3522bc56cca88103cc2a738ef945f725dcf1ab1b185d69d816a5c95d4af89,https://raw.githubusercontent.com/junyiacademy/junyiexercise/master/exercises/time_units_transformation_2.html,20,9.0,20.0,question_div,831,True,True,True,True,False,False,True,0,36686,arithmetic,True,True
time_units_transformation_3,True,09c9a1ae293ccc332c40a7dbb17f417ded0d2ca43123278c6b6cad8d3d629dd6,https://raw.githubusercontent.com/junyiacademy/junyiexercise/master/exercises/time_units_transformation_3.html,66,7.0,66.0,question_div,1550,True,True,True,True,False,False,True,0,32519,arithmetic,True,True
time_word_problem_1,True,429ddb5df274600bf11f8e2b290a5291e50b60bb382322dcd30e451b0e3de9af,https://raw.githubusercontent.com/junyiacademy/junyiexercise/master/exercises/time_word_problem_1.html,58,7.0,58.0,question_div,1165,True,True,True,True,False,False,True,0,103643,arithmetic,True,True
time_word_problem_2,True,b815565cf0d7eeaead75bfc3c275f0e4f5c8a5b75c254fddda957649e0965566,https://raw.githubusercontent.com/junyiacademy/junyiexercise/master/exercises/time_word_problem_2.html,72,7.0,72.0,question_div,1373,False,True,True,True,False,False,True,0,105964,arithmetic,True,True
time_word_problem_3,True,b2b097b8a4d6177e178e3f34ac1acbba448def0f2446e023debf869e2e8ac792,https://raw.githubusercontent.com/junyiacademy/junyiexercise/master/exercises/time_word_problem_3.html,50,7.0,50.0,question_div,768,False,True,True,True,False,False,True,0,69502,arithmetic,True,True
time_word_problem_4,True,db9849e411a36827d7bba8d3c42deb1a3542e795e01bc0a67568da3edcc0a8ea,https://raw.githubusercontent.com/junyiacademy/junyiexercise/master/exercises/time_word_problem_4.html,68,16.0,68.0,question_div,759,False,True,True,True,False,False,True,0,56225,arithmetic,True,True
time_word_problem_5,True,1f277af0de74b2423d0456434ffb81f0bc8fdfa3970d903c93604daa64ae6abe,https://raw.githubusercontent.com/junyiacademy/junyiexercise/master/exercises/time_word_problem_5.html,47,11.0,47.0,question_div,1483,True,True,False,False,False,False,True,0,18022,arithmetic,True,True
trapezoid_concept_and_application,False,,https://raw.githubusercontent.com/junyiacademy/junyiexercise/master/exercises/trapezoid_concept_and_application.html,0,,,,0,False,False,False,False,,False,False,0,287,geometry,True,False
triangle_angles_1,True,8c39d03840ee368b43b171e9f1ecf0b71ab482d73e1b1974ba80befc69548552,https://raw.githubusercontent.com/junyiacademy/junyiexercise/master/exercises/triangle_angles_1.html,377,7.0,377.0,question_div,2764,True,True,True,True,False,False,True,0,22793,geometry,True,True
triangle_angles_sum,True,2837df51b28dbfbb3a176e401ddbeb9485ccf4382ce1c562633d3eeff8fb8160,https://raw.githubusercontent.com/junyiacademy/junyiexercise/master/exercises/triangle_angles_sum.html,295,16.0,295.0,question_div,1123,True,True,True,True,False,False,True,0,20565,geometry,True,True
triangle_central_core_concept,False,,https://raw.githubusercontent.com/junyiacademy/junyiexercise/master/exercises/triangle_central_core_concept.html,0,,,,0,False,False,False,False,,False,False,0,1478,geometry,True,False
triangle_inequality_theorem,True,83e3dc146f90b1dec05a6f6ad65eaf63dc211481e6992b2b861cb3f33b91b325,https://raw.githubusercontent.com/junyiacademy/junyiexercise/master/exercises/triangle_inequality_theorem.html,366,7.0,366.0,question_div,2201,True,True,True,True,False,True,True,0,18625,geometry,True,True
triangle_length_of_side,True,4c700741a2123d1dfc00cdc83fe34fd4a0597efde1716060e699bde41070089b,https://raw.githubusercontent.com/junyiacademy/junyiexercise/master/exercises/triangle_length_of_side.html,21,7.0,21.0,question_div,3413,False,True,True,True,False,True,True,0,1670,geometry,True,True
triangle_types,True,9089d118df4e96f818ae2c18493c99c4fd1b81d1428636aa916dcd1e75698be7,https://raw.githubusercontent.com/junyiacademy/junyiexercise/master/exercises/triangle_types.html,237,6.0,237.0,question_div,1117,True,True,True,True,False,True,True,0,109501,geometry,True,True
triangles_congruent_nature_aas,True,c076b7402952df855c60e4f006b5334354bfe53a64697b84f8ff1de3a151323b,https://raw.githubusercontent.com/junyiacademy/junyiexercise/master/exercises/triangles_congruent_nature_aas.html,925,7.0,925.0,question_div,4497,True,True,True,True,False,False,True,0,329,geometry,True,True
triangles_congruent_nature_asa,True,e72b0b312d78285611b33b35439ea5a14b1f3bfe627151d4db37291b423045fa,https://raw.githubusercontent.com/junyiacademy/junyiexercise/master/exercises/triangles_congruent_nature_asa.html,1231,7.0,1231.0,question_div,15247,True,True,True,True,False,False,True,0,205,geometry,True,True
triangles_congruent_nature_rhs,True,73385194382462ffe4a1077ebabf6488b69a76ab16f2e499473c18e7acc51de5,https://raw.githubusercontent.com/junyiacademy/junyiexercise/master/exercises/triangles_congruent_nature_rhs.html,1174,7.0,1174.0,question_div,7277,True,True,True,True,False,False,True,0,271,geometry,True,True
triangles_congruent_nature_sas,True,f9ebd71e8dab80a6b98769430db133b0d01306a3b92525d15df1c253b964157b,https://raw.githubusercontent.com/junyiacademy/junyiexercise/master/exercises/triangles_congruent_nature_sas.html,1887,7.0,1887.0,question_div,15526,True,True,True,True,False,False,True,0,351,geometry,True,True
triangles_congruent_nature_sss,True,3cd159b78871558485b6e0cf8def9bca2991c2cdb99278842c9da6056d675455,https://raw.githubusercontent.com/junyiacademy/junyiexercise/master/exercises/triangles_congruent_nature_sss.html,1190,7.0,1190.0,question_div,12391,True,True,True,True,False,False,True,0,526,geometry,True,True
triangles_similar_nature,True,ddeb1ad30a6f017ca91ae1ecd048d29b125f027b4e14f2ac04e88a0184d4483d,https://raw.githubusercontent.com/junyiacademy/junyiexercise/master/exercises/triangles_similar_nature.html,1054,7.0,1054.0,question_div,24321,True,True,True,True,False,False,True,0,2250,geometry,True,True
trig_identities_1,True,08b8f846da485818549aeef25ed6ac44b23828864164643a9e01bcca07f988da,https://raw.githubusercontent.com/junyiacademy/junyiexercise/master/exercises/trig_identities_1.html,151,9.0,151.0,question_div,761,False,True,False,False,False,True,True,0,2318,analytic-geometry,True,True
trigonometry_0.5,True,dead6a0b8adcad986f7abe22c74b0c5eba7535cbfe27017606c7f7d0cf9a53f3,https://raw.githubusercontent.com/junyiacademy/junyiexercise/master/exercises/trigonometry_0.5.html,128,8.0,128.0,question_div,1702,True,True,True,True,False,False,True,0,3983,analytic-geometry,True,True
trigonometry_1,True,5946d874975c1a5c24d1e89b79883cee2ffc90c448210506b8ec04bce7b37ff1,https://raw.githubusercontent.com/junyiacademy/junyiexercise/master/exercises/trigonometry_1.html,135,6.0,135.0,question_div,2105,True,True,True,True,False,True,True,0,6329,analytic-geometry,True,True
trigonometry_1.5,True,5900b76826a2eb481cbde3107ccccd8b81861ac9b37610b61e8f0059d840bae2,https://raw.githubusercontent.com/junyiacademy/junyiexercise/master/exercises/trigonometry_1.5.html,219,8.0,219.0,question_div,6294,True,True,True,True,False,False,True,0,2115,analytic-geometry,True,True
trigonometry_2,True,a20d23d19dff60be0309f0ee69b0f7c6d23376e60abd99cf134723e7b7474850,https://raw.githubusercontent.com/junyiacademy/junyiexercise/master/exercises/trigonometry_2.html,226,5.0,226.0,question_div,5853,True,True,True,True,False,True,True,0,3840,analytic-geometry,True,True
understand_circle,True,edfb47de6b29ade09bb112b6fdc32f69989062ea88452a82a21a37ae10d37013,https://raw.githubusercontent.com/junyiacademy/junyiexercise/master/exercises/understand_circle.html,265,32.0,265.0,question_div,3265,True,True,True,True,False,False,True,0,21687,geometry,True,True
understand_coins,True,2a061d77a8f7ca17176bdde21451bb3fa4e9703382ad099e399c22ea57559e8b,https://raw.githubusercontent.com/junyiacademy/junyiexercise/master/exercises/understand_coins.html,13,15.0,13.0,question_div,9460,True,True,True,True,False,False,True,0,154922,arithmetic,True,True
understand_equivalent_axiom,True,0b4be0c88ab8e3a65cb4418f1de026e5002cd2a840b14b701fc2ab50efbb89a4,https://raw.githubusercontent.com/junyiacademy/junyiexercise/master/exercises/understand_equivalent_axiom.html,104,13.0,104.0,question_div,4677,True,True,True,True,False,True,True,0,12000,algebra,True,True
understand_large_numbers_and_conversion,True,e80bf51fe3bc958681afffe6147331784840d1d89657a9d03cc2d043bbe81ace,https://raw.githubusercontent.com/junyiacademy/junyiexercise/master/exercises/understand_large_numbers_and_conversion.html,78,20.0,78.0,question_div,1774,True,True,True,True,False,False,True,0,14829,arithmetic,True,True
understand_length_unit,True,8dfeb96f0a244adc35f485c1651f6a9112ad6e63e120897b6d3c2c432da9b58a,https://raw.githubusercontent.com/junyiacademy/junyiexercise/master/exercises/understand_length_unit.html,40,16.0,40.0,question_div,1366,True,True,True,True,False,False,True,0,10419,arithmetic,True,True
understand_range_of_graphie,True,bd535fd6b912896e2d720c7fd7e36d358c035dd3f881accf249a0efb2764754f,https://raw.githubusercontent.com/junyiacademy/junyiexercise/master/exercises/understand_range_of_graphie.html,1009,25.0,1009.0,question_div,3261,False,True,True,True,False,False,True,0,7569,geometry,True,True
understanding_comparing_angle,True,5922d5cf0d4b3397e915831371e7bf61bc989fbae6d58f301b59c6034c3e00fc,https://raw.githubusercontent.com/junyiacademy/junyiexercise/master/exercises/understanding_comparing_angle.html,37,13.0,37.0,question_div,10395,True,True,True,True,False,False,True,0,16904,geometry,True,True
understanding_decimals_place_value,True,f61e334586d7fe053e550243f5585a899808e2e4e46f708aa65ef97a44989fb0,https://raw.githubusercontent.com/junyiacademy/junyiexercise/master/exercises/understanding_decimals_place_value.html,211,13.0,211.0,question_div,11034,True,True,True,True,False,False,True,0,55889,arithmetic,True,True
understanding_km,True,35040cfa39dbeb9153a8b8104b70047d346fa3aa8cd9a8286b0c3412887f942b,https://raw.githubusercontent.com/junyiacademy/junyiexercise/master/exercises/understanding_km.html,107,4.0,107.0,question_div,6031,True,True,True,True,False,False,True,0,12138,arithmetic,True,True
understanding_moving_the_decimal,True,16bb0d2df026eb3c4d1f81d3468a0570502293abf085530ed94706185acdf870,https://raw.githubusercontent.com/junyiacademy/junyiexercise/master/exercises/understanding_moving_the_decimal.html,95,8.0,95.0,question_div,2276,True,True,True,True,False,False,True,0,44367,arithmetic,True,True
understanding_square_rectangular,True,79d441004ab263d5bb3f7898c9a6d171cd21a8f17a5daca4e70534ac87714a74,https://raw.githubusercontent.com/junyiacademy/junyiexercise/master/exercises/understanding_square_rectangular.html,539,27.0,539.0,question_div,3504,True,True,True,True,False,False,True,0,5842,geometry,True,True
ungroup_median,True,1ff78c79f6250f54002cb18c6d8f8e82c9431b5b2686b3b140875c32c0eaafcd,https://raw.githubusercontent.com/junyiacademy/junyiexercise/master/exercises/ungroup_median.html,82,11.0,82.0,question_div,2904,True,True,True,True,False,False,True,0,563,probability-statistics,True,True
unit_circle,True,02690e82a803a5da497f25f255c1324ad5d74c7598ca194dbb5244f2caf408ca,https://raw.githubusercontent.com/junyiacademy/junyiexercise/master/exercises/unit_circle.html,32,3.0,32.0,question_div,1577,True,True,True,True,False,False,True,0,2938,analytic-geometry,True,True
unit_conversion_rate,True,6bd552338fbf9f1ad430b60ff9f122ab5341d2c7e72fcbd7af85ed4dc1ca4982,https://raw.githubusercontent.com/junyiacademy/junyiexercise/master/exercises/unit_conversion_rate.html,83,7.0,83.0,question_div,1825,True,True,False,False,False,False,True,0,3179,arithmetic,True,True
units,True,a16dd38c35aa9c4f632118edfe959a24758a44105a58014340be46168b921cf3,https://raw.githubusercontent.com/junyiacademy/junyiexercise/master/exercises/units.html,191,4.0,191.0,question_div,2487,True,True,False,False,False,False,True,0,4913,arithmetic,True,True
variables_word_problems_1,True,944c1094b231c6eb804aa7518a9a181bf5022fcd87d9b32d9f30a2dc40a5f67e,https://raw.githubusercontent.com/junyiacademy/junyiexercise/master/exercises/variables_word_problems_1.html,94,13.0,94.0,question_div,1897,True,True,False,False,False,False,True,0,4159,algebra,True,True
variables_word_problems_2,True,300587f2efc1c113d47a1e751517550859e0609470dbc00028bd981ce883ce39,https://raw.githubusercontent.com/junyiacademy/junyiexercise/master/exercises/variables_word_problems_2.html,96,13.0,96.0,question_div,3079,True,True,False,False,False,False,True,0,63,algebra,True,True
variance,True,ccebe51d55b8268ae54efe06fa0b8f4526062778726842fc825a40574087e310,https://raw.githubusercontent.com/junyiacademy/junyiexercise/master/exercises/variance.html,130,3.0,130.0,question_div,4435,True,True,False,False,False,False,True,0,1641,probability-statistics,True,True
vector_add_sub_two,True,e42bd65f72d995b0deb1c6b1dc83c7ba0f5b416131db0595c284f9047bf43566,https://raw.githubusercontent.com/junyiacademy/junyiexercise/master/exercises/vector_add_sub_two.html,107,27.0,107.0,question_div,1754,False,True,True,True,False,False,True,0,320,algebra,True,True
vertex_of_a_parabola,True,d99dcca0b762b3fe4aa3928a8b9c8d46b88145fbf21554936f8bae380ac0256e,https://raw.githubusercontent.com/junyiacademy/junyiexercise/master/exercises/vertex_of_a_parabola.html,37,6.0,37.0,question_div,1937,True,True,True,True,False,False,True,0,2652,algebra,True,True
vertical_and_parallel,True,e39dc73f5027429983d5076d7e315a0f6d5c739becd0d518b5a257b222df492f,https://raw.githubusercontent.com/junyiacademy/junyiexercise/master/exercises/vertical_and_parallel.html,45,15.0,45.0,question_div,9351,True,True,True,True,False,False,True,0,3097,geometry,True,True
vertical_angles,True,058305f6a5a8266998684fc3653549bdb9d664c487a0e927feb049750e32e760,https://raw.githubusercontent.com/junyiacademy/junyiexercise/master/exercises/vertical_angles.html,284,4.0,284.0,question_div,909,True,True,True,True,False,False,True,0,25935,analytic-geometry,True,True
vertical_angles_2,True,af084f5af12260e88461e64800633cad23eedc7b75221362f9508507f5ed837c,https://raw.githubusercontent.com/junyiacademy/junyiexercise/master/exercises/vertical_angles_2.html,21,4.0,21.0,question_div,1445,True,True,True,True,False,False,True,0,7261,analytic-geometry,True,True
vertical_concepts,False,,https://raw.githubusercontent.com/junyiacademy/junyiexercise/master/exercises/vertical_concepts.html,0,,,,0,False,False,False,False,,False,False,0,7635,geometry,True,False
volume_and_cc,True,42123a8301b3b6bb311522eb9df29d86467f321179853bc138a050842b514e79,https://raw.githubusercontent.com/junyiacademy/junyiexercise/master/exercises/volume_and_cc.html,207,7.0,207.0,question_div,480,True,True,True,True,False,False,True,0,13763,geometry,True,True
volume_box,True,9f441de807e41ad43a1ea83ebb24c47eb86a7672bd210135c365e3d0828c9317,https://raw.githubusercontent.com/junyiacademy/junyiexercise/master/exercises/volume_box.html,1621,5.0,1621.0,question_div,6525,True,True,True,True,False,False,True,0,20638,geometry,True,True
volume_box_cover,True,0991fd8c8825e057f473dfc0df32ed523041149f81315bdead509cf484ff0af9,https://raw.githubusercontent.com/junyiacademy/junyiexercise/master/exercises/volume_box_cover.html,1380,10.0,1380.0,question_div,6270,True,True,True,True,False,False,True,0,7201,geometry,True,True
volume_box_nocover,True,70fdff02bac7c2c8d6cb161c7273a99d5ed68d6d2e39b60ac225e7f46e01344c,https://raw.githubusercontent.com/junyiacademy/junyiexercise/master/exercises/volume_box_nocover.html,1363,10.0,1363.0,question_div,6205,True,True,True,True,False,False,True,0,9018,geometry,True,True
volume_container,True,21aea49680ea60949ebfda91913b5c4e74353ec899b01376303d089d4ff77871,https://raw.githubusercontent.com/junyiacademy/junyiexercise/master/exercises/volume_container.html,1012,5.0,1012.0,question_div,3693,True,True,True,True,False,False,True,0,6933,geometry,True,True
volume_container_hight,True,fe36f065def1988c7733253cc43ae47ca605fee64a09b955ed26358e88995803,https://raw.githubusercontent.com/junyiacademy/junyiexercise/master/exercises/volume_container_hight.html,764,5.0,764.0,question_div,3967,True,True,True,True,False,False,True,0,7202,geometry,True,True
volume_of_cylinders,True,ae7c40267490c6505ed30d24c59b418718fa5ad9ff803b3887d4582274d6e91e,https://raw.githubusercontent.com/junyiacademy/junyiexercise/master/exercises/volume_of_cylinders.html,370,11.0,370.0,question_div,558,True,True,True,True,False,False,True,0,5202,geometry,True,True
volume_of_rectangular_boxes,True,97dcc1d40ff72187f120cd770e632f29e56a0dc95d144c76fe61e5eb2981ad03,https://raw.githubusercontent.com/junyiacademy/junyiexercise/master/exercises/volume_of_rectangular_boxes.html,711,7.0,711.0,question_div,2680,True,True,True,True,False,False,True,0,27517,geometry,True,True
volume_of_rectangular_boxes_2,True,7dbb51aeb5497f93f9951f7e5c84189af297152fc2c9f1731815308bb5a1212a,https://raw.githubusercontent.com/junyiacademy/junyiexercise/master/exercises/volume_of_rectangular_boxes_2.html,1564,10.0,1564.0,question_div,20472,True,True,True,True,False,False,True,0,11902,geometry,True,True
volume_of_rectangular_boxes_3,True,982ca8db7d0d4b658f57104f8fb805cd1a266fb11045aaf03e9b65b1de10a061,https://raw.githubusercontent.com/junyiacademy/junyiexercise/master/exercises/volume_of_rectangular_boxes_3.html,1011,11.0,1011.0,question_div,2875,True,True,True,True,False,False,True,0,27885,geometry,True,True
volume_of_triangular_prisms,True,a5ab2230b18dd5a5386feaad5c7612add737bbcecb1ad96c51b6019b3033b1b2,https://raw.githubusercontent.com/junyiacademy/junyiexercise/master/exercises/volume_of_triangular_prisms.html,1261,11.0,1261.0,question_div,2873,True,True,True,True,False,False,True,0,5750,geometry,True,True
volume_space,True,1fb428bd920072fe6a7465c2c0b62dda42e1053ac4b01a8745621e7e9980c012,https://raw.githubusercontent.com/junyiacademy/junyiexercise/master/exercises/volume_space.html,1623,7.0,1623.0,question_div,6493,True,True,True,True,False,False,True,0,11385,geometry,True,True
volume_unit_conversion,True,0ca29237d195f435b49a10404aee6fff001e3022b238ac45a9b6e35d94cd431b,https://raw.githubusercontent.com/junyiacademy/junyiexercise/master/exercises/volume_unit_conversion.html,13,8.0,13.0,question_div,448,True,True,True,True,False,False,True,0,27527,geometry,True,True
word_problem_formula_translate,True,ddf754fa00b9e1643879764d97a89cbf9d6ce97ef6522295e4fe084e111f397b,https://raw.githubusercontent.com/junyiacademy/junyiexercise/master/exercises/word_problem_formula_translate.html,85,22.0,85.0,question_div,1734,True,True,False,False,False,False,True,0,9696,arithmetic,True,True
writing_and_interpreting_decimals,True,111da396b6ee99e18e1f8d2a3c9ff115cc872b2e813893633f005e896a60d953,https://raw.githubusercontent.com/junyiacademy/junyiexercise/master/exercises/writing_and_interpreting_decimals.html,62,4.0,62.0,question_div,7205,True,True,True,True,False,False,True,0,4873,arithmetic,True,True
writing_expressions_1,True,d1c9b8806b46bbd690e7106f53f1a6b37e0524a85fda21541188b36fe3225c23,https://raw.githubusercontent.com/junyiacademy/junyiexercise/master/exercises/writing_expressions_1.html,214,5.0,214.0,question_div,667,True,True,False,False,False,True,True,0,46376,algebra,True,True
writing_expressions_2,True,3a08c2b31e2d7c0db5809e3c3333912c1771fb9b430ca924aaadba4e65389cdf,https://raw.githubusercontent.com/junyiacademy/junyiexercise/master/exercises/writing_expressions_2.html,412,5.0,412.0,question_div,1265,True,True,False,False,False,True,True,0,9385,algebra,True,True
writing_expressions_3,True,13eee96b01a146f5ba369fa83a30f12f043818d986a32c7a616c88c16ab1d454,https://raw.githubusercontent.com/junyiacademy/junyiexercise/master/exercises/writing_expressions_3.html,80,13.0,80.0,question_div,2749,True,True,False,False,False,False,True,0,6559,algebra,True,True
writing_expressions_w_two_var,True,2d9782ae633c771601fa4606051c37274ff55e2c4a6a67cb1afabf78a061b3ea,https://raw.githubusercontent.com/junyiacademy/junyiexercise/master/exercises/writing_expressions_w_two_var.html,101,9.0,101.0,question_div,1161,True,True,True,True,False,False,True,0,2054,algebra,True,True
writing_fractions_1,True,8d7678e7db2af35af0f3b72e05835635543f6f308124505d36b2c98a7a1d2fa6,https://raw.githubusercontent.com/junyiacademy/junyiexercise/master/exercises/writing_fractions_1.html,26,7.0,26.0,question_div,2122,True,True,True,True,False,False,True,0,237669,arithmetic,True,True
writing_proportions,True,ff2b6941e0bca29caa918eef8309172cb5b9b93cabfb6aaf0b977610e7885354,https://raw.githubusercontent.com/junyiacademy/junyiexercise/master/exercises/writing_proportions.html,503,5.0,503.0,question_div,1693,True,True,False,False,False,True,True,0,34987,arithmetic,True,True
z_scores_1,True,8280201a76e4ccced6599e597e3fe4f59bd6bed2fbbabe684c986310bf925120,https://raw.githubusercontent.com/junyiacademy/junyiexercise/master/exercises/z_scores_1.html,49,12.0,49.0,question_div,789,True,True,False,False,False,False,True,0,930,probability-statistics,True,True
z_scores_2,True,ae05955e5a41e8b1f08a45b32dcb2ca17ad00af8ff739b17f26be20b35a35a12,https://raw.githubusercontent.com/junyiacademy/junyiexercise/master/exercises/z_scores_2.html,67,19.0,67.0,question_div,1622,True,True,True,True,False,False,True,0,508,probability-statistics,True,True
z_scores_3,True,a45dea8881d9a72c54575f78fde3fe76ce0d17ab6d944d8cbb57db0bda7a2bdd,https://raw.githubusercontent.com/junyiacademy/junyiexercise/master/exercises/z_scores_3.html,83,57.0,83.0,question_div,5646,True,True,True,True,False,False,True,0,701,probability-statistics,True,True
